country_name,country_code,indicator_name,indicator_code,category,year,value
Australia,AUS,"Inflation, consumer prices (annual %)",FP.CPI.TOTL.ZG,inflation,1960,3.7288215039735
Canada,CAN,"Inflation, consumer prices (annual %)",FP.CPI.TOTL.ZG,inflation,1960,1.35869565217392
Germany,DEU,"Inflation, consumer prices (annual %)",FP.CPI.TOTL.ZG,inflation,1960,1.53661234295201
"Egypt, Arab Rep.",EGY,"Inflation, consumer prices (annual %)",FP.CPI.TOTL.ZG,inflation,1960,0.332829047091752
Euro area,EMU,"Inflation, consumer prices (annual %)",FP.CPI.TOTL.ZG,inflation,1960,1.74118084746923
European Union,EUU,"Inflation, consumer prices (annual %)",FP.CPI.TOTL.ZG,inflation,1960,1.74118084746923
France,FRA,"Inflation, consumer prices (annual %)",FP.CPI.TOTL.ZG,inflation,1960,4.13993575518437
United Kingdom,GBR,"Inflation, consumer prices (annual %)",FP.CPI.TOTL.ZG,inflation,1960,1.00357570390172
Greece,GRC,"Inflation, consumer prices (annual %)",FP.CPI.TOTL.ZG,inflation,1960,1.47784758493376
India,IND,"Inflation, consumer prices (annual %)",FP.CPI.TOTL.ZG,inflation,1960,1.77987784677391
Iraq,IRQ,"Inflation, consumer prices (annual %)",FP.CPI.TOTL.ZG,inflation,1960,3.478237904096
Italy,ITA,"Inflation, consumer prices (annual %)",FP.CPI.TOTL.ZG,inflation,1960,2.3501614137705
Turkiye,TUR,"Inflation, consumer prices (annual %)",FP.CPI.TOTL.ZG,inflation,1960,5.66473988439309
United States,USA,"Inflation, consumer prices (annual %)",FP.CPI.TOTL.ZG,inflation,1960,1.45797598627791
Australia,AUS,"Inflation, consumer prices (annual %)",FP.CPI.TOTL.ZG,inflation,1961,2.28758040719309
Canada,CAN,"Inflation, consumer prices (annual %)",FP.CPI.TOTL.ZG,inflation,1961,1.01876675603211
Germany,DEU,"Inflation, consumer prices (annual %)",FP.CPI.TOTL.ZG,inflation,1961,2.29369500700884
"Egypt, Arab Rep.",EGY,"Inflation, consumer prices (annual %)",FP.CPI.TOTL.ZG,inflation,1961,0.693606754935329
Euro area,EMU,"Inflation, consumer prices (annual %)",FP.CPI.TOTL.ZG,inflation,1961,1.87084961406327
European Union,EUU,"Inflation, consumer prices (annual %)",FP.CPI.TOTL.ZG,inflation,1961,2.07713833137861
France,FRA,"Inflation, consumer prices (annual %)",FP.CPI.TOTL.ZG,inflation,1961,2.40046104546311
United Kingdom,GBR,"Inflation, consumer prices (annual %)",FP.CPI.TOTL.ZG,inflation,1961,3.4474962304662
Greece,GRC,"Inflation, consumer prices (annual %)",FP.CPI.TOTL.ZG,inflation,1961,2.10357934997025
India,IND,"Inflation, consumer prices (annual %)",FP.CPI.TOTL.ZG,inflation,1961,1.69521293914433
Iraq,IRQ,"Inflation, consumer prices (annual %)",FP.CPI.TOTL.ZG,inflation,1961,0.916260431846679
Italy,ITA,"Inflation, consumer prices (annual %)",FP.CPI.TOTL.ZG,inflation,1961,2.05069731278698
Turkiye,TUR,"Inflation, consumer prices (annual %)",FP.CPI.TOTL.ZG,inflation,1961,3.17285699708268
United States,USA,"Inflation, consumer prices (annual %)",FP.CPI.TOTL.ZG,inflation,1961,1.07072414764724
Australia,AUS,"Inflation, consumer prices (annual %)",FP.CPI.TOTL.ZG,inflation,1962,-0.319488641462281
Canada,CAN,"Inflation, consumer prices (annual %)",FP.CPI.TOTL.ZG,inflation,1962,1.06157112526535
Germany,DEU,"Inflation, consumer prices (annual %)",FP.CPI.TOTL.ZG,inflation,1962,2.84327019799062
"Egypt, Arab Rep.",EGY,"Inflation, consumer prices (annual %)",FP.CPI.TOTL.ZG,inflation,1962,-3.00307658790784
Euro area,EMU,"Inflation, consumer prices (annual %)",FP.CPI.TOTL.ZG,inflation,1962,2.75266718866917
European Union,EUU,"Inflation, consumer prices (annual %)",FP.CPI.TOTL.ZG,inflation,1962,3.55349865974074
France,FRA,"Inflation, consumer prices (annual %)",FP.CPI.TOTL.ZG,inflation,1962,5.33128007065639
United Kingdom,GBR,"Inflation, consumer prices (annual %)",FP.CPI.TOTL.ZG,inflation,1962,4.19649888238551
Greece,GRC,"Inflation, consumer prices (annual %)",FP.CPI.TOTL.ZG,inflation,1962,-0.475428291049914
India,IND,"Inflation, consumer prices (annual %)",FP.CPI.TOTL.ZG,inflation,1962,3.63221497106987
Iraq,IRQ,"Inflation, consumer prices (annual %)",FP.CPI.TOTL.ZG,inflation,1962,1.2923621654152
Italy,ITA,"Inflation, consumer prices (annual %)",FP.CPI.TOTL.ZG,inflation,1962,4.69114360740471
Turkiye,TUR,"Inflation, consumer prices (annual %)",FP.CPI.TOTL.ZG,inflation,1962,3.88832025146503
United States,USA,"Inflation, consumer prices (annual %)",FP.CPI.TOTL.ZG,inflation,1962,1.19877334820186
Australia,AUS,"Inflation, consumer prices (annual %)",FP.CPI.TOTL.ZG,inflation,1963,0.641025285901932
Canada,CAN,"Inflation, consumer prices (annual %)",FP.CPI.TOTL.ZG,inflation,1963,1.62815126050428
Germany,DEU,"Inflation, consumer prices (annual %)",FP.CPI.TOTL.ZG,inflation,1963,2.9669597758771
"Egypt, Arab Rep.",EGY,"Inflation, consumer prices (annual %)",FP.CPI.TOTL.ZG,inflation,1963,0.74664570813543
Euro area,EMU,"Inflation, consumer prices (annual %)",FP.CPI.TOTL.ZG,inflation,1963,2.92164111900195
European Union,EUU,"Inflation, consumer prices (annual %)",FP.CPI.TOTL.ZG,inflation,1963,2.92164111900195
France,FRA,"Inflation, consumer prices (annual %)",FP.CPI.TOTL.ZG,inflation,1963,4.9991528979685
United Kingdom,GBR,"Inflation, consumer prices (annual %)",FP.CPI.TOTL.ZG,inflation,1963,2.01854355976229
Greece,GRC,"Inflation, consumer prices (annual %)",FP.CPI.TOTL.ZG,inflation,1963,3.18466272791608
India,IND,"Inflation, consumer prices (annual %)",FP.CPI.TOTL.ZG,inflation,1963,2.94616135685225
Iraq,IRQ,"Inflation, consumer prices (annual %)",FP.CPI.TOTL.ZG,inflation,1963,3.95495742929742
Italy,ITA,"Inflation, consumer prices (annual %)",FP.CPI.TOTL.ZG,inflation,1963,7.45471822539103
Turkiye,TUR,"Inflation, consumer prices (annual %)",FP.CPI.TOTL.ZG,inflation,1963,6.36270692832311
United States,USA,"Inflation, consumer prices (annual %)",FP.CPI.TOTL.ZG,inflation,1963,1.23966942148753
Australia,AUS,"Inflation, consumer prices (annual %)",FP.CPI.TOTL.ZG,inflation,1964,2.86622669884314
Canada,CAN,"Inflation, consumer prices (annual %)",FP.CPI.TOTL.ZG,inflation,1964,1.91214470284237
Germany,DEU,"Inflation, consumer prices (annual %)",FP.CPI.TOTL.ZG,inflation,1964,2.33573581177832
"Egypt, Arab Rep.",EGY,"Inflation, consumer prices (annual %)",FP.CPI.TOTL.ZG,inflation,1964,3.66098294885468
Euro area,EMU,"Inflation, consumer prices (annual %)",FP.CPI.TOTL.ZG,inflation,1964,3.65673101579698
European Union,EUU,"Inflation, consumer prices (annual %)",FP.CPI.TOTL.ZG,inflation,1964,3.41628039655559
France,FRA,"Inflation, consumer prices (annual %)",FP.CPI.TOTL.ZG,inflation,1964,3.21119170293105
United Kingdom,GBR,"Inflation, consumer prices (annual %)",FP.CPI.TOTL.ZG,inflation,1964,3.28158694697213
Greece,GRC,"Inflation, consumer prices (annual %)",FP.CPI.TOTL.ZG,inflation,1964,0.617302978512524
India,IND,"Inflation, consumer prices (annual %)",FP.CPI.TOTL.ZG,inflation,1964,13.3552611508153
Iraq,IRQ,"Inflation, consumer prices (annual %)",FP.CPI.TOTL.ZG,inflation,1964,-0.0901365196717364
Italy,ITA,"Inflation, consumer prices (annual %)",FP.CPI.TOTL.ZG,inflation,1964,5.91232253218587
Saudi Arabia,SAU,"Inflation, consumer prices (annual %)",FP.CPI.TOTL.ZG,inflation,1964,2.79999999899983
Turkiye,TUR,"Inflation, consumer prices (annual %)",FP.CPI.TOTL.ZG,inflation,1964,1.11963781543112
United States,USA,"Inflation, consumer prices (annual %)",FP.CPI.TOTL.ZG,inflation,1964,1.27891156462591
Australia,AUS,"Inflation, consumer prices (annual %)",FP.CPI.TOTL.ZG,inflation,1965,3.40558476676981
Canada,CAN,"Inflation, consumer prices (annual %)",FP.CPI.TOTL.ZG,inflation,1965,2.33265720081135
Germany,DEU,"Inflation, consumer prices (annual %)",FP.CPI.TOTL.ZG,inflation,1965,3.24231923668133
"Egypt, Arab Rep.",EGY,"Inflation, consumer prices (annual %)",FP.CPI.TOTL.ZG,inflation,1965,14.8390044616241
Euro area,EMU,"Inflation, consumer prices (annual %)",FP.CPI.TOTL.ZG,inflation,1965,3.66647708569613
European Union,EUU,"Inflation, consumer prices (annual %)",FP.CPI.TOTL.ZG,inflation,1965,3.98661388434157
France,FRA,"Inflation, consumer prices (annual %)",FP.CPI.TOTL.ZG,inflation,1965,2.70310455873084
United Kingdom,GBR,"Inflation, consumer prices (annual %)",FP.CPI.TOTL.ZG,inflation,1965,4.77377455386914
Greece,GRC,"Inflation, consumer prices (annual %)",FP.CPI.TOTL.ZG,inflation,1965,3.22087246997095
India,IND,"Inflation, consumer prices (annual %)",FP.CPI.TOTL.ZG,inflation,1965,9.47475859170695
Iraq,IRQ,"Inflation, consumer prices (annual %)",FP.CPI.TOTL.ZG,inflation,1965,-0.455580865857809
Italy,ITA,"Inflation, consumer prices (annual %)",FP.CPI.TOTL.ZG,inflation,1965,4.51926830743458
Saudi Arabia,SAU,"Inflation, consumer prices (annual %)",FP.CPI.TOTL.ZG,inflation,1965,0.389105059342286
Turkiye,TUR,"Inflation, consumer prices (annual %)",FP.CPI.TOTL.ZG,inflation,1965,4.55553368394828
United States,USA,"Inflation, consumer prices (annual %)",FP.CPI.TOTL.ZG,inflation,1965,1.58516926383662
Australia,AUS,"Inflation, consumer prices (annual %)",FP.CPI.TOTL.ZG,inflation,1966,3.2934114693033
Canada,CAN,"Inflation, consumer prices (annual %)",FP.CPI.TOTL.ZG,inflation,1966,3.81565906838453
Germany,DEU,"Inflation, consumer prices (annual %)",FP.CPI.TOTL.ZG,inflation,1966,3.53306035477689
"Egypt, Arab Rep.",EGY,"Inflation, consumer prices (annual %)",FP.CPI.TOTL.ZG,inflation,1966,9.0364406581763
Euro area,EMU,"Inflation, consumer prices (annual %)",FP.CPI.TOTL.ZG,inflation,1966,3.43237006366131
European Union,EUU,"Inflation, consumer prices (annual %)",FP.CPI.TOTL.ZG,inflation,1966,3.70335718669507
France,FRA,"Inflation, consumer prices (annual %)",FP.CPI.TOTL.ZG,inflation,1966,2.60200076636451
United Kingdom,GBR,"Inflation, consumer prices (annual %)",FP.CPI.TOTL.ZG,inflation,1966,3.90961779211889
Greece,GRC,"Inflation, consumer prices (annual %)",FP.CPI.TOTL.ZG,inflation,1966,4.90341596130601
India,IND,"Inflation, consumer prices (annual %)",FP.CPI.TOTL.ZG,inflation,1966,10.8018483489341
Iraq,IRQ,"Inflation, consumer prices (annual %)",FP.CPI.TOTL.ZG,inflation,1966,1.98321891712163
Italy,ITA,"Inflation, consumer prices (annual %)",FP.CPI.TOTL.ZG,inflation,1966,2.34658893413318
Saudi Arabia,SAU,"Inflation, consumer prices (annual %)",FP.CPI.TOTL.ZG,inflation,1966,1.55038759593042
Turkiye,TUR,"Inflation, consumer prices (annual %)",FP.CPI.TOTL.ZG,inflation,1966,8.47199621539225
United States,USA,"Inflation, consumer prices (annual %)",FP.CPI.TOTL.ZG,inflation,1966,3.0150753768844
Australia,AUS,"Inflation, consumer prices (annual %)",FP.CPI.TOTL.ZG,inflation,1967,3.47825912694824
Canada,CAN,"Inflation, consumer prices (annual %)",FP.CPI.TOTL.ZG,inflation,1967,3.57995226730312
Germany,DEU,"Inflation, consumer prices (annual %)",FP.CPI.TOTL.ZG,inflation,1967,1.79604992213175
"Egypt, Arab Rep.",EGY,"Inflation, consumer prices (annual %)",FP.CPI.TOTL.ZG,inflation,1967,0.70189748435374
Euro area,EMU,"Inflation, consumer prices (annual %)",FP.CPI.TOTL.ZG,inflation,1967,2.98754606695161
European Union,EUU,"Inflation, consumer prices (annual %)",FP.CPI.TOTL.ZG,inflation,1967,3.31931754624678
France,FRA,"Inflation, consumer prices (annual %)",FP.CPI.TOTL.ZG,inflation,1967,2.79177709435142
United Kingdom,GBR,"Inflation, consumer prices (annual %)",FP.CPI.TOTL.ZG,inflation,1967,2.48211441258618
Greece,GRC,"Inflation, consumer prices (annual %)",FP.CPI.TOTL.ZG,inflation,1967,1.84135702750597
India,IND,"Inflation, consumer prices (annual %)",FP.CPI.TOTL.ZG,inflation,1967,13.062202477797
Iraq,IRQ,"Inflation, consumer prices (annual %)",FP.CPI.TOTL.ZG,inflation,1967,3.29094988781672
Italy,ITA,"Inflation, consumer prices (annual %)",FP.CPI.TOTL.ZG,inflation,1967,3.73333832073822
Saudi Arabia,SAU,"Inflation, consumer prices (annual %)",FP.CPI.TOTL.ZG,inflation,1967,2.09923664219521
Turkiye,TUR,"Inflation, consumer prices (annual %)",FP.CPI.TOTL.ZG,inflation,1967,13.9748929481675
United States,USA,"Inflation, consumer prices (annual %)",FP.CPI.TOTL.ZG,inflation,1967,2.77278562259309
Australia,AUS,"Inflation, consumer prices (annual %)",FP.CPI.TOTL.ZG,inflation,1968,2.52100718278494
Canada,CAN,"Inflation, consumer prices (annual %)",FP.CPI.TOTL.ZG,inflation,1968,4.05529953917047
Germany,DEU,"Inflation, consumer prices (annual %)",FP.CPI.TOTL.ZG,inflation,1968,1.470289313277
"Egypt, Arab Rep.",EGY,"Inflation, consumer prices (annual %)",FP.CPI.TOTL.ZG,inflation,1968,-1.6757594245691
Euro area,EMU,"Inflation, consumer prices (annual %)",FP.CPI.TOTL.ZG,inflation,1968,3.24282812207263
European Union,EUU,"Inflation, consumer prices (annual %)",FP.CPI.TOTL.ZG,inflation,1968,3.24282812207263
France,FRA,"Inflation, consumer prices (annual %)",FP.CPI.TOTL.ZG,inflation,1968,4.54320486402014
United Kingdom,GBR,"Inflation, consumer prices (annual %)",FP.CPI.TOTL.ZG,inflation,1968,4.69742920620478
Greece,GRC,"Inflation, consumer prices (annual %)",FP.CPI.TOTL.ZG,inflation,1968,0.139060583507755
India,IND,"Inflation, consumer prices (annual %)",FP.CPI.TOTL.ZG,inflation,1968,3.23741242627507
Iraq,IRQ,"Inflation, consumer prices (annual %)",FP.CPI.TOTL.ZG,inflation,1968,2.19647598286799
Italy,ITA,"Inflation, consumer prices (annual %)",FP.CPI.TOTL.ZG,inflation,1968,1.27731335390797
Saudi Arabia,SAU,"Inflation, consumer prices (annual %)",FP.CPI.TOTL.ZG,inflation,1968,1.58878504672938
Turkiye,TUR,"Inflation, consumer prices (annual %)",FP.CPI.TOTL.ZG,inflation,1968,6.04623966197407
United States,USA,"Inflation, consumer prices (annual %)",FP.CPI.TOTL.ZG,inflation,1968,4.27179615288537
Australia,AUS,"Inflation, consumer prices (annual %)",FP.CPI.TOTL.ZG,inflation,1969,3.27868697620866
Canada,CAN,"Inflation, consumer prices (annual %)",FP.CPI.TOTL.ZG,inflation,1969,4.56155890168292
Germany,DEU,"Inflation, consumer prices (annual %)",FP.CPI.TOTL.ZG,inflation,1969,1.91267848797596
"Egypt, Arab Rep.",EGY,"Inflation, consumer prices (annual %)",FP.CPI.TOTL.ZG,inflation,1969,3.40982028243742
Euro area,EMU,"Inflation, consumer prices (annual %)",FP.CPI.TOTL.ZG,inflation,1969,2.64808571111228
European Union,EUU,"Inflation, consumer prices (annual %)",FP.CPI.TOTL.ZG,inflation,1969,2.6746236597134
France,FRA,"Inflation, consumer prices (annual %)",FP.CPI.TOTL.ZG,inflation,1969,6.045962841739
United Kingdom,GBR,"Inflation, consumer prices (annual %)",FP.CPI.TOTL.ZG,inflation,1969,5.44666363048887
Greece,GRC,"Inflation, consumer prices (annual %)",FP.CPI.TOTL.ZG,inflation,1969,2.63891868835485
India,IND,"Inflation, consumer prices (annual %)",FP.CPI.TOTL.ZG,inflation,1969,-0.584136610466281
Iraq,IRQ,"Inflation, consumer prices (annual %)",FP.CPI.TOTL.ZG,inflation,1969,5.73925366136733
Italy,ITA,"Inflation, consumer prices (annual %)",FP.CPI.TOTL.ZG,inflation,1969,2.65725273386972
Saudi Arabia,SAU,"Inflation, consumer prices (annual %)",FP.CPI.TOTL.ZG,inflation,1969,3.49586016559326
Turkiye,TUR,"Inflation, consumer prices (annual %)",FP.CPI.TOTL.ZG,inflation,1969,4.92419394498296
United States,USA,"Inflation, consumer prices (annual %)",FP.CPI.TOTL.ZG,inflation,1969,5.46238620028745
Australia,AUS,"Inflation, consumer prices (annual %)",FP.CPI.TOTL.ZG,inflation,1970,3.43915186655203
Canada,CAN,"Inflation, consumer prices (annual %)",FP.CPI.TOTL.ZG,inflation,1970,3.34603981363832
Germany,DEU,"Inflation, consumer prices (annual %)",FP.CPI.TOTL.ZG,inflation,1970,3.45024936360895
"Egypt, Arab Rep.",EGY,"Inflation, consumer prices (annual %)",FP.CPI.TOTL.ZG,inflation,1970,3.76289859580536
Euro area,EMU,"Inflation, consumer prices (annual %)",FP.CPI.TOTL.ZG,inflation,1970,4.1406484002702
European Union,EUU,"Inflation, consumer prices (annual %)",FP.CPI.TOTL.ZG,inflation,1970,4.50608892986039
France,FRA,"Inflation, consumer prices (annual %)",FP.CPI.TOTL.ZG,inflation,1970,5.29964124562667
United Kingdom,GBR,"Inflation, consumer prices (annual %)",FP.CPI.TOTL.ZG,inflation,1970,6.36656841727441
Greece,GRC,"Inflation, consumer prices (annual %)",FP.CPI.TOTL.ZG,inflation,1970,2.84167067884117
India,IND,"Inflation, consumer prices (annual %)",FP.CPI.TOTL.ZG,inflation,1970,5.09226161997545
Iraq,IRQ,"Inflation, consumer prices (annual %)",FP.CPI.TOTL.ZG,inflation,1970,4.35559526470565
Italy,ITA,"Inflation, consumer prices (annual %)",FP.CPI.TOTL.ZG,inflation,1970,4.96831987329335
Jordan,JOR,"Inflation, consumer prices (annual %)",FP.CPI.TOTL.ZG,inflation,1970,5.89999999899992
Saudi Arabia,SAU,"Inflation, consumer prices (annual %)",FP.CPI.TOTL.ZG,inflation,1970,0.177777777777784
Turkiye,TUR,"Inflation, consumer prices (annual %)",FP.CPI.TOTL.ZG,inflation,1970,7.92395208301997
United States,USA,"Inflation, consumer prices (annual %)",FP.CPI.TOTL.ZG,inflation,1970,5.83825533848251
Australia,AUS,"Inflation, consumer prices (annual %)",FP.CPI.TOTL.ZG,inflation,1971,6.13810838730341
Canada,CAN,"Inflation, consumer prices (annual %)",FP.CPI.TOTL.ZG,inflation,1971,2.70491803278685
Germany,DEU,"Inflation, consumer prices (annual %)",FP.CPI.TOTL.ZG,inflation,1971,5.24097448273094
"Egypt, Arab Rep.",EGY,"Inflation, consumer prices (annual %)",FP.CPI.TOTL.ZG,inflation,1971,3.14042171394198
Euro area,EMU,"Inflation, consumer prices (annual %)",FP.CPI.TOTL.ZG,inflation,1971,5.0163194330344
European Union,EUU,"Inflation, consumer prices (annual %)",FP.CPI.TOTL.ZG,inflation,1971,5.24097448273094
France,FRA,"Inflation, consumer prices (annual %)",FP.CPI.TOTL.ZG,inflation,1971,5.39751865595111
United Kingdom,GBR,"Inflation, consumer prices (annual %)",FP.CPI.TOTL.ZG,inflation,1971,9.44483742337133
Greece,GRC,"Inflation, consumer prices (annual %)",FP.CPI.TOTL.ZG,inflation,1971,3.28947072230333
India,IND,"Inflation, consumer prices (annual %)",FP.CPI.TOTL.ZG,inflation,1971,3.07993868406546
Iraq,IRQ,"Inflation, consumer prices (annual %)",FP.CPI.TOTL.ZG,inflation,1971,3.59589041076037
Italy,ITA,"Inflation, consumer prices (annual %)",FP.CPI.TOTL.ZG,inflation,1971,4.79166438333786
Jordan,JOR,"Inflation, consumer prices (annual %)",FP.CPI.TOTL.ZG,inflation,1971,4.81586402365268
Saudi Arabia,SAU,"Inflation, consumer prices (annual %)",FP.CPI.TOTL.ZG,inflation,1971,4.47499999974997
Turkiye,TUR,"Inflation, consumer prices (annual %)",FP.CPI.TOTL.ZG,inflation,1971,19.0114086837675
United States,USA,"Inflation, consumer prices (annual %)",FP.CPI.TOTL.ZG,inflation,1971,4.29276668813051
Australia,AUS,"Inflation, consumer prices (annual %)",FP.CPI.TOTL.ZG,inflation,1972,6.02410407984535
Canada,CAN,"Inflation, consumer prices (annual %)",FP.CPI.TOTL.ZG,inflation,1972,4.98802873104551
Germany,DEU,"Inflation, consumer prices (annual %)",FP.CPI.TOTL.ZG,inflation,1972,5.4849331221432
"Egypt, Arab Rep.",EGY,"Inflation, consumer prices (annual %)",FP.CPI.TOTL.ZG,inflation,1972,2.10236334610113
Euro area,EMU,"Inflation, consumer prices (annual %)",FP.CPI.TOTL.ZG,inflation,1972,5.90625351724097
European Union,EUU,"Inflation, consumer prices (annual %)",FP.CPI.TOTL.ZG,inflation,1972,6.00738969862494
France,FRA,"Inflation, consumer prices (annual %)",FP.CPI.TOTL.ZG,inflation,1972,6.06300309718186
United Kingdom,GBR,"Inflation, consumer prices (annual %)",FP.CPI.TOTL.ZG,inflation,1972,7.07109839479797
Greece,GRC,"Inflation, consumer prices (annual %)",FP.CPI.TOTL.ZG,inflation,1972,4.33120123203348
India,IND,"Inflation, consumer prices (annual %)",FP.CPI.TOTL.ZG,inflation,1972,6.44209746158235
Iraq,IRQ,"Inflation, consumer prices (annual %)",FP.CPI.TOTL.ZG,inflation,1972,5.18595041325518
Italy,ITA,"Inflation, consumer prices (annual %)",FP.CPI.TOTL.ZG,inflation,1972,5.74950393730007
Jordan,JOR,"Inflation, consumer prices (annual %)",FP.CPI.TOTL.ZG,inflation,1972,7.6576576576576
Saudi Arabia,SAU,"Inflation, consumer prices (annual %)",FP.CPI.TOTL.ZG,inflation,1972,4.33117970783497
Turkiye,TUR,"Inflation, consumer prices (annual %)",FP.CPI.TOTL.ZG,inflation,1972,15.4164557223962
United States,USA,"Inflation, consumer prices (annual %)",FP.CPI.TOTL.ZG,inflation,1972,3.27227824655283
Australia,AUS,"Inflation, consumer prices (annual %)",FP.CPI.TOTL.ZG,inflation,1973,9.09090432931634
Canada,CAN,"Inflation, consumer prices (annual %)",FP.CPI.TOTL.ZG,inflation,1973,7.48764728240211
Germany,DEU,"Inflation, consumer prices (annual %)",FP.CPI.TOTL.ZG,inflation,1973,7.03202399303898
"Egypt, Arab Rep.",EGY,"Inflation, consumer prices (annual %)",FP.CPI.TOTL.ZG,inflation,1973,5.11218403908757
Euro area,EMU,"Inflation, consumer prices (annual %)",FP.CPI.TOTL.ZG,inflation,1973,7.91554304509176
European Union,EUU,"Inflation, consumer prices (annual %)",FP.CPI.TOTL.ZG,inflation,1973,7.74908612919204
France,FRA,"Inflation, consumer prices (annual %)",FP.CPI.TOTL.ZG,inflation,1973,7.38060106398917
United Kingdom,GBR,"Inflation, consumer prices (annual %)",FP.CPI.TOTL.ZG,inflation,1973,9.19603316657812
Greece,GRC,"Inflation, consumer prices (annual %)",FP.CPI.TOTL.ZG,inflation,1973,15.3846240702128
India,IND,"Inflation, consumer prices (annual %)",FP.CPI.TOTL.ZG,inflation,1973,16.9408159791736
Iraq,IRQ,"Inflation, consumer prices (annual %)",FP.CPI.TOTL.ZG,inflation,1973,4.8909840899257
Italy,ITA,"Inflation, consumer prices (annual %)",FP.CPI.TOTL.ZG,inflation,1973,10.7986174547602
Jordan,JOR,"Inflation, consumer prices (annual %)",FP.CPI.TOTL.ZG,inflation,1973,11.1297071121337
Kuwait,KWT,"Inflation, consumer prices (annual %)",FP.CPI.TOTL.ZG,inflation,1973,8.26666666600006
Saudi Arabia,SAU,"Inflation, consumer prices (annual %)",FP.CPI.TOTL.ZG,inflation,1973,16.5137614681954
Turkiye,TUR,"Inflation, consumer prices (annual %)",FP.CPI.TOTL.ZG,inflation,1973,13.9381652448957
United States,USA,"Inflation, consumer prices (annual %)",FP.CPI.TOTL.ZG,inflation,1973,6.17776006377038
Australia,AUS,"Inflation, consumer prices (annual %)",FP.CPI.TOTL.ZG,inflation,1974,15.4166772694776
Canada,CAN,"Inflation, consumer prices (annual %)",FP.CPI.TOTL.ZG,inflation,1974,10.997171145686
Germany,DEU,"Inflation, consumer prices (annual %)",FP.CPI.TOTL.ZG,inflation,1974,6.98643109327497
"Egypt, Arab Rep.",EGY,"Inflation, consumer prices (annual %)",FP.CPI.TOTL.ZG,inflation,1974,10.0243177516484
Euro area,EMU,"Inflation, consumer prices (annual %)",FP.CPI.TOTL.ZG,inflation,1974,14.6648454356763
European Union,EUU,"Inflation, consumer prices (annual %)",FP.CPI.TOTL.ZG,inflation,1974,13.1636026120795
France,FRA,"Inflation, consumer prices (annual %)",FP.CPI.TOTL.ZG,inflation,1974,13.6493174728138
United Kingdom,GBR,"Inflation, consumer prices (annual %)",FP.CPI.TOTL.ZG,inflation,1974,16.0440111889861
Greece,GRC,"Inflation, consumer prices (annual %)",FP.CPI.TOTL.ZG,inflation,1974,26.5608465867349
India,IND,"Inflation, consumer prices (annual %)",FP.CPI.TOTL.ZG,inflation,1974,28.5987340775089
Iraq,IRQ,"Inflation, consumer prices (annual %)",FP.CPI.TOTL.ZG,inflation,1974,7.69999999976928
Italy,ITA,"Inflation, consumer prices (annual %)",FP.CPI.TOTL.ZG,inflation,1974,19.1597695854699
Jordan,JOR,"Inflation, consumer prices (annual %)",FP.CPI.TOTL.ZG,inflation,1974,19.4277108435204
Kuwait,KWT,"Inflation, consumer prices (annual %)",FP.CPI.TOTL.ZG,inflation,1974,12.9926108375187
Saudi Arabia,SAU,"Inflation, consumer prices (annual %)",FP.CPI.TOTL.ZG,inflation,1974,21.4370078736641
Turkiye,TUR,"Inflation, consumer prices (annual %)",FP.CPI.TOTL.ZG,inflation,1974,23.8981615766705
United States,USA,"Inflation, consumer prices (annual %)",FP.CPI.TOTL.ZG,inflation,1974,11.0548048048048
Australia,AUS,"Inflation, consumer prices (annual %)",FP.CPI.TOTL.ZG,inflation,1975,15.1624202011615
Canada,CAN,"Inflation, consumer prices (annual %)",FP.CPI.TOTL.ZG,inflation,1975,10.672188595094
Germany,DEU,"Inflation, consumer prices (annual %)",FP.CPI.TOTL.ZG,inflation,1975,5.91033626324104
"Egypt, Arab Rep.",EGY,"Inflation, consumer prices (annual %)",FP.CPI.TOTL.ZG,inflation,1975,9.66969548151245
Euro area,EMU,"Inflation, consumer prices (annual %)",FP.CPI.TOTL.ZG,inflation,1975,12.2270629206872
European Union,EUU,"Inflation, consumer prices (annual %)",FP.CPI.TOTL.ZG,inflation,1975,10.467575830612
France,FRA,"Inflation, consumer prices (annual %)",FP.CPI.TOTL.ZG,inflation,1975,11.6859272493228
United Kingdom,GBR,"Inflation, consumer prices (annual %)",FP.CPI.TOTL.ZG,inflation,1975,24.2072876743291
Greece,GRC,"Inflation, consumer prices (annual %)",FP.CPI.TOTL.ZG,inflation,1975,13.6287617821755
India,IND,"Inflation, consumer prices (annual %)",FP.CPI.TOTL.ZG,inflation,1975,5.74843029767442
Iraq,IRQ,"Inflation, consumer prices (annual %)",FP.CPI.TOTL.ZG,inflation,1975,9.51717734405529
Italy,ITA,"Inflation, consumer prices (annual %)",FP.CPI.TOTL.ZG,inflation,1975,16.9505025668306
Jordan,JOR,"Inflation, consumer prices (annual %)",FP.CPI.TOTL.ZG,inflation,1975,11.9798234553088
Kuwait,KWT,"Inflation, consumer prices (annual %)",FP.CPI.TOTL.ZG,inflation,1975,8.39237057218445
Saudi Arabia,SAU,"Inflation, consumer prices (annual %)",FP.CPI.TOTL.ZG,inflation,1975,34.5761063381485
Turkiye,TUR,"Inflation, consumer prices (annual %)",FP.CPI.TOTL.ZG,inflation,1975,21.2273552385835
United States,USA,"Inflation, consumer prices (annual %)",FP.CPI.TOTL.ZG,inflation,1975,9.14314686496535
Australia,AUS,"Inflation, consumer prices (annual %)",FP.CPI.TOTL.ZG,inflation,1976,13.3229029796495
Canada,CAN,"Inflation, consumer prices (annual %)",FP.CPI.TOTL.ZG,inflation,1976,7.54173862982148
Germany,DEU,"Inflation, consumer prices (annual %)",FP.CPI.TOTL.ZG,inflation,1976,4.24663102299209
"Egypt, Arab Rep.",EGY,"Inflation, consumer prices (annual %)",FP.CPI.TOTL.ZG,inflation,1976,10.3174158877413
Euro area,EMU,"Inflation, consumer prices (annual %)",FP.CPI.TOTL.ZG,inflation,1976,9.71142110935914
European Union,EUU,"Inflation, consumer prices (annual %)",FP.CPI.TOTL.ZG,inflation,1976,9.34705279605247
France,FRA,"Inflation, consumer prices (annual %)",FP.CPI.TOTL.ZG,inflation,1976,9.62549578155533
United Kingdom,GBR,"Inflation, consumer prices (annual %)",FP.CPI.TOTL.ZG,inflation,1976,16.5595225588084
Greece,GRC,"Inflation, consumer prices (annual %)",FP.CPI.TOTL.ZG,inflation,1976,13.0242794587955
India,IND,"Inflation, consumer prices (annual %)",FP.CPI.TOTL.ZG,inflation,1976,-7.63394763392881
Iraq,IRQ,"Inflation, consumer prices (annual %)",FP.CPI.TOTL.ZG,inflation,1976,12.8232301828135
Italy,ITA,"Inflation, consumer prices (annual %)",FP.CPI.TOTL.ZG,inflation,1976,16.6141664725788
Jordan,JOR,"Inflation, consumer prices (annual %)",FP.CPI.TOTL.ZG,inflation,1976,11.4999999999997
Kuwait,KWT,"Inflation, consumer prices (annual %)",FP.CPI.TOTL.ZG,inflation,1976,5.23504273532376
Saudi Arabia,SAU,"Inflation, consumer prices (annual %)",FP.CPI.TOTL.ZG,inflation,1976,31.5586605641125
Turkiye,TUR,"Inflation, consumer prices (annual %)",FP.CPI.TOTL.ZG,inflation,1976,17.4556893891337
United States,USA,"Inflation, consumer prices (annual %)",FP.CPI.TOTL.ZG,inflation,1976,5.74481263549085
Australia,AUS,"Inflation, consumer prices (annual %)",FP.CPI.TOTL.ZG,inflation,1977,12.3098267517375
Canada,CAN,"Inflation, consumer prices (annual %)",FP.CPI.TOTL.ZG,inflation,1977,7.9764453961457
Germany,DEU,"Inflation, consumer prices (annual %)",FP.CPI.TOTL.ZG,inflation,1977,3.73416240635147
"Egypt, Arab Rep.",EGY,"Inflation, consumer prices (annual %)",FP.CPI.TOTL.ZG,inflation,1977,12.7321627929891
Euro area,EMU,"Inflation, consumer prices (annual %)",FP.CPI.TOTL.ZG,inflation,1977,9.76746473607033
European Union,EUU,"Inflation, consumer prices (annual %)",FP.CPI.TOTL.ZG,inflation,1977,9.76746473607033
France,FRA,"Inflation, consumer prices (annual %)",FP.CPI.TOTL.ZG,inflation,1977,9.49455467190426
United Kingdom,GBR,"Inflation, consumer prices (annual %)",FP.CPI.TOTL.ZG,inflation,1977,15.8402667458768
Greece,GRC,"Inflation, consumer prices (annual %)",FP.CPI.TOTL.ZG,inflation,1977,12.3697970875078
India,IND,"Inflation, consumer prices (annual %)",FP.CPI.TOTL.ZG,inflation,1977,8.30747009171166
Iraq,IRQ,"Inflation, consumer prices (annual %)",FP.CPI.TOTL.ZG,inflation,1977,9.16776253995512
Italy,ITA,"Inflation, consumer prices (annual %)",FP.CPI.TOTL.ZG,inflation,1977,17.13004878665
Jordan,JOR,"Inflation, consumer prices (annual %)",FP.CPI.TOTL.ZG,inflation,1977,14.5665171893876
Kuwait,KWT,"Inflation, consumer prices (annual %)",FP.CPI.TOTL.ZG,inflation,1977,9.88951925933102
Saudi Arabia,SAU,"Inflation, consumer prices (annual %)",FP.CPI.TOTL.ZG,inflation,1977,11.3990111699532
Turkiye,TUR,"Inflation, consumer prices (annual %)",FP.CPI.TOTL.ZG,inflation,1977,25.9853378650602
United States,USA,"Inflation, consumer prices (annual %)",FP.CPI.TOTL.ZG,inflation,1977,6.5016839947284
Australia,AUS,"Inflation, consumer prices (annual %)",FP.CPI.TOTL.ZG,inflation,1978,8.00490439376775
Canada,CAN,"Inflation, consumer prices (annual %)",FP.CPI.TOTL.ZG,inflation,1978,8.97372335151214
Germany,DEU,"Inflation, consumer prices (annual %)",FP.CPI.TOTL.ZG,inflation,1978,2.71869696123339
"Egypt, Arab Rep.",EGY,"Inflation, consumer prices (annual %)",FP.CPI.TOTL.ZG,inflation,1978,11.078100382614
Euro area,EMU,"Inflation, consumer prices (annual %)",FP.CPI.TOTL.ZG,inflation,1978,7.57369772258264
European Union,EUU,"Inflation, consumer prices (annual %)",FP.CPI.TOTL.ZG,inflation,1978,7.75523144587006
France,FRA,"Inflation, consumer prices (annual %)",FP.CPI.TOTL.ZG,inflation,1978,9.25055846724441
United Kingdom,GBR,"Inflation, consumer prices (annual %)",FP.CPI.TOTL.ZG,inflation,1978,8.26314103860768
Greece,GRC,"Inflation, consumer prices (annual %)",FP.CPI.TOTL.ZG,inflation,1978,12.5724256724441
India,IND,"Inflation, consumer prices (annual %)",FP.CPI.TOTL.ZG,inflation,1978,2.52304875695179
Iraq,IRQ,"Inflation, consumer prices (annual %)",FP.CPI.TOTL.ZG,inflation,1978,4.61194286682016
Italy,ITA,"Inflation, consumer prices (annual %)",FP.CPI.TOTL.ZG,inflation,1978,12.0940138425074
Jordan,JOR,"Inflation, consumer prices (annual %)",FP.CPI.TOTL.ZG,inflation,1978,6.92152129952408
Kuwait,KWT,"Inflation, consumer prices (annual %)",FP.CPI.TOTL.ZG,inflation,1978,8.6897451227484
Saudi Arabia,SAU,"Inflation, consumer prices (annual %)",FP.CPI.TOTL.ZG,inflation,1978,-1.58360185022086
Turkiye,TUR,"Inflation, consumer prices (annual %)",FP.CPI.TOTL.ZG,inflation,1978,61.8970444383435
United States,USA,"Inflation, consumer prices (annual %)",FP.CPI.TOTL.ZG,inflation,1978,7.63096383885606
Australia,AUS,"Inflation, consumer prices (annual %)",FP.CPI.TOTL.ZG,inflation,1979,9.12202056872265
Canada,CAN,"Inflation, consumer prices (annual %)",FP.CPI.TOTL.ZG,inflation,1979,9.14467697907181
Germany,DEU,"Inflation, consumer prices (annual %)",FP.CPI.TOTL.ZG,inflation,1979,4.04362006473399
"Egypt, Arab Rep.",EGY,"Inflation, consumer prices (annual %)",FP.CPI.TOTL.ZG,inflation,1979,9.90436051231129
Euro area,EMU,"Inflation, consumer prices (annual %)",FP.CPI.TOTL.ZG,inflation,1979,8.46533490414884
European Union,EUU,"Inflation, consumer prices (annual %)",FP.CPI.TOTL.ZG,inflation,1979,8.22168693005526
France,FRA,"Inflation, consumer prices (annual %)",FP.CPI.TOTL.ZG,inflation,1979,10.6467341716662
United Kingdom,GBR,"Inflation, consumer prices (annual %)",FP.CPI.TOTL.ZG,inflation,1979,13.4212799774012
Greece,GRC,"Inflation, consumer prices (annual %)",FP.CPI.TOTL.ZG,inflation,1979,19.0941746808767
India,IND,"Inflation, consumer prices (annual %)",FP.CPI.TOTL.ZG,inflation,1979,6.27568336762338
Italy,ITA,"Inflation, consumer prices (annual %)",FP.CPI.TOTL.ZG,inflation,1979,14.7985735661484
Jordan,JOR,"Inflation, consumer prices (annual %)",FP.CPI.TOTL.ZG,inflation,1979,14.2464917630784
Kuwait,KWT,"Inflation, consumer prices (annual %)",FP.CPI.TOTL.ZG,inflation,1979,7.04999999925009
Saudi Arabia,SAU,"Inflation, consumer prices (annual %)",FP.CPI.TOTL.ZG,inflation,1979,1.08156690288337
Turkiye,TUR,"Inflation, consumer prices (annual %)",FP.CPI.TOTL.ZG,inflation,1979,63.5431082506343
United States,USA,"Inflation, consumer prices (annual %)",FP.CPI.TOTL.ZG,inflation,1979,11.2544711292795
Australia,AUS,"Inflation, consumer prices (annual %)",FP.CPI.TOTL.ZG,inflation,1980,10.1358489396034
Canada,CAN,"Inflation, consumer prices (annual %)",FP.CPI.TOTL.ZG,inflation,1980,10.1292205085453
Germany,DEU,"Inflation, consumer prices (annual %)",FP.CPI.TOTL.ZG,inflation,1980,5.44105754460347
"Egypt, Arab Rep.",EGY,"Inflation, consumer prices (annual %)",FP.CPI.TOTL.ZG,inflation,1980,20.8192249324218
Euro area,EMU,"Inflation, consumer prices (annual %)",FP.CPI.TOTL.ZG,inflation,1980,13.54006971278
European Union,EUU,"Inflation, consumer prices (annual %)",FP.CPI.TOTL.ZG,inflation,1980,12.9114423266383
France,FRA,"Inflation, consumer prices (annual %)",FP.CPI.TOTL.ZG,inflation,1980,13.5625788483016
United Kingdom,GBR,"Inflation, consumer prices (annual %)",FP.CPI.TOTL.ZG,inflation,1980,17.9659242656857
Greece,GRC,"Inflation, consumer prices (annual %)",FP.CPI.TOTL.ZG,inflation,1980,24.6758939736232
India,IND,"Inflation, consumer prices (annual %)",FP.CPI.TOTL.ZG,inflation,1980,11.3460734795095
Italy,ITA,"Inflation, consumer prices (annual %)",FP.CPI.TOTL.ZG,inflation,1980,21.0641682770745
Jordan,JOR,"Inflation, consumer prices (annual %)",FP.CPI.TOTL.ZG,inflation,1980,11.1111111111113
Kuwait,KWT,"Inflation, consumer prices (annual %)",FP.CPI.TOTL.ZG,inflation,1980,6.92822668563188
Qatar,QAT,"Inflation, consumer prices (annual %)",FP.CPI.TOTL.ZG,inflation,1980,6.79999999900022
Saudi Arabia,SAU,"Inflation, consumer prices (annual %)",FP.CPI.TOTL.ZG,inflation,1980,4.1692665536329
Turkiye,TUR,"Inflation, consumer prices (annual %)",FP.CPI.TOTL.ZG,inflation,1980,94.2608598807592
United States,USA,"Inflation, consumer prices (annual %)",FP.CPI.TOTL.ZG,inflation,1980,13.5492019749684
Australia,AUS,"Inflation, consumer prices (annual %)",FP.CPI.TOTL.ZG,inflation,1981,9.48766136649872
Canada,CAN,"Inflation, consumer prices (annual %)",FP.CPI.TOTL.ZG,inflation,1981,12.4716124148372
Germany,DEU,"Inflation, consumer prices (annual %)",FP.CPI.TOTL.ZG,inflation,1981,6.34424277746325
"Egypt, Arab Rep.",EGY,"Inflation, consumer prices (annual %)",FP.CPI.TOTL.ZG,inflation,1981,10.3172842245396
Euro area,EMU,"Inflation, consumer prices (annual %)",FP.CPI.TOTL.ZG,inflation,1981,11.5097558377123
European Union,EUU,"Inflation, consumer prices (annual %)",FP.CPI.TOTL.ZG,inflation,1981,11.7673874344181
France,FRA,"Inflation, consumer prices (annual %)",FP.CPI.TOTL.ZG,inflation,1981,13.3144055680073
United Kingdom,GBR,"Inflation, consumer prices (annual %)",FP.CPI.TOTL.ZG,inflation,1981,11.8766265142296
Greece,GRC,"Inflation, consumer prices (annual %)",FP.CPI.TOTL.ZG,inflation,1981,24.5060675977966
India,IND,"Inflation, consumer prices (annual %)",FP.CPI.TOTL.ZG,inflation,1981,13.112546897642
Italy,ITA,"Inflation, consumer prices (annual %)",FP.CPI.TOTL.ZG,inflation,1981,17.9692987519672
Jordan,JOR,"Inflation, consumer prices (annual %)",FP.CPI.TOTL.ZG,inflation,1981,7.69999999999975
Kuwait,KWT,"Inflation, consumer prices (annual %)",FP.CPI.TOTL.ZG,inflation,1981,7.37478159583807
Qatar,QAT,"Inflation, consumer prices (annual %)",FP.CPI.TOTL.ZG,inflation,1981,8.5205992510162
Saudi Arabia,SAU,"Inflation, consumer prices (annual %)",FP.CPI.TOTL.ZG,inflation,1981,2.79898218829488
Turkiye,TUR,"Inflation, consumer prices (annual %)",FP.CPI.TOTL.ZG,inflation,1981,37.6147825797716
United States,USA,"Inflation, consumer prices (annual %)",FP.CPI.TOTL.ZG,inflation,1981,10.3347153402771
World,WLD,"Inflation, consumer prices (annual %)",FP.CPI.TOTL.ZG,inflation,1981,12.4424368936176
Australia,AUS,"Inflation, consumer prices (annual %)",FP.CPI.TOTL.ZG,inflation,1982,11.3518321308515
Canada,CAN,"Inflation, consumer prices (annual %)",FP.CPI.TOTL.ZG,inflation,1982,10.7689718997139
Germany,DEU,"Inflation, consumer prices (annual %)",FP.CPI.TOTL.ZG,inflation,1982,5.24104507228422
"Egypt, Arab Rep.",EGY,"Inflation, consumer prices (annual %)",FP.CPI.TOTL.ZG,inflation,1982,14.8230088495577
Euro area,EMU,"Inflation, consumer prices (annual %)",FP.CPI.TOTL.ZG,inflation,1982,9.58492764677448
European Union,EUU,"Inflation, consumer prices (annual %)",FP.CPI.TOTL.ZG,inflation,1982,9.58492764677448
France,FRA,"Inflation, consumer prices (annual %)",FP.CPI.TOTL.ZG,inflation,1982,11.9784719523805
United Kingdom,GBR,"Inflation, consumer prices (annual %)",FP.CPI.TOTL.ZG,inflation,1982,8.59886383332186
Greece,GRC,"Inflation, consumer prices (annual %)",FP.CPI.TOTL.ZG,inflation,1982,20.9910886220016
India,IND,"Inflation, consumer prices (annual %)",FP.CPI.TOTL.ZG,inflation,1982,7.89074279377487
Italy,ITA,"Inflation, consumer prices (annual %)",FP.CPI.TOTL.ZG,inflation,1982,16.4804146202214
Jordan,JOR,"Inflation, consumer prices (annual %)",FP.CPI.TOTL.ZG,inflation,1982,7.42804085422491
Kuwait,KWT,"Inflation, consumer prices (annual %)",FP.CPI.TOTL.ZG,inflation,1982,7.77679842690853
Qatar,QAT,"Inflation, consumer prices (annual %)",FP.CPI.TOTL.ZG,inflation,1982,5.69999999999979
Saudi Arabia,SAU,"Inflation, consumer prices (annual %)",FP.CPI.TOTL.ZG,inflation,1982,1.02103960396035
Turkiye,TUR,"Inflation, consumer prices (annual %)",FP.CPI.TOTL.ZG,inflation,1982,29.1375145022676
United States,USA,"Inflation, consumer prices (annual %)",FP.CPI.TOTL.ZG,inflation,1982,6.13142700027493
World,WLD,"Inflation, consumer prices (annual %)",FP.CPI.TOTL.ZG,inflation,1982,10.2217271376892
Australia,AUS,"Inflation, consumer prices (annual %)",FP.CPI.TOTL.ZG,inflation,1983,10.0389003957519
Canada,CAN,"Inflation, consumer prices (annual %)",FP.CPI.TOTL.ZG,inflation,1983,5.86358802977368
Germany,DEU,"Inflation, consumer prices (annual %)",FP.CPI.TOTL.ZG,inflation,1983,3.29341474302854
"Egypt, Arab Rep.",EGY,"Inflation, consumer prices (annual %)",FP.CPI.TOTL.ZG,inflation,1983,16.079873883342
Euro area,EMU,"Inflation, consumer prices (annual %)",FP.CPI.TOTL.ZG,inflation,1983,8.66927159808513
European Union,EUU,"Inflation, consumer prices (annual %)",FP.CPI.TOTL.ZG,inflation,1983,8.66927159808513
France,FRA,"Inflation, consumer prices (annual %)",FP.CPI.TOTL.ZG,inflation,1983,9.45954847235315
United Kingdom,GBR,"Inflation, consumer prices (annual %)",FP.CPI.TOTL.ZG,inflation,1983,4.60930327269779
Greece,GRC,"Inflation, consumer prices (annual %)",FP.CPI.TOTL.ZG,inflation,1983,20.1794812892138
India,IND,"Inflation, consumer prices (annual %)",FP.CPI.TOTL.ZG,inflation,1983,11.8680812986734
Italy,ITA,"Inflation, consumer prices (annual %)",FP.CPI.TOTL.ZG,inflation,1983,14.646576674877
Jordan,JOR,"Inflation, consumer prices (annual %)",FP.CPI.TOTL.ZG,inflation,1983,5.02016709831461
Kuwait,KWT,"Inflation, consumer prices (annual %)",FP.CPI.TOTL.ZG,inflation,1983,4.71816809275156
Qatar,QAT,"Inflation, consumer prices (annual %)",FP.CPI.TOTL.ZG,inflation,1983,2.74361400094617
Saudi Arabia,SAU,"Inflation, consumer prices (annual %)",FP.CPI.TOTL.ZG,inflation,1983,0.191424196019064
Turkiye,TUR,"Inflation, consumer prices (annual %)",FP.CPI.TOTL.ZG,inflation,1983,31.3902710198445
United States,USA,"Inflation, consumer prices (annual %)",FP.CPI.TOTL.ZG,inflation,1983,3.21243523316065
World,WLD,"Inflation, consumer prices (annual %)",FP.CPI.TOTL.ZG,inflation,1983,8.66927159808513
Australia,AUS,"Inflation, consumer prices (annual %)",FP.CPI.TOTL.ZG,inflation,1984,3.96040844503847
Canada,CAN,"Inflation, consumer prices (annual %)",FP.CPI.TOTL.ZG,inflation,1984,4.30477830391737
Germany,DEU,"Inflation, consumer prices (annual %)",FP.CPI.TOTL.ZG,inflation,1984,2.4057933993196
"Egypt, Arab Rep.",EGY,"Inflation, consumer prices (annual %)",FP.CPI.TOTL.ZG,inflation,1984,17.0363663799608
Euro area,EMU,"Inflation, consumer prices (annual %)",FP.CPI.TOTL.ZG,inflation,1984,7.06765638328179
European Union,EUU,"Inflation, consumer prices (annual %)",FP.CPI.TOTL.ZG,inflation,1984,7.67380262247318
France,FRA,"Inflation, consumer prices (annual %)",FP.CPI.TOTL.ZG,inflation,1984,7.67380262247318
United Kingdom,GBR,"Inflation, consumer prices (annual %)",FP.CPI.TOTL.ZG,inflation,1984,4.96071097821927
Greece,GRC,"Inflation, consumer prices (annual %)",FP.CPI.TOTL.ZG,inflation,1984,18.4568132050187
India,IND,"Inflation, consumer prices (annual %)",FP.CPI.TOTL.ZG,inflation,1984,8.31890711860072
Italy,ITA,"Inflation, consumer prices (annual %)",FP.CPI.TOTL.ZG,inflation,1984,10.7944960076811
Jordan,JOR,"Inflation, consumer prices (annual %)",FP.CPI.TOTL.ZG,inflation,1984,3.84747273837611
Kuwait,KWT,"Inflation, consumer prices (annual %)",FP.CPI.TOTL.ZG,inflation,1984,1.17746005046669
Qatar,QAT,"Inflation, consumer prices (annual %)",FP.CPI.TOTL.ZG,inflation,1984,1.10497237570068
Saudi Arabia,SAU,"Inflation, consumer prices (annual %)",FP.CPI.TOTL.ZG,inflation,1984,-1.55903706534203
Turkiye,TUR,"Inflation, consumer prices (annual %)",FP.CPI.TOTL.ZG,inflation,1984,48.3923231346863
United States,USA,"Inflation, consumer prices (annual %)",FP.CPI.TOTL.ZG,inflation,1984,4.30053547523429
World,WLD,"Inflation, consumer prices (annual %)",FP.CPI.TOTL.ZG,inflation,1984,8.08032017255765
Australia,AUS,"Inflation, consumer prices (annual %)",FP.CPI.TOTL.ZG,inflation,1985,6.73468599874501
Canada,CAN,"Inflation, consumer prices (annual %)",FP.CPI.TOTL.ZG,inflation,1985,3.96203054065205
Germany,DEU,"Inflation, consumer prices (annual %)",FP.CPI.TOTL.ZG,inflation,1985,2.0662330121658
"Egypt, Arab Rep.",EGY,"Inflation, consumer prices (annual %)",FP.CPI.TOTL.ZG,inflation,1985,12.1067560598247
Euro area,EMU,"Inflation, consumer prices (annual %)",FP.CPI.TOTL.ZG,inflation,1985,5.19562195429426
European Union,EUU,"Inflation, consumer prices (annual %)",FP.CPI.TOTL.ZG,inflation,1985,5.39548620170352
France,FRA,"Inflation, consumer prices (annual %)",FP.CPI.TOTL.ZG,inflation,1985,5.83109973854514
United Kingdom,GBR,"Inflation, consumer prices (annual %)",FP.CPI.TOTL.ZG,inflation,1985,6.07139434015119
Greece,GRC,"Inflation, consumer prices (annual %)",FP.CPI.TOTL.ZG,inflation,1985,19.3146929406642
India,IND,"Inflation, consumer prices (annual %)",FP.CPI.TOTL.ZG,inflation,1985,5.55642423236554
Italy,ITA,"Inflation, consumer prices (annual %)",FP.CPI.TOTL.ZG,inflation,1985,9.20599144253118
Jordan,JOR,"Inflation, consumer prices (annual %)",FP.CPI.TOTL.ZG,inflation,1985,2.98507462714756
Kuwait,KWT,"Inflation, consumer prices (annual %)",FP.CPI.TOTL.ZG,inflation,1985,1.49032181427877
Qatar,QAT,"Inflation, consumer prices (annual %)",FP.CPI.TOTL.ZG,inflation,1985,1.91256830693925
Saudi Arabia,SAU,"Inflation, consumer prices (annual %)",FP.CPI.TOTL.ZG,inflation,1985,-3.05876872913662
Turkiye,TUR,"Inflation, consumer prices (annual %)",FP.CPI.TOTL.ZG,inflation,1985,44.9617301528779
United States,USA,"Inflation, consumer prices (annual %)",FP.CPI.TOTL.ZG,inflation,1985,3.54564415209365
World,WLD,"Inflation, consumer prices (annual %)",FP.CPI.TOTL.ZG,inflation,1985,6.80756655768333
Australia,AUS,"Inflation, consumer prices (annual %)",FP.CPI.TOTL.ZG,inflation,1986,9.05035323321654
Canada,CAN,"Inflation, consumer prices (annual %)",FP.CPI.TOTL.ZG,inflation,1986,4.19478629085621
Germany,DEU,"Inflation, consumer prices (annual %)",FP.CPI.TOTL.ZG,inflation,1986,-0.129413360854742
"Egypt, Arab Rep.",EGY,"Inflation, consumer prices (annual %)",FP.CPI.TOTL.ZG,inflation,1986,23.8642898217366
Euro area,EMU,"Inflation, consumer prices (annual %)",FP.CPI.TOTL.ZG,inflation,1986,2.69999999999986
European Union,EUU,"Inflation, consumer prices (annual %)",FP.CPI.TOTL.ZG,inflation,1986,3.67818411863452
France,FRA,"Inflation, consumer prices (annual %)",FP.CPI.TOTL.ZG,inflation,1986,2.53852591781413
United Kingdom,GBR,"Inflation, consumer prices (annual %)",FP.CPI.TOTL.ZG,inflation,1986,3.42760940369314
Greece,GRC,"Inflation, consumer prices (annual %)",FP.CPI.TOTL.ZG,inflation,1986,23.0154508205013
India,IND,"Inflation, consumer prices (annual %)",FP.CPI.TOTL.ZG,inflation,1986,8.72972072702581
Italy,ITA,"Inflation, consumer prices (annual %)",FP.CPI.TOTL.ZG,inflation,1986,5.82354691862017
Kuwait,KWT,"Inflation, consumer prices (annual %)",FP.CPI.TOTL.ZG,inflation,1986,0.953606740192038
Qatar,QAT,"Inflation, consumer prices (annual %)",FP.CPI.TOTL.ZG,inflation,1986,0.757575757575709
Saudi Arabia,SAU,"Inflation, consumer prices (annual %)",FP.CPI.TOTL.ZG,inflation,1986,-3.203331464723
Turkiye,TUR,"Inflation, consumer prices (annual %)",FP.CPI.TOTL.ZG,inflation,1986,34.6100759738745
United States,USA,"Inflation, consumer prices (annual %)",FP.CPI.TOTL.ZG,inflation,1986,1.89804772234276
World,WLD,"Inflation, consumer prices (annual %)",FP.CPI.TOTL.ZG,inflation,1986,5.82266576732484
Australia,AUS,"Inflation, consumer prices (annual %)",FP.CPI.TOTL.ZG,inflation,1987,8.53300355802082
Canada,CAN,"Inflation, consumer prices (annual %)",FP.CPI.TOTL.ZG,inflation,1987,4.3561087122174
China,CHN,"Inflation, consumer prices (annual %)",FP.CPI.TOTL.ZG,inflation,1987,7.23383553065609
Germany,DEU,"Inflation, consumer prices (annual %)",FP.CPI.TOTL.ZG,inflation,1987,0.24990610870503
"Egypt, Arab Rep.",EGY,"Inflation, consumer prices (annual %)",FP.CPI.TOTL.ZG,inflation,1987,19.693593314763
Euro area,EMU,"Inflation, consumer prices (annual %)",FP.CPI.TOTL.ZG,inflation,1987,3.15941034835014
European Union,EUU,"Inflation, consumer prices (annual %)",FP.CPI.TOTL.ZG,inflation,1987,4.01999345683161
France,FRA,"Inflation, consumer prices (annual %)",FP.CPI.TOTL.ZG,inflation,1987,3.28889821400136
United Kingdom,GBR,"Inflation, consumer prices (annual %)",FP.CPI.TOTL.ZG,inflation,1987,4.14892232052945
Greece,GRC,"Inflation, consumer prices (annual %)",FP.CPI.TOTL.ZG,inflation,1987,16.3968631635363
India,IND,"Inflation, consumer prices (annual %)",FP.CPI.TOTL.ZG,inflation,1987,8.80112581251833
Italy,ITA,"Inflation, consumer prices (annual %)",FP.CPI.TOTL.ZG,inflation,1987,4.74728490389789
Jordan,JOR,"Inflation, consumer prices (annual %)",FP.CPI.TOTL.ZG,inflation,1987,-0.199999999999908
Kuwait,KWT,"Inflation, consumer prices (annual %)",FP.CPI.TOTL.ZG,inflation,1987,0.654844691701656
Qatar,QAT,"Inflation, consumer prices (annual %)",FP.CPI.TOTL.ZG,inflation,1987,2.6852846401719
Saudi Arabia,SAU,"Inflation, consumer prices (annual %)",FP.CPI.TOTL.ZG,inflation,1987,-1.54711673699019
Turkiye,TUR,"Inflation, consumer prices (annual %)",FP.CPI.TOTL.ZG,inflation,1987,38.8558434758409
United States,USA,"Inflation, consumer prices (annual %)",FP.CPI.TOTL.ZG,inflation,1987,3.6645632175169
World,WLD,"Inflation, consumer prices (annual %)",FP.CPI.TOTL.ZG,inflation,1987,5.71011938486679
Australia,AUS,"Inflation, consumer prices (annual %)",FP.CPI.TOTL.ZG,inflation,1988,7.2159571679871
Canada,CAN,"Inflation, consumer prices (annual %)",FP.CPI.TOTL.ZG,inflation,1988,4.02823414871611
China,CHN,"Inflation, consumer prices (annual %)",FP.CPI.TOTL.ZG,inflation,1988,18.8118179448753
Germany,DEU,"Inflation, consumer prices (annual %)",FP.CPI.TOTL.ZG,inflation,1988,1.27411894006923
"Egypt, Arab Rep.",EGY,"Inflation, consumer prices (annual %)",FP.CPI.TOTL.ZG,inflation,1988,17.66348615313
Euro area,EMU,"Inflation, consumer prices (annual %)",FP.CPI.TOTL.ZG,inflation,1988,2.70081527508114
European Union,EUU,"Inflation, consumer prices (annual %)",FP.CPI.TOTL.ZG,inflation,1988,4.53513301015727
France,FRA,"Inflation, consumer prices (annual %)",FP.CPI.TOTL.ZG,inflation,1988,2.70081527508114
United Kingdom,GBR,"Inflation, consumer prices (annual %)",FP.CPI.TOTL.ZG,inflation,1988,4.15535171583102
Greece,GRC,"Inflation, consumer prices (annual %)",FP.CPI.TOTL.ZG,inflation,1988,13.5288583215049
India,IND,"Inflation, consumer prices (annual %)",FP.CPI.TOTL.ZG,inflation,1988,9.38347186185336
Italy,ITA,"Inflation, consumer prices (annual %)",FP.CPI.TOTL.ZG,inflation,1988,5.05824747667119
Jordan,JOR,"Inflation, consumer prices (annual %)",FP.CPI.TOTL.ZG,inflation,1988,6.61322645290578
Kuwait,KWT,"Inflation, consumer prices (annual %)",FP.CPI.TOTL.ZG,inflation,1988,1.46813288041913
Qatar,QAT,"Inflation, consumer prices (annual %)",FP.CPI.TOTL.ZG,inflation,1988,4.60251046025085
Saudi Arabia,SAU,"Inflation, consumer prices (annual %)",FP.CPI.TOTL.ZG,inflation,1988,0.907563025210523
Turkiye,TUR,"Inflation, consumer prices (annual %)",FP.CPI.TOTL.ZG,inflation,1988,68.8096433837048
United States,USA,"Inflation, consumer prices (annual %)",FP.CPI.TOTL.ZG,inflation,1988,4.07774110744413
World,WLD,"Inflation, consumer prices (annual %)",FP.CPI.TOTL.ZG,inflation,1988,7.11340652931347
Australia,AUS,"Inflation, consumer prices (annual %)",FP.CPI.TOTL.ZG,inflation,1989,7.53389852824955
Canada,CAN,"Inflation, consumer prices (annual %)",FP.CPI.TOTL.ZG,inflation,1989,4.98362189985958
China,CHN,"Inflation, consumer prices (annual %)",FP.CPI.TOTL.ZG,inflation,1989,18.2456383621648
Germany,DEU,"Inflation, consumer prices (annual %)",FP.CPI.TOTL.ZG,inflation,1989,2.78056955569751
"Egypt, Arab Rep.",EGY,"Inflation, consumer prices (annual %)",FP.CPI.TOTL.ZG,inflation,1989,21.2618670886078
Euro area,EMU,"Inflation, consumer prices (annual %)",FP.CPI.TOTL.ZG,inflation,1989,4.08905388153544
European Union,EUU,"Inflation, consumer prices (annual %)",FP.CPI.TOTL.ZG,inflation,1989,6.25983137956977
France,FRA,"Inflation, consumer prices (annual %)",FP.CPI.TOTL.ZG,inflation,1989,3.49830220700752
United Kingdom,GBR,"Inflation, consumer prices (annual %)",FP.CPI.TOTL.ZG,inflation,1989,5.76024909185262
Greece,GRC,"Inflation, consumer prices (annual %)",FP.CPI.TOTL.ZG,inflation,1989,13.6555638723612
India,IND,"Inflation, consumer prices (annual %)",FP.CPI.TOTL.ZG,inflation,1989,7.07428002942296
Italy,ITA,"Inflation, consumer prices (annual %)",FP.CPI.TOTL.ZG,inflation,1989,6.25983137956977
Jordan,JOR,"Inflation, consumer prices (annual %)",FP.CPI.TOTL.ZG,inflation,1989,25.7127192982454
Kuwait,KWT,"Inflation, consumer prices (annual %)",FP.CPI.TOTL.ZG,inflation,1989,3.34203359055792
Qatar,QAT,"Inflation, consumer prices (annual %)",FP.CPI.TOTL.ZG,inflation,1989,3.30000000000015
Saudi Arabia,SAU,"Inflation, consumer prices (annual %)",FP.CPI.TOTL.ZG,inflation,1989,1.03264490339739
Turkiye,TUR,"Inflation, consumer prices (annual %)",FP.CPI.TOTL.ZG,inflation,1989,63.2725524930958
United States,USA,"Inflation, consumer prices (annual %)",FP.CPI.TOTL.ZG,inflation,1989,4.82700303008944
World,WLD,"Inflation, consumer prices (annual %)",FP.CPI.TOTL.ZG,inflation,1989,6.92390503711238
Australia,AUS,"Inflation, consumer prices (annual %)",FP.CPI.TOTL.ZG,inflation,1990,7.33302368375269
Canada,CAN,"Inflation, consumer prices (annual %)",FP.CPI.TOTL.ZG,inflation,1990,4.78047693336304
China,CHN,"Inflation, consumer prices (annual %)",FP.CPI.TOTL.ZG,inflation,1990,3.05229012075233
Germany,DEU,"Inflation, consumer prices (annual %)",FP.CPI.TOTL.ZG,inflation,1990,2.69646824292392
"Egypt, Arab Rep.",EGY,"Inflation, consumer prices (annual %)",FP.CPI.TOTL.ZG,inflation,1990,16.7563747077691
Euro area,EMU,"Inflation, consumer prices (annual %)",FP.CPI.TOTL.ZG,inflation,1990,4.5020546289584
European Union,EUU,"Inflation, consumer prices (annual %)",FP.CPI.TOTL.ZG,inflation,1990,6.14956531179858
France,FRA,"Inflation, consumer prices (annual %)",FP.CPI.TOTL.ZG,inflation,1990,3.19428338029482
United Kingdom,GBR,"Inflation, consumer prices (annual %)",FP.CPI.TOTL.ZG,inflation,1990,8.06346090938833
Greece,GRC,"Inflation, consumer prices (annual %)",FP.CPI.TOTL.ZG,inflation,1990,20.433499109463
India,IND,"Inflation, consumer prices (annual %)",FP.CPI.TOTL.ZG,inflation,1990,8.97123250273255
Italy,ITA,"Inflation, consumer prices (annual %)",FP.CPI.TOTL.ZG,inflation,1990,6.456609061464
Jordan,JOR,"Inflation, consumer prices (annual %)",FP.CPI.TOTL.ZG,inflation,1990,16.1921375615233
Kuwait,KWT,"Inflation, consumer prices (annual %)",FP.CPI.TOTL.ZG,inflation,1990,9.83363531543402
Qatar,QAT,"Inflation, consumer prices (annual %)",FP.CPI.TOTL.ZG,inflation,1990,3.0009680542111
Saudi Arabia,SAU,"Inflation, consumer prices (annual %)",FP.CPI.TOTL.ZG,inflation,1990,2.07715133531156
Turkiye,TUR,"Inflation, consumer prices (annual %)",FP.CPI.TOTL.ZG,inflation,1990,60.3038691346447
United States,USA,"Inflation, consumer prices (annual %)",FP.CPI.TOTL.ZG,inflation,1990,5.39795643990325
World,WLD,"Inflation, consumer prices (annual %)",FP.CPI.TOTL.ZG,inflation,1990,8.06346090938833
Australia,AUS,"Inflation, consumer prices (annual %)",FP.CPI.TOTL.ZG,inflation,1991,3.17666872277308
Canada,CAN,"Inflation, consumer prices (annual %)",FP.CPI.TOTL.ZG,inflation,1991,5.62586408593005
China,CHN,"Inflation, consumer prices (annual %)",FP.CPI.TOTL.ZG,inflation,1991,3.55668565220452
Germany,DEU,"Inflation, consumer prices (annual %)",FP.CPI.TOTL.ZG,inflation,1991,4.04703259753466
"Egypt, Arab Rep.",EGY,"Inflation, consumer prices (annual %)",FP.CPI.TOTL.ZG,inflation,1991,19.7485448195578
Euro area,EMU,"Inflation, consumer prices (annual %)",FP.CPI.TOTL.ZG,inflation,1991,4.31021289843461
European Union,EUU,"Inflation, consumer prices (annual %)",FP.CPI.TOTL.ZG,inflation,1991,5.48474391592017
France,FRA,"Inflation, consumer prices (annual %)",FP.CPI.TOTL.ZG,inflation,1991,3.21340732409677
United Kingdom,GBR,"Inflation, consumer prices (annual %)",FP.CPI.TOTL.ZG,inflation,1991,7.46178295746934
Greece,GRC,"Inflation, consumer prices (annual %)",FP.CPI.TOTL.ZG,inflation,1991,19.4558456445745
India,IND,"Inflation, consumer prices (annual %)",FP.CPI.TOTL.ZG,inflation,1991,13.8702461773683
Iraq,IRQ,"Inflation, consumer prices (annual %)",FP.CPI.TOTL.ZG,inflation,1991,180.952380952381
Italy,ITA,"Inflation, consumer prices (annual %)",FP.CPI.TOTL.ZG,inflation,1991,6.24999929790291
Jordan,JOR,"Inflation, consumer prices (annual %)",FP.CPI.TOTL.ZG,inflation,1991,8.15549597855212
Kuwait,KWT,"Inflation, consumer prices (annual %)",FP.CPI.TOTL.ZG,inflation,1991,9.05818836232758
Qatar,QAT,"Inflation, consumer prices (annual %)",FP.CPI.TOTL.ZG,inflation,1991,4.41729323308255
Saudi Arabia,SAU,"Inflation, consumer prices (annual %)",FP.CPI.TOTL.ZG,inflation,1991,4.86111111111137
Turkiye,TUR,"Inflation, consumer prices (annual %)",FP.CPI.TOTL.ZG,inflation,1991,65.978567991895
United States,USA,"Inflation, consumer prices (annual %)",FP.CPI.TOTL.ZG,inflation,1991,4.23496396453849
World,WLD,"Inflation, consumer prices (annual %)",FP.CPI.TOTL.ZG,inflation,1991,8.99693873494331
Australia,AUS,"Inflation, consumer prices (annual %)",FP.CPI.TOTL.ZG,inflation,1992,1.01222824105977
Canada,CAN,"Inflation, consumer prices (annual %)",FP.CPI.TOTL.ZG,inflation,1992,1.49013290374545
China,CHN,"Inflation, consumer prices (annual %)",FP.CPI.TOTL.ZG,inflation,1992,6.35398134024869
Germany,DEU,"Inflation, consumer prices (annual %)",FP.CPI.TOTL.ZG,inflation,1992,5.05697796731731
"Egypt, Arab Rep.",EGY,"Inflation, consumer prices (annual %)",FP.CPI.TOTL.ZG,inflation,1992,13.6374241717218
Euro area,EMU,"Inflation, consumer prices (annual %)",FP.CPI.TOTL.ZG,inflation,1992,5.59756062410709
European Union,EUU,"Inflation, consumer prices (annual %)",FP.CPI.TOTL.ZG,inflation,1992,6.21737539647153
France,FRA,"Inflation, consumer prices (annual %)",FP.CPI.TOTL.ZG,inflation,1992,2.36376046269356
United Kingdom,GBR,"Inflation, consumer prices (annual %)",FP.CPI.TOTL.ZG,inflation,1992,4.59154929577461
Greece,GRC,"Inflation, consumer prices (annual %)",FP.CPI.TOTL.ZG,inflation,1992,15.8770737923919
India,IND,"Inflation, consumer prices (annual %)",FP.CPI.TOTL.ZG,inflation,1992,11.7878170418134
Iraq,IRQ,"Inflation, consumer prices (annual %)",FP.CPI.TOTL.ZG,inflation,1992,83.6158192090389
Italy,ITA,"Inflation, consumer prices (annual %)",FP.CPI.TOTL.ZG,inflation,1992,5.2705899859293
Jordan,JOR,"Inflation, consumer prices (annual %)",FP.CPI.TOTL.ZG,inflation,1992,3.9958356055719
Kuwait,KWT,"Inflation, consumer prices (annual %)",FP.CPI.TOTL.ZG,inflation,1992,-0.54547121378821
Qatar,QAT,"Inflation, consumer prices (annual %)",FP.CPI.TOTL.ZG,inflation,1992,3.06030603060311
Saudi Arabia,SAU,"Inflation, consumer prices (annual %)",FP.CPI.TOTL.ZG,inflation,1992,-0.0770060064690921
Turkiye,TUR,"Inflation, consumer prices (annual %)",FP.CPI.TOTL.ZG,inflation,1992,70.0761038690374
United States,USA,"Inflation, consumer prices (annual %)",FP.CPI.TOTL.ZG,inflation,1992,3.02881967814969
World,WLD,"Inflation, consumer prices (annual %)",FP.CPI.TOTL.ZG,inflation,1992,7.63610852336974
Australia,AUS,"Inflation, consumer prices (annual %)",FP.CPI.TOTL.ZG,inflation,1993,1.75365751770527
Canada,CAN,"Inflation, consumer prices (annual %)",FP.CPI.TOTL.ZG,inflation,1993,1.86507936507939
China,CHN,"Inflation, consumer prices (annual %)",FP.CPI.TOTL.ZG,inflation,1993,14.6100786356602
Germany,DEU,"Inflation, consumer prices (annual %)",FP.CPI.TOTL.ZG,inflation,1993,4.47457650752808
"Egypt, Arab Rep.",EGY,"Inflation, consumer prices (annual %)",FP.CPI.TOTL.ZG,inflation,1993,12.0897922868977
Euro area,EMU,"Inflation, consumer prices (annual %)",FP.CPI.TOTL.ZG,inflation,1993,4.62673468331298
European Union,EUU,"Inflation, consumer prices (annual %)",FP.CPI.TOTL.ZG,inflation,1993,4.85416666666694
France,FRA,"Inflation, consumer prices (annual %)",FP.CPI.TOTL.ZG,inflation,1993,2.10446277124642
United Kingdom,GBR,"Inflation, consumer prices (annual %)",FP.CPI.TOTL.ZG,inflation,1993,2.55857796929705
Greece,GRC,"Inflation, consumer prices (annual %)",FP.CPI.TOTL.ZG,inflation,1993,14.4112644439348
India,IND,"Inflation, consumer prices (annual %)",FP.CPI.TOTL.ZG,inflation,1993,6.32689048779867
Iraq,IRQ,"Inflation, consumer prices (annual %)",FP.CPI.TOTL.ZG,inflation,1993,207.692307692309
Italy,ITA,"Inflation, consumer prices (annual %)",FP.CPI.TOTL.ZG,inflation,1993,4.62673468331298
Jordan,JOR,"Inflation, consumer prices (annual %)",FP.CPI.TOTL.ZG,inflation,1993,3.31666666666706
Kuwait,KWT,"Inflation, consumer prices (annual %)",FP.CPI.TOTL.ZG,inflation,1993,0.382541365165916
Qatar,QAT,"Inflation, consumer prices (annual %)",FP.CPI.TOTL.ZG,inflation,1993,-0.8733624454148
Saudi Arabia,SAU,"Inflation, consumer prices (annual %)",FP.CPI.TOTL.ZG,inflation,1993,1.05579531442695
Turkiye,TUR,"Inflation, consumer prices (annual %)",FP.CPI.TOTL.ZG,inflation,1993,66.0938429820004
United States,USA,"Inflation, consumer prices (annual %)",FP.CPI.TOTL.ZG,inflation,1993,2.95165696638559
World,WLD,"Inflation, consumer prices (annual %)",FP.CPI.TOTL.ZG,inflation,1993,7.14458706876257
Australia,AUS,"Inflation, consumer prices (annual %)",FP.CPI.TOTL.ZG,inflation,1994,1.96963507094102
Canada,CAN,"Inflation, consumer prices (annual %)",FP.CPI.TOTL.ZG,inflation,1994,0.165562913907291
China,CHN,"Inflation, consumer prices (annual %)",FP.CPI.TOTL.ZG,inflation,1994,24.2569897243361
Germany,DEU,"Inflation, consumer prices (annual %)",FP.CPI.TOTL.ZG,inflation,1994,2.69305639854954
"Egypt, Arab Rep.",EGY,"Inflation, consumer prices (annual %)",FP.CPI.TOTL.ZG,inflation,1994,8.15423128587096
Euro area,EMU,"Inflation, consumer prices (annual %)",FP.CPI.TOTL.ZG,inflation,1994,4.6985893105498
European Union,EUU,"Inflation, consumer prices (annual %)",FP.CPI.TOTL.ZG,inflation,1994,4.71841373967333
France,FRA,"Inflation, consumer prices (annual %)",FP.CPI.TOTL.ZG,inflation,1994,1.65551532926999
United Kingdom,GBR,"Inflation, consumer prices (annual %)",FP.CPI.TOTL.ZG,inflation,1994,2.21901260504205
Greece,GRC,"Inflation, consumer prices (annual %)",FP.CPI.TOTL.ZG,inflation,1994,10.8740756809132
India,IND,"Inflation, consumer prices (annual %)",FP.CPI.TOTL.ZG,inflation,1994,10.2479355556119
Iraq,IRQ,"Inflation, consumer prices (annual %)",FP.CPI.TOTL.ZG,inflation,1994,448.499999999999
Italy,ITA,"Inflation, consumer prices (annual %)",FP.CPI.TOTL.ZG,inflation,1994,4.05184218065716
Jordan,JOR,"Inflation, consumer prices (annual %)",FP.CPI.TOTL.ZG,inflation,1994,3.51669624132886
Kuwait,KWT,"Inflation, consumer prices (annual %)",FP.CPI.TOTL.ZG,inflation,1994,2.53443526170792
Qatar,QAT,"Inflation, consumer prices (annual %)",FP.CPI.TOTL.ZG,inflation,1994,1.32158590308376
Saudi Arabia,SAU,"Inflation, consumer prices (annual %)",FP.CPI.TOTL.ZG,inflation,1994,0.564325478533149
Turkiye,TUR,"Inflation, consumer prices (annual %)",FP.CPI.TOTL.ZG,inflation,1994,105.214986469202
United States,USA,"Inflation, consumer prices (annual %)",FP.CPI.TOTL.ZG,inflation,1994,2.60744159215453
World,WLD,"Inflation, consumer prices (annual %)",FP.CPI.TOTL.ZG,inflation,1994,10.2479355556119
Australia,AUS,"Inflation, consumer prices (annual %)",FP.CPI.TOTL.ZG,inflation,1995,4.62776445368168
Canada,CAN,"Inflation, consumer prices (annual %)",FP.CPI.TOTL.ZG,inflation,1995,2.14876033057849
China,CHN,"Inflation, consumer prices (annual %)",FP.CPI.TOTL.ZG,inflation,1995,16.7912268492666
Germany,DEU,"Inflation, consumer prices (annual %)",FP.CPI.TOTL.ZG,inflation,1995,1.70616041317076
"Egypt, Arab Rep.",EGY,"Inflation, consumer prices (annual %)",FP.CPI.TOTL.ZG,inflation,1995,15.7422305021596
Euro area,EMU,"Inflation, consumer prices (annual %)",FP.CPI.TOTL.ZG,inflation,1995,4.22281614099488
European Union,EUU,"Inflation, consumer prices (annual %)",FP.CPI.TOTL.ZG,inflation,1995,4.42664550286654
France,FRA,"Inflation, consumer prices (annual %)",FP.CPI.TOTL.ZG,inflation,1995,1.79648142095589
United Kingdom,GBR,"Inflation, consumer prices (annual %)",FP.CPI.TOTL.ZG,inflation,1995,2.69749518304432
Greece,GRC,"Inflation, consumer prices (annual %)",FP.CPI.TOTL.ZG,inflation,1995,8.93451415961517
India,IND,"Inflation, consumer prices (annual %)",FP.CPI.TOTL.ZG,inflation,1995,10.2248861637545
Iraq,IRQ,"Inflation, consumer prices (annual %)",FP.CPI.TOTL.ZG,inflation,1995,387.310847766639
Italy,ITA,"Inflation, consumer prices (annual %)",FP.CPI.TOTL.ZG,inflation,1995,5.23542258044301
Jordan,JOR,"Inflation, consumer prices (annual %)",FP.CPI.TOTL.ZG,inflation,1995,2.35312451301273
Kuwait,KWT,"Inflation, consumer prices (annual %)",FP.CPI.TOTL.ZG,inflation,1995,2.68672756582484
Qatar,QAT,"Inflation, consumer prices (annual %)",FP.CPI.TOTL.ZG,inflation,1995,2.9565217391303
Saudi Arabia,SAU,"Inflation, consumer prices (annual %)",FP.CPI.TOTL.ZG,inflation,1995,4.86843103056033
Turkiye,TUR,"Inflation, consumer prices (annual %)",FP.CPI.TOTL.ZG,inflation,1995,89.1133172248499
United States,USA,"Inflation, consumer prices (annual %)",FP.CPI.TOTL.ZG,inflation,1995,2.80541968853662
World,WLD,"Inflation, consumer prices (annual %)",FP.CPI.TOTL.ZG,inflation,1995,9.07738095238091
Australia,AUS,"Inflation, consumer prices (annual %)",FP.CPI.TOTL.ZG,inflation,1996,2.61537902431631
Canada,CAN,"Inflation, consumer prices (annual %)",FP.CPI.TOTL.ZG,inflation,1996,1.57053112507138
China,CHN,"Inflation, consumer prices (annual %)",FP.CPI.TOTL.ZG,inflation,1996,8.3131587270211
Germany,DEU,"Inflation, consumer prices (annual %)",FP.CPI.TOTL.ZG,inflation,1996,1.44972701963239
"Egypt, Arab Rep.",EGY,"Inflation, consumer prices (annual %)",FP.CPI.TOTL.ZG,inflation,1996,7.18710369719992
Euro area,EMU,"Inflation, consumer prices (annual %)",FP.CPI.TOTL.ZG,inflation,1996,3.06897732509786
European Union,EUU,"Inflation, consumer prices (annual %)",FP.CPI.TOTL.ZG,inflation,1996,3.55884559338561
France,FRA,"Inflation, consumer prices (annual %)",FP.CPI.TOTL.ZG,inflation,1996,1.98288365089739
United Kingdom,GBR,"Inflation, consumer prices (annual %)",FP.CPI.TOTL.ZG,inflation,1996,2.85178236397749
Greece,GRC,"Inflation, consumer prices (annual %)",FP.CPI.TOTL.ZG,inflation,1996,8.19455217632728
India,IND,"Inflation, consumer prices (annual %)",FP.CPI.TOTL.ZG,inflation,1996,8.97715233826453
Iraq,IRQ,"Inflation, consumer prices (annual %)",FP.CPI.TOTL.ZG,inflation,1996,-16.1173257510572
Italy,ITA,"Inflation, consumer prices (annual %)",FP.CPI.TOTL.ZG,inflation,1996,4.0069766898104
Jordan,JOR,"Inflation, consumer prices (annual %)",FP.CPI.TOTL.ZG,inflation,1996,6.50121802679586
Kuwait,KWT,"Inflation, consumer prices (annual %)",FP.CPI.TOTL.ZG,inflation,1996,3.55398569684287
Qatar,QAT,"Inflation, consumer prices (annual %)",FP.CPI.TOTL.ZG,inflation,1996,4.90453460620532
Saudi Arabia,SAU,"Inflation, consumer prices (annual %)",FP.CPI.TOTL.ZG,inflation,1996,1.22206054877756
Turkiye,TUR,"Inflation, consumer prices (annual %)",FP.CPI.TOTL.ZG,inflation,1996,80.4121511388042
United States,USA,"Inflation, consumer prices (annual %)",FP.CPI.TOTL.ZG,inflation,1996,2.93120419993441
World,WLD,"Inflation, consumer prices (annual %)",FP.CPI.TOTL.ZG,inflation,1996,6.52609569372579
Australia,AUS,"Inflation, consumer prices (annual %)",FP.CPI.TOTL.ZG,inflation,1997,0.224895027032537
Canada,CAN,"Inflation, consumer prices (annual %)",FP.CPI.TOTL.ZG,inflation,1997,1.62121638084531
China,CHN,"Inflation, consumer prices (annual %)",FP.CPI.TOTL.ZG,inflation,1997,2.78646505531882
Germany,DEU,"Inflation, consumer prices (annual %)",FP.CPI.TOTL.ZG,inflation,1997,1.93936968221574
"Egypt, Arab Rep.",EGY,"Inflation, consumer prices (annual %)",FP.CPI.TOTL.ZG,inflation,1997,4.62560578826438
Euro area,EMU,"Inflation, consumer prices (annual %)",FP.CPI.TOTL.ZG,inflation,1997,2.33686298314114
European Union,EUU,"Inflation, consumer prices (annual %)",FP.CPI.TOTL.ZG,inflation,1997,3.11207791953272
France,FRA,"Inflation, consumer prices (annual %)",FP.CPI.TOTL.ZG,inflation,1997,1.20394294026964
United Kingdom,GBR,"Inflation, consumer prices (annual %)",FP.CPI.TOTL.ZG,inflation,1997,2.20114313510882
Greece,GRC,"Inflation, consumer prices (annual %)",FP.CPI.TOTL.ZG,inflation,1997,5.5360026677348
India,IND,"Inflation, consumer prices (annual %)",FP.CPI.TOTL.ZG,inflation,1997,7.16425211462721
Iraq,IRQ,"Inflation, consumer prices (annual %)",FP.CPI.TOTL.ZG,inflation,1997,23.0631996788727
Italy,ITA,"Inflation, consumer prices (annual %)",FP.CPI.TOTL.ZG,inflation,1997,2.04310779750136
Jordan,JOR,"Inflation, consumer prices (annual %)",FP.CPI.TOTL.ZG,inflation,1997,3.0378842030025
Kuwait,KWT,"Inflation, consumer prices (annual %)",FP.CPI.TOTL.ZG,inflation,1997,0.682191434707604
Qatar,QAT,"Inflation, consumer prices (annual %)",FP.CPI.TOTL.ZG,inflation,1997,4.83448981913322
Saudi Arabia,SAU,"Inflation, consumer prices (annual %)",FP.CPI.TOTL.ZG,inflation,1997,0.0571506050626489
Turkiye,TUR,"Inflation, consumer prices (annual %)",FP.CPI.TOTL.ZG,inflation,1997,85.6693616499779
United States,USA,"Inflation, consumer prices (annual %)",FP.CPI.TOTL.ZG,inflation,1997,2.33768993730735
World,WLD,"Inflation, consumer prices (annual %)",FP.CPI.TOTL.ZG,inflation,1997,5.55412988949405
Australia,AUS,"Inflation, consumer prices (annual %)",FP.CPI.TOTL.ZG,inflation,1998,0.860129922016289
Canada,CAN,"Inflation, consumer prices (annual %)",FP.CPI.TOTL.ZG,inflation,1998,0.99594245665802
China,CHN,"Inflation, consumer prices (annual %)",FP.CPI.TOTL.ZG,inflation,1998,-0.773186011549318
Germany,DEU,"Inflation, consumer prices (annual %)",FP.CPI.TOTL.ZG,inflation,1998,0.911184687196224
"Egypt, Arab Rep.",EGY,"Inflation, consumer prices (annual %)",FP.CPI.TOTL.ZG,inflation,1998,3.8725754642749
Euro area,EMU,"Inflation, consumer prices (annual %)",FP.CPI.TOTL.ZG,inflation,1998,2.38525135417661
European Union,EUU,"Inflation, consumer prices (annual %)",FP.CPI.TOTL.ZG,inflation,1998,2.40768094534715
France,FRA,"Inflation, consumer prices (annual %)",FP.CPI.TOTL.ZG,inflation,1998,0.651126867833073
United Kingdom,GBR,"Inflation, consumer prices (annual %)",FP.CPI.TOTL.ZG,inflation,1998,1.82056163731557
Greece,GRC,"Inflation, consumer prices (annual %)",FP.CPI.TOTL.ZG,inflation,1998,4.76622572397641
India,IND,"Inflation, consumer prices (annual %)",FP.CPI.TOTL.ZG,inflation,1998,13.2308389767977
Iraq,IRQ,"Inflation, consumer prices (annual %)",FP.CPI.TOTL.ZG,inflation,1998,14.7687735575529
Italy,ITA,"Inflation, consumer prices (annual %)",FP.CPI.TOTL.ZG,inflation,1998,1.95508557719381
Jordan,JOR,"Inflation, consumer prices (annual %)",FP.CPI.TOTL.ZG,inflation,1998,3.09166666666703
Kuwait,KWT,"Inflation, consumer prices (annual %)",FP.CPI.TOTL.ZG,inflation,1998,0.129658287674027
Qatar,QAT,"Inflation, consumer prices (annual %)",FP.CPI.TOTL.ZG,inflation,1998,2.9513888888889
Saudi Arabia,SAU,"Inflation, consumer prices (annual %)",FP.CPI.TOTL.ZG,inflation,1998,-0.37126675171199
Turkiye,TUR,"Inflation, consumer prices (annual %)",FP.CPI.TOTL.ZG,inflation,1998,84.6413434846314
United States,USA,"Inflation, consumer prices (annual %)",FP.CPI.TOTL.ZG,inflation,1998,1.55227909874364
World,WLD,"Inflation, consumer prices (annual %)",FP.CPI.TOTL.ZG,inflation,1998,5.09729149331442
Australia,AUS,"Inflation, consumer prices (annual %)",FP.CPI.TOTL.ZG,inflation,1999,1.48313946657267
Canada,CAN,"Inflation, consumer prices (annual %)",FP.CPI.TOTL.ZG,inflation,1999,1.73484295105918
China,CHN,"Inflation, consumer prices (annual %)",FP.CPI.TOTL.ZG,inflation,1999,-1.40147268276465
Germany,DEU,"Inflation, consumer prices (annual %)",FP.CPI.TOTL.ZG,inflation,1999,0.585434192138622
"Egypt, Arab Rep.",EGY,"Inflation, consumer prices (annual %)",FP.CPI.TOTL.ZG,inflation,1999,3.07949912638332
Euro area,EMU,"Inflation, consumer prices (annual %)",FP.CPI.TOTL.ZG,inflation,1999,2.13476888806386
European Union,EUU,"Inflation, consumer prices (annual %)",FP.CPI.TOTL.ZG,inflation,1999,2.1571791805505
France,FRA,"Inflation, consumer prices (annual %)",FP.CPI.TOTL.ZG,inflation,1999,0.537141639134596
United Kingdom,GBR,"Inflation, consumer prices (annual %)",FP.CPI.TOTL.ZG,inflation,1999,1.7529508005142
Greece,GRC,"Inflation, consumer prices (annual %)",FP.CPI.TOTL.ZG,inflation,1999,2.6366330602198
India,IND,"Inflation, consumer prices (annual %)",FP.CPI.TOTL.ZG,inflation,1999,4.6698203803759
Iraq,IRQ,"Inflation, consumer prices (annual %)",FP.CPI.TOTL.ZG,inflation,1999,12.5777623393436
Italy,ITA,"Inflation, consumer prices (annual %)",FP.CPI.TOTL.ZG,inflation,1999,1.66345995007714
Jordan,JOR,"Inflation, consumer prices (annual %)",FP.CPI.TOTL.ZG,inflation,1999,0.606256567779427
Kuwait,KWT,"Inflation, consumer prices (annual %)",FP.CPI.TOTL.ZG,inflation,1999,2.99081035923166
Qatar,QAT,"Inflation, consumer prices (annual %)",FP.CPI.TOTL.ZG,inflation,1999,2.18170320404723
Saudi Arabia,SAU,"Inflation, consumer prices (annual %)",FP.CPI.TOTL.ZG,inflation,1999,-1.33375489653896
Turkiye,TUR,"Inflation, consumer prices (annual %)",FP.CPI.TOTL.ZG,inflation,1999,64.8674876350757
United States,USA,"Inflation, consumer prices (annual %)",FP.CPI.TOTL.ZG,inflation,1999,2.18802719697358
World,WLD,"Inflation, consumer prices (annual %)",FP.CPI.TOTL.ZG,inflation,1999,3.04194667094533
Australia,AUS,"Inflation, consumer prices (annual %)",FP.CPI.TOTL.ZG,inflation,2000,4.45743705920869
Canada,CAN,"Inflation, consumer prices (annual %)",FP.CPI.TOTL.ZG,inflation,2000,2.71943995691976
China,CHN,"Inflation, consumer prices (annual %)",FP.CPI.TOTL.ZG,inflation,2000,0.347811226864587
Germany,DEU,"Inflation, consumer prices (annual %)",FP.CPI.TOTL.ZG,inflation,2000,1.44026838719741
"Egypt, Arab Rep.",EGY,"Inflation, consumer prices (annual %)",FP.CPI.TOTL.ZG,inflation,2000,2.68380535348546
Euro area,EMU,"Inflation, consumer prices (annual %)",FP.CPI.TOTL.ZG,inflation,2000,3.04210080667792
European Union,EUU,"Inflation, consumer prices (annual %)",FP.CPI.TOTL.ZG,inflation,2000,3.15076707022596
France,FRA,"Inflation, consumer prices (annual %)",FP.CPI.TOTL.ZG,inflation,2000,1.67595988720928
United Kingdom,GBR,"Inflation, consumer prices (annual %)",FP.CPI.TOTL.ZG,inflation,2000,1.18295624210408
Greece,GRC,"Inflation, consumer prices (annual %)",FP.CPI.TOTL.ZG,inflation,2000,3.1511816249383
India,IND,"Inflation, consumer prices (annual %)",FP.CPI.TOTL.ZG,inflation,2000,4.0094359104519
Iraq,IRQ,"Inflation, consumer prices (annual %)",FP.CPI.TOTL.ZG,inflation,2000,4.97896213183731
Italy,ITA,"Inflation, consumer prices (annual %)",FP.CPI.TOTL.ZG,inflation,2000,2.53768532095002
Jordan,JOR,"Inflation, consumer prices (annual %)",FP.CPI.TOTL.ZG,inflation,2000,0.66688092559796
Kuwait,KWT,"Inflation, consumer prices (annual %)",FP.CPI.TOTL.ZG,inflation,2000,1.81294613887089
Qatar,QAT,"Inflation, consumer prices (annual %)",FP.CPI.TOTL.ZG,inflation,2000,1.65033522434232
Saudi Arabia,SAU,"Inflation, consumer prices (annual %)",FP.CPI.TOTL.ZG,inflation,2000,-1.12499838517645
Turkiye,TUR,"Inflation, consumer prices (annual %)",FP.CPI.TOTL.ZG,inflation,2000,54.9153705812683
United States,USA,"Inflation, consumer prices (annual %)",FP.CPI.TOTL.ZG,inflation,2000,3.37685727149929
World,WLD,"Inflation, consumer prices (annual %)",FP.CPI.TOTL.ZG,inflation,2000,3.43351563418764
Australia,AUS,"Inflation, consumer prices (annual %)",FP.CPI.TOTL.ZG,inflation,2001,4.40712998561533
Canada,CAN,"Inflation, consumer prices (annual %)",FP.CPI.TOTL.ZG,inflation,2001,2.52512013979906
China,CHN,"Inflation, consumer prices (annual %)",FP.CPI.TOTL.ZG,inflation,2001,0.719125609120114
Germany,DEU,"Inflation, consumer prices (annual %)",FP.CPI.TOTL.ZG,inflation,2001,1.98385731334471
"Egypt, Arab Rep.",EGY,"Inflation, consumer prices (annual %)",FP.CPI.TOTL.ZG,inflation,2001,2.26975720475956
Euro area,EMU,"Inflation, consumer prices (annual %)",FP.CPI.TOTL.ZG,inflation,2001,2.92949244324104
European Union,EUU,"Inflation, consumer prices (annual %)",FP.CPI.TOTL.ZG,inflation,2001,3.37396832213867
France,FRA,"Inflation, consumer prices (annual %)",FP.CPI.TOTL.ZG,inflation,2001,1.63478079549599
United Kingdom,GBR,"Inflation, consumer prices (annual %)",FP.CPI.TOTL.ZG,inflation,2001,1.53234960272418
Greece,GRC,"Inflation, consumer prices (annual %)",FP.CPI.TOTL.ZG,inflation,2001,3.37396832213867
India,IND,"Inflation, consumer prices (annual %)",FP.CPI.TOTL.ZG,inflation,2001,3.77929312235637
Iraq,IRQ,"Inflation, consumer prices (annual %)",FP.CPI.TOTL.ZG,inflation,2001,16.3740814963262
Italy,ITA,"Inflation, consumer prices (annual %)",FP.CPI.TOTL.ZG,inflation,2001,2.78516542713554
Jordan,JOR,"Inflation, consumer prices (annual %)",FP.CPI.TOTL.ZG,inflation,2001,1.77220437351017
Kuwait,KWT,"Inflation, consumer prices (annual %)",FP.CPI.TOTL.ZG,inflation,2001,1.29999999999999
Qatar,QAT,"Inflation, consumer prices (annual %)",FP.CPI.TOTL.ZG,inflation,2001,1.47133434804683
Saudi Arabia,SAU,"Inflation, consumer prices (annual %)",FP.CPI.TOTL.ZG,inflation,2001,-1.12094804896791
Turkiye,TUR,"Inflation, consumer prices (annual %)",FP.CPI.TOTL.ZG,inflation,2001,54.4001887619074
United States,USA,"Inflation, consumer prices (annual %)",FP.CPI.TOTL.ZG,inflation,2001,2.82617111885407
World,WLD,"Inflation, consumer prices (annual %)",FP.CPI.TOTL.ZG,inflation,2001,3.83657262052543
Australia,AUS,"Inflation, consumer prices (annual %)",FP.CPI.TOTL.ZG,inflation,2002,2.98157117047457
Canada,CAN,"Inflation, consumer prices (annual %)",FP.CPI.TOTL.ZG,inflation,2002,2.25839440940855
China,CHN,"Inflation, consumer prices (annual %)",FP.CPI.TOTL.ZG,inflation,2002,-0.731970902350244
Germany,DEU,"Inflation, consumer prices (annual %)",FP.CPI.TOTL.ZG,inflation,2002,1.42080615551526
"Egypt, Arab Rep.",EGY,"Inflation, consumer prices (annual %)",FP.CPI.TOTL.ZG,inflation,2002,2.73723855000334
Euro area,EMU,"Inflation, consumer prices (annual %)",FP.CPI.TOTL.ZG,inflation,2002,2.46532319171165
European Union,EUU,"Inflation, consumer prices (annual %)",FP.CPI.TOTL.ZG,inflation,2002,2.42443661219695
France,FRA,"Inflation, consumer prices (annual %)",FP.CPI.TOTL.ZG,inflation,2002,1.92341228727064
United Kingdom,GBR,"Inflation, consumer prices (annual %)",FP.CPI.TOTL.ZG,inflation,2002,1.52040245947455
Greece,GRC,"Inflation, consumer prices (annual %)",FP.CPI.TOTL.ZG,inflation,2002,3.62935871878874
India,IND,"Inflation, consumer prices (annual %)",FP.CPI.TOTL.ZG,inflation,2002,4.29715203929562
Iraq,IRQ,"Inflation, consumer prices (annual %)",FP.CPI.TOTL.ZG,inflation,2002,19.316694601979
Italy,ITA,"Inflation, consumer prices (annual %)",FP.CPI.TOTL.ZG,inflation,2002,2.46532319171165
Jordan,JOR,"Inflation, consumer prices (annual %)",FP.CPI.TOTL.ZG,inflation,2002,1.83299389002049
Kuwait,KWT,"Inflation, consumer prices (annual %)",FP.CPI.TOTL.ZG,inflation,2002,0.888450148074907
Qatar,QAT,"Inflation, consumer prices (annual %)",FP.CPI.TOTL.ZG,inflation,2002,0.239999999999952
Saudi Arabia,SAU,"Inflation, consumer prices (annual %)",FP.CPI.TOTL.ZG,inflation,2002,0.247186492339686
Turkiye,TUR,"Inflation, consumer prices (annual %)",FP.CPI.TOTL.ZG,inflation,2002,44.964120947985
United States,USA,"Inflation, consumer prices (annual %)",FP.CPI.TOTL.ZG,inflation,2002,1.58603162650601
World,WLD,"Inflation, consumer prices (annual %)",FP.CPI.TOTL.ZG,inflation,2002,2.90799688587762
Australia,AUS,"Inflation, consumer prices (annual %)",FP.CPI.TOTL.ZG,inflation,2003,2.73259754838937
Canada,CAN,"Inflation, consumer prices (annual %)",FP.CPI.TOTL.ZG,inflation,2003,2.75856321360112
China,CHN,"Inflation, consumer prices (annual %)",FP.CPI.TOTL.ZG,inflation,2003,1.12760348729637
Germany,DEU,"Inflation, consumer prices (annual %)",FP.CPI.TOTL.ZG,inflation,2003,1.03422218628562
"Egypt, Arab Rep.",EGY,"Inflation, consumer prices (annual %)",FP.CPI.TOTL.ZG,inflation,2003,4.50777636319304
Euro area,EMU,"Inflation, consumer prices (annual %)",FP.CPI.TOTL.ZG,inflation,2003,2.09847219146919
European Union,EUU,"Inflation, consumer prices (annual %)",FP.CPI.TOTL.ZG,inflation,2003,2.09199838997655
France,FRA,"Inflation, consumer prices (annual %)",FP.CPI.TOTL.ZG,inflation,2003,2.09847219146919
United Kingdom,GBR,"Inflation, consumer prices (annual %)",FP.CPI.TOTL.ZG,inflation,2003,1.37650038542013
Greece,GRC,"Inflation, consumer prices (annual %)",FP.CPI.TOTL.ZG,inflation,2003,3.53065027765552
India,IND,"Inflation, consumer prices (annual %)",FP.CPI.TOTL.ZG,inflation,2003,3.80585899528853
Iraq,IRQ,"Inflation, consumer prices (annual %)",FP.CPI.TOTL.ZG,inflation,2003,33.6162105992383
Italy,ITA,"Inflation, consumer prices (annual %)",FP.CPI.TOTL.ZG,inflation,2003,2.6725555277285
Jordan,JOR,"Inflation, consumer prices (annual %)",FP.CPI.TOTL.ZG,inflation,2003,1.62999999999998
Kuwait,KWT,"Inflation, consumer prices (annual %)",FP.CPI.TOTL.ZG,inflation,2003,0.961350293542112
Qatar,QAT,"Inflation, consumer prices (annual %)",FP.CPI.TOTL.ZG,inflation,2003,2.26456504389469
Saudi Arabia,SAU,"Inflation, consumer prices (annual %)",FP.CPI.TOTL.ZG,inflation,2003,0.612195358172966
Turkiye,TUR,"Inflation, consumer prices (annual %)",FP.CPI.TOTL.ZG,inflation,2003,21.6024384490573
United States,USA,"Inflation, consumer prices (annual %)",FP.CPI.TOTL.ZG,inflation,2003,2.27009497336115
World,WLD,"Inflation, consumer prices (annual %)",FP.CPI.TOTL.ZG,inflation,2003,3.02504526252236
Australia,AUS,"Inflation, consumer prices (annual %)",FP.CPI.TOTL.ZG,inflation,2004,2.34325687131265
Canada,CAN,"Inflation, consumer prices (annual %)",FP.CPI.TOTL.ZG,inflation,2004,1.85725871857256
China,CHN,"Inflation, consumer prices (annual %)",FP.CPI.TOTL.ZG,inflation,2004,3.82463743108159
Germany,DEU,"Inflation, consumer prices (annual %)",FP.CPI.TOTL.ZG,inflation,2004,1.66573696655992
"Egypt, Arab Rep.",EGY,"Inflation, consumer prices (annual %)",FP.CPI.TOTL.ZG,inflation,2004,11.270619332052
Euro area,EMU,"Inflation, consumer prices (annual %)",FP.CPI.TOTL.ZG,inflation,2004,2.22567916428894
European Union,EUU,"Inflation, consumer prices (annual %)",FP.CPI.TOTL.ZG,inflation,2004,2.28621706801678
France,FRA,"Inflation, consumer prices (annual %)",FP.CPI.TOTL.ZG,inflation,2004,2.14208964640239
United Kingdom,GBR,"Inflation, consumer prices (annual %)",FP.CPI.TOTL.ZG,inflation,2004,1.39039756680422
Greece,GRC,"Inflation, consumer prices (annual %)",FP.CPI.TOTL.ZG,inflation,2004,2.8988481075817
India,IND,"Inflation, consumer prices (annual %)",FP.CPI.TOTL.ZG,inflation,2004,3.76725173477517
Iraq,IRQ,"Inflation, consumer prices (annual %)",FP.CPI.TOTL.ZG,inflation,2004,26.9619068193271
Italy,ITA,"Inflation, consumer prices (annual %)",FP.CPI.TOTL.ZG,inflation,2004,2.20673661423657
Jordan,JOR,"Inflation, consumer prices (annual %)",FP.CPI.TOTL.ZG,inflation,2004,3.36186821476601
Kuwait,KWT,"Inflation, consumer prices (annual %)",FP.CPI.TOTL.ZG,inflation,2004,1.24856443679889
Qatar,QAT,"Inflation, consumer prices (annual %)",FP.CPI.TOTL.ZG,inflation,2004,6.79933665008279
Saudi Arabia,SAU,"Inflation, consumer prices (annual %)",FP.CPI.TOTL.ZG,inflation,2004,0.5155078977673
Turkiye,TUR,"Inflation, consumer prices (annual %)",FP.CPI.TOTL.ZG,inflation,2004,8.59826168115262
United States,USA,"Inflation, consumer prices (annual %)",FP.CPI.TOTL.ZG,inflation,2004,2.67723669309172
World,WLD,"Inflation, consumer prices (annual %)",FP.CPI.TOTL.ZG,inflation,2004,3.51799903099596
Australia,AUS,"Inflation, consumer prices (annual %)",FP.CPI.TOTL.ZG,inflation,2005,2.69182949622197
Canada,CAN,"Inflation, consumer prices (annual %)",FP.CPI.TOTL.ZG,inflation,2005,2.21355203439767
China,CHN,"Inflation, consumer prices (annual %)",FP.CPI.TOTL.ZG,inflation,2005,1.77641407667571
Germany,DEU,"Inflation, consumer prices (annual %)",FP.CPI.TOTL.ZG,inflation,2005,1.54691114751328
"Egypt, Arab Rep.",EGY,"Inflation, consumer prices (annual %)",FP.CPI.TOTL.ZG,inflation,2005,4.86939696871988
Euro area,EMU,"Inflation, consumer prices (annual %)",FP.CPI.TOTL.ZG,inflation,2005,2.56016132330235
European Union,EUU,"Inflation, consumer prices (annual %)",FP.CPI.TOTL.ZG,inflation,2005,2.48769665164081
France,FRA,"Inflation, consumer prices (annual %)",FP.CPI.TOTL.ZG,inflation,2005,1.74586936380487
United Kingdom,GBR,"Inflation, consumer prices (annual %)",FP.CPI.TOTL.ZG,inflation,2005,2.0891364902507
Greece,GRC,"Inflation, consumer prices (annual %)",FP.CPI.TOTL.ZG,inflation,2005,3.54507273335078
India,IND,"Inflation, consumer prices (annual %)",FP.CPI.TOTL.ZG,inflation,2005,4.24634362031924
Iraq,IRQ,"Inflation, consumer prices (annual %)",FP.CPI.TOTL.ZG,inflation,2005,36.9594809201871
Italy,ITA,"Inflation, consumer prices (annual %)",FP.CPI.TOTL.ZG,inflation,2005,1.9852929852798
Jordan,JOR,"Inflation, consumer prices (annual %)",FP.CPI.TOTL.ZG,inflation,2005,3.49368534619531
Kuwait,KWT,"Inflation, consumer prices (annual %)",FP.CPI.TOTL.ZG,inflation,2005,4.14297583631023
Qatar,QAT,"Inflation, consumer prices (annual %)",FP.CPI.TOTL.ZG,inflation,2005,8.81439532334683
Saudi Arabia,SAU,"Inflation, consumer prices (annual %)",FP.CPI.TOTL.ZG,inflation,2005,0.479231671630955
Turkiye,TUR,"Inflation, consumer prices (annual %)",FP.CPI.TOTL.ZG,inflation,2005,8.17916036802008
United States,USA,"Inflation, consumer prices (annual %)",FP.CPI.TOTL.ZG,inflation,2005,3.3927468454955
World,WLD,"Inflation, consumer prices (annual %)",FP.CPI.TOTL.ZG,inflation,2005,4.10725070715931
Australia,AUS,"Inflation, consumer prices (annual %)",FP.CPI.TOTL.ZG,inflation,2006,3.55528696972984
Canada,CAN,"Inflation, consumer prices (annual %)",FP.CPI.TOTL.ZG,inflation,2006,2.00202539534161
China,CHN,"Inflation, consumer prices (annual %)",FP.CPI.TOTL.ZG,inflation,2006,1.6494309945586
Germany,DEU,"Inflation, consumer prices (annual %)",FP.CPI.TOTL.ZG,inflation,2006,1.57742642840563
"Egypt, Arab Rep.",EGY,"Inflation, consumer prices (annual %)",FP.CPI.TOTL.ZG,inflation,2006,7.64452644526434
Euro area,EMU,"Inflation, consumer prices (annual %)",FP.CPI.TOTL.ZG,inflation,2006,2.77378006481472
European Union,EUU,"Inflation, consumer prices (annual %)",FP.CPI.TOTL.ZG,inflation,2006,2.66631494577077
France,FRA,"Inflation, consumer prices (annual %)",FP.CPI.TOTL.ZG,inflation,2006,1.67512449608726
United Kingdom,GBR,"Inflation, consumer prices (annual %)",FP.CPI.TOTL.ZG,inflation,2006,2.4556616643929
Greece,GRC,"Inflation, consumer prices (annual %)",FP.CPI.TOTL.ZG,inflation,2006,3.19594684144545
India,IND,"Inflation, consumer prices (annual %)",FP.CPI.TOTL.ZG,inflation,2006,5.79652337561634
Iraq,IRQ,"Inflation, consumer prices (annual %)",FP.CPI.TOTL.ZG,inflation,2006,53.230962911428
Italy,ITA,"Inflation, consumer prices (annual %)",FP.CPI.TOTL.ZG,inflation,2006,2.09084391012754
Jordan,JOR,"Inflation, consumer prices (annual %)",FP.CPI.TOTL.ZG,inflation,2006,6.25172466656443
Kuwait,KWT,"Inflation, consumer prices (annual %)",FP.CPI.TOTL.ZG,inflation,2006,3.05701339166722
Qatar,QAT,"Inflation, consumer prices (annual %)",FP.CPI.TOTL.ZG,inflation,2006,11.8358096197431
Saudi Arabia,SAU,"Inflation, consumer prices (annual %)",FP.CPI.TOTL.ZG,inflation,2006,2.20902314069647
Turkiye,TUR,"Inflation, consumer prices (annual %)",FP.CPI.TOTL.ZG,inflation,2006,9.59724212288446
United States,USA,"Inflation, consumer prices (annual %)",FP.CPI.TOTL.ZG,inflation,2006,3.22594410070404
World,WLD,"Inflation, consumer prices (annual %)",FP.CPI.TOTL.ZG,inflation,2006,4.26717463390264
Australia,AUS,"Inflation, consumer prices (annual %)",FP.CPI.TOTL.ZG,inflation,2007,2.32761442623159
Canada,CAN,"Inflation, consumer prices (annual %)",FP.CPI.TOTL.ZG,inflation,2007,2.13838399266837
China,CHN,"Inflation, consumer prices (annual %)",FP.CPI.TOTL.ZG,inflation,2007,4.81676767378834
Germany,DEU,"Inflation, consumer prices (annual %)",FP.CPI.TOTL.ZG,inflation,2007,2.29834400700951
"Egypt, Arab Rep.",EGY,"Inflation, consumer prices (annual %)",FP.CPI.TOTL.ZG,inflation,2007,9.3189690579923
Euro area,EMU,"Inflation, consumer prices (annual %)",FP.CPI.TOTL.ZG,inflation,2007,2.5106656524034
European Union,EUU,"Inflation, consumer prices (annual %)",FP.CPI.TOTL.ZG,inflation,2007,2.5106656524034
France,FRA,"Inflation, consumer prices (annual %)",FP.CPI.TOTL.ZG,inflation,2007,1.4879980595386
United Kingdom,GBR,"Inflation, consumer prices (annual %)",FP.CPI.TOTL.ZG,inflation,2007,2.38656150773327
Greece,GRC,"Inflation, consumer prices (annual %)",FP.CPI.TOTL.ZG,inflation,2007,2.89500321516578
India,IND,"Inflation, consumer prices (annual %)",FP.CPI.TOTL.ZG,inflation,2007,6.37288135593231
Iraq,IRQ,"Inflation, consumer prices (annual %)",FP.CPI.TOTL.ZG,inflation,2007,-10.0674925768978
Italy,ITA,"Inflation, consumer prices (annual %)",FP.CPI.TOTL.ZG,inflation,2007,1.82974112202403
Jordan,JOR,"Inflation, consumer prices (annual %)",FP.CPI.TOTL.ZG,inflation,2007,4.74390639021648
Kuwait,KWT,"Inflation, consumer prices (annual %)",FP.CPI.TOTL.ZG,inflation,2007,5.48494983277596
Qatar,QAT,"Inflation, consumer prices (annual %)",FP.CPI.TOTL.ZG,inflation,2007,13.7581625759964
Saudi Arabia,SAU,"Inflation, consumer prices (annual %)",FP.CPI.TOTL.ZG,inflation,2007,4.16782358431579
Turkiye,TUR,"Inflation, consumer prices (annual %)",FP.CPI.TOTL.ZG,inflation,2007,8.75618090972632
United States,USA,"Inflation, consumer prices (annual %)",FP.CPI.TOTL.ZG,inflation,2007,2.85267248150138
World,WLD,"Inflation, consumer prices (annual %)",FP.CPI.TOTL.ZG,inflation,2007,4.81023704342912
United Arab Emirates,ARE,"Inflation, consumer prices (annual %)",FP.CPI.TOTL.ZG,inflation,2008,12.2504202448139
Australia,AUS,"Inflation, consumer prices (annual %)",FP.CPI.TOTL.ZG,inflation,2008,4.35029726664093
Canada,CAN,"Inflation, consumer prices (annual %)",FP.CPI.TOTL.ZG,inflation,2008,2.37027067444299
China,CHN,"Inflation, consumer prices (annual %)",FP.CPI.TOTL.ZG,inflation,2008,5.92525137041092
Germany,DEU,"Inflation, consumer prices (annual %)",FP.CPI.TOTL.ZG,inflation,2008,2.62837981637219
"Egypt, Arab Rep.",EGY,"Inflation, consumer prices (annual %)",FP.CPI.TOTL.ZG,inflation,2008,18.3168316831684
Euro area,EMU,"Inflation, consumer prices (annual %)",FP.CPI.TOTL.ZG,inflation,2008,4.15279708110293
European Union,EUU,"Inflation, consumer prices (annual %)",FP.CPI.TOTL.ZG,inflation,2008,4.16497193524779
France,FRA,"Inflation, consumer prices (annual %)",FP.CPI.TOTL.ZG,inflation,2008,2.81286194914785
United Kingdom,GBR,"Inflation, consumer prices (annual %)",FP.CPI.TOTL.ZG,inflation,2008,3.52140856342539
Greece,GRC,"Inflation, consumer prices (annual %)",FP.CPI.TOTL.ZG,inflation,2008,4.15279708110293
India,IND,"Inflation, consumer prices (annual %)",FP.CPI.TOTL.ZG,inflation,2008,8.34926704907575
Iraq,IRQ,"Inflation, consumer prices (annual %)",FP.CPI.TOTL.ZG,inflation,2008,12.6628528269228
Italy,ITA,"Inflation, consumer prices (annual %)",FP.CPI.TOTL.ZG,inflation,2008,3.34783258401022
Jordan,JOR,"Inflation, consumer prices (annual %)",FP.CPI.TOTL.ZG,inflation,2008,13.9712310012729
Kuwait,KWT,"Inflation, consumer prices (annual %)",FP.CPI.TOTL.ZG,inflation,2008,10.5827097865144
Qatar,QAT,"Inflation, consumer prices (annual %)",FP.CPI.TOTL.ZG,inflation,2008,15.0501451570333
Saudi Arabia,SAU,"Inflation, consumer prices (annual %)",FP.CPI.TOTL.ZG,inflation,2008,9.87024816760266
Turkiye,TUR,"Inflation, consumer prices (annual %)",FP.CPI.TOTL.ZG,inflation,2008,10.4441283764885
United States,USA,"Inflation, consumer prices (annual %)",FP.CPI.TOTL.ZG,inflation,2008,3.839100296651
World,WLD,"Inflation, consumer prices (annual %)",FP.CPI.TOTL.ZG,inflation,2008,8.94995335353387
United Arab Emirates,ARE,"Inflation, consumer prices (annual %)",FP.CPI.TOTL.ZG,inflation,2009,1.5618131744907
Australia,AUS,"Inflation, consumer prices (annual %)",FP.CPI.TOTL.ZG,inflation,2009,1.77112025681656
Canada,CAN,"Inflation, consumer prices (annual %)",FP.CPI.TOTL.ZG,inflation,2009,0.299466803009299
China,CHN,"Inflation, consumer prices (annual %)",FP.CPI.TOTL.ZG,inflation,2009,-0.728165250932898
Germany,DEU,"Inflation, consumer prices (annual %)",FP.CPI.TOTL.ZG,inflation,2009,0.312739007368447
"Egypt, Arab Rep.",EGY,"Inflation, consumer prices (annual %)",FP.CPI.TOTL.ZG,inflation,2009,11.7634954386443
Euro area,EMU,"Inflation, consumer prices (annual %)",FP.CPI.TOTL.ZG,inflation,2009,0.506308827696504
European Union,EUU,"Inflation, consumer prices (annual %)",FP.CPI.TOTL.ZG,inflation,2009,0.839262246793805
France,FRA,"Inflation, consumer prices (annual %)",FP.CPI.TOTL.ZG,inflation,2009,0.0876204781574653
United Kingdom,GBR,"Inflation, consumer prices (annual %)",FP.CPI.TOTL.ZG,inflation,2009,1.96173173560109
Greece,GRC,"Inflation, consumer prices (annual %)",FP.CPI.TOTL.ZG,inflation,2009,1.21007269197809
India,IND,"Inflation, consumer prices (annual %)",FP.CPI.TOTL.ZG,inflation,2009,10.8823529411764
Iraq,IRQ,"Inflation, consumer prices (annual %)",FP.CPI.TOTL.ZG,inflation,2009,6.87361547212555
Italy,ITA,"Inflation, consumer prices (annual %)",FP.CPI.TOTL.ZG,inflation,2009,0.774768131387381
Jordan,JOR,"Inflation, consumer prices (annual %)",FP.CPI.TOTL.ZG,inflation,2009,-0.739069743144777
Kuwait,KWT,"Inflation, consumer prices (annual %)",FP.CPI.TOTL.ZG,inflation,2009,4.60959548447787
Lebanon,LBN,"Inflation, consumer prices (annual %)",FP.CPI.TOTL.ZG,inflation,2009,1.19509671165543
Qatar,QAT,"Inflation, consumer prices (annual %)",FP.CPI.TOTL.ZG,inflation,2009,-4.86327801622565
Saudi Arabia,SAU,"Inflation, consumer prices (annual %)",FP.CPI.TOTL.ZG,inflation,2009,5.0572227614833
Turkiye,TUR,"Inflation, consumer prices (annual %)",FP.CPI.TOTL.ZG,inflation,2009,6.25097663090626
United States,USA,"Inflation, consumer prices (annual %)",FP.CPI.TOTL.ZG,inflation,2009,-0.355546266299747
World,WLD,"Inflation, consumer prices (annual %)",FP.CPI.TOTL.ZG,inflation,2009,2.86044855902674
United Arab Emirates,ARE,"Inflation, consumer prices (annual %)",FP.CPI.TOTL.ZG,inflation,2010,0.877983288285867
Australia,AUS,"Inflation, consumer prices (annual %)",FP.CPI.TOTL.ZG,inflation,2010,2.9183370211222
Canada,CAN,"Inflation, consumer prices (annual %)",FP.CPI.TOTL.ZG,inflation,2010,1.77687154092627
China,CHN,"Inflation, consumer prices (annual %)",FP.CPI.TOTL.ZG,inflation,2010,3.17532475269199
Germany,DEU,"Inflation, consumer prices (annual %)",FP.CPI.TOTL.ZG,inflation,2010,1.1038103778926
"Egypt, Arab Rep.",EGY,"Inflation, consumer prices (annual %)",FP.CPI.TOTL.ZG,inflation,2010,11.2651882653185
Euro area,EMU,"Inflation, consumer prices (annual %)",FP.CPI.TOTL.ZG,inflation,2010,1.52551602118248
European Union,EUU,"Inflation, consumer prices (annual %)",FP.CPI.TOTL.ZG,inflation,2010,1.53112270420919
France,FRA,"Inflation, consumer prices (annual %)",FP.CPI.TOTL.ZG,inflation,2010,1.53112270420919
United Kingdom,GBR,"Inflation, consumer prices (annual %)",FP.CPI.TOTL.ZG,inflation,2010,2.49265472467065
Greece,GRC,"Inflation, consumer prices (annual %)",FP.CPI.TOTL.ZG,inflation,2010,4.71298907760388
India,IND,"Inflation, consumer prices (annual %)",FP.CPI.TOTL.ZG,inflation,2010,11.9893899204245
Iraq,IRQ,"Inflation, consumer prices (annual %)",FP.CPI.TOTL.ZG,inflation,2010,2.42986826837753
Italy,ITA,"Inflation, consumer prices (annual %)",FP.CPI.TOTL.ZG,inflation,2010,1.52551602118248
Jordan,JOR,"Inflation, consumer prices (annual %)",FP.CPI.TOTL.ZG,inflation,2010,4.84551875852116
Kuwait,KWT,"Inflation, consumer prices (annual %)",FP.CPI.TOTL.ZG,inflation,2010,4.49640287769787
Lebanon,LBN,"Inflation, consumer prices (annual %)",FP.CPI.TOTL.ZG,inflation,2010,3.98347941855833
Qatar,QAT,"Inflation, consumer prices (annual %)",FP.CPI.TOTL.ZG,inflation,2010,-2.42525675161714
Saudi Arabia,SAU,"Inflation, consumer prices (annual %)",FP.CPI.TOTL.ZG,inflation,2010,5.33941733020905
Turkiye,TUR,"Inflation, consumer prices (annual %)",FP.CPI.TOTL.ZG,inflation,2010,8.56644420552976
United States,USA,"Inflation, consumer prices (annual %)",FP.CPI.TOTL.ZG,inflation,2010,1.6400434423899
World,WLD,"Inflation, consumer prices (annual %)",FP.CPI.TOTL.ZG,inflation,2010,3.32634463368643
United Arab Emirates,ARE,"Inflation, consumer prices (annual %)",FP.CPI.TOTL.ZG,inflation,2011,0.87734659568512
Australia,AUS,"Inflation, consumer prices (annual %)",FP.CPI.TOTL.ZG,inflation,2011,3.30384784681081
Canada,CAN,"Inflation, consumer prices (annual %)",FP.CPI.TOTL.ZG,inflation,2011,2.91213508872351
China,CHN,"Inflation, consumer prices (annual %)",FP.CPI.TOTL.ZG,inflation,2011,5.55389892257493
Germany,DEU,"Inflation, consumer prices (annual %)",FP.CPI.TOTL.ZG,inflation,2011,2.07517283735874
"Egypt, Arab Rep.",EGY,"Inflation, consumer prices (annual %)",FP.CPI.TOTL.ZG,inflation,2011,10.0649259874818
Euro area,EMU,"Inflation, consumer prices (annual %)",FP.CPI.TOTL.ZG,inflation,2011,3.2894493956421
European Union,EUU,"Inflation, consumer prices (annual %)",FP.CPI.TOTL.ZG,inflation,2011,3.2894493956421
France,FRA,"Inflation, consumer prices (annual %)",FP.CPI.TOTL.ZG,inflation,2011,2.11159795175
United Kingdom,GBR,"Inflation, consumer prices (annual %)",FP.CPI.TOTL.ZG,inflation,2011,3.8561124468282
Greece,GRC,"Inflation, consumer prices (annual %)",FP.CPI.TOTL.ZG,inflation,2011,3.3298532335065
India,IND,"Inflation, consumer prices (annual %)",FP.CPI.TOTL.ZG,inflation,2011,8.9117933648336
Iraq,IRQ,"Inflation, consumer prices (annual %)",FP.CPI.TOTL.ZG,inflation,2011,5.6040514426601
Italy,ITA,"Inflation, consumer prices (annual %)",FP.CPI.TOTL.ZG,inflation,2011,2.78063272879323
Jordan,JOR,"Inflation, consumer prices (annual %)",FP.CPI.TOTL.ZG,inflation,2011,4.1624416292779
Kuwait,KWT,"Inflation, consumer prices (annual %)",FP.CPI.TOTL.ZG,inflation,2011,4.8394034987095
Lebanon,LBN,"Inflation, consumer prices (annual %)",FP.CPI.TOTL.ZG,inflation,2011,4.97148571692384
Qatar,QAT,"Inflation, consumer prices (annual %)",FP.CPI.TOTL.ZG,inflation,2011,1.13836623529202
Saudi Arabia,SAU,"Inflation, consumer prices (annual %)",FP.CPI.TOTL.ZG,inflation,2011,5.8262163739404
Turkiye,TUR,"Inflation, consumer prices (annual %)",FP.CPI.TOTL.ZG,inflation,2011,6.471879671151
United States,USA,"Inflation, consumer prices (annual %)",FP.CPI.TOTL.ZG,inflation,2011,3.156841568622
World,WLD,"Inflation, consumer prices (annual %)",FP.CPI.TOTL.ZG,inflation,2011,4.80063594169405
United Arab Emirates,ARE,"Inflation, consumer prices (annual %)",FP.CPI.TOTL.ZG,inflation,2012,0.662268900269009
Australia,AUS,"Inflation, consumer prices (annual %)",FP.CPI.TOTL.ZG,inflation,2012,1.76278299052228
Canada,CAN,"Inflation, consumer prices (annual %)",FP.CPI.TOTL.ZG,inflation,2012,1.51567823124517
China,CHN,"Inflation, consumer prices (annual %)",FP.CPI.TOTL.ZG,inflation,2012,2.61952432645541
Germany,DEU,"Inflation, consumer prices (annual %)",FP.CPI.TOTL.ZG,inflation,2012,2.00848884782956
"Egypt, Arab Rep.",EGY,"Inflation, consumer prices (annual %)",FP.CPI.TOTL.ZG,inflation,2012,7.11172943343083
Euro area,EMU,"Inflation, consumer prices (annual %)",FP.CPI.TOTL.ZG,inflation,2012,2.59741386039003
European Union,EUU,"Inflation, consumer prices (annual %)",FP.CPI.TOTL.ZG,inflation,2012,2.66284165508011
France,FRA,"Inflation, consumer prices (annual %)",FP.CPI.TOTL.ZG,inflation,2012,1.9541953161351
United Kingdom,GBR,"Inflation, consumer prices (annual %)",FP.CPI.TOTL.ZG,inflation,2012,2.5732347965453
Greece,GRC,"Inflation, consumer prices (annual %)",FP.CPI.TOTL.ZG,inflation,2012,1.50152696177758
India,IND,"Inflation, consumer prices (annual %)",FP.CPI.TOTL.ZG,inflation,2012,9.47899691419793
Iraq,IRQ,"Inflation, consumer prices (annual %)",FP.CPI.TOTL.ZG,inflation,2012,6.0890964159516
Italy,ITA,"Inflation, consumer prices (annual %)",FP.CPI.TOTL.ZG,inflation,2012,3.04136333226775
Jordan,JOR,"Inflation, consumer prices (annual %)",FP.CPI.TOTL.ZG,inflation,2012,4.5152295667099
Kuwait,KWT,"Inflation, consumer prices (annual %)",FP.CPI.TOTL.ZG,inflation,2012,3.25514600287211
Lebanon,LBN,"Inflation, consumer prices (annual %)",FP.CPI.TOTL.ZG,inflation,2012,6.58147447683677
Qatar,QAT,"Inflation, consumer prices (annual %)",FP.CPI.TOTL.ZG,inflation,2012,2.31534853431661
Saudi Arabia,SAU,"Inflation, consumer prices (annual %)",FP.CPI.TOTL.ZG,inflation,2012,2.86627029905053
Turkiye,TUR,"Inflation, consumer prices (annual %)",FP.CPI.TOTL.ZG,inflation,2012,8.89156996512163
United States,USA,"Inflation, consumer prices (annual %)",FP.CPI.TOTL.ZG,inflation,2012,2.06933726526067
World,WLD,"Inflation, consumer prices (annual %)",FP.CPI.TOTL.ZG,inflation,2012,3.72532666110646
United Arab Emirates,ARE,"Inflation, consumer prices (annual %)",FP.CPI.TOTL.ZG,inflation,2013,1.1011183637571
Australia,AUS,"Inflation, consumer prices (annual %)",FP.CPI.TOTL.ZG,inflation,2013,2.44988248109259
Canada,CAN,"Inflation, consumer prices (annual %)",FP.CPI.TOTL.ZG,inflation,2013,0.938291897815317
China,CHN,"Inflation, consumer prices (annual %)",FP.CPI.TOTL.ZG,inflation,2013,2.62105001748115
Germany,DEU,"Inflation, consumer prices (annual %)",FP.CPI.TOTL.ZG,inflation,2013,1.50472330251876
"Egypt, Arab Rep.",EGY,"Inflation, consumer prices (annual %)",FP.CPI.TOTL.ZG,inflation,2013,9.46971981064921
Euro area,EMU,"Inflation, consumer prices (annual %)",FP.CPI.TOTL.ZG,inflation,2013,1.21999342274306
European Union,EUU,"Inflation, consumer prices (annual %)",FP.CPI.TOTL.ZG,inflation,2013,1.21999342274306
France,FRA,"Inflation, consumer prices (annual %)",FP.CPI.TOTL.ZG,inflation,2013,0.863715497861804
United Kingdom,GBR,"Inflation, consumer prices (annual %)",FP.CPI.TOTL.ZG,inflation,2013,2.29166666666659
Greece,GRC,"Inflation, consumer prices (annual %)",FP.CPI.TOTL.ZG,inflation,2013,-0.921269454256994
India,IND,"Inflation, consumer prices (annual %)",FP.CPI.TOTL.ZG,inflation,2013,10.0178784746104
Iraq,IRQ,"Inflation, consumer prices (annual %)",FP.CPI.TOTL.ZG,inflation,2013,1.87949800749416
Italy,ITA,"Inflation, consumer prices (annual %)",FP.CPI.TOTL.ZG,inflation,2013,1.21999342274306
Jordan,JOR,"Inflation, consumer prices (annual %)",FP.CPI.TOTL.ZG,inflation,2013,4.82462314269537
Kuwait,KWT,"Inflation, consumer prices (annual %)",FP.CPI.TOTL.ZG,inflation,2013,2.68229684085039
Lebanon,LBN,"Inflation, consumer prices (annual %)",FP.CPI.TOTL.ZG,inflation,2013,4.82101956297399
Qatar,QAT,"Inflation, consumer prices (annual %)",FP.CPI.TOTL.ZG,inflation,2013,3.22197756829293
Saudi Arabia,SAU,"Inflation, consumer prices (annual %)",FP.CPI.TOTL.ZG,inflation,2013,3.51104209799866
Turkiye,TUR,"Inflation, consumer prices (annual %)",FP.CPI.TOTL.ZG,inflation,2013,7.49309030547693
United States,USA,"Inflation, consumer prices (annual %)",FP.CPI.TOTL.ZG,inflation,2013,1.46483265562717
World,WLD,"Inflation, consumer prices (annual %)",FP.CPI.TOTL.ZG,inflation,2013,2.65167342916577
United Arab Emirates,ARE,"Inflation, consumer prices (annual %)",FP.CPI.TOTL.ZG,inflation,2014,2.34626865671643
Australia,AUS,"Inflation, consumer prices (annual %)",FP.CPI.TOTL.ZG,inflation,2014,2.48792932080492
Canada,CAN,"Inflation, consumer prices (annual %)",FP.CPI.TOTL.ZG,inflation,2014,1.90663590717861
China,CHN,"Inflation, consumer prices (annual %)",FP.CPI.TOTL.ZG,inflation,2014,1.92164162788521
Germany,DEU,"Inflation, consumer prices (annual %)",FP.CPI.TOTL.ZG,inflation,2014,0.906794000434246
"Egypt, Arab Rep.",EGY,"Inflation, consumer prices (annual %)",FP.CPI.TOTL.ZG,inflation,2014,10.0702154687481
Euro area,EMU,"Inflation, consumer prices (annual %)",FP.CPI.TOTL.ZG,inflation,2014,0.199343826570844
European Union,EUU,"Inflation, consumer prices (annual %)",FP.CPI.TOTL.ZG,inflation,2014,0.199343826570844
France,FRA,"Inflation, consumer prices (annual %)",FP.CPI.TOTL.ZG,inflation,2014,0.50775882293799
United Kingdom,GBR,"Inflation, consumer prices (annual %)",FP.CPI.TOTL.ZG,inflation,2014,1.45112016293279
Greece,GRC,"Inflation, consumer prices (annual %)",FP.CPI.TOTL.ZG,inflation,2014,-1.31226096405506
India,IND,"Inflation, consumer prices (annual %)",FP.CPI.TOTL.ZG,inflation,2014,6.66565671867899
Iraq,IRQ,"Inflation, consumer prices (annual %)",FP.CPI.TOTL.ZG,inflation,2014,2.23597407904726
Italy,ITA,"Inflation, consumer prices (annual %)",FP.CPI.TOTL.ZG,inflation,2014,0.241047429826756
Jordan,JOR,"Inflation, consumer prices (annual %)",FP.CPI.TOTL.ZG,inflation,2014,2.89947905006057
Kuwait,KWT,"Inflation, consumer prices (annual %)",FP.CPI.TOTL.ZG,inflation,2014,2.90892672858625
Lebanon,LBN,"Inflation, consumer prices (annual %)",FP.CPI.TOTL.ZG,inflation,2014,1.8546042134091
Qatar,QAT,"Inflation, consumer prices (annual %)",FP.CPI.TOTL.ZG,inflation,2014,3.34972085659523
Saudi Arabia,SAU,"Inflation, consumer prices (annual %)",FP.CPI.TOTL.ZG,inflation,2014,2.24185348779063
Turkiye,TUR,"Inflation, consumer prices (annual %)",FP.CPI.TOTL.ZG,inflation,2014,8.85457271364316
United States,USA,"Inflation, consumer prices (annual %)",FP.CPI.TOTL.ZG,inflation,2014,1.62222297740817
World,WLD,"Inflation, consumer prices (annual %)",FP.CPI.TOTL.ZG,inflation,2014,2.39371597209796
United Arab Emirates,ARE,"Inflation, consumer prices (annual %)",FP.CPI.TOTL.ZG,inflation,2015,4.06996608361593
Australia,AUS,"Inflation, consumer prices (annual %)",FP.CPI.TOTL.ZG,inflation,2015,1.50836803138463
Canada,CAN,"Inflation, consumer prices (annual %)",FP.CPI.TOTL.ZG,inflation,2015,1.12524136094277
China,CHN,"Inflation, consumer prices (annual %)",FP.CPI.TOTL.ZG,inflation,2015,1.43702380935655
Germany,DEU,"Inflation, consumer prices (annual %)",FP.CPI.TOTL.ZG,inflation,2015,0.514426137125456
"Egypt, Arab Rep.",EGY,"Inflation, consumer prices (annual %)",FP.CPI.TOTL.ZG,inflation,2015,10.370490343517
Euro area,EMU,"Inflation, consumer prices (annual %)",FP.CPI.TOTL.ZG,inflation,2015,-0.104633261008479
European Union,EUU,"Inflation, consumer prices (annual %)",FP.CPI.TOTL.ZG,inflation,2015,-0.0616446800641672
France,FRA,"Inflation, consumer prices (annual %)",FP.CPI.TOTL.ZG,inflation,2015,0.0375143805125182
United Kingdom,GBR,"Inflation, consumer prices (annual %)",FP.CPI.TOTL.ZG,inflation,2015,0.36804684232536
Greece,GRC,"Inflation, consumer prices (annual %)",FP.CPI.TOTL.ZG,inflation,2015,-1.73588804765284
India,IND,"Inflation, consumer prices (annual %)",FP.CPI.TOTL.ZG,inflation,2015,4.90697344127249
Iraq,IRQ,"Inflation, consumer prices (annual %)",FP.CPI.TOTL.ZG,inflation,2015,1.39333028780268
Italy,ITA,"Inflation, consumer prices (annual %)",FP.CPI.TOTL.ZG,inflation,2015,0.0387903996579733
Jordan,JOR,"Inflation, consumer prices (annual %)",FP.CPI.TOTL.ZG,inflation,2015,-0.876851359704049
Kuwait,KWT,"Inflation, consumer prices (annual %)",FP.CPI.TOTL.ZG,inflation,2015,3.27170166092133
Lebanon,LBN,"Inflation, consumer prices (annual %)",FP.CPI.TOTL.ZG,inflation,2015,-3.74914524799629
Qatar,QAT,"Inflation, consumer prices (annual %)",FP.CPI.TOTL.ZG,inflation,2015,1.8140772393776
Saudi Arabia,SAU,"Inflation, consumer prices (annual %)",FP.CPI.TOTL.ZG,inflation,2015,1.22269318552328
Turkiye,TUR,"Inflation, consumer prices (annual %)",FP.CPI.TOTL.ZG,inflation,2015,7.67085364845885
United States,USA,"Inflation, consumer prices (annual %)",FP.CPI.TOTL.ZG,inflation,2015,0.118627135552451
World,WLD,"Inflation, consumer prices (annual %)",FP.CPI.TOTL.ZG,inflation,2015,1.43702380935655
United Arab Emirates,ARE,"Inflation, consumer prices (annual %)",FP.CPI.TOTL.ZG,inflation,2016,1.61748808904198
Australia,AUS,"Inflation, consumer prices (annual %)",FP.CPI.TOTL.ZG,inflation,2016,1.27699365720306
Canada,CAN,"Inflation, consumer prices (annual %)",FP.CPI.TOTL.ZG,inflation,2016,1.42875954701085
China,CHN,"Inflation, consumer prices (annual %)",FP.CPI.TOTL.ZG,inflation,2016,2.00000182191943
Germany,DEU,"Inflation, consumer prices (annual %)",FP.CPI.TOTL.ZG,inflation,2016,0.491747008445174
"Egypt, Arab Rep.",EGY,"Inflation, consumer prices (annual %)",FP.CPI.TOTL.ZG,inflation,2016,13.813606214829
Euro area,EMU,"Inflation, consumer prices (annual %)",FP.CPI.TOTL.ZG,inflation,2016,0.148684907627373
European Union,EUU,"Inflation, consumer prices (annual %)",FP.CPI.TOTL.ZG,inflation,2016,0.183334861123765
France,FRA,"Inflation, consumer prices (annual %)",FP.CPI.TOTL.ZG,inflation,2016,0.183334861123765
United Kingdom,GBR,"Inflation, consumer prices (annual %)",FP.CPI.TOTL.ZG,inflation,2016,1.0084173681141
Greece,GRC,"Inflation, consumer prices (annual %)",FP.CPI.TOTL.ZG,inflation,2016,-0.825653978390973
India,IND,"Inflation, consumer prices (annual %)",FP.CPI.TOTL.ZG,inflation,2016,4.94821634062134
Iraq,IRQ,"Inflation, consumer prices (annual %)",FP.CPI.TOTL.ZG,inflation,2016,0.556521397155548
Italy,ITA,"Inflation, consumer prices (annual %)",FP.CPI.TOTL.ZG,inflation,2016,-0.09401665691575
Jordan,JOR,"Inflation, consumer prices (annual %)",FP.CPI.TOTL.ZG,inflation,2016,-0.778430463054142
Kuwait,KWT,"Inflation, consumer prices (annual %)",FP.CPI.TOTL.ZG,inflation,2016,3.19839776658374
Lebanon,LBN,"Inflation, consumer prices (annual %)",FP.CPI.TOTL.ZG,inflation,2016,-0.783359624361508
Qatar,QAT,"Inflation, consumer prices (annual %)",FP.CPI.TOTL.ZG,inflation,2016,2.6765917009819
Saudi Arabia,SAU,"Inflation, consumer prices (annual %)",FP.CPI.TOTL.ZG,inflation,2016,2.05347076823965
Turkiye,TUR,"Inflation, consumer prices (annual %)",FP.CPI.TOTL.ZG,inflation,2016,7.7751341532833
United States,USA,"Inflation, consumer prices (annual %)",FP.CPI.TOTL.ZG,inflation,2016,1.26158320570536
World,WLD,"Inflation, consumer prices (annual %)",FP.CPI.TOTL.ZG,inflation,2016,1.59691227583204
United Arab Emirates,ARE,"Inflation, consumer prices (annual %)",FP.CPI.TOTL.ZG,inflation,2017,1.96682557818842
Australia,AUS,"Inflation, consumer prices (annual %)",FP.CPI.TOTL.ZG,inflation,2017,1.94864309065653
Canada,CAN,"Inflation, consumer prices (annual %)",FP.CPI.TOTL.ZG,inflation,2017,1.59688412852977
China,CHN,"Inflation, consumer prices (annual %)",FP.CPI.TOTL.ZG,inflation,2017,1.59313600071436
Germany,DEU,"Inflation, consumer prices (annual %)",FP.CPI.TOTL.ZG,inflation,2017,1.50949485109628
"Egypt, Arab Rep.",EGY,"Inflation, consumer prices (annual %)",FP.CPI.TOTL.ZG,inflation,2017,29.5066083940039
Euro area,EMU,"Inflation, consumer prices (annual %)",FP.CPI.TOTL.ZG,inflation,2017,1.38145871407216
European Union,EUU,"Inflation, consumer prices (annual %)",FP.CPI.TOTL.ZG,inflation,2017,1.42910743319306
France,FRA,"Inflation, consumer prices (annual %)",FP.CPI.TOTL.ZG,inflation,2017,1.03228275064681
United Kingdom,GBR,"Inflation, consumer prices (annual %)",FP.CPI.TOTL.ZG,inflation,2017,2.55775577557747
Greece,GRC,"Inflation, consumer prices (annual %)",FP.CPI.TOTL.ZG,inflation,2017,1.12125452031419
India,IND,"Inflation, consumer prices (annual %)",FP.CPI.TOTL.ZG,inflation,2017,3.32817337461305
Iraq,IRQ,"Inflation, consumer prices (annual %)",FP.CPI.TOTL.ZG,inflation,2017,0.184058898847553
Italy,ITA,"Inflation, consumer prices (annual %)",FP.CPI.TOTL.ZG,inflation,2017,1.22653316645812
Jordan,JOR,"Inflation, consumer prices (annual %)",FP.CPI.TOTL.ZG,inflation,2017,3.32389447576097
Kuwait,KWT,"Inflation, consumer prices (annual %)",FP.CPI.TOTL.ZG,inflation,2017,2.17183298510006
Lebanon,LBN,"Inflation, consumer prices (annual %)",FP.CPI.TOTL.ZG,inflation,2017,4.32135218303191
Qatar,QAT,"Inflation, consumer prices (annual %)",FP.CPI.TOTL.ZG,inflation,2017,0.394878914083005
Saudi Arabia,SAU,"Inflation, consumer prices (annual %)",FP.CPI.TOTL.ZG,inflation,2017,-0.834845735027162
Turkiye,TUR,"Inflation, consumer prices (annual %)",FP.CPI.TOTL.ZG,inflation,2017,11.1443110840764
United States,USA,"Inflation, consumer prices (annual %)",FP.CPI.TOTL.ZG,inflation,2017,2.13011000365961
World,WLD,"Inflation, consumer prices (annual %)",FP.CPI.TOTL.ZG,inflation,2017,2.22314331448899
United Arab Emirates,ARE,"Inflation, consumer prices (annual %)",FP.CPI.TOTL.ZG,inflation,2018,3.06863379251997
Australia,AUS,"Inflation, consumer prices (annual %)",FP.CPI.TOTL.ZG,inflation,2018,1.91140002818579
Canada,CAN,"Inflation, consumer prices (annual %)",FP.CPI.TOTL.ZG,inflation,2018,2.26822567248103
China,CHN,"Inflation, consumer prices (annual %)",FP.CPI.TOTL.ZG,inflation,2018,2.07479039965576
Germany,DEU,"Inflation, consumer prices (annual %)",FP.CPI.TOTL.ZG,inflation,2018,1.73216879766942
"Egypt, Arab Rep.",EGY,"Inflation, consumer prices (annual %)",FP.CPI.TOTL.ZG,inflation,2018,14.4014657807422
Euro area,EMU,"Inflation, consumer prices (annual %)",FP.CPI.TOTL.ZG,inflation,2018,1.70349794744479
European Union,EUU,"Inflation, consumer prices (annual %)",FP.CPI.TOTL.ZG,inflation,2018,1.7386086198818
France,FRA,"Inflation, consumer prices (annual %)",FP.CPI.TOTL.ZG,inflation,2018,1.85081508315493
United Kingdom,GBR,"Inflation, consumer prices (annual %)",FP.CPI.TOTL.ZG,inflation,2018,2.29283990345938
Greece,GRC,"Inflation, consumer prices (annual %)",FP.CPI.TOTL.ZG,inflation,2018,0.62562141345364
India,IND,"Inflation, consumer prices (annual %)",FP.CPI.TOTL.ZG,inflation,2018,3.93882646691643
Iraq,IRQ,"Inflation, consumer prices (annual %)",FP.CPI.TOTL.ZG,inflation,2018,0.367441488936828
Italy,ITA,"Inflation, consumer prices (annual %)",FP.CPI.TOTL.ZG,inflation,2018,1.13748763600391
Jordan,JOR,"Inflation, consumer prices (annual %)",FP.CPI.TOTL.ZG,inflation,2018,4.46231108475481
Kuwait,KWT,"Inflation, consumer prices (annual %)",FP.CPI.TOTL.ZG,inflation,2018,0.543133148199567
Lebanon,LBN,"Inflation, consumer prices (annual %)",FP.CPI.TOTL.ZG,inflation,2018,6.07698907889607
Qatar,QAT,"Inflation, consumer prices (annual %)",FP.CPI.TOTL.ZG,inflation,2018,0.255815382724408
Saudi Arabia,SAU,"Inflation, consumer prices (annual %)",FP.CPI.TOTL.ZG,inflation,2018,2.46594308994843
Turkiye,TUR,"Inflation, consumer prices (annual %)",FP.CPI.TOTL.ZG,inflation,2018,16.3324638988929
United States,USA,"Inflation, consumer prices (annual %)",FP.CPI.TOTL.ZG,inflation,2018,2.44258329692817
World,WLD,"Inflation, consumer prices (annual %)",FP.CPI.TOTL.ZG,inflation,2018,2.44258329692817
United Arab Emirates,ARE,"Inflation, consumer prices (annual %)",FP.CPI.TOTL.ZG,inflation,2019,-1.93108114782173
Australia,AUS,"Inflation, consumer prices (annual %)",FP.CPI.TOTL.ZG,inflation,2019,1.610770929127
Canada,CAN,"Inflation, consumer prices (annual %)",FP.CPI.TOTL.ZG,inflation,2019,1.94926902411593
China,CHN,"Inflation, consumer prices (annual %)",FP.CPI.TOTL.ZG,inflation,2019,2.89923416358227
Germany,DEU,"Inflation, consumer prices (annual %)",FP.CPI.TOTL.ZG,inflation,2019,1.44565976888253
"Egypt, Arab Rep.",EGY,"Inflation, consumer prices (annual %)",FP.CPI.TOTL.ZG,inflation,2019,9.15279959324804
Euro area,EMU,"Inflation, consumer prices (annual %)",FP.CPI.TOTL.ZG,inflation,2019,1.44565976888253
European Union,EUU,"Inflation, consumer prices (annual %)",FP.CPI.TOTL.ZG,inflation,2019,1.63052260754335
France,FRA,"Inflation, consumer prices (annual %)",FP.CPI.TOTL.ZG,inflation,2019,1.10825492288294
United Kingdom,GBR,"Inflation, consumer prices (annual %)",FP.CPI.TOTL.ZG,inflation,2019,1.73810460086513
Greece,GRC,"Inflation, consumer prices (annual %)",FP.CPI.TOTL.ZG,inflation,2019,0.253007522038157
India,IND,"Inflation, consumer prices (annual %)",FP.CPI.TOTL.ZG,inflation,2019,3.72950573539123
Iraq,IRQ,"Inflation, consumer prices (annual %)",FP.CPI.TOTL.ZG,inflation,2019,-0.198965380023882
Italy,ITA,"Inflation, consumer prices (annual %)",FP.CPI.TOTL.ZG,inflation,2019,0.611246943765304
Jordan,JOR,"Inflation, consumer prices (annual %)",FP.CPI.TOTL.ZG,inflation,2019,0.761514047265601
Kuwait,KWT,"Inflation, consumer prices (annual %)",FP.CPI.TOTL.ZG,inflation,2019,1.09184802655856
Lebanon,LBN,"Inflation, consumer prices (annual %)",FP.CPI.TOTL.ZG,inflation,2019,3.00538949390383
Qatar,QAT,"Inflation, consumer prices (annual %)",FP.CPI.TOTL.ZG,inflation,2019,-0.666641124861147
Saudi Arabia,SAU,"Inflation, consumer prices (annual %)",FP.CPI.TOTL.ZG,inflation,2019,-1.19298644533328
Turkiye,TUR,"Inflation, consumer prices (annual %)",FP.CPI.TOTL.ZG,inflation,2019,15.1768215720022
United States,USA,"Inflation, consumer prices (annual %)",FP.CPI.TOTL.ZG,inflation,2019,1.81221007526021
World,WLD,"Inflation, consumer prices (annual %)",FP.CPI.TOTL.ZG,inflation,2019,2.20607305781525
United Arab Emirates,ARE,"Inflation, consumer prices (annual %)",FP.CPI.TOTL.ZG,inflation,2020,-2.07940317940944
Australia,AUS,"Inflation, consumer prices (annual %)",FP.CPI.TOTL.ZG,inflation,2020,0.846900734607273
Canada,CAN,"Inflation, consumer prices (annual %)",FP.CPI.TOTL.ZG,inflation,2020,0.716999632307827
China,CHN,"Inflation, consumer prices (annual %)",FP.CPI.TOTL.ZG,inflation,2020,2.41942189457782
Germany,DEU,"Inflation, consumer prices (annual %)",FP.CPI.TOTL.ZG,inflation,2020,0.144877925813982
"Egypt, Arab Rep.",EGY,"Inflation, consumer prices (annual %)",FP.CPI.TOTL.ZG,inflation,2020,5.04493288977539
Euro area,EMU,"Inflation, consumer prices (annual %)",FP.CPI.TOTL.ZG,inflation,2020,0.219064904841985
European Union,EUU,"Inflation, consumer prices (annual %)",FP.CPI.TOTL.ZG,inflation,2020,0.476498852725065
France,FRA,"Inflation, consumer prices (annual %)",FP.CPI.TOTL.ZG,inflation,2020,0.476498852725065
United Kingdom,GBR,"Inflation, consumer prices (annual %)",FP.CPI.TOTL.ZG,inflation,2020,0.989486703772491
Greece,GRC,"Inflation, consumer prices (annual %)",FP.CPI.TOTL.ZG,inflation,2020,-1.24798355581405
India,IND,"Inflation, consumer prices (annual %)",FP.CPI.TOTL.ZG,inflation,2020,6.6234367762853
Iraq,IRQ,"Inflation, consumer prices (annual %)",FP.CPI.TOTL.ZG,inflation,2020,0.574162679425856
Italy,ITA,"Inflation, consumer prices (annual %)",FP.CPI.TOTL.ZG,inflation,2020,-0.13770757391651
Jordan,JOR,"Inflation, consumer prices (annual %)",FP.CPI.TOTL.ZG,inflation,2020,0.333294350628378
Kuwait,KWT,"Inflation, consumer prices (annual %)",FP.CPI.TOTL.ZG,inflation,2020,2.101729548274
Lebanon,LBN,"Inflation, consumer prices (annual %)",FP.CPI.TOTL.ZG,inflation,2020,84.8643330472041
Qatar,QAT,"Inflation, consumer prices (annual %)",FP.CPI.TOTL.ZG,inflation,2020,-2.5403150300476
Saudi Arabia,SAU,"Inflation, consumer prices (annual %)",FP.CPI.TOTL.ZG,inflation,2020,3.37234961012303
Turkiye,TUR,"Inflation, consumer prices (annual %)",FP.CPI.TOTL.ZG,inflation,2020,12.2789574462574
United States,USA,"Inflation, consumer prices (annual %)",FP.CPI.TOTL.ZG,inflation,2020,1.23358439630629
World,WLD,"Inflation, consumer prices (annual %)",FP.CPI.TOTL.ZG,inflation,2020,1.90509722047501
United Arab Emirates,ARE,"Inflation, consumer prices (annual %)",FP.CPI.TOTL.ZG,inflation,2021,0.179935336174431
Australia,AUS,"Inflation, consumer prices (annual %)",FP.CPI.TOTL.ZG,inflation,2021,2.86391284709318
Canada,CAN,"Inflation, consumer prices (annual %)",FP.CPI.TOTL.ZG,inflation,2021,3.39519318527528
China,CHN,"Inflation, consumer prices (annual %)",FP.CPI.TOTL.ZG,inflation,2021,0.981015135544882
Germany,DEU,"Inflation, consumer prices (annual %)",FP.CPI.TOTL.ZG,inflation,2021,3.06666666666673
"Egypt, Arab Rep.",EGY,"Inflation, consumer prices (annual %)",FP.CPI.TOTL.ZG,inflation,2021,5.21404940513043
Euro area,EMU,"Inflation, consumer prices (annual %)",FP.CPI.TOTL.ZG,inflation,2021,2.52692009066166
European Union,EUU,"Inflation, consumer prices (annual %)",FP.CPI.TOTL.ZG,inflation,2021,2.55450699642041
France,FRA,"Inflation, consumer prices (annual %)",FP.CPI.TOTL.ZG,inflation,2021,1.64233141038394
United Kingdom,GBR,"Inflation, consumer prices (annual %)",FP.CPI.TOTL.ZG,inflation,2021,2.51837109614213
Greece,GRC,"Inflation, consumer prices (annual %)",FP.CPI.TOTL.ZG,inflation,2021,1.22382501019854
India,IND,"Inflation, consumer prices (annual %)",FP.CPI.TOTL.ZG,inflation,2021,5.13140747176364
Iraq,IRQ,"Inflation, consumer prices (annual %)",FP.CPI.TOTL.ZG,inflation,2021,6.04186489058043
Italy,ITA,"Inflation, consumer prices (annual %)",FP.CPI.TOTL.ZG,inflation,2021,1.87378325762481
Jordan,JOR,"Inflation, consumer prices (annual %)",FP.CPI.TOTL.ZG,inflation,2021,1.34609377243118
Kuwait,KWT,"Inflation, consumer prices (annual %)",FP.CPI.TOTL.ZG,inflation,2021,3.42362947609188
Lebanon,LBN,"Inflation, consumer prices (annual %)",FP.CPI.TOTL.ZG,inflation,2021,154.756096023393
Qatar,QAT,"Inflation, consumer prices (annual %)",FP.CPI.TOTL.ZG,inflation,2021,2.30446565742003
Saudi Arabia,SAU,"Inflation, consumer prices (annual %)",FP.CPI.TOTL.ZG,inflation,2021,3.06328988941548
Turkiye,TUR,"Inflation, consumer prices (annual %)",FP.CPI.TOTL.ZG,inflation,2021,19.5964926913324
United States,USA,"Inflation, consumer prices (annual %)",FP.CPI.TOTL.ZG,inflation,2021,4.69785886363742
World,WLD,"Inflation, consumer prices (annual %)",FP.CPI.TOTL.ZG,inflation,2021,3.47540320289875
United Arab Emirates,ARE,"Inflation, consumer prices (annual %)",FP.CPI.TOTL.ZG,inflation,2022,5.29122604376849
Australia,AUS,"Inflation, consumer prices (annual %)",FP.CPI.TOTL.ZG,inflation,2022,6.59409658717841
Canada,CAN,"Inflation, consumer prices (annual %)",FP.CPI.TOTL.ZG,inflation,2022,6.80280115341613
China,CHN,"Inflation, consumer prices (annual %)",FP.CPI.TOTL.ZG,inflation,2022,1.97357555739051
Germany,DEU,"Inflation, consumer prices (annual %)",FP.CPI.TOTL.ZG,inflation,2022,6.87257438551097
"Egypt, Arab Rep.",EGY,"Inflation, consumer prices (annual %)",FP.CPI.TOTL.ZG,inflation,2022,13.8956609775178
Euro area,EMU,"Inflation, consumer prices (annual %)",FP.CPI.TOTL.ZG,inflation,2022,8.54686993188458
European Union,EUU,"Inflation, consumer prices (annual %)",FP.CPI.TOTL.ZG,inflation,2022,8.83369886749452
France,FRA,"Inflation, consumer prices (annual %)",FP.CPI.TOTL.ZG,inflation,2022,5.22236748369725
United Kingdom,GBR,"Inflation, consumer prices (annual %)",FP.CPI.TOTL.ZG,inflation,2022,7.92204883147902
Greece,GRC,"Inflation, consumer prices (annual %)",FP.CPI.TOTL.ZG,inflation,2022,9.64525981280632
India,IND,"Inflation, consumer prices (annual %)",FP.CPI.TOTL.ZG,inflation,2022,6.69903414079858
Iraq,IRQ,"Inflation, consumer prices (annual %)",FP.CPI.TOTL.ZG,inflation,2022,4.9947659638103
Italy,ITA,"Inflation, consumer prices (annual %)",FP.CPI.TOTL.ZG,inflation,2022,8.20128991161718
Jordan,JOR,"Inflation, consumer prices (annual %)",FP.CPI.TOTL.ZG,inflation,2022,4.22915568897117
Kuwait,KWT,"Inflation, consumer prices (annual %)",FP.CPI.TOTL.ZG,inflation,2022,3.98064961990313
Lebanon,LBN,"Inflation, consumer prices (annual %)",FP.CPI.TOTL.ZG,inflation,2022,171.205491336641
Qatar,QAT,"Inflation, consumer prices (annual %)",FP.CPI.TOTL.ZG,inflation,2022,4.99527553740761
Saudi Arabia,SAU,"Inflation, consumer prices (annual %)",FP.CPI.TOTL.ZG,inflation,2022,2.47407371925372
Turkiye,TUR,"Inflation, consumer prices (annual %)",FP.CPI.TOTL.ZG,inflation,2022,72.3088359891207
United States,USA,"Inflation, consumer prices (annual %)",FP.CPI.TOTL.ZG,inflation,2022,8.00279982052121
World,WLD,"Inflation, consumer prices (annual %)",FP.CPI.TOTL.ZG,inflation,2022,8.08169507021982
United Arab Emirates,ARE,"Inflation, consumer prices (annual %)",FP.CPI.TOTL.ZG,inflation,2023,1.62670837213248
Australia,AUS,"Inflation, consumer prices (annual %)",FP.CPI.TOTL.ZG,inflation,2023,5.59701792296707
Canada,CAN,"Inflation, consumer prices (annual %)",FP.CPI.TOTL.ZG,inflation,2023,3.87900159788426
China,CHN,"Inflation, consumer prices (annual %)",FP.CPI.TOTL.ZG,inflation,2023,0.234836828893051
Germany,DEU,"Inflation, consumer prices (annual %)",FP.CPI.TOTL.ZG,inflation,2023,5.94643667725823
"Egypt, Arab Rep.",EGY,"Inflation, consumer prices (annual %)",FP.CPI.TOTL.ZG,inflation,2023,33.8847763115546
Euro area,EMU,"Inflation, consumer prices (annual %)",FP.CPI.TOTL.ZG,inflation,2023,5.94643667725823
European Union,EUU,"Inflation, consumer prices (annual %)",FP.CPI.TOTL.ZG,inflation,2023,6.29942487419125
France,FRA,"Inflation, consumer prices (annual %)",FP.CPI.TOTL.ZG,inflation,2023,4.8783572650844
United Kingdom,GBR,"Inflation, consumer prices (annual %)",FP.CPI.TOTL.ZG,inflation,2023,6.79396706793963
Greece,GRC,"Inflation, consumer prices (annual %)",FP.CPI.TOTL.ZG,inflation,2023,3.46480128513405
India,IND,"Inflation, consumer prices (annual %)",FP.CPI.TOTL.ZG,inflation,2023,5.64914318907925
Iraq,IRQ,"Inflation, consumer prices (annual %)",FP.CPI.TOTL.ZG,inflation,2023,4.35835351089595
Italy,ITA,"Inflation, consumer prices (annual %)",FP.CPI.TOTL.ZG,inflation,2023,5.62219442195901
Jordan,JOR,"Inflation, consumer prices (annual %)",FP.CPI.TOTL.ZG,inflation,2023,2.08486986327134
Kuwait,KWT,"Inflation, consumer prices (annual %)",FP.CPI.TOTL.ZG,inflation,2023,3.64216403030709
Lebanon,LBN,"Inflation, consumer prices (annual %)",FP.CPI.TOTL.ZG,inflation,2023,221.341644023365
Qatar,QAT,"Inflation, consumer prices (annual %)",FP.CPI.TOTL.ZG,inflation,2023,3.02764899198902
Saudi Arabia,SAU,"Inflation, consumer prices (annual %)",FP.CPI.TOTL.ZG,inflation,2023,2.32708518362706
Turkiye,TUR,"Inflation, consumer prices (annual %)",FP.CPI.TOTL.ZG,inflation,2023,53.8594087593315
United States,USA,"Inflation, consumer prices (annual %)",FP.CPI.TOTL.ZG,inflation,2023,4.11633838374488
World,WLD,"Inflation, consumer prices (annual %)",FP.CPI.TOTL.ZG,inflation,2023,5.79944107391962
United Arab Emirates,ARE,"Inflation, consumer prices (annual %)",FP.CPI.TOTL.ZG,inflation,2024,1.66336510224894
Australia,AUS,"Inflation, consumer prices (annual %)",FP.CPI.TOTL.ZG,inflation,2024,3.16656665428797
Canada,CAN,"Inflation, consumer prices (annual %)",FP.CPI.TOTL.ZG,inflation,2024,2.38158383281173
China,CHN,"Inflation, consumer prices (annual %)",FP.CPI.TOTL.ZG,inflation,2024,0.218128938439177
Germany,DEU,"Inflation, consumer prices (annual %)",FP.CPI.TOTL.ZG,inflation,2024,2.2564981433876
"Egypt, Arab Rep.",EGY,"Inflation, consumer prices (annual %)",FP.CPI.TOTL.ZG,inflation,2024,28.2705899322083
Euro area,EMU,"Inflation, consumer prices (annual %)",FP.CPI.TOTL.ZG,inflation,2024,2.2564981433876
European Union,EUU,"Inflation, consumer prices (annual %)",FP.CPI.TOTL.ZG,inflation,2024,2.43531202435314
France,FRA,"Inflation, consumer prices (annual %)",FP.CPI.TOTL.ZG,inflation,2024,1.99904942291463
United Kingdom,GBR,"Inflation, consumer prices (annual %)",FP.CPI.TOTL.ZG,inflation,2024,3.2715729463592
Greece,GRC,"Inflation, consumer prices (annual %)",FP.CPI.TOTL.ZG,inflation,2024,2.74101875679486
India,IND,"Inflation, consumer prices (annual %)",FP.CPI.TOTL.ZG,inflation,2024,4.95303550973661
Iraq,IRQ,"Inflation, consumer prices (annual %)",FP.CPI.TOTL.ZG,inflation,2024,2.6116961151764
Italy,ITA,"Inflation, consumer prices (annual %)",FP.CPI.TOTL.ZG,inflation,2024,0.982373023061417
Jordan,JOR,"Inflation, consumer prices (annual %)",FP.CPI.TOTL.ZG,inflation,2024,1.55659611283953
Kuwait,KWT,"Inflation, consumer prices (annual %)",FP.CPI.TOTL.ZG,inflation,2024,2.89855072463762
Lebanon,LBN,"Inflation, consumer prices (annual %)",FP.CPI.TOTL.ZG,inflation,2024,45.2430422716718
Qatar,QAT,"Inflation, consumer prices (annual %)",FP.CPI.TOTL.ZG,inflation,2024,1.26734310292375
Saudi Arabia,SAU,"Inflation, consumer prices (annual %)",FP.CPI.TOTL.ZG,inflation,2024,1.68792112375809
Turkiye,TUR,"Inflation, consumer prices (annual %)",FP.CPI.TOTL.ZG,inflation,2024,58.5064507300342
United States,USA,"Inflation, consumer prices (annual %)",FP.CPI.TOTL.ZG,inflation,2024,2.94952520485207
World,WLD,"Inflation, consumer prices (annual %)",FP.CPI.TOTL.ZG,inflation,2024,3.01447576977999
United Arab Emirates,ARE,"Inflation, consumer prices (annual %)",FP.CPI.TOTL.ZG,inflation,2025,1.250865245598
Australia,AUS,"Inflation, consumer prices (annual %)",FP.CPI.TOTL.ZG,inflation,2025,2.87403791660173
Canada,CAN,"Inflation, consumer prices (annual %)",FP.CPI.TOTL.ZG,inflation,2025,2.07232411149103
China,CHN,"Inflation, consumer prices (annual %)",FP.CPI.TOTL.ZG,inflation,2025,0.0595646916565403
Germany,DEU,"Inflation, consumer prices (annual %)",FP.CPI.TOTL.ZG,inflation,2025,2.17178770949721
"Egypt, Arab Rep.",EGY,"Inflation, consumer prices (annual %)",FP.CPI.TOTL.ZG,inflation,2025,14.0735136645934
Euro area,EMU,"Inflation, consumer prices (annual %)",FP.CPI.TOTL.ZG,inflation,2025,2.46705543774613
European Union,EUU,"Inflation, consumer prices (annual %)",FP.CPI.TOTL.ZG,inflation,2025,2.46705543774613
France,FRA,"Inflation, consumer prices (annual %)",FP.CPI.TOTL.ZG,inflation,2025,0.943770212469976
United Kingdom,GBR,"Inflation, consumer prices (annual %)",FP.CPI.TOTL.ZG,inflation,2025,3.88306881626
Greece,GRC,"Inflation, consumer prices (annual %)",FP.CPI.TOTL.ZG,inflation,2025,2.48209745378857
India,IND,"Inflation, consumer prices (annual %)",FP.CPI.TOTL.ZG,inflation,2025,2.39884954182294
Iraq,IRQ,"Inflation, consumer prices (annual %)",FP.CPI.TOTL.ZG,inflation,2025,0.303454715219382
Italy,ITA,"Inflation, consumer prices (annual %)",FP.CPI.TOTL.ZG,inflation,2025,1.5316682765282
Jordan,JOR,"Inflation, consumer prices (annual %)",FP.CPI.TOTL.ZG,inflation,2025,1.76646490894206
Kuwait,KWT,"Inflation, consumer prices (annual %)",FP.CPI.TOTL.ZG,inflation,2025,2.36195936682045
Lebanon,LBN,"Inflation, consumer prices (annual %)",FP.CPI.TOTL.ZG,inflation,2025,14.597595869611
Saudi Arabia,SAU,"Inflation, consumer prices (annual %)",FP.CPI.TOTL.ZG,inflation,2025,2.08420853585036
Turkiye,TUR,"Inflation, consumer prices (annual %)",FP.CPI.TOTL.ZG,inflation,2025,34.8811629820306
World,WLD,"Inflation, consumer prices (annual %)",FP.CPI.TOTL.ZG,inflation,2025,3.0414132155654
United Arab Emirates,ARE,Logistics performance index: Efficiency of customs clearance process (1=low to 5=high),LP.LPI.CUST.XQ,logistics,2007,3.52
Australia,AUS,Logistics performance index: Efficiency of customs clearance process (1=low to 5=high),LP.LPI.CUST.XQ,logistics,2007,3.58
Canada,CAN,Logistics performance index: Efficiency of customs clearance process (1=low to 5=high),LP.LPI.CUST.XQ,logistics,2007,3.82
China,CHN,Logistics performance index: Efficiency of customs clearance process (1=low to 5=high),LP.LPI.CUST.XQ,logistics,2007,2.99
Germany,DEU,Logistics performance index: Efficiency of customs clearance process (1=low to 5=high),LP.LPI.CUST.XQ,logistics,2007,3.88
"Egypt, Arab Rep.",EGY,Logistics performance index: Efficiency of customs clearance process (1=low to 5=high),LP.LPI.CUST.XQ,logistics,2007,2.08
Euro area,EMU,Logistics performance index: Efficiency of customs clearance process (1=low to 5=high),LP.LPI.CUST.XQ,logistics,2007,3.1785
European Union,EUU,Logistics performance index: Efficiency of customs clearance process (1=low to 5=high),LP.LPI.CUST.XQ,logistics,2007,3.18538461538462
France,FRA,Logistics performance index: Efficiency of customs clearance process (1=low to 5=high),LP.LPI.CUST.XQ,logistics,2007,3.51
United Kingdom,GBR,Logistics performance index: Efficiency of customs clearance process (1=low to 5=high),LP.LPI.CUST.XQ,logistics,2007,3.74
Greece,GRC,Logistics performance index: Efficiency of customs clearance process (1=low to 5=high),LP.LPI.CUST.XQ,logistics,2007,3.06
India,IND,Logistics performance index: Efficiency of customs clearance process (1=low to 5=high),LP.LPI.CUST.XQ,logistics,2007,2.69
Italy,ITA,Logistics performance index: Efficiency of customs clearance process (1=low to 5=high),LP.LPI.CUST.XQ,logistics,2007,3.19
Jordan,JOR,Logistics performance index: Efficiency of customs clearance process (1=low to 5=high),LP.LPI.CUST.XQ,logistics,2007,2.62
Kuwait,KWT,Logistics performance index: Efficiency of customs clearance process (1=low to 5=high),LP.LPI.CUST.XQ,logistics,2007,2.5
Lebanon,LBN,Logistics performance index: Efficiency of customs clearance process (1=low to 5=high),LP.LPI.CUST.XQ,logistics,2007,2.17
Qatar,QAT,Logistics performance index: Efficiency of customs clearance process (1=low to 5=high),LP.LPI.CUST.XQ,logistics,2007,2.44
Saudi Arabia,SAU,Logistics performance index: Efficiency of customs clearance process (1=low to 5=high),LP.LPI.CUST.XQ,logistics,2007,2.72
Turkiye,TUR,Logistics performance index: Efficiency of customs clearance process (1=low to 5=high),LP.LPI.CUST.XQ,logistics,2007,3.0
United States,USA,Logistics performance index: Efficiency of customs clearance process (1=low to 5=high),LP.LPI.CUST.XQ,logistics,2007,3.52
World,WLD,Logistics performance index: Efficiency of customs clearance process (1=low to 5=high),LP.LPI.CUST.XQ,logistics,2007,2.556
United Arab Emirates,ARE,Logistics performance index: Efficiency of customs clearance process (1=low to 5=high),LP.LPI.CUST.XQ,logistics,2010,3.49
Australia,AUS,Logistics performance index: Efficiency of customs clearance process (1=low to 5=high),LP.LPI.CUST.XQ,logistics,2010,3.68
Canada,CAN,Logistics performance index: Efficiency of customs clearance process (1=low to 5=high),LP.LPI.CUST.XQ,logistics,2010,3.71
China,CHN,Logistics performance index: Efficiency of customs clearance process (1=low to 5=high),LP.LPI.CUST.XQ,logistics,2010,3.16
Germany,DEU,Logistics performance index: Efficiency of customs clearance process (1=low to 5=high),LP.LPI.CUST.XQ,logistics,2010,4.0
"Egypt, Arab Rep.",EGY,Logistics performance index: Efficiency of customs clearance process (1=low to 5=high),LP.LPI.CUST.XQ,logistics,2010,2.11
Euro area,EMU,Logistics performance index: Efficiency of customs clearance process (1=low to 5=high),LP.LPI.CUST.XQ,logistics,2010,3.23857142857143
European Union,EUU,Logistics performance index: Efficiency of customs clearance process (1=low to 5=high),LP.LPI.CUST.XQ,logistics,2010,3.22555555555556
France,FRA,Logistics performance index: Efficiency of customs clearance process (1=low to 5=high),LP.LPI.CUST.XQ,logistics,2010,3.63
United Kingdom,GBR,Logistics performance index: Efficiency of customs clearance process (1=low to 5=high),LP.LPI.CUST.XQ,logistics,2010,3.74
Greece,GRC,Logistics performance index: Efficiency of customs clearance process (1=low to 5=high),LP.LPI.CUST.XQ,logistics,2010,2.48
India,IND,Logistics performance index: Efficiency of customs clearance process (1=low to 5=high),LP.LPI.CUST.XQ,logistics,2010,2.7
Iraq,IRQ,Logistics performance index: Efficiency of customs clearance process (1=low to 5=high),LP.LPI.CUST.XQ,logistics,2010,2.07
Italy,ITA,Logistics performance index: Efficiency of customs clearance process (1=low to 5=high),LP.LPI.CUST.XQ,logistics,2010,3.38
Jordan,JOR,Logistics performance index: Efficiency of customs clearance process (1=low to 5=high),LP.LPI.CUST.XQ,logistics,2010,2.31
Kuwait,KWT,Logistics performance index: Efficiency of customs clearance process (1=low to 5=high),LP.LPI.CUST.XQ,logistics,2010,3.03
Lebanon,LBN,Logistics performance index: Efficiency of customs clearance process (1=low to 5=high),LP.LPI.CUST.XQ,logistics,2010,3.27
Qatar,QAT,Logistics performance index: Efficiency of customs clearance process (1=low to 5=high),LP.LPI.CUST.XQ,logistics,2010,2.25
Saudi Arabia,SAU,Logistics performance index: Efficiency of customs clearance process (1=low to 5=high),LP.LPI.CUST.XQ,logistics,2010,2.91
Turkiye,TUR,Logistics performance index: Efficiency of customs clearance process (1=low to 5=high),LP.LPI.CUST.XQ,logistics,2010,2.82
United States,USA,Logistics performance index: Efficiency of customs clearance process (1=low to 5=high),LP.LPI.CUST.XQ,logistics,2010,3.68
World,WLD,Logistics performance index: Efficiency of customs clearance process (1=low to 5=high),LP.LPI.CUST.XQ,logistics,2010,2.59354838709677
United Arab Emirates,ARE,Logistics performance index: Efficiency of customs clearance process (1=low to 5=high),LP.LPI.CUST.XQ,logistics,2012,3.61
Australia,AUS,Logistics performance index: Efficiency of customs clearance process (1=low to 5=high),LP.LPI.CUST.XQ,logistics,2012,3.6
Canada,CAN,Logistics performance index: Efficiency of customs clearance process (1=low to 5=high),LP.LPI.CUST.XQ,logistics,2012,3.58
China,CHN,Logistics performance index: Efficiency of customs clearance process (1=low to 5=high),LP.LPI.CUST.XQ,logistics,2012,3.25
Germany,DEU,Logistics performance index: Efficiency of customs clearance process (1=low to 5=high),LP.LPI.CUST.XQ,logistics,2012,3.87
"Egypt, Arab Rep.",EGY,Logistics performance index: Efficiency of customs clearance process (1=low to 5=high),LP.LPI.CUST.XQ,logistics,2012,2.6
Euro area,EMU,Logistics performance index: Efficiency of customs clearance process (1=low to 5=high),LP.LPI.CUST.XQ,logistics,2012,3.23571428571429
European Union,EUU,Logistics performance index: Efficiency of customs clearance process (1=low to 5=high),LP.LPI.CUST.XQ,logistics,2012,3.23259259259259
France,FRA,Logistics performance index: Efficiency of customs clearance process (1=low to 5=high),LP.LPI.CUST.XQ,logistics,2012,3.64
United Kingdom,GBR,Logistics performance index: Efficiency of customs clearance process (1=low to 5=high),LP.LPI.CUST.XQ,logistics,2012,3.73
Greece,GRC,Logistics performance index: Efficiency of customs clearance process (1=low to 5=high),LP.LPI.CUST.XQ,logistics,2012,2.38
India,IND,Logistics performance index: Efficiency of customs clearance process (1=low to 5=high),LP.LPI.CUST.XQ,logistics,2012,2.77
Iraq,IRQ,Logistics performance index: Efficiency of customs clearance process (1=low to 5=high),LP.LPI.CUST.XQ,logistics,2012,1.75
Italy,ITA,Logistics performance index: Efficiency of customs clearance process (1=low to 5=high),LP.LPI.CUST.XQ,logistics,2012,3.34
Jordan,JOR,Logistics performance index: Efficiency of customs clearance process (1=low to 5=high),LP.LPI.CUST.XQ,logistics,2012,2.27
Kuwait,KWT,Logistics performance index: Efficiency of customs clearance process (1=low to 5=high),LP.LPI.CUST.XQ,logistics,2012,2.73
Lebanon,LBN,Logistics performance index: Efficiency of customs clearance process (1=low to 5=high),LP.LPI.CUST.XQ,logistics,2012,2.21
Qatar,QAT,Logistics performance index: Efficiency of customs clearance process (1=low to 5=high),LP.LPI.CUST.XQ,logistics,2012,3.12
Saudi Arabia,SAU,Logistics performance index: Efficiency of customs clearance process (1=low to 5=high),LP.LPI.CUST.XQ,logistics,2012,2.79
Turkiye,TUR,Logistics performance index: Efficiency of customs clearance process (1=low to 5=high),LP.LPI.CUST.XQ,logistics,2012,3.16
United States,USA,Logistics performance index: Efficiency of customs clearance process (1=low to 5=high),LP.LPI.CUST.XQ,logistics,2012,3.67
World,WLD,Logistics performance index: Efficiency of customs clearance process (1=low to 5=high),LP.LPI.CUST.XQ,logistics,2012,2.65662337662338
United Arab Emirates,ARE,Logistics performance index: Efficiency of customs clearance process (1=low to 5=high),LP.LPI.CUST.XQ,logistics,2014,3.41979
Australia,AUS,Logistics performance index: Efficiency of customs clearance process (1=low to 5=high),LP.LPI.CUST.XQ,logistics,2014,3.853854
Canada,CAN,Logistics performance index: Efficiency of customs clearance process (1=low to 5=high),LP.LPI.CUST.XQ,logistics,2014,3.608017
China,CHN,Logistics performance index: Efficiency of customs clearance process (1=low to 5=high),LP.LPI.CUST.XQ,logistics,2014,3.205138
Germany,DEU,Logistics performance index: Efficiency of customs clearance process (1=low to 5=high),LP.LPI.CUST.XQ,logistics,2014,4.098098
"Egypt, Arab Rep.",EGY,Logistics performance index: Efficiency of customs clearance process (1=low to 5=high),LP.LPI.CUST.XQ,logistics,2014,2.852413
Euro area,EMU,Logistics performance index: Efficiency of customs clearance process (1=low to 5=high),LP.LPI.CUST.XQ,logistics,2014,3.39997690476191
European Union,EUU,Logistics performance index: Efficiency of customs clearance process (1=low to 5=high),LP.LPI.CUST.XQ,logistics,2014,3.37910362962963
France,FRA,Logistics performance index: Efficiency of customs clearance process (1=low to 5=high),LP.LPI.CUST.XQ,logistics,2014,3.647901
United Kingdom,GBR,Logistics performance index: Efficiency of customs clearance process (1=low to 5=high),LP.LPI.CUST.XQ,logistics,2014,3.938881
Greece,GRC,Logistics performance index: Efficiency of customs clearance process (1=low to 5=high),LP.LPI.CUST.XQ,logistics,2014,3.360818
India,IND,Logistics performance index: Efficiency of customs clearance process (1=low to 5=high),LP.LPI.CUST.XQ,logistics,2014,2.717276
Iraq,IRQ,Logistics performance index: Efficiency of customs clearance process (1=low to 5=high),LP.LPI.CUST.XQ,logistics,2014,1.980646
Italy,ITA,Logistics performance index: Efficiency of customs clearance process (1=low to 5=high),LP.LPI.CUST.XQ,logistics,2014,3.355694
Jordan,JOR,Logistics performance index: Efficiency of customs clearance process (1=low to 5=high),LP.LPI.CUST.XQ,logistics,2014,2.596212
Kuwait,KWT,Logistics performance index: Efficiency of customs clearance process (1=low to 5=high),LP.LPI.CUST.XQ,logistics,2014,2.694661
Lebanon,LBN,Logistics performance index: Efficiency of customs clearance process (1=low to 5=high),LP.LPI.CUST.XQ,logistics,2014,2.294444
Qatar,QAT,Logistics performance index: Efficiency of customs clearance process (1=low to 5=high),LP.LPI.CUST.XQ,logistics,2014,3.206818
Saudi Arabia,SAU,Logistics performance index: Efficiency of customs clearance process (1=low to 5=high),LP.LPI.CUST.XQ,logistics,2014,2.85644
Turkiye,TUR,Logistics performance index: Efficiency of customs clearance process (1=low to 5=high),LP.LPI.CUST.XQ,logistics,2014,3.232654
United States,USA,Logistics performance index: Efficiency of customs clearance process (1=low to 5=high),LP.LPI.CUST.XQ,logistics,2014,3.728529
World,WLD,Logistics performance index: Efficiency of customs clearance process (1=low to 5=high),LP.LPI.CUST.XQ,logistics,2014,2.72586955
United Arab Emirates,ARE,Logistics performance index: Efficiency of customs clearance process (1=low to 5=high),LP.LPI.CUST.XQ,logistics,2016,3.835051
Australia,AUS,Logistics performance index: Efficiency of customs clearance process (1=low to 5=high),LP.LPI.CUST.XQ,logistics,2016,3.543957
Canada,CAN,Logistics performance index: Efficiency of customs clearance process (1=low to 5=high),LP.LPI.CUST.XQ,logistics,2016,3.952071
China,CHN,Logistics performance index: Efficiency of customs clearance process (1=low to 5=high),LP.LPI.CUST.XQ,logistics,2016,3.318883
Germany,DEU,Logistics performance index: Efficiency of customs clearance process (1=low to 5=high),LP.LPI.CUST.XQ,logistics,2016,4.123067
"Egypt, Arab Rep.",EGY,Logistics performance index: Efficiency of customs clearance process (1=low to 5=high),LP.LPI.CUST.XQ,logistics,2016,2.74962
Euro area,EMU,Logistics performance index: Efficiency of customs clearance process (1=low to 5=high),LP.LPI.CUST.XQ,logistics,2016,3.40867042857143
European Union,EUU,Logistics performance index: Efficiency of customs clearance process (1=low to 5=high),LP.LPI.CUST.XQ,logistics,2016,3.41412603703704
France,FRA,Logistics performance index: Efficiency of customs clearance process (1=low to 5=high),LP.LPI.CUST.XQ,logistics,2016,3.713518
United Kingdom,GBR,Logistics performance index: Efficiency of customs clearance process (1=low to 5=high),LP.LPI.CUST.XQ,logistics,2016,3.983798
Greece,GRC,Logistics performance index: Efficiency of customs clearance process (1=low to 5=high),LP.LPI.CUST.XQ,logistics,2016,2.854825
India,IND,Logistics performance index: Efficiency of customs clearance process (1=low to 5=high),LP.LPI.CUST.XQ,logistics,2016,3.17442
Iraq,IRQ,Logistics performance index: Efficiency of customs clearance process (1=low to 5=high),LP.LPI.CUST.XQ,logistics,2016,2.008735
Italy,ITA,Logistics performance index: Efficiency of customs clearance process (1=low to 5=high),LP.LPI.CUST.XQ,logistics,2016,3.453031
Jordan,JOR,Logistics performance index: Efficiency of customs clearance process (1=low to 5=high),LP.LPI.CUST.XQ,logistics,2016,2.552804
Kuwait,KWT,Logistics performance index: Efficiency of customs clearance process (1=low to 5=high),LP.LPI.CUST.XQ,logistics,2016,2.833333
Lebanon,LBN,Logistics performance index: Efficiency of customs clearance process (1=low to 5=high),LP.LPI.CUST.XQ,logistics,2016,2.727273
Qatar,QAT,Logistics performance index: Efficiency of customs clearance process (1=low to 5=high),LP.LPI.CUST.XQ,logistics,2016,3.551227
Saudi Arabia,SAU,Logistics performance index: Efficiency of customs clearance process (1=low to 5=high),LP.LPI.CUST.XQ,logistics,2016,2.691371
Turkiye,TUR,Logistics performance index: Efficiency of customs clearance process (1=low to 5=high),LP.LPI.CUST.XQ,logistics,2016,3.181555
United States,USA,Logistics performance index: Efficiency of customs clearance process (1=low to 5=high),LP.LPI.CUST.XQ,logistics,2016,3.752486
World,WLD,Logistics performance index: Efficiency of customs clearance process (1=low to 5=high),LP.LPI.CUST.XQ,logistics,2016,2.705333025
United Arab Emirates,ARE,Logistics performance index: Efficiency of customs clearance process (1=low to 5=high),LP.LPI.CUST.XQ,logistics,2018,3.63
Australia,AUS,Logistics performance index: Efficiency of customs clearance process (1=low to 5=high),LP.LPI.CUST.XQ,logistics,2018,3.87
Canada,CAN,Logistics performance index: Efficiency of customs clearance process (1=low to 5=high),LP.LPI.CUST.XQ,logistics,2018,3.6
China,CHN,Logistics performance index: Efficiency of customs clearance process (1=low to 5=high),LP.LPI.CUST.XQ,logistics,2018,3.29
Germany,DEU,Logistics performance index: Efficiency of customs clearance process (1=low to 5=high),LP.LPI.CUST.XQ,logistics,2018,4.09
"Egypt, Arab Rep.",EGY,Logistics performance index: Efficiency of customs clearance process (1=low to 5=high),LP.LPI.CUST.XQ,logistics,2018,2.6
Euro area,EMU,Logistics performance index: Efficiency of customs clearance process (1=low to 5=high),LP.LPI.CUST.XQ,logistics,2018,3.31571428571429
European Union,EUU,Logistics performance index: Efficiency of customs clearance process (1=low to 5=high),LP.LPI.CUST.XQ,logistics,2018,3.33592592592593
France,FRA,Logistics performance index: Efficiency of customs clearance process (1=low to 5=high),LP.LPI.CUST.XQ,logistics,2018,3.59
United Kingdom,GBR,Logistics performance index: Efficiency of customs clearance process (1=low to 5=high),LP.LPI.CUST.XQ,logistics,2018,3.77
Greece,GRC,Logistics performance index: Efficiency of customs clearance process (1=low to 5=high),LP.LPI.CUST.XQ,logistics,2018,2.84
India,IND,Logistics performance index: Efficiency of customs clearance process (1=low to 5=high),LP.LPI.CUST.XQ,logistics,2018,2.96
Iraq,IRQ,Logistics performance index: Efficiency of customs clearance process (1=low to 5=high),LP.LPI.CUST.XQ,logistics,2018,1.84
Italy,ITA,Logistics performance index: Efficiency of customs clearance process (1=low to 5=high),LP.LPI.CUST.XQ,logistics,2018,3.47
Jordan,JOR,Logistics performance index: Efficiency of customs clearance process (1=low to 5=high),LP.LPI.CUST.XQ,logistics,2018,2.49
Kuwait,KWT,Logistics performance index: Efficiency of customs clearance process (1=low to 5=high),LP.LPI.CUST.XQ,logistics,2018,2.73
Lebanon,LBN,Logistics performance index: Efficiency of customs clearance process (1=low to 5=high),LP.LPI.CUST.XQ,logistics,2018,2.38
Qatar,QAT,Logistics performance index: Efficiency of customs clearance process (1=low to 5=high),LP.LPI.CUST.XQ,logistics,2018,3.0
Saudi Arabia,SAU,Logistics performance index: Efficiency of customs clearance process (1=low to 5=high),LP.LPI.CUST.XQ,logistics,2018,2.66
Turkiye,TUR,Logistics performance index: Efficiency of customs clearance process (1=low to 5=high),LP.LPI.CUST.XQ,logistics,2018,2.71
United States,USA,Logistics performance index: Efficiency of customs clearance process (1=low to 5=high),LP.LPI.CUST.XQ,logistics,2018,3.78
World,WLD,Logistics performance index: Efficiency of customs clearance process (1=low to 5=high),LP.LPI.CUST.XQ,logistics,2018,2.673
United Arab Emirates,ARE,Logistics performance index: Efficiency of customs clearance process (1=low to 5=high),LP.LPI.CUST.XQ,logistics,2022,3.7
Australia,AUS,Logistics performance index: Efficiency of customs clearance process (1=low to 5=high),LP.LPI.CUST.XQ,logistics,2022,3.7
Canada,CAN,Logistics performance index: Efficiency of customs clearance process (1=low to 5=high),LP.LPI.CUST.XQ,logistics,2022,4.0
China,CHN,Logistics performance index: Efficiency of customs clearance process (1=low to 5=high),LP.LPI.CUST.XQ,logistics,2022,3.3
Germany,DEU,Logistics performance index: Efficiency of customs clearance process (1=low to 5=high),LP.LPI.CUST.XQ,logistics,2022,3.9
"Egypt, Arab Rep.",EGY,Logistics performance index: Efficiency of customs clearance process (1=low to 5=high),LP.LPI.CUST.XQ,logistics,2022,2.8
Euro area,EMU,Logistics performance index: Efficiency of customs clearance process (1=low to 5=high),LP.LPI.CUST.XQ,logistics,2022,3.43809523809524
European Union,EUU,Logistics performance index: Efficiency of customs clearance process (1=low to 5=high),LP.LPI.CUST.XQ,logistics,2022,3.41111111111111
France,FRA,Logistics performance index: Efficiency of customs clearance process (1=low to 5=high),LP.LPI.CUST.XQ,logistics,2022,3.7
United Kingdom,GBR,Logistics performance index: Efficiency of customs clearance process (1=low to 5=high),LP.LPI.CUST.XQ,logistics,2022,3.5
Greece,GRC,Logistics performance index: Efficiency of customs clearance process (1=low to 5=high),LP.LPI.CUST.XQ,logistics,2022,3.2
India,IND,Logistics performance index: Efficiency of customs clearance process (1=low to 5=high),LP.LPI.CUST.XQ,logistics,2022,3.0
Iraq,IRQ,Logistics performance index: Efficiency of customs clearance process (1=low to 5=high),LP.LPI.CUST.XQ,logistics,2022,2.1
Italy,ITA,Logistics performance index: Efficiency of customs clearance process (1=low to 5=high),LP.LPI.CUST.XQ,logistics,2022,3.4
Kuwait,KWT,Logistics performance index: Efficiency of customs clearance process (1=low to 5=high),LP.LPI.CUST.XQ,logistics,2022,3.2
Qatar,QAT,Logistics performance index: Efficiency of customs clearance process (1=low to 5=high),LP.LPI.CUST.XQ,logistics,2022,3.1
Saudi Arabia,SAU,Logistics performance index: Efficiency of customs clearance process (1=low to 5=high),LP.LPI.CUST.XQ,logistics,2022,3.0
Turkiye,TUR,Logistics performance index: Efficiency of customs clearance process (1=low to 5=high),LP.LPI.CUST.XQ,logistics,2022,3.0
United States,USA,Logistics performance index: Efficiency of customs clearance process (1=low to 5=high),LP.LPI.CUST.XQ,logistics,2022,3.7
World,WLD,Logistics performance index: Efficiency of customs clearance process (1=low to 5=high),LP.LPI.CUST.XQ,logistics,2022,2.8
United Arab Emirates,ARE,Logistics performance index: Quality of trade and transport-related infrastructure (1=low to 5=high),LP.LPI.INFR.XQ,logistics,2007,3.8
Australia,AUS,Logistics performance index: Quality of trade and transport-related infrastructure (1=low to 5=high),LP.LPI.INFR.XQ,logistics,2007,3.65
Canada,CAN,Logistics performance index: Quality of trade and transport-related infrastructure (1=low to 5=high),LP.LPI.INFR.XQ,logistics,2007,3.95
China,CHN,Logistics performance index: Quality of trade and transport-related infrastructure (1=low to 5=high),LP.LPI.INFR.XQ,logistics,2007,3.2
Germany,DEU,Logistics performance index: Quality of trade and transport-related infrastructure (1=low to 5=high),LP.LPI.INFR.XQ,logistics,2007,4.19
"Egypt, Arab Rep.",EGY,Logistics performance index: Quality of trade and transport-related infrastructure (1=low to 5=high),LP.LPI.INFR.XQ,logistics,2007,2.0
Euro area,EMU,Logistics performance index: Quality of trade and transport-related infrastructure (1=low to 5=high),LP.LPI.INFR.XQ,logistics,2007,3.327
European Union,EUU,Logistics performance index: Quality of trade and transport-related infrastructure (1=low to 5=high),LP.LPI.INFR.XQ,logistics,2007,3.30807692307692
France,FRA,Logistics performance index: Quality of trade and transport-related infrastructure (1=low to 5=high),LP.LPI.INFR.XQ,logistics,2007,3.82
United Kingdom,GBR,Logistics performance index: Quality of trade and transport-related infrastructure (1=low to 5=high),LP.LPI.INFR.XQ,logistics,2007,4.05
Greece,GRC,Logistics performance index: Quality of trade and transport-related infrastructure (1=low to 5=high),LP.LPI.INFR.XQ,logistics,2007,3.05
India,IND,Logistics performance index: Quality of trade and transport-related infrastructure (1=low to 5=high),LP.LPI.INFR.XQ,logistics,2007,2.9
Italy,ITA,Logistics performance index: Quality of trade and transport-related infrastructure (1=low to 5=high),LP.LPI.INFR.XQ,logistics,2007,3.52
Jordan,JOR,Logistics performance index: Quality of trade and transport-related infrastructure (1=low to 5=high),LP.LPI.INFR.XQ,logistics,2007,2.62
Kuwait,KWT,Logistics performance index: Quality of trade and transport-related infrastructure (1=low to 5=high),LP.LPI.INFR.XQ,logistics,2007,2.83
Lebanon,LBN,Logistics performance index: Quality of trade and transport-related infrastructure (1=low to 5=high),LP.LPI.INFR.XQ,logistics,2007,2.14
Qatar,QAT,Logistics performance index: Quality of trade and transport-related infrastructure (1=low to 5=high),LP.LPI.INFR.XQ,logistics,2007,2.63
Saudi Arabia,SAU,Logistics performance index: Quality of trade and transport-related infrastructure (1=low to 5=high),LP.LPI.INFR.XQ,logistics,2007,2.95
Turkiye,TUR,Logistics performance index: Quality of trade and transport-related infrastructure (1=low to 5=high),LP.LPI.INFR.XQ,logistics,2007,2.94
United States,USA,Logistics performance index: Quality of trade and transport-related infrastructure (1=low to 5=high),LP.LPI.INFR.XQ,logistics,2007,4.07
World,WLD,Logistics performance index: Quality of trade and transport-related infrastructure (1=low to 5=high),LP.LPI.INFR.XQ,logistics,2007,2.5804
United Arab Emirates,ARE,Logistics performance index: Quality of trade and transport-related infrastructure (1=low to 5=high),LP.LPI.INFR.XQ,logistics,2010,3.81
Australia,AUS,Logistics performance index: Quality of trade and transport-related infrastructure (1=low to 5=high),LP.LPI.INFR.XQ,logistics,2010,3.78
Canada,CAN,Logistics performance index: Quality of trade and transport-related infrastructure (1=low to 5=high),LP.LPI.INFR.XQ,logistics,2010,4.03
China,CHN,Logistics performance index: Quality of trade and transport-related infrastructure (1=low to 5=high),LP.LPI.INFR.XQ,logistics,2010,3.54
Germany,DEU,Logistics performance index: Quality of trade and transport-related infrastructure (1=low to 5=high),LP.LPI.INFR.XQ,logistics,2010,4.34
"Egypt, Arab Rep.",EGY,Logistics performance index: Quality of trade and transport-related infrastructure (1=low to 5=high),LP.LPI.INFR.XQ,logistics,2010,2.22
Euro area,EMU,Logistics performance index: Quality of trade and transport-related infrastructure (1=low to 5=high),LP.LPI.INFR.XQ,logistics,2010,3.33714285714286
European Union,EUU,Logistics performance index: Quality of trade and transport-related infrastructure (1=low to 5=high),LP.LPI.INFR.XQ,logistics,2010,3.32074074074074
France,FRA,Logistics performance index: Quality of trade and transport-related infrastructure (1=low to 5=high),LP.LPI.INFR.XQ,logistics,2010,4.0
United Kingdom,GBR,Logistics performance index: Quality of trade and transport-related infrastructure (1=low to 5=high),LP.LPI.INFR.XQ,logistics,2010,3.95
Greece,GRC,Logistics performance index: Quality of trade and transport-related infrastructure (1=low to 5=high),LP.LPI.INFR.XQ,logistics,2010,2.94
India,IND,Logistics performance index: Quality of trade and transport-related infrastructure (1=low to 5=high),LP.LPI.INFR.XQ,logistics,2010,2.91
Iraq,IRQ,Logistics performance index: Quality of trade and transport-related infrastructure (1=low to 5=high),LP.LPI.INFR.XQ,logistics,2010,1.73
Italy,ITA,Logistics performance index: Quality of trade and transport-related infrastructure (1=low to 5=high),LP.LPI.INFR.XQ,logistics,2010,3.72
Jordan,JOR,Logistics performance index: Quality of trade and transport-related infrastructure (1=low to 5=high),LP.LPI.INFR.XQ,logistics,2010,2.69
Kuwait,KWT,Logistics performance index: Quality of trade and transport-related infrastructure (1=low to 5=high),LP.LPI.INFR.XQ,logistics,2010,3.33
Lebanon,LBN,Logistics performance index: Quality of trade and transport-related infrastructure (1=low to 5=high),LP.LPI.INFR.XQ,logistics,2010,3.05
Qatar,QAT,Logistics performance index: Quality of trade and transport-related infrastructure (1=low to 5=high),LP.LPI.INFR.XQ,logistics,2010,2.75
Saudi Arabia,SAU,Logistics performance index: Quality of trade and transport-related infrastructure (1=low to 5=high),LP.LPI.INFR.XQ,logistics,2010,3.27
Turkiye,TUR,Logistics performance index: Quality of trade and transport-related infrastructure (1=low to 5=high),LP.LPI.INFR.XQ,logistics,2010,3.08
United States,USA,Logistics performance index: Quality of trade and transport-related infrastructure (1=low to 5=high),LP.LPI.INFR.XQ,logistics,2010,4.15
World,WLD,Logistics performance index: Quality of trade and transport-related infrastructure (1=low to 5=high),LP.LPI.INFR.XQ,logistics,2010,2.63722580645161
United Arab Emirates,ARE,Logistics performance index: Quality of trade and transport-related infrastructure (1=low to 5=high),LP.LPI.INFR.XQ,logistics,2012,3.84
Australia,AUS,Logistics performance index: Quality of trade and transport-related infrastructure (1=low to 5=high),LP.LPI.INFR.XQ,logistics,2012,3.83
Canada,CAN,Logistics performance index: Quality of trade and transport-related infrastructure (1=low to 5=high),LP.LPI.INFR.XQ,logistics,2012,3.99
China,CHN,Logistics performance index: Quality of trade and transport-related infrastructure (1=low to 5=high),LP.LPI.INFR.XQ,logistics,2012,3.61
Germany,DEU,Logistics performance index: Quality of trade and transport-related infrastructure (1=low to 5=high),LP.LPI.INFR.XQ,logistics,2012,4.26
"Egypt, Arab Rep.",EGY,Logistics performance index: Quality of trade and transport-related infrastructure (1=low to 5=high),LP.LPI.INFR.XQ,logistics,2012,3.07
Euro area,EMU,Logistics performance index: Quality of trade and transport-related infrastructure (1=low to 5=high),LP.LPI.INFR.XQ,logistics,2012,3.45333333333333
European Union,EUU,Logistics performance index: Quality of trade and transport-related infrastructure (1=low to 5=high),LP.LPI.INFR.XQ,logistics,2012,3.42333333333333
France,FRA,Logistics performance index: Quality of trade and transport-related infrastructure (1=low to 5=high),LP.LPI.INFR.XQ,logistics,2012,3.96
United Kingdom,GBR,Logistics performance index: Quality of trade and transport-related infrastructure (1=low to 5=high),LP.LPI.INFR.XQ,logistics,2012,3.95
Greece,GRC,Logistics performance index: Quality of trade and transport-related infrastructure (1=low to 5=high),LP.LPI.INFR.XQ,logistics,2012,2.88
India,IND,Logistics performance index: Quality of trade and transport-related infrastructure (1=low to 5=high),LP.LPI.INFR.XQ,logistics,2012,2.87
Iraq,IRQ,Logistics performance index: Quality of trade and transport-related infrastructure (1=low to 5=high),LP.LPI.INFR.XQ,logistics,2012,1.92
Italy,ITA,Logistics performance index: Quality of trade and transport-related infrastructure (1=low to 5=high),LP.LPI.INFR.XQ,logistics,2012,3.74
Jordan,JOR,Logistics performance index: Quality of trade and transport-related infrastructure (1=low to 5=high),LP.LPI.INFR.XQ,logistics,2012,2.48
Kuwait,KWT,Logistics performance index: Quality of trade and transport-related infrastructure (1=low to 5=high),LP.LPI.INFR.XQ,logistics,2012,2.82
Lebanon,LBN,Logistics performance index: Quality of trade and transport-related infrastructure (1=low to 5=high),LP.LPI.INFR.XQ,logistics,2012,2.41
Qatar,QAT,Logistics performance index: Quality of trade and transport-related infrastructure (1=low to 5=high),LP.LPI.INFR.XQ,logistics,2012,3.23
Saudi Arabia,SAU,Logistics performance index: Quality of trade and transport-related infrastructure (1=low to 5=high),LP.LPI.INFR.XQ,logistics,2012,3.22
Turkiye,TUR,Logistics performance index: Quality of trade and transport-related infrastructure (1=low to 5=high),LP.LPI.INFR.XQ,logistics,2012,3.62
United States,USA,Logistics performance index: Quality of trade and transport-related infrastructure (1=low to 5=high),LP.LPI.INFR.XQ,logistics,2012,4.14
World,WLD,Logistics performance index: Quality of trade and transport-related infrastructure (1=low to 5=high),LP.LPI.INFR.XQ,logistics,2012,2.76948051948052
United Arab Emirates,ARE,Logistics performance index: Quality of trade and transport-related infrastructure (1=low to 5=high),LP.LPI.INFR.XQ,logistics,2014,3.703943
Australia,AUS,Logistics performance index: Quality of trade and transport-related infrastructure (1=low to 5=high),LP.LPI.INFR.XQ,logistics,2014,3.99996
Canada,CAN,Logistics performance index: Quality of trade and transport-related infrastructure (1=low to 5=high),LP.LPI.INFR.XQ,logistics,2014,4.054256
China,CHN,Logistics performance index: Quality of trade and transport-related infrastructure (1=low to 5=high),LP.LPI.INFR.XQ,logistics,2014,3.669272
Germany,DEU,Logistics performance index: Quality of trade and transport-related infrastructure (1=low to 5=high),LP.LPI.INFR.XQ,logistics,2014,4.323295
"Egypt, Arab Rep.",EGY,Logistics performance index: Quality of trade and transport-related infrastructure (1=low to 5=high),LP.LPI.INFR.XQ,logistics,2014,2.86127
Euro area,EMU,Logistics performance index: Quality of trade and transport-related infrastructure (1=low to 5=high),LP.LPI.INFR.XQ,logistics,2014,3.502622
European Union,EUU,Logistics performance index: Quality of trade and transport-related infrastructure (1=low to 5=high),LP.LPI.INFR.XQ,logistics,2014,3.47357533333333
France,FRA,Logistics performance index: Quality of trade and transport-related infrastructure (1=low to 5=high),LP.LPI.INFR.XQ,logistics,2014,3.982774
United Kingdom,GBR,Logistics performance index: Quality of trade and transport-related infrastructure (1=low to 5=high),LP.LPI.INFR.XQ,logistics,2014,4.158261
Greece,GRC,Logistics performance index: Quality of trade and transport-related infrastructure (1=low to 5=high),LP.LPI.INFR.XQ,logistics,2014,3.166275
India,IND,Logistics performance index: Quality of trade and transport-related infrastructure (1=low to 5=high),LP.LPI.INFR.XQ,logistics,2014,2.877227
Iraq,IRQ,Logistics performance index: Quality of trade and transport-related infrastructure (1=low to 5=high),LP.LPI.INFR.XQ,logistics,2014,2.184437
Italy,ITA,Logistics performance index: Quality of trade and transport-related infrastructure (1=low to 5=high),LP.LPI.INFR.XQ,logistics,2014,3.775923
Jordan,JOR,Logistics performance index: Quality of trade and transport-related infrastructure (1=low to 5=high),LP.LPI.INFR.XQ,logistics,2014,2.590152
Kuwait,KWT,Logistics performance index: Quality of trade and transport-related infrastructure (1=low to 5=high),LP.LPI.INFR.XQ,logistics,2014,3.159088
Lebanon,LBN,Logistics performance index: Quality of trade and transport-related infrastructure (1=low to 5=high),LP.LPI.INFR.XQ,logistics,2014,2.527778
Qatar,QAT,Logistics performance index: Quality of trade and transport-related infrastructure (1=low to 5=high),LP.LPI.INFR.XQ,logistics,2014,3.439141
Saudi Arabia,SAU,Logistics performance index: Quality of trade and transport-related infrastructure (1=low to 5=high),LP.LPI.INFR.XQ,logistics,2014,3.34218
Turkiye,TUR,Logistics performance index: Quality of trade and transport-related infrastructure (1=low to 5=high),LP.LPI.INFR.XQ,logistics,2014,3.533005
United States,USA,Logistics performance index: Quality of trade and transport-related infrastructure (1=low to 5=high),LP.LPI.INFR.XQ,logistics,2014,4.184653
World,WLD,Logistics performance index: Quality of trade and transport-related infrastructure (1=low to 5=high),LP.LPI.INFR.XQ,logistics,2014,2.766284775
United Arab Emirates,ARE,Logistics performance index: Quality of trade and transport-related infrastructure (1=low to 5=high),LP.LPI.INFR.XQ,logistics,2016,4.069324
Australia,AUS,Logistics performance index: Quality of trade and transport-related infrastructure (1=low to 5=high),LP.LPI.INFR.XQ,logistics,2016,3.816468
Canada,CAN,Logistics performance index: Quality of trade and transport-related infrastructure (1=low to 5=high),LP.LPI.INFR.XQ,logistics,2016,4.141614
China,CHN,Logistics performance index: Quality of trade and transport-related infrastructure (1=low to 5=high),LP.LPI.INFR.XQ,logistics,2016,3.752359
Germany,DEU,Logistics performance index: Quality of trade and transport-related infrastructure (1=low to 5=high),LP.LPI.INFR.XQ,logistics,2016,4.439356
"Egypt, Arab Rep.",EGY,Logistics performance index: Quality of trade and transport-related infrastructure (1=low to 5=high),LP.LPI.INFR.XQ,logistics,2016,3.07241
Euro area,EMU,Logistics performance index: Quality of trade and transport-related infrastructure (1=low to 5=high),LP.LPI.INFR.XQ,logistics,2016,3.54761790476191
European Union,EUU,Logistics performance index: Quality of trade and transport-related infrastructure (1=low to 5=high),LP.LPI.INFR.XQ,logistics,2016,3.53365588888889
France,FRA,Logistics performance index: Quality of trade and transport-related infrastructure (1=low to 5=high),LP.LPI.INFR.XQ,logistics,2016,4.011015
United Kingdom,GBR,Logistics performance index: Quality of trade and transport-related infrastructure (1=low to 5=high),LP.LPI.INFR.XQ,logistics,2016,4.20566
Greece,GRC,Logistics performance index: Quality of trade and transport-related infrastructure (1=low to 5=high),LP.LPI.INFR.XQ,logistics,2016,3.316384
India,IND,Logistics performance index: Quality of trade and transport-related infrastructure (1=low to 5=high),LP.LPI.INFR.XQ,logistics,2016,3.337178
Iraq,IRQ,Logistics performance index: Quality of trade and transport-related infrastructure (1=low to 5=high),LP.LPI.INFR.XQ,logistics,2016,1.867185
Italy,ITA,Logistics performance index: Quality of trade and transport-related infrastructure (1=low to 5=high),LP.LPI.INFR.XQ,logistics,2016,3.791468
Jordan,JOR,Logistics performance index: Quality of trade and transport-related infrastructure (1=low to 5=high),LP.LPI.INFR.XQ,logistics,2016,2.774781
Kuwait,KWT,Logistics performance index: Quality of trade and transport-related infrastructure (1=low to 5=high),LP.LPI.INFR.XQ,logistics,2016,2.92298
Lebanon,LBN,Logistics performance index: Quality of trade and transport-related infrastructure (1=low to 5=high),LP.LPI.INFR.XQ,logistics,2016,2.642975
Qatar,QAT,Logistics performance index: Quality of trade and transport-related infrastructure (1=low to 5=high),LP.LPI.INFR.XQ,logistics,2016,3.568039
Saudi Arabia,SAU,Logistics performance index: Quality of trade and transport-related infrastructure (1=low to 5=high),LP.LPI.INFR.XQ,logistics,2016,3.235413
Turkiye,TUR,Logistics performance index: Quality of trade and transport-related infrastructure (1=low to 5=high),LP.LPI.INFR.XQ,logistics,2016,3.493645
United States,USA,Logistics performance index: Quality of trade and transport-related infrastructure (1=low to 5=high),LP.LPI.INFR.XQ,logistics,2016,4.152011
World,WLD,Logistics performance index: Quality of trade and transport-related infrastructure (1=low to 5=high),LP.LPI.INFR.XQ,logistics,2016,2.754722325
United Arab Emirates,ARE,Logistics performance index: Quality of trade and transport-related infrastructure (1=low to 5=high),LP.LPI.INFR.XQ,logistics,2018,4.02
Australia,AUS,Logistics performance index: Quality of trade and transport-related infrastructure (1=low to 5=high),LP.LPI.INFR.XQ,logistics,2018,3.97
Canada,CAN,Logistics performance index: Quality of trade and transport-related infrastructure (1=low to 5=high),LP.LPI.INFR.XQ,logistics,2018,3.75
China,CHN,Logistics performance index: Quality of trade and transport-related infrastructure (1=low to 5=high),LP.LPI.INFR.XQ,logistics,2018,3.75
Germany,DEU,Logistics performance index: Quality of trade and transport-related infrastructure (1=low to 5=high),LP.LPI.INFR.XQ,logistics,2018,4.37
"Egypt, Arab Rep.",EGY,Logistics performance index: Quality of trade and transport-related infrastructure (1=low to 5=high),LP.LPI.INFR.XQ,logistics,2018,2.82
Euro area,EMU,Logistics performance index: Quality of trade and transport-related infrastructure (1=low to 5=high),LP.LPI.INFR.XQ,logistics,2018,3.44761904761905
European Union,EUU,Logistics performance index: Quality of trade and transport-related infrastructure (1=low to 5=high),LP.LPI.INFR.XQ,logistics,2018,3.46111111111111
France,FRA,Logistics performance index: Quality of trade and transport-related infrastructure (1=low to 5=high),LP.LPI.INFR.XQ,logistics,2018,4.0
United Kingdom,GBR,Logistics performance index: Quality of trade and transport-related infrastructure (1=low to 5=high),LP.LPI.INFR.XQ,logistics,2018,4.03
Greece,GRC,Logistics performance index: Quality of trade and transport-related infrastructure (1=low to 5=high),LP.LPI.INFR.XQ,logistics,2018,3.17
India,IND,Logistics performance index: Quality of trade and transport-related infrastructure (1=low to 5=high),LP.LPI.INFR.XQ,logistics,2018,2.91
Iraq,IRQ,Logistics performance index: Quality of trade and transport-related infrastructure (1=low to 5=high),LP.LPI.INFR.XQ,logistics,2018,2.03
Italy,ITA,Logistics performance index: Quality of trade and transport-related infrastructure (1=low to 5=high),LP.LPI.INFR.XQ,logistics,2018,3.85
Jordan,JOR,Logistics performance index: Quality of trade and transport-related infrastructure (1=low to 5=high),LP.LPI.INFR.XQ,logistics,2018,2.72
Kuwait,KWT,Logistics performance index: Quality of trade and transport-related infrastructure (1=low to 5=high),LP.LPI.INFR.XQ,logistics,2018,3.02
Lebanon,LBN,Logistics performance index: Quality of trade and transport-related infrastructure (1=low to 5=high),LP.LPI.INFR.XQ,logistics,2018,2.64
Qatar,QAT,Logistics performance index: Quality of trade and transport-related infrastructure (1=low to 5=high),LP.LPI.INFR.XQ,logistics,2018,3.38
Saudi Arabia,SAU,Logistics performance index: Quality of trade and transport-related infrastructure (1=low to 5=high),LP.LPI.INFR.XQ,logistics,2018,3.11
Turkiye,TUR,Logistics performance index: Quality of trade and transport-related infrastructure (1=low to 5=high),LP.LPI.INFR.XQ,logistics,2018,3.21
United States,USA,Logistics performance index: Quality of trade and transport-related infrastructure (1=low to 5=high),LP.LPI.INFR.XQ,logistics,2018,4.05
World,WLD,Logistics performance index: Quality of trade and transport-related infrastructure (1=low to 5=high),LP.LPI.INFR.XQ,logistics,2018,2.72275
United Arab Emirates,ARE,Logistics performance index: Quality of trade and transport-related infrastructure (1=low to 5=high),LP.LPI.INFR.XQ,logistics,2022,4.1
Australia,AUS,Logistics performance index: Quality of trade and transport-related infrastructure (1=low to 5=high),LP.LPI.INFR.XQ,logistics,2022,4.1
Canada,CAN,Logistics performance index: Quality of trade and transport-related infrastructure (1=low to 5=high),LP.LPI.INFR.XQ,logistics,2022,4.3
China,CHN,Logistics performance index: Quality of trade and transport-related infrastructure (1=low to 5=high),LP.LPI.INFR.XQ,logistics,2022,4.0
Germany,DEU,Logistics performance index: Quality of trade and transport-related infrastructure (1=low to 5=high),LP.LPI.INFR.XQ,logistics,2022,4.3
"Egypt, Arab Rep.",EGY,Logistics performance index: Quality of trade and transport-related infrastructure (1=low to 5=high),LP.LPI.INFR.XQ,logistics,2022,3.0
Euro area,EMU,Logistics performance index: Quality of trade and transport-related infrastructure (1=low to 5=high),LP.LPI.INFR.XQ,logistics,2022,3.63333333333333
European Union,EUU,Logistics performance index: Quality of trade and transport-related infrastructure (1=low to 5=high),LP.LPI.INFR.XQ,logistics,2022,3.5962962962963
France,FRA,Logistics performance index: Quality of trade and transport-related infrastructure (1=low to 5=high),LP.LPI.INFR.XQ,logistics,2022,3.8
United Kingdom,GBR,Logistics performance index: Quality of trade and transport-related infrastructure (1=low to 5=high),LP.LPI.INFR.XQ,logistics,2022,3.7
Greece,GRC,Logistics performance index: Quality of trade and transport-related infrastructure (1=low to 5=high),LP.LPI.INFR.XQ,logistics,2022,3.7
India,IND,Logistics performance index: Quality of trade and transport-related infrastructure (1=low to 5=high),LP.LPI.INFR.XQ,logistics,2022,3.2
Iraq,IRQ,Logistics performance index: Quality of trade and transport-related infrastructure (1=low to 5=high),LP.LPI.INFR.XQ,logistics,2022,2.2
Italy,ITA,Logistics performance index: Quality of trade and transport-related infrastructure (1=low to 5=high),LP.LPI.INFR.XQ,logistics,2022,3.8
Kuwait,KWT,Logistics performance index: Quality of trade and transport-related infrastructure (1=low to 5=high),LP.LPI.INFR.XQ,logistics,2022,3.6
Qatar,QAT,Logistics performance index: Quality of trade and transport-related infrastructure (1=low to 5=high),LP.LPI.INFR.XQ,logistics,2022,3.8
Saudi Arabia,SAU,Logistics performance index: Quality of trade and transport-related infrastructure (1=low to 5=high),LP.LPI.INFR.XQ,logistics,2022,3.6
Turkiye,TUR,Logistics performance index: Quality of trade and transport-related infrastructure (1=low to 5=high),LP.LPI.INFR.XQ,logistics,2022,3.4
United States,USA,Logistics performance index: Quality of trade and transport-related infrastructure (1=low to 5=high),LP.LPI.INFR.XQ,logistics,2022,3.9
World,WLD,Logistics performance index: Quality of trade and transport-related infrastructure (1=low to 5=high),LP.LPI.INFR.XQ,logistics,2022,2.92158273381295
United Arab Emirates,ARE,Logistics performance index: Ease of arranging competitively priced shipments (1=low to 5=high),LP.LPI.ITRN.XQ,logistics,2007,3.68
Australia,AUS,Logistics performance index: Ease of arranging competitively priced shipments (1=low to 5=high),LP.LPI.ITRN.XQ,logistics,2007,3.72
Canada,CAN,Logistics performance index: Ease of arranging competitively priced shipments (1=low to 5=high),LP.LPI.ITRN.XQ,logistics,2007,3.78
China,CHN,Logistics performance index: Ease of arranging competitively priced shipments (1=low to 5=high),LP.LPI.ITRN.XQ,logistics,2007,3.31
Germany,DEU,Logistics performance index: Ease of arranging competitively priced shipments (1=low to 5=high),LP.LPI.ITRN.XQ,logistics,2007,3.91
"Egypt, Arab Rep.",EGY,Logistics performance index: Ease of arranging competitively priced shipments (1=low to 5=high),LP.LPI.ITRN.XQ,logistics,2007,2.33
Euro area,EMU,Logistics performance index: Ease of arranging competitively priced shipments (1=low to 5=high),LP.LPI.ITRN.XQ,logistics,2007,3.321
European Union,EUU,Logistics performance index: Ease of arranging competitively priced shipments (1=low to 5=high),LP.LPI.ITRN.XQ,logistics,2007,3.31692307692308
France,FRA,Logistics performance index: Ease of arranging competitively priced shipments (1=low to 5=high),LP.LPI.ITRN.XQ,logistics,2007,3.63
United Kingdom,GBR,Logistics performance index: Ease of arranging competitively priced shipments (1=low to 5=high),LP.LPI.ITRN.XQ,logistics,2007,3.85
Greece,GRC,Logistics performance index: Ease of arranging competitively priced shipments (1=low to 5=high),LP.LPI.ITRN.XQ,logistics,2007,3.11
India,IND,Logistics performance index: Ease of arranging competitively priced shipments (1=low to 5=high),LP.LPI.ITRN.XQ,logistics,2007,3.08
Italy,ITA,Logistics performance index: Ease of arranging competitively priced shipments (1=low to 5=high),LP.LPI.ITRN.XQ,logistics,2007,3.57
Jordan,JOR,Logistics performance index: Ease of arranging competitively priced shipments (1=low to 5=high),LP.LPI.ITRN.XQ,logistics,2007,3.08
Kuwait,KWT,Logistics performance index: Ease of arranging competitively priced shipments (1=low to 5=high),LP.LPI.ITRN.XQ,logistics,2007,2.6
Lebanon,LBN,Logistics performance index: Ease of arranging competitively priced shipments (1=low to 5=high),LP.LPI.ITRN.XQ,logistics,2007,2.5
Qatar,QAT,Logistics performance index: Ease of arranging competitively priced shipments (1=low to 5=high),LP.LPI.ITRN.XQ,logistics,2007,3.0
Saudi Arabia,SAU,Logistics performance index: Ease of arranging competitively priced shipments (1=low to 5=high),LP.LPI.ITRN.XQ,logistics,2007,2.93
Turkiye,TUR,Logistics performance index: Ease of arranging competitively priced shipments (1=low to 5=high),LP.LPI.ITRN.XQ,logistics,2007,3.07
United States,USA,Logistics performance index: Ease of arranging competitively priced shipments (1=low to 5=high),LP.LPI.ITRN.XQ,logistics,2007,3.58
World,WLD,Logistics performance index: Ease of arranging competitively priced shipments (1=low to 5=high),LP.LPI.ITRN.XQ,logistics,2007,2.71846666666667
United Arab Emirates,ARE,Logistics performance index: Ease of arranging competitively priced shipments (1=low to 5=high),LP.LPI.ITRN.XQ,logistics,2010,3.48
Australia,AUS,Logistics performance index: Ease of arranging competitively priced shipments (1=low to 5=high),LP.LPI.ITRN.XQ,logistics,2010,3.78
Canada,CAN,Logistics performance index: Ease of arranging competitively priced shipments (1=low to 5=high),LP.LPI.ITRN.XQ,logistics,2010,3.24
China,CHN,Logistics performance index: Ease of arranging competitively priced shipments (1=low to 5=high),LP.LPI.ITRN.XQ,logistics,2010,3.31
Germany,DEU,Logistics performance index: Ease of arranging competitively priced shipments (1=low to 5=high),LP.LPI.ITRN.XQ,logistics,2010,3.66
"Egypt, Arab Rep.",EGY,Logistics performance index: Ease of arranging competitively priced shipments (1=low to 5=high),LP.LPI.ITRN.XQ,logistics,2010,2.56
Euro area,EMU,Logistics performance index: Ease of arranging competitively priced shipments (1=low to 5=high),LP.LPI.ITRN.XQ,logistics,2010,3.25428571428571
European Union,EUU,Logistics performance index: Ease of arranging competitively priced shipments (1=low to 5=high),LP.LPI.ITRN.XQ,logistics,2010,3.27
France,FRA,Logistics performance index: Ease of arranging competitively priced shipments (1=low to 5=high),LP.LPI.ITRN.XQ,logistics,2010,3.3
United Kingdom,GBR,Logistics performance index: Ease of arranging competitively priced shipments (1=low to 5=high),LP.LPI.ITRN.XQ,logistics,2010,3.66
Greece,GRC,Logistics performance index: Ease of arranging competitively priced shipments (1=low to 5=high),LP.LPI.ITRN.XQ,logistics,2010,2.85
India,IND,Logistics performance index: Ease of arranging competitively priced shipments (1=low to 5=high),LP.LPI.ITRN.XQ,logistics,2010,3.13
Iraq,IRQ,Logistics performance index: Ease of arranging competitively priced shipments (1=low to 5=high),LP.LPI.ITRN.XQ,logistics,2010,2.2
Italy,ITA,Logistics performance index: Ease of arranging competitively priced shipments (1=low to 5=high),LP.LPI.ITRN.XQ,logistics,2010,3.21
Jordan,JOR,Logistics performance index: Ease of arranging competitively priced shipments (1=low to 5=high),LP.LPI.ITRN.XQ,logistics,2010,3.11
Kuwait,KWT,Logistics performance index: Ease of arranging competitively priced shipments (1=low to 5=high),LP.LPI.ITRN.XQ,logistics,2010,3.12
Lebanon,LBN,Logistics performance index: Ease of arranging competitively priced shipments (1=low to 5=high),LP.LPI.ITRN.XQ,logistics,2010,2.87
Qatar,QAT,Logistics performance index: Ease of arranging competitively priced shipments (1=low to 5=high),LP.LPI.ITRN.XQ,logistics,2010,2.92
Saudi Arabia,SAU,Logistics performance index: Ease of arranging competitively priced shipments (1=low to 5=high),LP.LPI.ITRN.XQ,logistics,2010,2.8
Turkiye,TUR,Logistics performance index: Ease of arranging competitively priced shipments (1=low to 5=high),LP.LPI.ITRN.XQ,logistics,2010,3.15
United States,USA,Logistics performance index: Ease of arranging competitively priced shipments (1=low to 5=high),LP.LPI.ITRN.XQ,logistics,2010,3.21
World,WLD,Logistics performance index: Ease of arranging competitively priced shipments (1=low to 5=high),LP.LPI.ITRN.XQ,logistics,2010,2.84522580645161
United Arab Emirates,ARE,Logistics performance index: Ease of arranging competitively priced shipments (1=low to 5=high),LP.LPI.ITRN.XQ,logistics,2012,3.59
Australia,AUS,Logistics performance index: Ease of arranging competitively priced shipments (1=low to 5=high),LP.LPI.ITRN.XQ,logistics,2012,3.4
Canada,CAN,Logistics performance index: Ease of arranging competitively priced shipments (1=low to 5=high),LP.LPI.ITRN.XQ,logistics,2012,3.55
China,CHN,Logistics performance index: Ease of arranging competitively priced shipments (1=low to 5=high),LP.LPI.ITRN.XQ,logistics,2012,3.46
Germany,DEU,Logistics performance index: Ease of arranging competitively priced shipments (1=low to 5=high),LP.LPI.ITRN.XQ,logistics,2012,3.67
"Egypt, Arab Rep.",EGY,Logistics performance index: Ease of arranging competitively priced shipments (1=low to 5=high),LP.LPI.ITRN.XQ,logistics,2012,3.0
Euro area,EMU,Logistics performance index: Ease of arranging competitively priced shipments (1=low to 5=high),LP.LPI.ITRN.XQ,logistics,2012,3.3452380952381
European Union,EUU,Logistics performance index: Ease of arranging competitively priced shipments (1=low to 5=high),LP.LPI.ITRN.XQ,logistics,2012,3.32592592592593
France,FRA,Logistics performance index: Ease of arranging competitively priced shipments (1=low to 5=high),LP.LPI.ITRN.XQ,logistics,2012,3.73
United Kingdom,GBR,Logistics performance index: Ease of arranging competitively priced shipments (1=low to 5=high),LP.LPI.ITRN.XQ,logistics,2012,3.63
Greece,GRC,Logistics performance index: Ease of arranging competitively priced shipments (1=low to 5=high),LP.LPI.ITRN.XQ,logistics,2012,2.69
India,IND,Logistics performance index: Ease of arranging competitively priced shipments (1=low to 5=high),LP.LPI.ITRN.XQ,logistics,2012,2.98
Iraq,IRQ,Logistics performance index: Ease of arranging competitively priced shipments (1=low to 5=high),LP.LPI.ITRN.XQ,logistics,2012,2.38
Italy,ITA,Logistics performance index: Ease of arranging competitively priced shipments (1=low to 5=high),LP.LPI.ITRN.XQ,logistics,2012,3.53
Jordan,JOR,Logistics performance index: Ease of arranging competitively priced shipments (1=low to 5=high),LP.LPI.ITRN.XQ,logistics,2012,2.88
Kuwait,KWT,Logistics performance index: Ease of arranging competitively priced shipments (1=low to 5=high),LP.LPI.ITRN.XQ,logistics,2012,2.68
Lebanon,LBN,Logistics performance index: Ease of arranging competitively priced shipments (1=low to 5=high),LP.LPI.ITRN.XQ,logistics,2012,2.71
Qatar,QAT,Logistics performance index: Ease of arranging competitively priced shipments (1=low to 5=high),LP.LPI.ITRN.XQ,logistics,2012,2.88
Saudi Arabia,SAU,Logistics performance index: Ease of arranging competitively priced shipments (1=low to 5=high),LP.LPI.ITRN.XQ,logistics,2012,3.1
Turkiye,TUR,Logistics performance index: Ease of arranging competitively priced shipments (1=low to 5=high),LP.LPI.ITRN.XQ,logistics,2012,3.38
United States,USA,Logistics performance index: Ease of arranging competitively priced shipments (1=low to 5=high),LP.LPI.ITRN.XQ,logistics,2012,3.56
World,WLD,Logistics performance index: Ease of arranging competitively priced shipments (1=low to 5=high),LP.LPI.ITRN.XQ,logistics,2012,2.82701298701299
United Arab Emirates,ARE,Logistics performance index: Ease of arranging competitively priced shipments (1=low to 5=high),LP.LPI.ITRN.XQ,logistics,2014,3.200965
Australia,AUS,Logistics performance index: Ease of arranging competitively priced shipments (1=low to 5=high),LP.LPI.ITRN.XQ,logistics,2014,3.518525
Canada,CAN,Logistics performance index: Ease of arranging competitively priced shipments (1=low to 5=high),LP.LPI.ITRN.XQ,logistics,2014,3.464442
China,CHN,Logistics performance index: Ease of arranging competitively priced shipments (1=low to 5=high),LP.LPI.ITRN.XQ,logistics,2014,3.503218
Germany,DEU,Logistics performance index: Ease of arranging competitively priced shipments (1=low to 5=high),LP.LPI.ITRN.XQ,logistics,2014,3.744272
"Egypt, Arab Rep.",EGY,Logistics performance index: Ease of arranging competitively priced shipments (1=low to 5=high),LP.LPI.ITRN.XQ,logistics,2014,2.866667
Euro area,EMU,Logistics performance index: Ease of arranging competitively priced shipments (1=low to 5=high),LP.LPI.ITRN.XQ,logistics,2014,3.38302419047619
European Union,EUU,Logistics performance index: Ease of arranging competitively priced shipments (1=low to 5=high),LP.LPI.ITRN.XQ,logistics,2014,3.41543585185185
France,FRA,Logistics performance index: Ease of arranging competitively priced shipments (1=low to 5=high),LP.LPI.ITRN.XQ,logistics,2014,3.682113
United Kingdom,GBR,Logistics performance index: Ease of arranging competitively priced shipments (1=low to 5=high),LP.LPI.ITRN.XQ,logistics,2014,3.629658
Greece,GRC,Logistics performance index: Ease of arranging competitively priced shipments (1=low to 5=high),LP.LPI.ITRN.XQ,logistics,2014,2.970246
India,IND,Logistics performance index: Ease of arranging competitively priced shipments (1=low to 5=high),LP.LPI.ITRN.XQ,logistics,2014,3.198278
Iraq,IRQ,Logistics performance index: Ease of arranging competitively priced shipments (1=low to 5=high),LP.LPI.ITRN.XQ,logistics,2014,2.30889
Italy,ITA,Logistics performance index: Ease of arranging competitively priced shipments (1=low to 5=high),LP.LPI.ITRN.XQ,logistics,2014,3.538153
Jordan,JOR,Logistics performance index: Ease of arranging competitively priced shipments (1=low to 5=high),LP.LPI.ITRN.XQ,logistics,2014,2.955682
Kuwait,KWT,Logistics performance index: Ease of arranging competitively priced shipments (1=low to 5=high),LP.LPI.ITRN.XQ,logistics,2014,2.759088
Lebanon,LBN,Logistics performance index: Ease of arranging competitively priced shipments (1=low to 5=high),LP.LPI.ITRN.XQ,logistics,2014,2.527778
Qatar,QAT,Logistics performance index: Ease of arranging competitively priced shipments (1=low to 5=high),LP.LPI.ITRN.XQ,logistics,2014,3.550252
Saudi Arabia,SAU,Logistics performance index: Ease of arranging competitively priced shipments (1=low to 5=high),LP.LPI.ITRN.XQ,logistics,2014,2.93211
Turkiye,TUR,Logistics performance index: Ease of arranging competitively priced shipments (1=low to 5=high),LP.LPI.ITRN.XQ,logistics,2014,3.182316
United States,USA,Logistics performance index: Ease of arranging competitively priced shipments (1=low to 5=high),LP.LPI.ITRN.XQ,logistics,2014,3.44804
World,WLD,Logistics performance index: Ease of arranging competitively priced shipments (1=low to 5=high),LP.LPI.ITRN.XQ,logistics,2014,2.8643239875
United Arab Emirates,ARE,Logistics performance index: Ease of arranging competitively priced shipments (1=low to 5=high),LP.LPI.ITRN.XQ,logistics,2016,3.893777
Australia,AUS,Logistics performance index: Ease of arranging competitively priced shipments (1=low to 5=high),LP.LPI.ITRN.XQ,logistics,2016,3.633604
Canada,CAN,Logistics performance index: Ease of arranging competitively priced shipments (1=low to 5=high),LP.LPI.ITRN.XQ,logistics,2016,3.558343
China,CHN,Logistics performance index: Ease of arranging competitively priced shipments (1=low to 5=high),LP.LPI.ITRN.XQ,logistics,2016,3.704961
Germany,DEU,Logistics performance index: Ease of arranging competitively priced shipments (1=low to 5=high),LP.LPI.ITRN.XQ,logistics,2016,3.857241
"Egypt, Arab Rep.",EGY,Logistics performance index: Ease of arranging competitively priced shipments (1=low to 5=high),LP.LPI.ITRN.XQ,logistics,2016,3.273261
Euro area,EMU,Logistics performance index: Ease of arranging competitively priced shipments (1=low to 5=high),LP.LPI.ITRN.XQ,logistics,2016,3.46136276190476
European Union,EUU,Logistics performance index: Ease of arranging competitively priced shipments (1=low to 5=high),LP.LPI.ITRN.XQ,logistics,2016,3.47902722222222
France,FRA,Logistics performance index: Ease of arranging competitively priced shipments (1=low to 5=high),LP.LPI.ITRN.XQ,logistics,2016,3.641893
United Kingdom,GBR,Logistics performance index: Ease of arranging competitively priced shipments (1=low to 5=high),LP.LPI.ITRN.XQ,logistics,2016,3.766314
Greece,GRC,Logistics performance index: Ease of arranging competitively priced shipments (1=low to 5=high),LP.LPI.ITRN.XQ,logistics,2016,2.97086
India,IND,Logistics performance index: Ease of arranging competitively priced shipments (1=low to 5=high),LP.LPI.ITRN.XQ,logistics,2016,3.364115
Iraq,IRQ,Logistics performance index: Ease of arranging competitively priced shipments (1=low to 5=high),LP.LPI.ITRN.XQ,logistics,2016,2.333148
Italy,ITA,Logistics performance index: Ease of arranging competitively priced shipments (1=low to 5=high),LP.LPI.ITRN.XQ,logistics,2016,3.651206
Jordan,JOR,Logistics performance index: Ease of arranging competitively priced shipments (1=low to 5=high),LP.LPI.ITRN.XQ,logistics,2016,3.1737
Kuwait,KWT,Logistics performance index: Ease of arranging competitively priced shipments (1=low to 5=high),LP.LPI.ITRN.XQ,logistics,2016,3.618687
Lebanon,LBN,Logistics performance index: Ease of arranging competitively priced shipments (1=low to 5=high),LP.LPI.ITRN.XQ,logistics,2016,2.842975
Qatar,QAT,Logistics performance index: Ease of arranging competitively priced shipments (1=low to 5=high),LP.LPI.ITRN.XQ,logistics,2016,3.582678
Saudi Arabia,SAU,Logistics performance index: Ease of arranging competitively priced shipments (1=low to 5=high),LP.LPI.ITRN.XQ,logistics,2016,3.228372
Turkiye,TUR,Logistics performance index: Ease of arranging competitively priced shipments (1=low to 5=high),LP.LPI.ITRN.XQ,logistics,2016,3.412406
United States,USA,Logistics performance index: Ease of arranging competitively priced shipments (1=low to 5=high),LP.LPI.ITRN.XQ,logistics,2016,3.650306
World,WLD,Logistics performance index: Ease of arranging competitively priced shipments (1=low to 5=high),LP.LPI.ITRN.XQ,logistics,2016,2.86593981875
United Arab Emirates,ARE,Logistics performance index: Ease of arranging competitively priced shipments (1=low to 5=high),LP.LPI.ITRN.XQ,logistics,2018,3.85
Australia,AUS,Logistics performance index: Ease of arranging competitively priced shipments (1=low to 5=high),LP.LPI.ITRN.XQ,logistics,2018,3.25
Canada,CAN,Logistics performance index: Ease of arranging competitively priced shipments (1=low to 5=high),LP.LPI.ITRN.XQ,logistics,2018,3.38
China,CHN,Logistics performance index: Ease of arranging competitively priced shipments (1=low to 5=high),LP.LPI.ITRN.XQ,logistics,2018,3.54
Germany,DEU,Logistics performance index: Ease of arranging competitively priced shipments (1=low to 5=high),LP.LPI.ITRN.XQ,logistics,2018,3.86
"Egypt, Arab Rep.",EGY,Logistics performance index: Ease of arranging competitively priced shipments (1=low to 5=high),LP.LPI.ITRN.XQ,logistics,2018,2.79
Euro area,EMU,Logistics performance index: Ease of arranging competitively priced shipments (1=low to 5=high),LP.LPI.ITRN.XQ,logistics,2018,3.3747619047619
European Union,EUU,Logistics performance index: Ease of arranging competitively priced shipments (1=low to 5=high),LP.LPI.ITRN.XQ,logistics,2018,3.41296296296296
France,FRA,Logistics performance index: Ease of arranging competitively priced shipments (1=low to 5=high),LP.LPI.ITRN.XQ,logistics,2018,3.55
United Kingdom,GBR,Logistics performance index: Ease of arranging competitively priced shipments (1=low to 5=high),LP.LPI.ITRN.XQ,logistics,2018,3.67
Greece,GRC,Logistics performance index: Ease of arranging competitively priced shipments (1=low to 5=high),LP.LPI.ITRN.XQ,logistics,2018,3.3
India,IND,Logistics performance index: Ease of arranging competitively priced shipments (1=low to 5=high),LP.LPI.ITRN.XQ,logistics,2018,3.21
Iraq,IRQ,Logistics performance index: Ease of arranging competitively priced shipments (1=low to 5=high),LP.LPI.ITRN.XQ,logistics,2018,2.32
Italy,ITA,Logistics performance index: Ease of arranging competitively priced shipments (1=low to 5=high),LP.LPI.ITRN.XQ,logistics,2018,3.51
Jordan,JOR,Logistics performance index: Ease of arranging competitively priced shipments (1=low to 5=high),LP.LPI.ITRN.XQ,logistics,2018,2.44
Kuwait,KWT,Logistics performance index: Ease of arranging competitively priced shipments (1=low to 5=high),LP.LPI.ITRN.XQ,logistics,2018,2.63
Lebanon,LBN,Logistics performance index: Ease of arranging competitively priced shipments (1=low to 5=high),LP.LPI.ITRN.XQ,logistics,2018,2.8
Qatar,QAT,Logistics performance index: Ease of arranging competitively priced shipments (1=low to 5=high),LP.LPI.ITRN.XQ,logistics,2018,3.75
Saudi Arabia,SAU,Logistics performance index: Ease of arranging competitively priced shipments (1=low to 5=high),LP.LPI.ITRN.XQ,logistics,2018,2.99
Turkiye,TUR,Logistics performance index: Ease of arranging competitively priced shipments (1=low to 5=high),LP.LPI.ITRN.XQ,logistics,2018,3.06
United States,USA,Logistics performance index: Ease of arranging competitively priced shipments (1=low to 5=high),LP.LPI.ITRN.XQ,logistics,2018,3.51
World,WLD,Logistics performance index: Ease of arranging competitively priced shipments (1=low to 5=high),LP.LPI.ITRN.XQ,logistics,2018,2.8299375
United Arab Emirates,ARE,Logistics performance index: Ease of arranging competitively priced shipments (1=low to 5=high),LP.LPI.ITRN.XQ,logistics,2022,3.8
Australia,AUS,Logistics performance index: Ease of arranging competitively priced shipments (1=low to 5=high),LP.LPI.ITRN.XQ,logistics,2022,3.1
Canada,CAN,Logistics performance index: Ease of arranging competitively priced shipments (1=low to 5=high),LP.LPI.ITRN.XQ,logistics,2022,3.6
China,CHN,Logistics performance index: Ease of arranging competitively priced shipments (1=low to 5=high),LP.LPI.ITRN.XQ,logistics,2022,3.6
Germany,DEU,Logistics performance index: Ease of arranging competitively priced shipments (1=low to 5=high),LP.LPI.ITRN.XQ,logistics,2022,3.7
"Egypt, Arab Rep.",EGY,Logistics performance index: Ease of arranging competitively priced shipments (1=low to 5=high),LP.LPI.ITRN.XQ,logistics,2022,3.2
Euro area,EMU,Logistics performance index: Ease of arranging competitively priced shipments (1=low to 5=high),LP.LPI.ITRN.XQ,logistics,2022,3.48095238095238
European Union,EUU,Logistics performance index: Ease of arranging competitively priced shipments (1=low to 5=high),LP.LPI.ITRN.XQ,logistics,2022,3.46666666666667
France,FRA,Logistics performance index: Ease of arranging competitively priced shipments (1=low to 5=high),LP.LPI.ITRN.XQ,logistics,2022,3.7
United Kingdom,GBR,Logistics performance index: Ease of arranging competitively priced shipments (1=low to 5=high),LP.LPI.ITRN.XQ,logistics,2022,3.5
Greece,GRC,Logistics performance index: Ease of arranging competitively priced shipments (1=low to 5=high),LP.LPI.ITRN.XQ,logistics,2022,3.8
India,IND,Logistics performance index: Ease of arranging competitively priced shipments (1=low to 5=high),LP.LPI.ITRN.XQ,logistics,2022,3.5
Iraq,IRQ,Logistics performance index: Ease of arranging competitively priced shipments (1=low to 5=high),LP.LPI.ITRN.XQ,logistics,2022,2.5
Italy,ITA,Logistics performance index: Ease of arranging competitively priced shipments (1=low to 5=high),LP.LPI.ITRN.XQ,logistics,2022,3.4
Kuwait,KWT,Logistics performance index: Ease of arranging competitively priced shipments (1=low to 5=high),LP.LPI.ITRN.XQ,logistics,2022,3.2
Qatar,QAT,Logistics performance index: Ease of arranging competitively priced shipments (1=low to 5=high),LP.LPI.ITRN.XQ,logistics,2022,3.1
Saudi Arabia,SAU,Logistics performance index: Ease of arranging competitively priced shipments (1=low to 5=high),LP.LPI.ITRN.XQ,logistics,2022,3.3
Turkiye,TUR,Logistics performance index: Ease of arranging competitively priced shipments (1=low to 5=high),LP.LPI.ITRN.XQ,logistics,2022,3.4
United States,USA,Logistics performance index: Ease of arranging competitively priced shipments (1=low to 5=high),LP.LPI.ITRN.XQ,logistics,2022,3.4
World,WLD,Logistics performance index: Ease of arranging competitively priced shipments (1=low to 5=high),LP.LPI.ITRN.XQ,logistics,2022,2.92517985611511
United Arab Emirates,ARE,Logistics performance index: Competence and quality of logistics services (1=low to 5=high),LP.LPI.LOGS.XQ,logistics,2007,3.67
Australia,AUS,Logistics performance index: Competence and quality of logistics services (1=low to 5=high),LP.LPI.LOGS.XQ,logistics,2007,3.76
Canada,CAN,Logistics performance index: Competence and quality of logistics services (1=low to 5=high),LP.LPI.LOGS.XQ,logistics,2007,3.85
China,CHN,Logistics performance index: Competence and quality of logistics services (1=low to 5=high),LP.LPI.LOGS.XQ,logistics,2007,3.4
Germany,DEU,Logistics performance index: Competence and quality of logistics services (1=low to 5=high),LP.LPI.LOGS.XQ,logistics,2007,4.21
"Egypt, Arab Rep.",EGY,Logistics performance index: Competence and quality of logistics services (1=low to 5=high),LP.LPI.LOGS.XQ,logistics,2007,2.38
Euro area,EMU,Logistics performance index: Competence and quality of logistics services (1=low to 5=high),LP.LPI.LOGS.XQ,logistics,2007,3.4095
European Union,EUU,Logistics performance index: Competence and quality of logistics services (1=low to 5=high),LP.LPI.LOGS.XQ,logistics,2007,3.38653846153846
France,FRA,Logistics performance index: Competence and quality of logistics services (1=low to 5=high),LP.LPI.LOGS.XQ,logistics,2007,3.76
United Kingdom,GBR,Logistics performance index: Competence and quality of logistics services (1=low to 5=high),LP.LPI.LOGS.XQ,logistics,2007,4.02
Greece,GRC,Logistics performance index: Competence and quality of logistics services (1=low to 5=high),LP.LPI.LOGS.XQ,logistics,2007,3.33
India,IND,Logistics performance index: Competence and quality of logistics services (1=low to 5=high),LP.LPI.LOGS.XQ,logistics,2007,3.27
Italy,ITA,Logistics performance index: Competence and quality of logistics services (1=low to 5=high),LP.LPI.LOGS.XQ,logistics,2007,3.63
Jordan,JOR,Logistics performance index: Competence and quality of logistics services (1=low to 5=high),LP.LPI.LOGS.XQ,logistics,2007,3.0
Kuwait,KWT,Logistics performance index: Competence and quality of logistics services (1=low to 5=high),LP.LPI.LOGS.XQ,logistics,2007,3.0
Lebanon,LBN,Logistics performance index: Competence and quality of logistics services (1=low to 5=high),LP.LPI.LOGS.XQ,logistics,2007,2.4
Qatar,QAT,Logistics performance index: Competence and quality of logistics services (1=low to 5=high),LP.LPI.LOGS.XQ,logistics,2007,3.0
Saudi Arabia,SAU,Logistics performance index: Competence and quality of logistics services (1=low to 5=high),LP.LPI.LOGS.XQ,logistics,2007,2.88
Turkiye,TUR,Logistics performance index: Competence and quality of logistics services (1=low to 5=high),LP.LPI.LOGS.XQ,logistics,2007,3.29
United States,USA,Logistics performance index: Competence and quality of logistics services (1=low to 5=high),LP.LPI.LOGS.XQ,logistics,2007,3.85
World,WLD,Logistics performance index: Competence and quality of logistics services (1=low to 5=high),LP.LPI.LOGS.XQ,logistics,2007,2.70633333333333
United Arab Emirates,ARE,Logistics performance index: Competence and quality of logistics services (1=low to 5=high),LP.LPI.LOGS.XQ,logistics,2010,3.53
Australia,AUS,Logistics performance index: Competence and quality of logistics services (1=low to 5=high),LP.LPI.LOGS.XQ,logistics,2010,3.77
Canada,CAN,Logistics performance index: Competence and quality of logistics services (1=low to 5=high),LP.LPI.LOGS.XQ,logistics,2010,3.99
China,CHN,Logistics performance index: Competence and quality of logistics services (1=low to 5=high),LP.LPI.LOGS.XQ,logistics,2010,3.49
Germany,DEU,Logistics performance index: Competence and quality of logistics services (1=low to 5=high),LP.LPI.LOGS.XQ,logistics,2010,4.14
"Egypt, Arab Rep.",EGY,Logistics performance index: Competence and quality of logistics services (1=low to 5=high),LP.LPI.LOGS.XQ,logistics,2010,2.87
Euro area,EMU,Logistics performance index: Competence and quality of logistics services (1=low to 5=high),LP.LPI.LOGS.XQ,logistics,2010,3.3752380952381
European Union,EUU,Logistics performance index: Competence and quality of logistics services (1=low to 5=high),LP.LPI.LOGS.XQ,logistics,2010,3.37074074074074
France,FRA,Logistics performance index: Competence and quality of logistics services (1=low to 5=high),LP.LPI.LOGS.XQ,logistics,2010,3.87
United Kingdom,GBR,Logistics performance index: Competence and quality of logistics services (1=low to 5=high),LP.LPI.LOGS.XQ,logistics,2010,3.92
Greece,GRC,Logistics performance index: Competence and quality of logistics services (1=low to 5=high),LP.LPI.LOGS.XQ,logistics,2010,2.69
India,IND,Logistics performance index: Competence and quality of logistics services (1=low to 5=high),LP.LPI.LOGS.XQ,logistics,2010,3.16
Iraq,IRQ,Logistics performance index: Competence and quality of logistics services (1=low to 5=high),LP.LPI.LOGS.XQ,logistics,2010,2.1
Italy,ITA,Logistics performance index: Competence and quality of logistics services (1=low to 5=high),LP.LPI.LOGS.XQ,logistics,2010,3.74
Jordan,JOR,Logistics performance index: Competence and quality of logistics services (1=low to 5=high),LP.LPI.LOGS.XQ,logistics,2010,2.49
Kuwait,KWT,Logistics performance index: Competence and quality of logistics services (1=low to 5=high),LP.LPI.LOGS.XQ,logistics,2010,3.11
Lebanon,LBN,Logistics performance index: Competence and quality of logistics services (1=low to 5=high),LP.LPI.LOGS.XQ,logistics,2010,3.73
Qatar,QAT,Logistics performance index: Competence and quality of logistics services (1=low to 5=high),LP.LPI.LOGS.XQ,logistics,2010,2.57
Saudi Arabia,SAU,Logistics performance index: Competence and quality of logistics services (1=low to 5=high),LP.LPI.LOGS.XQ,logistics,2010,3.33
Turkiye,TUR,Logistics performance index: Competence and quality of logistics services (1=low to 5=high),LP.LPI.LOGS.XQ,logistics,2010,3.23
United States,USA,Logistics performance index: Competence and quality of logistics services (1=low to 5=high),LP.LPI.LOGS.XQ,logistics,2010,3.92
World,WLD,Logistics performance index: Competence and quality of logistics services (1=low to 5=high),LP.LPI.LOGS.XQ,logistics,2010,2.75825806451613
United Arab Emirates,ARE,Logistics performance index: Competence and quality of logistics services (1=low to 5=high),LP.LPI.LOGS.XQ,logistics,2012,3.74
Australia,AUS,Logistics performance index: Competence and quality of logistics services (1=low to 5=high),LP.LPI.LOGS.XQ,logistics,2012,3.75
Canada,CAN,Logistics performance index: Competence and quality of logistics services (1=low to 5=high),LP.LPI.LOGS.XQ,logistics,2012,3.85
China,CHN,Logistics performance index: Competence and quality of logistics services (1=low to 5=high),LP.LPI.LOGS.XQ,logistics,2012,3.47
Germany,DEU,Logistics performance index: Competence and quality of logistics services (1=low to 5=high),LP.LPI.LOGS.XQ,logistics,2012,4.09
"Egypt, Arab Rep.",EGY,Logistics performance index: Competence and quality of logistics services (1=low to 5=high),LP.LPI.LOGS.XQ,logistics,2012,2.95
Euro area,EMU,Logistics performance index: Competence and quality of logistics services (1=low to 5=high),LP.LPI.LOGS.XQ,logistics,2012,3.42904761904762
European Union,EUU,Logistics performance index: Competence and quality of logistics services (1=low to 5=high),LP.LPI.LOGS.XQ,logistics,2012,3.43333333333333
France,FRA,Logistics performance index: Competence and quality of logistics services (1=low to 5=high),LP.LPI.LOGS.XQ,logistics,2012,3.82
United Kingdom,GBR,Logistics performance index: Competence and quality of logistics services (1=low to 5=high),LP.LPI.LOGS.XQ,logistics,2012,3.93
Greece,GRC,Logistics performance index: Competence and quality of logistics services (1=low to 5=high),LP.LPI.LOGS.XQ,logistics,2012,2.76
India,IND,Logistics performance index: Competence and quality of logistics services (1=low to 5=high),LP.LPI.LOGS.XQ,logistics,2012,3.14
Iraq,IRQ,Logistics performance index: Competence and quality of logistics services (1=low to 5=high),LP.LPI.LOGS.XQ,logistics,2012,2.19
Italy,ITA,Logistics performance index: Competence and quality of logistics services (1=low to 5=high),LP.LPI.LOGS.XQ,logistics,2012,3.65
Jordan,JOR,Logistics performance index: Competence and quality of logistics services (1=low to 5=high),LP.LPI.LOGS.XQ,logistics,2012,2.17
Kuwait,KWT,Logistics performance index: Competence and quality of logistics services (1=low to 5=high),LP.LPI.LOGS.XQ,logistics,2012,2.68
Lebanon,LBN,Logistics performance index: Competence and quality of logistics services (1=low to 5=high),LP.LPI.LOGS.XQ,logistics,2012,2.38
Qatar,QAT,Logistics performance index: Competence and quality of logistics services (1=low to 5=high),LP.LPI.LOGS.XQ,logistics,2012,3.25
Saudi Arabia,SAU,Logistics performance index: Competence and quality of logistics services (1=low to 5=high),LP.LPI.LOGS.XQ,logistics,2012,2.99
Turkiye,TUR,Logistics performance index: Competence and quality of logistics services (1=low to 5=high),LP.LPI.LOGS.XQ,logistics,2012,3.52
United States,USA,Logistics performance index: Competence and quality of logistics services (1=low to 5=high),LP.LPI.LOGS.XQ,logistics,2012,3.96
World,WLD,Logistics performance index: Competence and quality of logistics services (1=low to 5=high),LP.LPI.LOGS.XQ,logistics,2012,2.81896103896104
United Arab Emirates,ARE,Logistics performance index: Competence and quality of logistics services (1=low to 5=high),LP.LPI.LOGS.XQ,logistics,2014,3.497073
Australia,AUS,Logistics performance index: Competence and quality of logistics services (1=low to 5=high),LP.LPI.LOGS.XQ,logistics,2014,3.748209
Canada,CAN,Logistics performance index: Competence and quality of logistics services (1=low to 5=high),LP.LPI.LOGS.XQ,logistics,2014,3.940668
China,CHN,Logistics performance index: Competence and quality of logistics services (1=low to 5=high),LP.LPI.LOGS.XQ,logistics,2014,3.460197
Germany,DEU,Logistics performance index: Competence and quality of logistics services (1=low to 5=high),LP.LPI.LOGS.XQ,logistics,2014,4.122776
"Egypt, Arab Rep.",EGY,Logistics performance index: Competence and quality of logistics services (1=low to 5=high),LP.LPI.LOGS.XQ,logistics,2014,2.990973
Euro area,EMU,Logistics performance index: Competence and quality of logistics services (1=low to 5=high),LP.LPI.LOGS.XQ,logistics,2014,3.50375271428571
European Union,EUU,Logistics performance index: Competence and quality of logistics services (1=low to 5=high),LP.LPI.LOGS.XQ,logistics,2014,3.51156707407407
France,FRA,Logistics performance index: Competence and quality of logistics services (1=low to 5=high),LP.LPI.LOGS.XQ,logistics,2014,3.754644
United Kingdom,GBR,Logistics performance index: Competence and quality of logistics services (1=low to 5=high),LP.LPI.LOGS.XQ,logistics,2014,4.028607
Greece,GRC,Logistics performance index: Competence and quality of logistics services (1=low to 5=high),LP.LPI.LOGS.XQ,logistics,2014,3.227133
India,IND,Logistics performance index: Competence and quality of logistics services (1=low to 5=high),LP.LPI.LOGS.XQ,logistics,2014,3.029319
Iraq,IRQ,Logistics performance index: Competence and quality of logistics services (1=low to 5=high),LP.LPI.LOGS.XQ,logistics,2014,2.145176
Italy,ITA,Logistics performance index: Competence and quality of logistics services (1=low to 5=high),LP.LPI.LOGS.XQ,logistics,2014,3.62495
Jordan,JOR,Logistics performance index: Competence and quality of logistics services (1=low to 5=high),LP.LPI.LOGS.XQ,logistics,2014,2.939394
Kuwait,KWT,Logistics performance index: Competence and quality of logistics services (1=low to 5=high),LP.LPI.LOGS.XQ,logistics,2014,2.956508
Lebanon,LBN,Logistics performance index: Competence and quality of logistics services (1=low to 5=high),LP.LPI.LOGS.XQ,logistics,2014,2.888889
Qatar,QAT,Logistics performance index: Competence and quality of logistics services (1=low to 5=high),LP.LPI.LOGS.XQ,logistics,2014,3.550252
Saudi Arabia,SAU,Logistics performance index: Competence and quality of logistics services (1=low to 5=high),LP.LPI.LOGS.XQ,logistics,2014,3.112258
Turkiye,TUR,Logistics performance index: Competence and quality of logistics services (1=low to 5=high),LP.LPI.LOGS.XQ,logistics,2014,3.640789
United States,USA,Logistics performance index: Competence and quality of logistics services (1=low to 5=high),LP.LPI.LOGS.XQ,logistics,2014,3.970199
World,WLD,Logistics performance index: Competence and quality of logistics services (1=low to 5=high),LP.LPI.LOGS.XQ,logistics,2014,2.85384496875
United Arab Emirates,ARE,Logistics performance index: Competence and quality of logistics services (1=low to 5=high),LP.LPI.LOGS.XQ,logistics,2016,3.822432
Australia,AUS,Logistics performance index: Competence and quality of logistics services (1=low to 5=high),LP.LPI.LOGS.XQ,logistics,2016,3.871699
Canada,CAN,Logistics performance index: Competence and quality of logistics services (1=low to 5=high),LP.LPI.LOGS.XQ,logistics,2016,3.897193
China,CHN,Logistics performance index: Competence and quality of logistics services (1=low to 5=high),LP.LPI.LOGS.XQ,logistics,2016,3.620071
Germany,DEU,Logistics performance index: Competence and quality of logistics services (1=low to 5=high),LP.LPI.LOGS.XQ,logistics,2016,4.27905
"Egypt, Arab Rep.",EGY,Logistics performance index: Competence and quality of logistics services (1=low to 5=high),LP.LPI.LOGS.XQ,logistics,2016,3.203985
Euro area,EMU,Logistics performance index: Competence and quality of logistics services (1=low to 5=high),LP.LPI.LOGS.XQ,logistics,2016,3.52034814285714
European Union,EUU,Logistics performance index: Competence and quality of logistics services (1=low to 5=high),LP.LPI.LOGS.XQ,logistics,2016,3.53319625925926
France,FRA,Logistics performance index: Competence and quality of logistics services (1=low to 5=high),LP.LPI.LOGS.XQ,logistics,2016,3.815154
United Kingdom,GBR,Logistics performance index: Competence and quality of logistics services (1=low to 5=high),LP.LPI.LOGS.XQ,logistics,2016,4.04508
Greece,GRC,Logistics performance index: Competence and quality of logistics services (1=low to 5=high),LP.LPI.LOGS.XQ,logistics,2016,2.910547
India,IND,Logistics performance index: Competence and quality of logistics services (1=low to 5=high),LP.LPI.LOGS.XQ,logistics,2016,3.387064
Iraq,IRQ,Logistics performance index: Competence and quality of logistics services (1=low to 5=high),LP.LPI.LOGS.XQ,logistics,2016,1.970772
Italy,ITA,Logistics performance index: Competence and quality of logistics services (1=low to 5=high),LP.LPI.LOGS.XQ,logistics,2016,3.765139
Jordan,JOR,Logistics performance index: Competence and quality of logistics services (1=low to 5=high),LP.LPI.LOGS.XQ,logistics,2016,2.891052
Kuwait,KWT,Logistics performance index: Competence and quality of logistics services (1=low to 5=high),LP.LPI.LOGS.XQ,logistics,2016,2.78609
Lebanon,LBN,Logistics performance index: Competence and quality of logistics services (1=low to 5=high),LP.LPI.LOGS.XQ,logistics,2016,2.454545
Qatar,QAT,Logistics performance index: Competence and quality of logistics services (1=low to 5=high),LP.LPI.LOGS.XQ,logistics,2016,3.543672
Saudi Arabia,SAU,Logistics performance index: Competence and quality of logistics services (1=low to 5=high),LP.LPI.LOGS.XQ,logistics,2016,3.002477
Turkiye,TUR,Logistics performance index: Competence and quality of logistics services (1=low to 5=high),LP.LPI.LOGS.XQ,logistics,2016,3.312065
United States,USA,Logistics performance index: Competence and quality of logistics services (1=low to 5=high),LP.LPI.LOGS.XQ,logistics,2016,4.014226
World,WLD,Logistics performance index: Competence and quality of logistics services (1=low to 5=high),LP.LPI.LOGS.XQ,logistics,2016,2.82349284375
United Arab Emirates,ARE,Logistics performance index: Competence and quality of logistics services (1=low to 5=high),LP.LPI.LOGS.XQ,logistics,2018,3.92
Australia,AUS,Logistics performance index: Competence and quality of logistics services (1=low to 5=high),LP.LPI.LOGS.XQ,logistics,2018,3.71
Canada,CAN,Logistics performance index: Competence and quality of logistics services (1=low to 5=high),LP.LPI.LOGS.XQ,logistics,2018,3.9
China,CHN,Logistics performance index: Competence and quality of logistics services (1=low to 5=high),LP.LPI.LOGS.XQ,logistics,2018,3.59
Germany,DEU,Logistics performance index: Competence and quality of logistics services (1=low to 5=high),LP.LPI.LOGS.XQ,logistics,2018,4.31
"Egypt, Arab Rep.",EGY,Logistics performance index: Competence and quality of logistics services (1=low to 5=high),LP.LPI.LOGS.XQ,logistics,2018,2.82
Euro area,EMU,Logistics performance index: Competence and quality of logistics services (1=low to 5=high),LP.LPI.LOGS.XQ,logistics,2018,3.46190476190476
European Union,EUU,Logistics performance index: Competence and quality of logistics services (1=low to 5=high),LP.LPI.LOGS.XQ,logistics,2018,3.49148148148148
France,FRA,Logistics performance index: Competence and quality of logistics services (1=low to 5=high),LP.LPI.LOGS.XQ,logistics,2018,3.84
United Kingdom,GBR,Logistics performance index: Competence and quality of logistics services (1=low to 5=high),LP.LPI.LOGS.XQ,logistics,2018,4.05
Greece,GRC,Logistics performance index: Competence and quality of logistics services (1=low to 5=high),LP.LPI.LOGS.XQ,logistics,2018,3.06
India,IND,Logistics performance index: Competence and quality of logistics services (1=low to 5=high),LP.LPI.LOGS.XQ,logistics,2018,3.13
Iraq,IRQ,Logistics performance index: Competence and quality of logistics services (1=low to 5=high),LP.LPI.LOGS.XQ,logistics,2018,1.91
Italy,ITA,Logistics performance index: Competence and quality of logistics services (1=low to 5=high),LP.LPI.LOGS.XQ,logistics,2018,3.66
Jordan,JOR,Logistics performance index: Competence and quality of logistics services (1=low to 5=high),LP.LPI.LOGS.XQ,logistics,2018,2.55
Kuwait,KWT,Logistics performance index: Competence and quality of logistics services (1=low to 5=high),LP.LPI.LOGS.XQ,logistics,2018,2.8
Lebanon,LBN,Logistics performance index: Competence and quality of logistics services (1=low to 5=high),LP.LPI.LOGS.XQ,logistics,2018,2.47
Qatar,QAT,Logistics performance index: Competence and quality of logistics services (1=low to 5=high),LP.LPI.LOGS.XQ,logistics,2018,3.42
Saudi Arabia,SAU,Logistics performance index: Competence and quality of logistics services (1=low to 5=high),LP.LPI.LOGS.XQ,logistics,2018,2.86
Turkiye,TUR,Logistics performance index: Competence and quality of logistics services (1=low to 5=high),LP.LPI.LOGS.XQ,logistics,2018,3.05
United States,USA,Logistics performance index: Competence and quality of logistics services (1=low to 5=high),LP.LPI.LOGS.XQ,logistics,2018,3.87
World,WLD,Logistics performance index: Competence and quality of logistics services (1=low to 5=high),LP.LPI.LOGS.XQ,logistics,2018,2.815875
United Arab Emirates,ARE,Logistics performance index: Competence and quality of logistics services (1=low to 5=high),LP.LPI.LOGS.XQ,logistics,2022,4.0
Australia,AUS,Logistics performance index: Competence and quality of logistics services (1=low to 5=high),LP.LPI.LOGS.XQ,logistics,2022,3.9
Canada,CAN,Logistics performance index: Competence and quality of logistics services (1=low to 5=high),LP.LPI.LOGS.XQ,logistics,2022,4.2
China,CHN,Logistics performance index: Competence and quality of logistics services (1=low to 5=high),LP.LPI.LOGS.XQ,logistics,2022,3.8
Germany,DEU,Logistics performance index: Competence and quality of logistics services (1=low to 5=high),LP.LPI.LOGS.XQ,logistics,2022,4.2
"Egypt, Arab Rep.",EGY,Logistics performance index: Competence and quality of logistics services (1=low to 5=high),LP.LPI.LOGS.XQ,logistics,2022,2.9
Euro area,EMU,Logistics performance index: Competence and quality of logistics services (1=low to 5=high),LP.LPI.LOGS.XQ,logistics,2022,3.72380952380952
European Union,EUU,Logistics performance index: Competence and quality of logistics services (1=low to 5=high),LP.LPI.LOGS.XQ,logistics,2022,3.70740740740741
France,FRA,Logistics performance index: Competence and quality of logistics services (1=low to 5=high),LP.LPI.LOGS.XQ,logistics,2022,3.8
United Kingdom,GBR,Logistics performance index: Competence and quality of logistics services (1=low to 5=high),LP.LPI.LOGS.XQ,logistics,2022,3.7
Greece,GRC,Logistics performance index: Competence and quality of logistics services (1=low to 5=high),LP.LPI.LOGS.XQ,logistics,2022,3.8
India,IND,Logistics performance index: Competence and quality of logistics services (1=low to 5=high),LP.LPI.LOGS.XQ,logistics,2022,3.5
Iraq,IRQ,Logistics performance index: Competence and quality of logistics services (1=low to 5=high),LP.LPI.LOGS.XQ,logistics,2022,2.2
Italy,ITA,Logistics performance index: Competence and quality of logistics services (1=low to 5=high),LP.LPI.LOGS.XQ,logistics,2022,3.8
Kuwait,KWT,Logistics performance index: Competence and quality of logistics services (1=low to 5=high),LP.LPI.LOGS.XQ,logistics,2022,2.9
Qatar,QAT,Logistics performance index: Competence and quality of logistics services (1=low to 5=high),LP.LPI.LOGS.XQ,logistics,2022,3.9
Saudi Arabia,SAU,Logistics performance index: Competence and quality of logistics services (1=low to 5=high),LP.LPI.LOGS.XQ,logistics,2022,3.3
Turkiye,TUR,Logistics performance index: Competence and quality of logistics services (1=low to 5=high),LP.LPI.LOGS.XQ,logistics,2022,3.5
United States,USA,Logistics performance index: Competence and quality of logistics services (1=low to 5=high),LP.LPI.LOGS.XQ,logistics,2022,3.9
World,WLD,Logistics performance index: Competence and quality of logistics services (1=low to 5=high),LP.LPI.LOGS.XQ,logistics,2022,3.02877697841726
United Arab Emirates,ARE,Logistics performance index: Overall (1=low to 5=high),LP.LPI.OVRL.XQ,logistics,2007,3.73
Australia,AUS,Logistics performance index: Overall (1=low to 5=high),LP.LPI.OVRL.XQ,logistics,2007,3.79
Canada,CAN,Logistics performance index: Overall (1=low to 5=high),LP.LPI.OVRL.XQ,logistics,2007,3.92
China,CHN,Logistics performance index: Overall (1=low to 5=high),LP.LPI.OVRL.XQ,logistics,2007,3.32
Germany,DEU,Logistics performance index: Overall (1=low to 5=high),LP.LPI.OVRL.XQ,logistics,2007,4.1
"Egypt, Arab Rep.",EGY,Logistics performance index: Overall (1=low to 5=high),LP.LPI.OVRL.XQ,logistics,2007,2.37
Euro area,EMU,Logistics performance index: Overall (1=low to 5=high),LP.LPI.OVRL.XQ,logistics,2007,3.4205
European Union,EUU,Logistics performance index: Overall (1=low to 5=high),LP.LPI.OVRL.XQ,logistics,2007,3.40692307692308
France,FRA,Logistics performance index: Overall (1=low to 5=high),LP.LPI.OVRL.XQ,logistics,2007,3.76
United Kingdom,GBR,Logistics performance index: Overall (1=low to 5=high),LP.LPI.OVRL.XQ,logistics,2007,3.99
Greece,GRC,Logistics performance index: Overall (1=low to 5=high),LP.LPI.OVRL.XQ,logistics,2007,3.36
India,IND,Logistics performance index: Overall (1=low to 5=high),LP.LPI.OVRL.XQ,logistics,2007,3.07
Italy,ITA,Logistics performance index: Overall (1=low to 5=high),LP.LPI.OVRL.XQ,logistics,2007,3.58
Jordan,JOR,Logistics performance index: Overall (1=low to 5=high),LP.LPI.OVRL.XQ,logistics,2007,2.89
Kuwait,KWT,Logistics performance index: Overall (1=low to 5=high),LP.LPI.OVRL.XQ,logistics,2007,2.99
Lebanon,LBN,Logistics performance index: Overall (1=low to 5=high),LP.LPI.OVRL.XQ,logistics,2007,2.37
Qatar,QAT,Logistics performance index: Overall (1=low to 5=high),LP.LPI.OVRL.XQ,logistics,2007,2.98
Saudi Arabia,SAU,Logistics performance index: Overall (1=low to 5=high),LP.LPI.OVRL.XQ,logistics,2007,3.02
Turkiye,TUR,Logistics performance index: Overall (1=low to 5=high),LP.LPI.OVRL.XQ,logistics,2007,3.15
United States,USA,Logistics performance index: Overall (1=low to 5=high),LP.LPI.OVRL.XQ,logistics,2007,3.84
World,WLD,Logistics performance index: Overall (1=low to 5=high),LP.LPI.OVRL.XQ,logistics,2007,2.74013333333333
United Arab Emirates,ARE,Logistics performance index: Overall (1=low to 5=high),LP.LPI.OVRL.XQ,logistics,2010,3.63
Australia,AUS,Logistics performance index: Overall (1=low to 5=high),LP.LPI.OVRL.XQ,logistics,2010,3.84
Canada,CAN,Logistics performance index: Overall (1=low to 5=high),LP.LPI.OVRL.XQ,logistics,2010,3.87
China,CHN,Logistics performance index: Overall (1=low to 5=high),LP.LPI.OVRL.XQ,logistics,2010,3.49
Germany,DEU,Logistics performance index: Overall (1=low to 5=high),LP.LPI.OVRL.XQ,logistics,2010,4.11
"Egypt, Arab Rep.",EGY,Logistics performance index: Overall (1=low to 5=high),LP.LPI.OVRL.XQ,logistics,2010,2.61
Euro area,EMU,Logistics performance index: Overall (1=low to 5=high),LP.LPI.OVRL.XQ,logistics,2010,3.44047619047619
European Union,EUU,Logistics performance index: Overall (1=low to 5=high),LP.LPI.OVRL.XQ,logistics,2010,3.44296296296296
France,FRA,Logistics performance index: Overall (1=low to 5=high),LP.LPI.OVRL.XQ,logistics,2010,3.84
United Kingdom,GBR,Logistics performance index: Overall (1=low to 5=high),LP.LPI.OVRL.XQ,logistics,2010,3.95
Greece,GRC,Logistics performance index: Overall (1=low to 5=high),LP.LPI.OVRL.XQ,logistics,2010,2.96
India,IND,Logistics performance index: Overall (1=low to 5=high),LP.LPI.OVRL.XQ,logistics,2010,3.12
Iraq,IRQ,Logistics performance index: Overall (1=low to 5=high),LP.LPI.OVRL.XQ,logistics,2010,2.11
Italy,ITA,Logistics performance index: Overall (1=low to 5=high),LP.LPI.OVRL.XQ,logistics,2010,3.64
Jordan,JOR,Logistics performance index: Overall (1=low to 5=high),LP.LPI.OVRL.XQ,logistics,2010,2.74
Kuwait,KWT,Logistics performance index: Overall (1=low to 5=high),LP.LPI.OVRL.XQ,logistics,2010,3.28
Lebanon,LBN,Logistics performance index: Overall (1=low to 5=high),LP.LPI.OVRL.XQ,logistics,2010,3.34
Qatar,QAT,Logistics performance index: Overall (1=low to 5=high),LP.LPI.OVRL.XQ,logistics,2010,2.95
Saudi Arabia,SAU,Logistics performance index: Overall (1=low to 5=high),LP.LPI.OVRL.XQ,logistics,2010,3.22
Turkiye,TUR,Logistics performance index: Overall (1=low to 5=high),LP.LPI.OVRL.XQ,logistics,2010,3.22
United States,USA,Logistics performance index: Overall (1=low to 5=high),LP.LPI.OVRL.XQ,logistics,2010,3.86
World,WLD,Logistics performance index: Overall (1=low to 5=high),LP.LPI.OVRL.XQ,logistics,2010,2.86612903225807
United Arab Emirates,ARE,Logistics performance index: Overall (1=low to 5=high),LP.LPI.OVRL.XQ,logistics,2012,3.78
Australia,AUS,Logistics performance index: Overall (1=low to 5=high),LP.LPI.OVRL.XQ,logistics,2012,3.73
Canada,CAN,Logistics performance index: Overall (1=low to 5=high),LP.LPI.OVRL.XQ,logistics,2012,3.85
China,CHN,Logistics performance index: Overall (1=low to 5=high),LP.LPI.OVRL.XQ,logistics,2012,3.52
Germany,DEU,Logistics performance index: Overall (1=low to 5=high),LP.LPI.OVRL.XQ,logistics,2012,4.03
"Egypt, Arab Rep.",EGY,Logistics performance index: Overall (1=low to 5=high),LP.LPI.OVRL.XQ,logistics,2012,2.98
Euro area,EMU,Logistics performance index: Overall (1=low to 5=high),LP.LPI.OVRL.XQ,logistics,2012,3.45428571428571
European Union,EUU,Logistics performance index: Overall (1=low to 5=high),LP.LPI.OVRL.XQ,logistics,2012,3.45
France,FRA,Logistics performance index: Overall (1=low to 5=high),LP.LPI.OVRL.XQ,logistics,2012,3.85
United Kingdom,GBR,Logistics performance index: Overall (1=low to 5=high),LP.LPI.OVRL.XQ,logistics,2012,3.9
Greece,GRC,Logistics performance index: Overall (1=low to 5=high),LP.LPI.OVRL.XQ,logistics,2012,2.83
India,IND,Logistics performance index: Overall (1=low to 5=high),LP.LPI.OVRL.XQ,logistics,2012,3.08
Iraq,IRQ,Logistics performance index: Overall (1=low to 5=high),LP.LPI.OVRL.XQ,logistics,2012,2.16
Italy,ITA,Logistics performance index: Overall (1=low to 5=high),LP.LPI.OVRL.XQ,logistics,2012,3.67
Jordan,JOR,Logistics performance index: Overall (1=low to 5=high),LP.LPI.OVRL.XQ,logistics,2012,2.56
Kuwait,KWT,Logistics performance index: Overall (1=low to 5=high),LP.LPI.OVRL.XQ,logistics,2012,2.83
Lebanon,LBN,Logistics performance index: Overall (1=low to 5=high),LP.LPI.OVRL.XQ,logistics,2012,2.58
Qatar,QAT,Logistics performance index: Overall (1=low to 5=high),LP.LPI.OVRL.XQ,logistics,2012,3.32
Saudi Arabia,SAU,Logistics performance index: Overall (1=low to 5=high),LP.LPI.OVRL.XQ,logistics,2012,3.18
Turkiye,TUR,Logistics performance index: Overall (1=low to 5=high),LP.LPI.OVRL.XQ,logistics,2012,3.51
United States,USA,Logistics performance index: Overall (1=low to 5=high),LP.LPI.OVRL.XQ,logistics,2012,3.93
World,WLD,Logistics performance index: Overall (1=low to 5=high),LP.LPI.OVRL.XQ,logistics,2012,2.87051948051948
United Arab Emirates,ARE,Logistics performance index: Overall (1=low to 5=high),LP.LPI.OVRL.XQ,logistics,2014,3.539098
Australia,AUS,Logistics performance index: Overall (1=low to 5=high),LP.LPI.OVRL.XQ,logistics,2014,3.810776
Canada,CAN,Logistics performance index: Overall (1=low to 5=high),LP.LPI.OVRL.XQ,logistics,2014,3.855498
China,CHN,Logistics performance index: Overall (1=low to 5=high),LP.LPI.OVRL.XQ,logistics,2014,3.531463
Germany,DEU,Logistics performance index: Overall (1=low to 5=high),LP.LPI.OVRL.XQ,logistics,2014,4.121983
"Egypt, Arab Rep.",EGY,Logistics performance index: Overall (1=low to 5=high),LP.LPI.OVRL.XQ,logistics,2014,2.965911
Euro area,EMU,Logistics performance index: Overall (1=low to 5=high),LP.LPI.OVRL.XQ,logistics,2014,3.53340819047619
European Union,EUU,Logistics performance index: Overall (1=low to 5=high),LP.LPI.OVRL.XQ,logistics,2014,3.54286218518518
France,FRA,Logistics performance index: Overall (1=low to 5=high),LP.LPI.OVRL.XQ,logistics,2014,3.847305
United Kingdom,GBR,Logistics performance index: Overall (1=low to 5=high),LP.LPI.OVRL.XQ,logistics,2014,4.014649
Greece,GRC,Logistics performance index: Overall (1=low to 5=high),LP.LPI.OVRL.XQ,logistics,2014,3.201602
India,IND,Logistics performance index: Overall (1=low to 5=high),LP.LPI.OVRL.XQ,logistics,2014,3.080137
Iraq,IRQ,Logistics performance index: Overall (1=low to 5=high),LP.LPI.OVRL.XQ,logistics,2014,2.29784
Italy,ITA,Logistics performance index: Overall (1=low to 5=high),LP.LPI.OVRL.XQ,logistics,2014,3.691076
Jordan,JOR,Logistics performance index: Overall (1=low to 5=high),LP.LPI.OVRL.XQ,logistics,2014,2.873924
Kuwait,KWT,Logistics performance index: Overall (1=low to 5=high),LP.LPI.OVRL.XQ,logistics,2014,3.0113
Lebanon,LBN,Logistics performance index: Overall (1=low to 5=high),LP.LPI.OVRL.XQ,logistics,2014,2.725805
Qatar,QAT,Logistics performance index: Overall (1=low to 5=high),LP.LPI.OVRL.XQ,logistics,2014,3.516657
Saudi Arabia,SAU,Logistics performance index: Overall (1=low to 5=high),LP.LPI.OVRL.XQ,logistics,2014,3.148437
Turkiye,TUR,Logistics performance index: Overall (1=low to 5=high),LP.LPI.OVRL.XQ,logistics,2014,3.500225
United States,USA,Logistics performance index: Overall (1=low to 5=high),LP.LPI.OVRL.XQ,logistics,2014,3.917825
World,WLD,Logistics performance index: Overall (1=low to 5=high),LP.LPI.OVRL.XQ,logistics,2014,2.8942791625
United Arab Emirates,ARE,Logistics performance index: Overall (1=low to 5=high),LP.LPI.OVRL.XQ,logistics,2016,3.941767
Australia,AUS,Logistics performance index: Overall (1=low to 5=high),LP.LPI.OVRL.XQ,logistics,2016,3.793385
Canada,CAN,Logistics performance index: Overall (1=low to 5=high),LP.LPI.OVRL.XQ,logistics,2016,3.930707
China,CHN,Logistics performance index: Overall (1=low to 5=high),LP.LPI.OVRL.XQ,logistics,2016,3.661104
Germany,DEU,Logistics performance index: Overall (1=low to 5=high),LP.LPI.OVRL.XQ,logistics,2016,4.225967
"Egypt, Arab Rep.",EGY,Logistics performance index: Overall (1=low to 5=high),LP.LPI.OVRL.XQ,logistics,2016,3.184964
Euro area,EMU,Logistics performance index: Overall (1=low to 5=high),LP.LPI.OVRL.XQ,logistics,2016,3.59372571428571
European Union,EUU,Logistics performance index: Overall (1=low to 5=high),LP.LPI.OVRL.XQ,logistics,2016,3.59299633333333
France,FRA,Logistics performance index: Overall (1=low to 5=high),LP.LPI.OVRL.XQ,logistics,2016,3.900953
United Kingdom,GBR,Logistics performance index: Overall (1=low to 5=high),LP.LPI.OVRL.XQ,logistics,2016,4.069669
Greece,GRC,Logistics performance index: Overall (1=low to 5=high),LP.LPI.OVRL.XQ,logistics,2016,3.239516
India,IND,Logistics performance index: Overall (1=low to 5=high),LP.LPI.OVRL.XQ,logistics,2016,3.420043
Iraq,IRQ,Logistics performance index: Overall (1=low to 5=high),LP.LPI.OVRL.XQ,logistics,2016,2.149902
Italy,ITA,Logistics performance index: Overall (1=low to 5=high),LP.LPI.OVRL.XQ,logistics,2016,3.755414
Jordan,JOR,Logistics performance index: Overall (1=low to 5=high),LP.LPI.OVRL.XQ,logistics,2016,2.956611
Kuwait,KWT,Logistics performance index: Overall (1=low to 5=high),LP.LPI.OVRL.XQ,logistics,2016,3.151619
Lebanon,LBN,Logistics performance index: Overall (1=low to 5=high),LP.LPI.OVRL.XQ,logistics,2016,2.717255
Qatar,QAT,Logistics performance index: Overall (1=low to 5=high),LP.LPI.OVRL.XQ,logistics,2016,3.599232
Saudi Arabia,SAU,Logistics performance index: Overall (1=low to 5=high),LP.LPI.OVRL.XQ,logistics,2016,3.156376
Turkiye,TUR,Logistics performance index: Overall (1=low to 5=high),LP.LPI.OVRL.XQ,logistics,2016,3.423693
United States,USA,Logistics performance index: Overall (1=low to 5=high),LP.LPI.OVRL.XQ,logistics,2016,3.992172
World,WLD,Logistics performance index: Overall (1=low to 5=high),LP.LPI.OVRL.XQ,logistics,2016,2.88372565625
United Arab Emirates,ARE,Logistics performance index: Overall (1=low to 5=high),LP.LPI.OVRL.XQ,logistics,2018,3.96
Australia,AUS,Logistics performance index: Overall (1=low to 5=high),LP.LPI.OVRL.XQ,logistics,2018,3.75
Canada,CAN,Logistics performance index: Overall (1=low to 5=high),LP.LPI.OVRL.XQ,logistics,2018,3.73
China,CHN,Logistics performance index: Overall (1=low to 5=high),LP.LPI.OVRL.XQ,logistics,2018,3.61
Germany,DEU,Logistics performance index: Overall (1=low to 5=high),LP.LPI.OVRL.XQ,logistics,2018,4.2
"Egypt, Arab Rep.",EGY,Logistics performance index: Overall (1=low to 5=high),LP.LPI.OVRL.XQ,logistics,2018,2.82
Euro area,EMU,Logistics performance index: Overall (1=low to 5=high),LP.LPI.OVRL.XQ,logistics,2018,3.48666666666667
European Union,EUU,Logistics performance index: Overall (1=low to 5=high),LP.LPI.OVRL.XQ,logistics,2018,3.51925925925926
France,FRA,Logistics performance index: Overall (1=low to 5=high),LP.LPI.OVRL.XQ,logistics,2018,3.84
United Kingdom,GBR,Logistics performance index: Overall (1=low to 5=high),LP.LPI.OVRL.XQ,logistics,2018,3.99
Greece,GRC,Logistics performance index: Overall (1=low to 5=high),LP.LPI.OVRL.XQ,logistics,2018,3.2
India,IND,Logistics performance index: Overall (1=low to 5=high),LP.LPI.OVRL.XQ,logistics,2018,3.18
Iraq,IRQ,Logistics performance index: Overall (1=low to 5=high),LP.LPI.OVRL.XQ,logistics,2018,2.18
Italy,ITA,Logistics performance index: Overall (1=low to 5=high),LP.LPI.OVRL.XQ,logistics,2018,3.74
Jordan,JOR,Logistics performance index: Overall (1=low to 5=high),LP.LPI.OVRL.XQ,logistics,2018,2.69
Kuwait,KWT,Logistics performance index: Overall (1=low to 5=high),LP.LPI.OVRL.XQ,logistics,2018,2.86
Lebanon,LBN,Logistics performance index: Overall (1=low to 5=high),LP.LPI.OVRL.XQ,logistics,2018,2.72
Qatar,QAT,Logistics performance index: Overall (1=low to 5=high),LP.LPI.OVRL.XQ,logistics,2018,3.47
Saudi Arabia,SAU,Logistics performance index: Overall (1=low to 5=high),LP.LPI.OVRL.XQ,logistics,2018,3.01
Turkiye,TUR,Logistics performance index: Overall (1=low to 5=high),LP.LPI.OVRL.XQ,logistics,2018,3.15
United States,USA,Logistics performance index: Overall (1=low to 5=high),LP.LPI.OVRL.XQ,logistics,2018,3.89
World,WLD,Logistics performance index: Overall (1=low to 5=high),LP.LPI.OVRL.XQ,logistics,2018,2.86625
United Arab Emirates,ARE,Logistics performance index: Overall (1=low to 5=high),LP.LPI.OVRL.XQ,logistics,2022,4.0
Australia,AUS,Logistics performance index: Overall (1=low to 5=high),LP.LPI.OVRL.XQ,logistics,2022,3.7
Canada,CAN,Logistics performance index: Overall (1=low to 5=high),LP.LPI.OVRL.XQ,logistics,2022,4.0
China,CHN,Logistics performance index: Overall (1=low to 5=high),LP.LPI.OVRL.XQ,logistics,2022,3.7
Germany,DEU,Logistics performance index: Overall (1=low to 5=high),LP.LPI.OVRL.XQ,logistics,2022,4.1
"Egypt, Arab Rep.",EGY,Logistics performance index: Overall (1=low to 5=high),LP.LPI.OVRL.XQ,logistics,2022,3.1
Euro area,EMU,Logistics performance index: Overall (1=low to 5=high),LP.LPI.OVRL.XQ,logistics,2022,3.63333333333333
European Union,EUU,Logistics performance index: Overall (1=low to 5=high),LP.LPI.OVRL.XQ,logistics,2022,3.61851851851852
France,FRA,Logistics performance index: Overall (1=low to 5=high),LP.LPI.OVRL.XQ,logistics,2022,3.9
United Kingdom,GBR,Logistics performance index: Overall (1=low to 5=high),LP.LPI.OVRL.XQ,logistics,2022,3.7
Greece,GRC,Logistics performance index: Overall (1=low to 5=high),LP.LPI.OVRL.XQ,logistics,2022,3.7
India,IND,Logistics performance index: Overall (1=low to 5=high),LP.LPI.OVRL.XQ,logistics,2022,3.4
Iraq,IRQ,Logistics performance index: Overall (1=low to 5=high),LP.LPI.OVRL.XQ,logistics,2022,2.4
Italy,ITA,Logistics performance index: Overall (1=low to 5=high),LP.LPI.OVRL.XQ,logistics,2022,3.7
Kuwait,KWT,Logistics performance index: Overall (1=low to 5=high),LP.LPI.OVRL.XQ,logistics,2022,3.2
Qatar,QAT,Logistics performance index: Overall (1=low to 5=high),LP.LPI.OVRL.XQ,logistics,2022,3.5
Saudi Arabia,SAU,Logistics performance index: Overall (1=low to 5=high),LP.LPI.OVRL.XQ,logistics,2022,3.4
Turkiye,TUR,Logistics performance index: Overall (1=low to 5=high),LP.LPI.OVRL.XQ,logistics,2022,3.4
United States,USA,Logistics performance index: Overall (1=low to 5=high),LP.LPI.OVRL.XQ,logistics,2022,3.8
World,WLD,Logistics performance index: Overall (1=low to 5=high),LP.LPI.OVRL.XQ,logistics,2022,3.0
United Arab Emirates,ARE,Logistics performance index: Frequency with which shipments reach consignee within scheduled or expected time (1=low to 5=high),LP.LPI.TIME.XQ,logistics,2007,4.12
Australia,AUS,Logistics performance index: Frequency with which shipments reach consignee within scheduled or expected time (1=low to 5=high),LP.LPI.TIME.XQ,logistics,2007,4.1
Canada,CAN,Logistics performance index: Frequency with which shipments reach consignee within scheduled or expected time (1=low to 5=high),LP.LPI.TIME.XQ,logistics,2007,4.19
China,CHN,Logistics performance index: Frequency with which shipments reach consignee within scheduled or expected time (1=low to 5=high),LP.LPI.TIME.XQ,logistics,2007,3.68
Germany,DEU,Logistics performance index: Frequency with which shipments reach consignee within scheduled or expected time (1=low to 5=high),LP.LPI.TIME.XQ,logistics,2007,4.33
"Egypt, Arab Rep.",EGY,Logistics performance index: Frequency with which shipments reach consignee within scheduled or expected time (1=low to 5=high),LP.LPI.TIME.XQ,logistics,2007,2.85
Euro area,EMU,Logistics performance index: Frequency with which shipments reach consignee within scheduled or expected time (1=low to 5=high),LP.LPI.TIME.XQ,logistics,2007,3.8795
European Union,EUU,Logistics performance index: Frequency with which shipments reach consignee within scheduled or expected time (1=low to 5=high),LP.LPI.TIME.XQ,logistics,2007,3.85192307692308
France,FRA,Logistics performance index: Frequency with which shipments reach consignee within scheduled or expected time (1=low to 5=high),LP.LPI.TIME.XQ,logistics,2007,4.02
United Kingdom,GBR,Logistics performance index: Frequency with which shipments reach consignee within scheduled or expected time (1=low to 5=high),LP.LPI.TIME.XQ,logistics,2007,4.25
Greece,GRC,Logistics performance index: Frequency with which shipments reach consignee within scheduled or expected time (1=low to 5=high),LP.LPI.TIME.XQ,logistics,2007,4.13
India,IND,Logistics performance index: Frequency with which shipments reach consignee within scheduled or expected time (1=low to 5=high),LP.LPI.TIME.XQ,logistics,2007,3.47
Italy,ITA,Logistics performance index: Frequency with which shipments reach consignee within scheduled or expected time (1=low to 5=high),LP.LPI.TIME.XQ,logistics,2007,3.93
Jordan,JOR,Logistics performance index: Frequency with which shipments reach consignee within scheduled or expected time (1=low to 5=high),LP.LPI.TIME.XQ,logistics,2007,3.17
Kuwait,KWT,Logistics performance index: Frequency with which shipments reach consignee within scheduled or expected time (1=low to 5=high),LP.LPI.TIME.XQ,logistics,2007,3.75
Lebanon,LBN,Logistics performance index: Frequency with which shipments reach consignee within scheduled or expected time (1=low to 5=high),LP.LPI.TIME.XQ,logistics,2007,2.67
Qatar,QAT,Logistics performance index: Frequency with which shipments reach consignee within scheduled or expected time (1=low to 5=high),LP.LPI.TIME.XQ,logistics,2007,3.67
Saudi Arabia,SAU,Logistics performance index: Frequency with which shipments reach consignee within scheduled or expected time (1=low to 5=high),LP.LPI.TIME.XQ,logistics,2007,3.65
Turkiye,TUR,Logistics performance index: Frequency with which shipments reach consignee within scheduled or expected time (1=low to 5=high),LP.LPI.TIME.XQ,logistics,2007,3.38
United States,USA,Logistics performance index: Frequency with which shipments reach consignee within scheduled or expected time (1=low to 5=high),LP.LPI.TIME.XQ,logistics,2007,4.11
World,WLD,Logistics performance index: Frequency with which shipments reach consignee within scheduled or expected time (1=low to 5=high),LP.LPI.TIME.XQ,logistics,2007,3.16966666666667
United Arab Emirates,ARE,Logistics performance index: Frequency with which shipments reach consignee within scheduled or expected time (1=low to 5=high),LP.LPI.TIME.XQ,logistics,2010,3.94
Australia,AUS,Logistics performance index: Frequency with which shipments reach consignee within scheduled or expected time (1=low to 5=high),LP.LPI.TIME.XQ,logistics,2010,4.16
Canada,CAN,Logistics performance index: Frequency with which shipments reach consignee within scheduled or expected time (1=low to 5=high),LP.LPI.TIME.XQ,logistics,2010,4.41
China,CHN,Logistics performance index: Frequency with which shipments reach consignee within scheduled or expected time (1=low to 5=high),LP.LPI.TIME.XQ,logistics,2010,3.91
Germany,DEU,Logistics performance index: Frequency with which shipments reach consignee within scheduled or expected time (1=low to 5=high),LP.LPI.TIME.XQ,logistics,2010,4.48
"Egypt, Arab Rep.",EGY,Logistics performance index: Frequency with which shipments reach consignee within scheduled or expected time (1=low to 5=high),LP.LPI.TIME.XQ,logistics,2010,3.31
Euro area,EMU,Logistics performance index: Frequency with which shipments reach consignee within scheduled or expected time (1=low to 5=high),LP.LPI.TIME.XQ,logistics,2010,3.88047619047619
European Union,EUU,Logistics performance index: Frequency with which shipments reach consignee within scheduled or expected time (1=low to 5=high),LP.LPI.TIME.XQ,logistics,2010,3.92
France,FRA,Logistics performance index: Frequency with which shipments reach consignee within scheduled or expected time (1=low to 5=high),LP.LPI.TIME.XQ,logistics,2010,4.37
United Kingdom,GBR,Logistics performance index: Frequency with which shipments reach consignee within scheduled or expected time (1=low to 5=high),LP.LPI.TIME.XQ,logistics,2010,4.37
Greece,GRC,Logistics performance index: Frequency with which shipments reach consignee within scheduled or expected time (1=low to 5=high),LP.LPI.TIME.XQ,logistics,2010,3.49
India,IND,Logistics performance index: Frequency with which shipments reach consignee within scheduled or expected time (1=low to 5=high),LP.LPI.TIME.XQ,logistics,2010,3.61
Iraq,IRQ,Logistics performance index: Frequency with which shipments reach consignee within scheduled or expected time (1=low to 5=high),LP.LPI.TIME.XQ,logistics,2010,2.49
Italy,ITA,Logistics performance index: Frequency with which shipments reach consignee within scheduled or expected time (1=low to 5=high),LP.LPI.TIME.XQ,logistics,2010,4.08
Jordan,JOR,Logistics performance index: Frequency with which shipments reach consignee within scheduled or expected time (1=low to 5=high),LP.LPI.TIME.XQ,logistics,2010,3.39
Kuwait,KWT,Logistics performance index: Frequency with which shipments reach consignee within scheduled or expected time (1=low to 5=high),LP.LPI.TIME.XQ,logistics,2010,3.7
Lebanon,LBN,Logistics performance index: Frequency with which shipments reach consignee within scheduled or expected time (1=low to 5=high),LP.LPI.TIME.XQ,logistics,2010,3.97
Qatar,QAT,Logistics performance index: Frequency with which shipments reach consignee within scheduled or expected time (1=low to 5=high),LP.LPI.TIME.XQ,logistics,2010,4.09
Saudi Arabia,SAU,Logistics performance index: Frequency with which shipments reach consignee within scheduled or expected time (1=low to 5=high),LP.LPI.TIME.XQ,logistics,2010,3.78
Turkiye,TUR,Logistics performance index: Frequency with which shipments reach consignee within scheduled or expected time (1=low to 5=high),LP.LPI.TIME.XQ,logistics,2010,3.94
United States,USA,Logistics performance index: Frequency with which shipments reach consignee within scheduled or expected time (1=low to 5=high),LP.LPI.TIME.XQ,logistics,2010,4.19
World,WLD,Logistics performance index: Frequency with which shipments reach consignee within scheduled or expected time (1=low to 5=high),LP.LPI.TIME.XQ,logistics,2010,3.40922580645161
United Arab Emirates,ARE,Logistics performance index: Frequency with which shipments reach consignee within scheduled or expected time (1=low to 5=high),LP.LPI.TIME.XQ,logistics,2012,4.1
Australia,AUS,Logistics performance index: Frequency with which shipments reach consignee within scheduled or expected time (1=low to 5=high),LP.LPI.TIME.XQ,logistics,2012,4.05
Canada,CAN,Logistics performance index: Frequency with which shipments reach consignee within scheduled or expected time (1=low to 5=high),LP.LPI.TIME.XQ,logistics,2012,4.31
China,CHN,Logistics performance index: Frequency with which shipments reach consignee within scheduled or expected time (1=low to 5=high),LP.LPI.TIME.XQ,logistics,2012,3.8
Germany,DEU,Logistics performance index: Frequency with which shipments reach consignee within scheduled or expected time (1=low to 5=high),LP.LPI.TIME.XQ,logistics,2012,4.32
"Egypt, Arab Rep.",EGY,Logistics performance index: Frequency with which shipments reach consignee within scheduled or expected time (1=low to 5=high),LP.LPI.TIME.XQ,logistics,2012,3.39
Euro area,EMU,Logistics performance index: Frequency with which shipments reach consignee within scheduled or expected time (1=low to 5=high),LP.LPI.TIME.XQ,logistics,2012,3.78190476190476
European Union,EUU,Logistics performance index: Frequency with which shipments reach consignee within scheduled or expected time (1=low to 5=high),LP.LPI.TIME.XQ,logistics,2012,3.79851851851852
France,FRA,Logistics performance index: Frequency with which shipments reach consignee within scheduled or expected time (1=low to 5=high),LP.LPI.TIME.XQ,logistics,2012,4.02
United Kingdom,GBR,Logistics performance index: Frequency with which shipments reach consignee within scheduled or expected time (1=low to 5=high),LP.LPI.TIME.XQ,logistics,2012,4.19
Greece,GRC,Logistics performance index: Frequency with which shipments reach consignee within scheduled or expected time (1=low to 5=high),LP.LPI.TIME.XQ,logistics,2012,3.32
India,IND,Logistics performance index: Frequency with which shipments reach consignee within scheduled or expected time (1=low to 5=high),LP.LPI.TIME.XQ,logistics,2012,3.58
Iraq,IRQ,Logistics performance index: Frequency with which shipments reach consignee within scheduled or expected time (1=low to 5=high),LP.LPI.TIME.XQ,logistics,2012,2.77
Italy,ITA,Logistics performance index: Frequency with which shipments reach consignee within scheduled or expected time (1=low to 5=high),LP.LPI.TIME.XQ,logistics,2012,4.05
Jordan,JOR,Logistics performance index: Frequency with which shipments reach consignee within scheduled or expected time (1=low to 5=high),LP.LPI.TIME.XQ,logistics,2012,2.92
Kuwait,KWT,Logistics performance index: Frequency with which shipments reach consignee within scheduled or expected time (1=low to 5=high),LP.LPI.TIME.XQ,logistics,2012,3.11
Lebanon,LBN,Logistics performance index: Frequency with which shipments reach consignee within scheduled or expected time (1=low to 5=high),LP.LPI.TIME.XQ,logistics,2012,3.11
Qatar,QAT,Logistics performance index: Frequency with which shipments reach consignee within scheduled or expected time (1=low to 5=high),LP.LPI.TIME.XQ,logistics,2012,4.0
Saudi Arabia,SAU,Logistics performance index: Frequency with which shipments reach consignee within scheduled or expected time (1=low to 5=high),LP.LPI.TIME.XQ,logistics,2012,3.76
Turkiye,TUR,Logistics performance index: Frequency with which shipments reach consignee within scheduled or expected time (1=low to 5=high),LP.LPI.TIME.XQ,logistics,2012,3.87
United States,USA,Logistics performance index: Frequency with which shipments reach consignee within scheduled or expected time (1=low to 5=high),LP.LPI.TIME.XQ,logistics,2012,4.21
World,WLD,Logistics performance index: Frequency with which shipments reach consignee within scheduled or expected time (1=low to 5=high),LP.LPI.TIME.XQ,logistics,2012,3.25779220779221
United Arab Emirates,ARE,Logistics performance index: Frequency with which shipments reach consignee within scheduled or expected time (1=low to 5=high),LP.LPI.TIME.XQ,logistics,2014,3.915654
Australia,AUS,Logistics performance index: Frequency with which shipments reach consignee within scheduled or expected time (1=low to 5=high),LP.LPI.TIME.XQ,logistics,2014,4.002407
Canada,CAN,Logistics performance index: Frequency with which shipments reach consignee within scheduled or expected time (1=low to 5=high),LP.LPI.TIME.XQ,logistics,2014,4.177313
China,CHN,Logistics performance index: Frequency with which shipments reach consignee within scheduled or expected time (1=low to 5=high),LP.LPI.TIME.XQ,logistics,2014,3.866815
Germany,DEU,Logistics performance index: Frequency with which shipments reach consignee within scheduled or expected time (1=low to 5=high),LP.LPI.TIME.XQ,logistics,2014,4.360813
"Egypt, Arab Rep.",EGY,Logistics performance index: Frequency with which shipments reach consignee within scheduled or expected time (1=low to 5=high),LP.LPI.TIME.XQ,logistics,2014,2.992103
Euro area,EMU,Logistics performance index: Frequency with which shipments reach consignee within scheduled or expected time (1=low to 5=high),LP.LPI.TIME.XQ,logistics,2014,3.91741757142857
European Union,EUU,Logistics performance index: Frequency with which shipments reach consignee within scheduled or expected time (1=low to 5=high),LP.LPI.TIME.XQ,logistics,2014,3.95684133333333
France,FRA,Logistics performance index: Frequency with which shipments reach consignee within scheduled or expected time (1=low to 5=high),LP.LPI.TIME.XQ,logistics,2014,4.174037
United Kingdom,GBR,Logistics performance index: Frequency with which shipments reach consignee within scheduled or expected time (1=low to 5=high),LP.LPI.TIME.XQ,logistics,2014,4.328614
Greece,GRC,Logistics performance index: Frequency with which shipments reach consignee within scheduled or expected time (1=low to 5=high),LP.LPI.TIME.XQ,logistics,2014,3.504077
India,IND,Logistics performance index: Frequency with which shipments reach consignee within scheduled or expected time (1=low to 5=high),LP.LPI.TIME.XQ,logistics,2014,3.510833
Iraq,IRQ,Logistics performance index: Frequency with which shipments reach consignee within scheduled or expected time (1=low to 5=high),LP.LPI.TIME.XQ,logistics,2014,2.851242
Italy,ITA,Logistics performance index: Frequency with which shipments reach consignee within scheduled or expected time (1=low to 5=high),LP.LPI.TIME.XQ,logistics,2014,4.04898
Jordan,JOR,Logistics performance index: Frequency with which shipments reach consignee within scheduled or expected time (1=low to 5=high),LP.LPI.TIME.XQ,logistics,2014,3.459975
Kuwait,KWT,Logistics performance index: Frequency with which shipments reach consignee within scheduled or expected time (1=low to 5=high),LP.LPI.TIME.XQ,logistics,2014,3.394986
Lebanon,LBN,Logistics performance index: Frequency with which shipments reach consignee within scheduled or expected time (1=low to 5=high),LP.LPI.TIME.XQ,logistics,2014,2.888889
Qatar,QAT,Logistics performance index: Frequency with which shipments reach consignee within scheduled or expected time (1=low to 5=high),LP.LPI.TIME.XQ,logistics,2014,3.869697
Saudi Arabia,SAU,Logistics performance index: Frequency with which shipments reach consignee within scheduled or expected time (1=low to 5=high),LP.LPI.TIME.XQ,logistics,2014,3.554646
Turkiye,TUR,Logistics performance index: Frequency with which shipments reach consignee within scheduled or expected time (1=low to 5=high),LP.LPI.TIME.XQ,logistics,2014,3.684326
United States,USA,Logistics performance index: Frequency with which shipments reach consignee within scheduled or expected time (1=low to 5=high),LP.LPI.TIME.XQ,logistics,2014,4.136495
World,WLD,Logistics performance index: Frequency with which shipments reach consignee within scheduled or expected time (1=low to 5=high),LP.LPI.TIME.XQ,logistics,2014,3.25307479375
United Arab Emirates,ARE,Logistics performance index: Frequency with which shipments reach consignee within scheduled or expected time (1=low to 5=high),LP.LPI.TIME.XQ,logistics,2016,4.134212
Australia,AUS,Logistics performance index: Frequency with which shipments reach consignee within scheduled or expected time (1=low to 5=high),LP.LPI.TIME.XQ,logistics,2016,4.044528
Canada,CAN,Logistics performance index: Frequency with which shipments reach consignee within scheduled or expected time (1=low to 5=high),LP.LPI.TIME.XQ,logistics,2016,4.009393
China,CHN,Logistics performance index: Frequency with which shipments reach consignee within scheduled or expected time (1=low to 5=high),LP.LPI.TIME.XQ,logistics,2016,3.896284
Germany,DEU,Logistics performance index: Frequency with which shipments reach consignee within scheduled or expected time (1=low to 5=high),LP.LPI.TIME.XQ,logistics,2016,4.453368
"Egypt, Arab Rep.",EGY,Logistics performance index: Frequency with which shipments reach consignee within scheduled or expected time (1=low to 5=high),LP.LPI.TIME.XQ,logistics,2016,3.627932
Euro area,EMU,Logistics performance index: Frequency with which shipments reach consignee within scheduled or expected time (1=low to 5=high),LP.LPI.TIME.XQ,logistics,2016,3.9922020952381
European Union,EUU,Logistics performance index: Frequency with which shipments reach consignee within scheduled or expected time (1=low to 5=high),LP.LPI.TIME.XQ,logistics,2016,3.9652492962963
France,FRA,Logistics performance index: Frequency with which shipments reach consignee within scheduled or expected time (1=low to 5=high),LP.LPI.TIME.XQ,logistics,2016,4.24684
United Kingdom,GBR,Logistics performance index: Frequency with which shipments reach consignee within scheduled or expected time (1=low to 5=high),LP.LPI.TIME.XQ,logistics,2016,4.33487
Greece,GRC,Logistics performance index: Frequency with which shipments reach consignee within scheduled or expected time (1=low to 5=high),LP.LPI.TIME.XQ,logistics,2016,3.847529
India,IND,Logistics performance index: Frequency with which shipments reach consignee within scheduled or expected time (1=low to 5=high),LP.LPI.TIME.XQ,logistics,2016,3.73805
Iraq,IRQ,Logistics performance index: Frequency with which shipments reach consignee within scheduled or expected time (1=low to 5=high),LP.LPI.TIME.XQ,logistics,2016,2.663845
Italy,ITA,Logistics performance index: Frequency with which shipments reach consignee within scheduled or expected time (1=low to 5=high),LP.LPI.TIME.XQ,logistics,2016,4.032609
Jordan,JOR,Logistics performance index: Frequency with which shipments reach consignee within scheduled or expected time (1=low to 5=high),LP.LPI.TIME.XQ,logistics,2016,3.339701
Kuwait,KWT,Logistics performance index: Frequency with which shipments reach consignee within scheduled or expected time (1=low to 5=high),LP.LPI.TIME.XQ,logistics,2016,3.507576
Lebanon,LBN,Logistics performance index: Frequency with which shipments reach consignee within scheduled or expected time (1=low to 5=high),LP.LPI.TIME.XQ,logistics,2016,2.86281
Qatar,QAT,Logistics performance index: Frequency with which shipments reach consignee within scheduled or expected time (1=low to 5=high),LP.LPI.TIME.XQ,logistics,2016,3.832534
Saudi Arabia,SAU,Logistics performance index: Frequency with which shipments reach consignee within scheduled or expected time (1=low to 5=high),LP.LPI.TIME.XQ,logistics,2016,3.532834
Turkiye,TUR,Logistics performance index: Frequency with which shipments reach consignee within scheduled or expected time (1=low to 5=high),LP.LPI.TIME.XQ,logistics,2016,3.748734
United States,USA,Logistics performance index: Frequency with which shipments reach consignee within scheduled or expected time (1=low to 5=high),LP.LPI.TIME.XQ,logistics,2016,4.250527
World,WLD,Logistics performance index: Frequency with which shipments reach consignee within scheduled or expected time (1=low to 5=high),LP.LPI.TIME.XQ,logistics,2016,3.26868570625
United Arab Emirates,ARE,Logistics performance index: Frequency with which shipments reach consignee within scheduled or expected time (1=low to 5=high),LP.LPI.TIME.XQ,logistics,2018,4.38
Australia,AUS,Logistics performance index: Frequency with which shipments reach consignee within scheduled or expected time (1=low to 5=high),LP.LPI.TIME.XQ,logistics,2018,3.98
Canada,CAN,Logistics performance index: Frequency with which shipments reach consignee within scheduled or expected time (1=low to 5=high),LP.LPI.TIME.XQ,logistics,2018,3.96
China,CHN,Logistics performance index: Frequency with which shipments reach consignee within scheduled or expected time (1=low to 5=high),LP.LPI.TIME.XQ,logistics,2018,3.84
Germany,DEU,Logistics performance index: Frequency with which shipments reach consignee within scheduled or expected time (1=low to 5=high),LP.LPI.TIME.XQ,logistics,2018,4.39
"Egypt, Arab Rep.",EGY,Logistics performance index: Frequency with which shipments reach consignee within scheduled or expected time (1=low to 5=high),LP.LPI.TIME.XQ,logistics,2018,3.19
Euro area,EMU,Logistics performance index: Frequency with which shipments reach consignee within scheduled or expected time (1=low to 5=high),LP.LPI.TIME.XQ,logistics,2018,3.81285714285714
European Union,EUU,Logistics performance index: Frequency with which shipments reach consignee within scheduled or expected time (1=low to 5=high),LP.LPI.TIME.XQ,logistics,2018,3.86333333333333
France,FRA,Logistics performance index: Frequency with which shipments reach consignee within scheduled or expected time (1=low to 5=high),LP.LPI.TIME.XQ,logistics,2018,4.15
United Kingdom,GBR,Logistics performance index: Frequency with which shipments reach consignee within scheduled or expected time (1=low to 5=high),LP.LPI.TIME.XQ,logistics,2018,4.33
Greece,GRC,Logistics performance index: Frequency with which shipments reach consignee within scheduled or expected time (1=low to 5=high),LP.LPI.TIME.XQ,logistics,2018,3.66
India,IND,Logistics performance index: Frequency with which shipments reach consignee within scheduled or expected time (1=low to 5=high),LP.LPI.TIME.XQ,logistics,2018,3.5
Iraq,IRQ,Logistics performance index: Frequency with which shipments reach consignee within scheduled or expected time (1=low to 5=high),LP.LPI.TIME.XQ,logistics,2018,2.72
Italy,ITA,Logistics performance index: Frequency with which shipments reach consignee within scheduled or expected time (1=low to 5=high),LP.LPI.TIME.XQ,logistics,2018,4.13
Jordan,JOR,Logistics performance index: Frequency with which shipments reach consignee within scheduled or expected time (1=low to 5=high),LP.LPI.TIME.XQ,logistics,2018,3.18
Kuwait,KWT,Logistics performance index: Frequency with which shipments reach consignee within scheduled or expected time (1=low to 5=high),LP.LPI.TIME.XQ,logistics,2018,3.37
Lebanon,LBN,Logistics performance index: Frequency with which shipments reach consignee within scheduled or expected time (1=low to 5=high),LP.LPI.TIME.XQ,logistics,2018,3.18
Qatar,QAT,Logistics performance index: Frequency with which shipments reach consignee within scheduled or expected time (1=low to 5=high),LP.LPI.TIME.XQ,logistics,2018,3.7
Saudi Arabia,SAU,Logistics performance index: Frequency with which shipments reach consignee within scheduled or expected time (1=low to 5=high),LP.LPI.TIME.XQ,logistics,2018,3.3
Turkiye,TUR,Logistics performance index: Frequency with which shipments reach consignee within scheduled or expected time (1=low to 5=high),LP.LPI.TIME.XQ,logistics,2018,3.63
United States,USA,Logistics performance index: Frequency with which shipments reach consignee within scheduled or expected time (1=low to 5=high),LP.LPI.TIME.XQ,logistics,2018,4.08
World,WLD,Logistics performance index: Frequency with which shipments reach consignee within scheduled or expected time (1=low to 5=high),LP.LPI.TIME.XQ,logistics,2018,3.2364375
United Arab Emirates,ARE,Logistics performance index: Frequency with which shipments reach consignee within scheduled or expected time (1=low to 5=high),LP.LPI.TIME.XQ,logistics,2022,4.2
Australia,AUS,Logistics performance index: Frequency with which shipments reach consignee within scheduled or expected time (1=low to 5=high),LP.LPI.TIME.XQ,logistics,2022,3.6
Canada,CAN,Logistics performance index: Frequency with which shipments reach consignee within scheduled or expected time (1=low to 5=high),LP.LPI.TIME.XQ,logistics,2022,4.1
China,CHN,Logistics performance index: Frequency with which shipments reach consignee within scheduled or expected time (1=low to 5=high),LP.LPI.TIME.XQ,logistics,2022,3.7
Germany,DEU,Logistics performance index: Frequency with which shipments reach consignee within scheduled or expected time (1=low to 5=high),LP.LPI.TIME.XQ,logistics,2022,4.1
"Egypt, Arab Rep.",EGY,Logistics performance index: Frequency with which shipments reach consignee within scheduled or expected time (1=low to 5=high),LP.LPI.TIME.XQ,logistics,2022,3.6
Euro area,EMU,Logistics performance index: Frequency with which shipments reach consignee within scheduled or expected time (1=low to 5=high),LP.LPI.TIME.XQ,logistics,2022,3.79523809523809
European Union,EUU,Logistics performance index: Frequency with which shipments reach consignee within scheduled or expected time (1=low to 5=high),LP.LPI.TIME.XQ,logistics,2022,3.80740740740741
France,FRA,Logistics performance index: Frequency with which shipments reach consignee within scheduled or expected time (1=low to 5=high),LP.LPI.TIME.XQ,logistics,2022,4.1
United Kingdom,GBR,Logistics performance index: Frequency with which shipments reach consignee within scheduled or expected time (1=low to 5=high),LP.LPI.TIME.XQ,logistics,2022,3.7
Greece,GRC,Logistics performance index: Frequency with which shipments reach consignee within scheduled or expected time (1=low to 5=high),LP.LPI.TIME.XQ,logistics,2022,3.9
India,IND,Logistics performance index: Frequency with which shipments reach consignee within scheduled or expected time (1=low to 5=high),LP.LPI.TIME.XQ,logistics,2022,3.6
Iraq,IRQ,Logistics performance index: Frequency with which shipments reach consignee within scheduled or expected time (1=low to 5=high),LP.LPI.TIME.XQ,logistics,2022,3.0
Italy,ITA,Logistics performance index: Frequency with which shipments reach consignee within scheduled or expected time (1=low to 5=high),LP.LPI.TIME.XQ,logistics,2022,3.9
Kuwait,KWT,Logistics performance index: Frequency with which shipments reach consignee within scheduled or expected time (1=low to 5=high),LP.LPI.TIME.XQ,logistics,2022,2.8
Qatar,QAT,Logistics performance index: Frequency with which shipments reach consignee within scheduled or expected time (1=low to 5=high),LP.LPI.TIME.XQ,logistics,2022,3.5
Saudi Arabia,SAU,Logistics performance index: Frequency with which shipments reach consignee within scheduled or expected time (1=low to 5=high),LP.LPI.TIME.XQ,logistics,2022,3.6
Turkiye,TUR,Logistics performance index: Frequency with which shipments reach consignee within scheduled or expected time (1=low to 5=high),LP.LPI.TIME.XQ,logistics,2022,3.6
United States,USA,Logistics performance index: Frequency with which shipments reach consignee within scheduled or expected time (1=low to 5=high),LP.LPI.TIME.XQ,logistics,2022,3.8
World,WLD,Logistics performance index: Frequency with which shipments reach consignee within scheduled or expected time (1=low to 5=high),LP.LPI.TIME.XQ,logistics,2022,3.24244604316547
United Arab Emirates,ARE,Logistics performance index: Ability to track and trace consignments (1=low to 5=high),LP.LPI.TRAC.XQ,logistics,2007,3.61
Australia,AUS,Logistics performance index: Ability to track and trace consignments (1=low to 5=high),LP.LPI.TRAC.XQ,logistics,2007,3.97
Canada,CAN,Logistics performance index: Ability to track and trace consignments (1=low to 5=high),LP.LPI.TRAC.XQ,logistics,2007,3.98
China,CHN,Logistics performance index: Ability to track and trace consignments (1=low to 5=high),LP.LPI.TRAC.XQ,logistics,2007,3.37
Germany,DEU,Logistics performance index: Ability to track and trace consignments (1=low to 5=high),LP.LPI.TRAC.XQ,logistics,2007,4.12
"Egypt, Arab Rep.",EGY,Logistics performance index: Ability to track and trace consignments (1=low to 5=high),LP.LPI.TRAC.XQ,logistics,2007,2.62
Euro area,EMU,Logistics performance index: Ability to track and trace consignments (1=low to 5=high),LP.LPI.TRAC.XQ,logistics,2007,3.4405
European Union,EUU,Logistics performance index: Ability to track and trace consignments (1=low to 5=high),LP.LPI.TRAC.XQ,logistics,2007,3.42192307692308
France,FRA,Logistics performance index: Ability to track and trace consignments (1=low to 5=high),LP.LPI.TRAC.XQ,logistics,2007,3.87
United Kingdom,GBR,Logistics performance index: Ability to track and trace consignments (1=low to 5=high),LP.LPI.TRAC.XQ,logistics,2007,4.1
Greece,GRC,Logistics performance index: Ability to track and trace consignments (1=low to 5=high),LP.LPI.TRAC.XQ,logistics,2007,3.53
India,IND,Logistics performance index: Ability to track and trace consignments (1=low to 5=high),LP.LPI.TRAC.XQ,logistics,2007,3.03
Italy,ITA,Logistics performance index: Ability to track and trace consignments (1=low to 5=high),LP.LPI.TRAC.XQ,logistics,2007,3.66
Jordan,JOR,Logistics performance index: Ability to track and trace consignments (1=low to 5=high),LP.LPI.TRAC.XQ,logistics,2007,2.85
Kuwait,KWT,Logistics performance index: Ability to track and trace consignments (1=low to 5=high),LP.LPI.TRAC.XQ,logistics,2007,3.33
Lebanon,LBN,Logistics performance index: Ability to track and trace consignments (1=low to 5=high),LP.LPI.TRAC.XQ,logistics,2007,2.33
Qatar,QAT,Logistics performance index: Ability to track and trace consignments (1=low to 5=high),LP.LPI.TRAC.XQ,logistics,2007,3.17
Saudi Arabia,SAU,Logistics performance index: Ability to track and trace consignments (1=low to 5=high),LP.LPI.TRAC.XQ,logistics,2007,3.02
Turkiye,TUR,Logistics performance index: Ability to track and trace consignments (1=low to 5=high),LP.LPI.TRAC.XQ,logistics,2007,3.27
United States,USA,Logistics performance index: Ability to track and trace consignments (1=low to 5=high),LP.LPI.TRAC.XQ,logistics,2007,4.01
World,WLD,Logistics performance index: Ability to track and trace consignments (1=low to 5=high),LP.LPI.TRAC.XQ,logistics,2007,2.729
United Arab Emirates,ARE,Logistics performance index: Ability to track and trace consignments (1=low to 5=high),LP.LPI.TRAC.XQ,logistics,2010,3.58
Australia,AUS,Logistics performance index: Ability to track and trace consignments (1=low to 5=high),LP.LPI.TRAC.XQ,logistics,2010,3.87
Canada,CAN,Logistics performance index: Ability to track and trace consignments (1=low to 5=high),LP.LPI.TRAC.XQ,logistics,2010,4.01
China,CHN,Logistics performance index: Ability to track and trace consignments (1=low to 5=high),LP.LPI.TRAC.XQ,logistics,2010,3.55
Germany,DEU,Logistics performance index: Ability to track and trace consignments (1=low to 5=high),LP.LPI.TRAC.XQ,logistics,2010,4.18
"Egypt, Arab Rep.",EGY,Logistics performance index: Ability to track and trace consignments (1=low to 5=high),LP.LPI.TRAC.XQ,logistics,2010,2.56
Euro area,EMU,Logistics performance index: Ability to track and trace consignments (1=low to 5=high),LP.LPI.TRAC.XQ,logistics,2010,3.58047619047619
European Union,EUU,Logistics performance index: Ability to track and trace consignments (1=low to 5=high),LP.LPI.TRAC.XQ,logistics,2010,3.56185185185185
France,FRA,Logistics performance index: Ability to track and trace consignments (1=low to 5=high),LP.LPI.TRAC.XQ,logistics,2010,4.01
United Kingdom,GBR,Logistics performance index: Ability to track and trace consignments (1=low to 5=high),LP.LPI.TRAC.XQ,logistics,2010,4.13
Greece,GRC,Logistics performance index: Ability to track and trace consignments (1=low to 5=high),LP.LPI.TRAC.XQ,logistics,2010,3.31
India,IND,Logistics performance index: Ability to track and trace consignments (1=low to 5=high),LP.LPI.TRAC.XQ,logistics,2010,3.14
Iraq,IRQ,Logistics performance index: Ability to track and trace consignments (1=low to 5=high),LP.LPI.TRAC.XQ,logistics,2010,1.96
Italy,ITA,Logistics performance index: Ability to track and trace consignments (1=low to 5=high),LP.LPI.TRAC.XQ,logistics,2010,3.83
Jordan,JOR,Logistics performance index: Ability to track and trace consignments (1=low to 5=high),LP.LPI.TRAC.XQ,logistics,2010,2.33
Kuwait,KWT,Logistics performance index: Ability to track and trace consignments (1=low to 5=high),LP.LPI.TRAC.XQ,logistics,2010,3.44
Lebanon,LBN,Logistics performance index: Ability to track and trace consignments (1=low to 5=high),LP.LPI.TRAC.XQ,logistics,2010,3.16
Qatar,QAT,Logistics performance index: Ability to track and trace consignments (1=low to 5=high),LP.LPI.TRAC.XQ,logistics,2010,3.09
Saudi Arabia,SAU,Logistics performance index: Ability to track and trace consignments (1=low to 5=high),LP.LPI.TRAC.XQ,logistics,2010,3.32
Turkiye,TUR,Logistics performance index: Ability to track and trace consignments (1=low to 5=high),LP.LPI.TRAC.XQ,logistics,2010,3.09
United States,USA,Logistics performance index: Ability to track and trace consignments (1=low to 5=high),LP.LPI.TRAC.XQ,logistics,2010,4.17
World,WLD,Logistics performance index: Ability to track and trace consignments (1=low to 5=high),LP.LPI.TRAC.XQ,logistics,2010,2.9178064516129
United Arab Emirates,ARE,Logistics performance index: Ability to track and trace consignments (1=low to 5=high),LP.LPI.TRAC.XQ,logistics,2012,3.81
Australia,AUS,Logistics performance index: Ability to track and trace consignments (1=low to 5=high),LP.LPI.TRAC.XQ,logistics,2012,3.79
Canada,CAN,Logistics performance index: Ability to track and trace consignments (1=low to 5=high),LP.LPI.TRAC.XQ,logistics,2012,3.86
China,CHN,Logistics performance index: Ability to track and trace consignments (1=low to 5=high),LP.LPI.TRAC.XQ,logistics,2012,3.52
Germany,DEU,Logistics performance index: Ability to track and trace consignments (1=low to 5=high),LP.LPI.TRAC.XQ,logistics,2012,4.05
"Egypt, Arab Rep.",EGY,Logistics performance index: Ability to track and trace consignments (1=low to 5=high),LP.LPI.TRAC.XQ,logistics,2012,2.86
Euro area,EMU,Logistics performance index: Ability to track and trace consignments (1=low to 5=high),LP.LPI.TRAC.XQ,logistics,2012,3.49285714285714
European Union,EUU,Logistics performance index: Ability to track and trace consignments (1=low to 5=high),LP.LPI.TRAC.XQ,logistics,2012,3.49555555555555
France,FRA,Logistics performance index: Ability to track and trace consignments (1=low to 5=high),LP.LPI.TRAC.XQ,logistics,2012,3.97
United Kingdom,GBR,Logistics performance index: Ability to track and trace consignments (1=low to 5=high),LP.LPI.TRAC.XQ,logistics,2012,4.0
Greece,GRC,Logistics performance index: Ability to track and trace consignments (1=low to 5=high),LP.LPI.TRAC.XQ,logistics,2012,2.98
India,IND,Logistics performance index: Ability to track and trace consignments (1=low to 5=high),LP.LPI.TRAC.XQ,logistics,2012,3.09
Iraq,IRQ,Logistics performance index: Ability to track and trace consignments (1=low to 5=high),LP.LPI.TRAC.XQ,logistics,2012,1.86
Italy,ITA,Logistics performance index: Ability to track and trace consignments (1=low to 5=high),LP.LPI.TRAC.XQ,logistics,2012,3.73
Jordan,JOR,Logistics performance index: Ability to track and trace consignments (1=low to 5=high),LP.LPI.TRAC.XQ,logistics,2012,2.55
Kuwait,KWT,Logistics performance index: Ability to track and trace consignments (1=low to 5=high),LP.LPI.TRAC.XQ,logistics,2012,2.98
Lebanon,LBN,Logistics performance index: Ability to track and trace consignments (1=low to 5=high),LP.LPI.TRAC.XQ,logistics,2012,2.61
Qatar,QAT,Logistics performance index: Ability to track and trace consignments (1=low to 5=high),LP.LPI.TRAC.XQ,logistics,2012,3.5
Saudi Arabia,SAU,Logistics performance index: Ability to track and trace consignments (1=low to 5=high),LP.LPI.TRAC.XQ,logistics,2012,3.21
Turkiye,TUR,Logistics performance index: Ability to track and trace consignments (1=low to 5=high),LP.LPI.TRAC.XQ,logistics,2012,3.54
United States,USA,Logistics performance index: Ability to track and trace consignments (1=low to 5=high),LP.LPI.TRAC.XQ,logistics,2012,4.11
World,WLD,Logistics performance index: Ability to track and trace consignments (1=low to 5=high),LP.LPI.TRAC.XQ,logistics,2012,2.87993506493507
United Arab Emirates,ARE,Logistics performance index: Ability to track and trace consignments (1=low to 5=high),LP.LPI.TRAC.XQ,logistics,2014,3.574286
Australia,AUS,Logistics performance index: Ability to track and trace consignments (1=low to 5=high),LP.LPI.TRAC.XQ,logistics,2014,3.814925
Canada,CAN,Logistics performance index: Ability to track and trace consignments (1=low to 5=high),LP.LPI.TRAC.XQ,logistics,2014,3.968199
China,CHN,Logistics performance index: Ability to track and trace consignments (1=low to 5=high),LP.LPI.TRAC.XQ,logistics,2014,3.503259
Germany,DEU,Logistics performance index: Ability to track and trace consignments (1=low to 5=high),LP.LPI.TRAC.XQ,logistics,2014,4.167922
"Egypt, Arab Rep.",EGY,Logistics performance index: Ability to track and trace consignments (1=low to 5=high),LP.LPI.TRAC.XQ,logistics,2014,3.232103
Euro area,EMU,Logistics performance index: Ability to track and trace consignments (1=low to 5=high),LP.LPI.TRAC.XQ,logistics,2014,3.52098719047619
European Union,EUU,Logistics performance index: Ability to track and trace consignments (1=low to 5=high),LP.LPI.TRAC.XQ,logistics,2014,3.54027885185185
France,FRA,Logistics performance index: Ability to track and trace consignments (1=low to 5=high),LP.LPI.TRAC.XQ,logistics,2014,3.886686
United Kingdom,GBR,Logistics performance index: Ability to track and trace consignments (1=low to 5=high),LP.LPI.TRAC.XQ,logistics,2014,4.084338
Greece,GRC,Logistics performance index: Ability to track and trace consignments (1=low to 5=high),LP.LPI.TRAC.XQ,logistics,2014,3.027133
India,IND,Logistics performance index: Ability to track and trace consignments (1=low to 5=high),LP.LPI.TRAC.XQ,logistics,2014,3.109802
Iraq,IRQ,Logistics performance index: Ability to track and trace consignments (1=low to 5=high),LP.LPI.TRAC.XQ,logistics,2014,2.311813
Italy,ITA,Logistics performance index: Ability to track and trace consignments (1=low to 5=high),LP.LPI.TRAC.XQ,logistics,2014,3.835361
Jordan,JOR,Logistics performance index: Ability to track and trace consignments (1=low to 5=high),LP.LPI.TRAC.XQ,logistics,2014,2.666667
Kuwait,KWT,Logistics performance index: Ability to track and trace consignments (1=low to 5=high),LP.LPI.TRAC.XQ,logistics,2014,3.159088
Lebanon,LBN,Logistics performance index: Ability to track and trace consignments (1=low to 5=high),LP.LPI.TRAC.XQ,logistics,2014,3.222222
Qatar,QAT,Logistics performance index: Ability to track and trace consignments (1=low to 5=high),LP.LPI.TRAC.XQ,logistics,2014,3.469697
Saudi Arabia,SAU,Logistics performance index: Ability to track and trace consignments (1=low to 5=high),LP.LPI.TRAC.XQ,logistics,2014,3.149334
Turkiye,TUR,Logistics performance index: Ability to track and trace consignments (1=low to 5=high),LP.LPI.TRAC.XQ,logistics,2014,3.773236
United States,USA,Logistics performance index: Ability to track and trace consignments (1=low to 5=high),LP.LPI.TRAC.XQ,logistics,2014,4.137596
World,WLD,Logistics performance index: Ability to track and trace consignments (1=low to 5=high),LP.LPI.TRAC.XQ,logistics,2014,2.89916175
United Arab Emirates,ARE,Logistics performance index: Ability to track and trace consignments (1=low to 5=high),LP.LPI.TRAC.XQ,logistics,2016,3.908658
Australia,AUS,Logistics performance index: Ability to track and trace consignments (1=low to 5=high),LP.LPI.TRAC.XQ,logistics,2016,3.871699
Canada,CAN,Logistics performance index: Ability to track and trace consignments (1=low to 5=high),LP.LPI.TRAC.XQ,logistics,2016,4.100897
China,CHN,Logistics performance index: Ability to track and trace consignments (1=low to 5=high),LP.LPI.TRAC.XQ,logistics,2016,3.676702
Germany,DEU,Logistics performance index: Ability to track and trace consignments (1=low to 5=high),LP.LPI.TRAC.XQ,logistics,2016,4.26539
"Egypt, Arab Rep.",EGY,Logistics performance index: Ability to track and trace consignments (1=low to 5=high),LP.LPI.TRAC.XQ,logistics,2016,3.150352
Euro area,EMU,Logistics performance index: Ability to track and trace consignments (1=low to 5=high),LP.LPI.TRAC.XQ,logistics,2016,3.63773090476191
European Union,EUU,Logistics performance index: Ability to track and trace consignments (1=low to 5=high),LP.LPI.TRAC.XQ,logistics,2016,3.63522974074074
France,FRA,Logistics performance index: Ability to track and trace consignments (1=low to 5=high),LP.LPI.TRAC.XQ,logistics,2016,4.020638
United Kingdom,GBR,Logistics performance index: Ability to track and trace consignments (1=low to 5=high),LP.LPI.TRAC.XQ,logistics,2016,4.12957
Greece,GRC,Logistics performance index: Ability to track and trace consignments (1=low to 5=high),LP.LPI.TRAC.XQ,logistics,2016,3.592507
India,IND,Logistics performance index: Ability to track and trace consignments (1=low to 5=high),LP.LPI.TRAC.XQ,logistics,2016,3.518981
Iraq,IRQ,Logistics performance index: Ability to track and trace consignments (1=low to 5=high),LP.LPI.TRAC.XQ,logistics,2016,1.982198
Italy,ITA,Logistics performance index: Ability to track and trace consignments (1=low to 5=high),LP.LPI.TRAC.XQ,logistics,2016,3.857773
Jordan,JOR,Logistics performance index: Ability to track and trace consignments (1=low to 5=high),LP.LPI.TRAC.XQ,logistics,2016,2.95825
Kuwait,KWT,Logistics performance index: Ability to track and trace consignments (1=low to 5=high),LP.LPI.TRAC.XQ,logistics,2016,3.16109
Lebanon,LBN,Logistics performance index: Ability to track and trace consignments (1=low to 5=high),LP.LPI.TRAC.XQ,logistics,2016,2.751699
Qatar,QAT,Logistics performance index: Ability to track and trace consignments (1=low to 5=high),LP.LPI.TRAC.XQ,logistics,2016,3.503401
Saudi Arabia,SAU,Logistics performance index: Ability to track and trace consignments (1=low to 5=high),LP.LPI.TRAC.XQ,logistics,2016,3.250143
Turkiye,TUR,Logistics performance index: Ability to track and trace consignments (1=low to 5=high),LP.LPI.TRAC.XQ,logistics,2016,3.39445
United States,USA,Logistics performance index: Ability to track and trace consignments (1=low to 5=high),LP.LPI.TRAC.XQ,logistics,2016,4.200025
World,WLD,Logistics performance index: Ability to track and trace consignments (1=low to 5=high),LP.LPI.TRAC.XQ,logistics,2016,2.86343293125
United Arab Emirates,ARE,Logistics performance index: Ability to track and trace consignments (1=low to 5=high),LP.LPI.TRAC.XQ,logistics,2018,3.96
Australia,AUS,Logistics performance index: Ability to track and trace consignments (1=low to 5=high),LP.LPI.TRAC.XQ,logistics,2018,3.82
Canada,CAN,Logistics performance index: Ability to track and trace consignments (1=low to 5=high),LP.LPI.TRAC.XQ,logistics,2018,3.81
China,CHN,Logistics performance index: Ability to track and trace consignments (1=low to 5=high),LP.LPI.TRAC.XQ,logistics,2018,3.65
Germany,DEU,Logistics performance index: Ability to track and trace consignments (1=low to 5=high),LP.LPI.TRAC.XQ,logistics,2018,4.24
"Egypt, Arab Rep.",EGY,Logistics performance index: Ability to track and trace consignments (1=low to 5=high),LP.LPI.TRAC.XQ,logistics,2018,2.72
Euro area,EMU,Logistics performance index: Ability to track and trace consignments (1=low to 5=high),LP.LPI.TRAC.XQ,logistics,2018,3.51857142857143
European Union,EUU,Logistics performance index: Ability to track and trace consignments (1=low to 5=high),LP.LPI.TRAC.XQ,logistics,2018,3.55888888888889
France,FRA,Logistics performance index: Ability to track and trace consignments (1=low to 5=high),LP.LPI.TRAC.XQ,logistics,2018,4.0
United Kingdom,GBR,Logistics performance index: Ability to track and trace consignments (1=low to 5=high),LP.LPI.TRAC.XQ,logistics,2018,4.11
Greece,GRC,Logistics performance index: Ability to track and trace consignments (1=low to 5=high),LP.LPI.TRAC.XQ,logistics,2018,3.18
India,IND,Logistics performance index: Ability to track and trace consignments (1=low to 5=high),LP.LPI.TRAC.XQ,logistics,2018,3.32
Iraq,IRQ,Logistics performance index: Ability to track and trace consignments (1=low to 5=high),LP.LPI.TRAC.XQ,logistics,2018,2.19
Italy,ITA,Logistics performance index: Ability to track and trace consignments (1=low to 5=high),LP.LPI.TRAC.XQ,logistics,2018,3.85
Jordan,JOR,Logistics performance index: Ability to track and trace consignments (1=low to 5=high),LP.LPI.TRAC.XQ,logistics,2018,2.77
Kuwait,KWT,Logistics performance index: Ability to track and trace consignments (1=low to 5=high),LP.LPI.TRAC.XQ,logistics,2018,2.66
Lebanon,LBN,Logistics performance index: Ability to track and trace consignments (1=low to 5=high),LP.LPI.TRAC.XQ,logistics,2018,2.8
Qatar,QAT,Logistics performance index: Ability to track and trace consignments (1=low to 5=high),LP.LPI.TRAC.XQ,logistics,2018,3.56
Saudi Arabia,SAU,Logistics performance index: Ability to track and trace consignments (1=low to 5=high),LP.LPI.TRAC.XQ,logistics,2018,3.17
Turkiye,TUR,Logistics performance index: Ability to track and trace consignments (1=low to 5=high),LP.LPI.TRAC.XQ,logistics,2018,3.23
United States,USA,Logistics performance index: Ability to track and trace consignments (1=low to 5=high),LP.LPI.TRAC.XQ,logistics,2018,4.09
World,WLD,Logistics performance index: Ability to track and trace consignments (1=low to 5=high),LP.LPI.TRAC.XQ,logistics,2018,2.901125
United Arab Emirates,ARE,Logistics performance index: Ability to track and trace consignments (1=low to 5=high),LP.LPI.TRAC.XQ,logistics,2022,4.1
Australia,AUS,Logistics performance index: Ability to track and trace consignments (1=low to 5=high),LP.LPI.TRAC.XQ,logistics,2022,4.1
Canada,CAN,Logistics performance index: Ability to track and trace consignments (1=low to 5=high),LP.LPI.TRAC.XQ,logistics,2022,4.1
China,CHN,Logistics performance index: Ability to track and trace consignments (1=low to 5=high),LP.LPI.TRAC.XQ,logistics,2022,3.8
Germany,DEU,Logistics performance index: Ability to track and trace consignments (1=low to 5=high),LP.LPI.TRAC.XQ,logistics,2022,4.2
"Egypt, Arab Rep.",EGY,Logistics performance index: Ability to track and trace consignments (1=low to 5=high),LP.LPI.TRAC.XQ,logistics,2022,2.9
Euro area,EMU,Logistics performance index: Ability to track and trace consignments (1=low to 5=high),LP.LPI.TRAC.XQ,logistics,2022,3.68571428571429
European Union,EUU,Logistics performance index: Ability to track and trace consignments (1=low to 5=high),LP.LPI.TRAC.XQ,logistics,2022,3.69259259259259
France,FRA,Logistics performance index: Ability to track and trace consignments (1=low to 5=high),LP.LPI.TRAC.XQ,logistics,2022,4.0
United Kingdom,GBR,Logistics performance index: Ability to track and trace consignments (1=low to 5=high),LP.LPI.TRAC.XQ,logistics,2022,4.0
Greece,GRC,Logistics performance index: Ability to track and trace consignments (1=low to 5=high),LP.LPI.TRAC.XQ,logistics,2022,3.9
India,IND,Logistics performance index: Ability to track and trace consignments (1=low to 5=high),LP.LPI.TRAC.XQ,logistics,2022,3.4
Iraq,IRQ,Logistics performance index: Ability to track and trace consignments (1=low to 5=high),LP.LPI.TRAC.XQ,logistics,2022,2.4
Italy,ITA,Logistics performance index: Ability to track and trace consignments (1=low to 5=high),LP.LPI.TRAC.XQ,logistics,2022,3.9
Kuwait,KWT,Logistics performance index: Ability to track and trace consignments (1=low to 5=high),LP.LPI.TRAC.XQ,logistics,2022,3.3
Qatar,QAT,Logistics performance index: Ability to track and trace consignments (1=low to 5=high),LP.LPI.TRAC.XQ,logistics,2022,3.6
Saudi Arabia,SAU,Logistics performance index: Ability to track and trace consignments (1=low to 5=high),LP.LPI.TRAC.XQ,logistics,2022,3.5
Turkiye,TUR,Logistics performance index: Ability to track and trace consignments (1=low to 5=high),LP.LPI.TRAC.XQ,logistics,2022,3.5
United States,USA,Logistics performance index: Ability to track and trace consignments (1=low to 5=high),LP.LPI.TRAC.XQ,logistics,2022,4.2
World,WLD,Logistics performance index: Ability to track and trace consignments (1=low to 5=high),LP.LPI.TRAC.XQ,logistics,2022,3.05107913669065
Australia,AUS,Exports of goods and services (current US$),NE.EXP.GNFS.CD,export_capacity,1960,2413600386.17606
China,CHN,Exports of goods and services (current US$),NE.EXP.GNFS.CD,export_capacity,1960,1883060000.0
"Egypt, Arab Rep.",EGY,Exports of goods and services (current US$),NE.EXP.GNFS.CD,export_capacity,1960,835625800.449113
France,FRA,Exports of goods and services (current US$),NE.EXP.GNFS.CD,export_capacity,1960,9666380036.88813
Greece,GRC,Exports of goods and services (current US$),NE.EXP.GNFS.CD,export_capacity,1960,421746257.586673
India,IND,Exports of goods and services (current US$),NE.EXP.GNFS.CD,export_capacity,1960,1652701652.70165
Turkiye,TUR,Exports of goods and services (current US$),NE.EXP.GNFS.CD,export_capacity,1960,155555555.555556
Australia,AUS,Exports of goods and services (current US$),NE.EXP.GNFS.CD,export_capacity,1961,2437120389.93926
Canada,CAN,Exports of goods and services (current US$),NE.EXP.GNFS.CD,export_capacity,1961,7215712236.96798
China,CHN,Exports of goods and services (current US$),NE.EXP.GNFS.CD,export_capacity,1961,1505610000.0
"Egypt, Arab Rep.",EGY,Exports of goods and services (current US$),NE.EXP.GNFS.CD,export_capacity,1961,793126618.845515
France,FRA,Exports of goods and services (current US$),NE.EXP.GNFS.CD,export_capacity,1961,10206604646.2565
Greece,GRC,Exports of goods and services (current US$),NE.EXP.GNFS.CD,export_capacity,1961,462193280.916671
India,IND,Exports of goods and services (current US$),NE.EXP.GNFS.CD,export_capacity,1961,1688401688.40169
Turkiye,TUR,Exports of goods and services (current US$),NE.EXP.GNFS.CD,export_capacity,1961,411111111.111111
Australia,AUS,Exports of goods and services (current US$),NE.EXP.GNFS.CD,export_capacity,1962,2773120443.69927
Canada,CAN,Exports of goods and services (current US$),NE.EXP.GNFS.CD,export_capacity,1962,7439414166.10697
China,CHN,Exports of goods and services (current US$),NE.EXP.GNFS.CD,export_capacity,1962,1505370000.0
"Egypt, Arab Rep.",EGY,Exports of goods and services (current US$),NE.EXP.GNFS.CD,export_capacity,1962,607433082.234622
France,FRA,Exports of goods and services (current US$),NE.EXP.GNFS.CD,export_capacity,1962,10480171412.2893
Greece,GRC,Exports of goods and services (current US$),NE.EXP.GNFS.CD,export_capacity,1962,427584440.678956
India,IND,Exports of goods and services (current US$),NE.EXP.GNFS.CD,export_capacity,1962,1757701757.70176
Turkiye,TUR,Exports of goods and services (current US$),NE.EXP.GNFS.CD,export_capacity,1962,500000000.0
Australia,AUS,Exports of goods and services (current US$),NE.EXP.GNFS.CD,export_capacity,1963,2796640447.46247
Canada,CAN,Exports of goods and services (current US$),NE.EXP.GNFS.CD,export_capacity,1963,8094515611.35049
China,CHN,Exports of goods and services (current US$),NE.EXP.GNFS.CD,export_capacity,1963,1666350000.0
"Egypt, Arab Rep.",EGY,Exports of goods and services (current US$),NE.EXP.GNFS.CD,export_capacity,1963,743589330.769602
France,FRA,Exports of goods and services (current US$),NE.EXP.GNFS.CD,export_capacity,1963,11534712170.9113
Greece,GRC,Exports of goods and services (current US$),NE.EXP.GNFS.CD,export_capacity,1963,525311536.643937
India,IND,Exports of goods and services (current US$),NE.EXP.GNFS.CD,export_capacity,1963,2072702072.70207
Turkiye,TUR,Exports of goods and services (current US$),NE.EXP.GNFS.CD,export_capacity,1963,433333333.333333
Australia,AUS,Exports of goods and services (current US$),NE.EXP.GNFS.CD,export_capacity,1964,3549280567.88489
Canada,CAN,Exports of goods and services (current US$),NE.EXP.GNFS.CD,export_capacity,1964,9398224064.40888
China,CHN,Exports of goods and services (current US$),NE.EXP.GNFS.CD,export_capacity,1964,1938860000.0
"Egypt, Arab Rep.",EGY,Exports of goods and services (current US$),NE.EXP.GNFS.CD,export_capacity,1964,866409220.231702
France,FRA,Exports of goods and services (current US$),NE.EXP.GNFS.CD,export_capacity,1964,12972299547.5384
Greece,GRC,Exports of goods and services (current US$),NE.EXP.GNFS.CD,export_capacity,1964,500981987.648471
India,IND,Exports of goods and services (current US$),NE.EXP.GNFS.CD,export_capacity,1964,2104202104.2021
Turkiye,TUR,Exports of goods and services (current US$),NE.EXP.GNFS.CD,export_capacity,1964,500000000.0
Australia,AUS,Exports of goods and services (current US$),NE.EXP.GNFS.CD,export_capacity,1965,3428320548.53129
Canada,CAN,Exports of goods and services (current US$),NE.EXP.GNFS.CD,export_capacity,1965,9996446867.04438
China,CHN,Exports of goods and services (current US$),NE.EXP.GNFS.CD,export_capacity,1965,2246600000.0
"Egypt, Arab Rep.",EGY,Exports of goods and services (current US$),NE.EXP.GNFS.CD,export_capacity,1965,847750109.217999
France,FRA,Exports of goods and services (current US$),NE.EXP.GNFS.CD,export_capacity,1965,14511926397.8485
Greece,GRC,Exports of goods and services (current US$),NE.EXP.GNFS.CD,export_capacity,1965,577923334.471668
India,IND,Exports of goods and services (current US$),NE.EXP.GNFS.CD,export_capacity,1965,1969801969.80197
Kuwait,KWT,Exports of goods and services (current US$),NE.EXP.GNFS.CD,export_capacity,1965,1419599432.16023
Turkiye,TUR,Exports of goods and services (current US$),NE.EXP.GNFS.CD,export_capacity,1965,544444444.444444
Australia,AUS,Exports of goods and services (current US$),NE.EXP.GNFS.CD,export_capacity,1966,3525760564.12169
Canada,CAN,Exports of goods and services (current US$),NE.EXP.GNFS.CD,export_capacity,1966,11675300776.8421
China,CHN,Exports of goods and services (current US$),NE.EXP.GNFS.CD,export_capacity,1966,2370600000.0
"Egypt, Arab Rep.",EGY,Exports of goods and services (current US$),NE.EXP.GNFS.CD,export_capacity,1966,862076408.374703
France,FRA,Exports of goods and services (current US$),NE.EXP.GNFS.CD,export_capacity,1966,15759518400.3003
Greece,GRC,Exports of goods and services (current US$),NE.EXP.GNFS.CD,export_capacity,1966,788927084.092945
India,IND,Exports of goods and services (current US$),NE.EXP.GNFS.CD,export_capacity,1966,1888225564.87049
Kuwait,KWT,Exports of goods and services (current US$),NE.EXP.GNFS.CD,export_capacity,1966,1570799371.68025
Turkiye,TUR,Exports of goods and services (current US$),NE.EXP.GNFS.CD,export_capacity,1966,577777777.777778
Australia,AUS,Exports of goods and services (current US$),NE.EXP.GNFS.CD,export_capacity,1967,3915520626.4833
Canada,CAN,Exports of goods and services (current US$),NE.EXP.GNFS.CD,export_capacity,1967,13131449205.2398
China,CHN,Exports of goods and services (current US$),NE.EXP.GNFS.CD,export_capacity,1967,2155880000.0
"Egypt, Arab Rep.",EGY,Exports of goods and services (current US$),NE.EXP.GNFS.CD,export_capacity,1967,943166740.380363
France,FRA,Exports of goods and services (current US$),NE.EXP.GNFS.CD,export_capacity,1967,16945727281.8647
Greece,GRC,Exports of goods and services (current US$),NE.EXP.GNFS.CD,export_capacity,1967,819571866.160997
India,IND,Exports of goods and services (current US$),NE.EXP.GNFS.CD,export_capacity,1967,2022666666.66667
Kuwait,KWT,Exports of goods and services (current US$),NE.EXP.GNFS.CD,export_capacity,1967,1453199418.72023
Turkiye,TUR,Exports of goods and services (current US$),NE.EXP.GNFS.CD,export_capacity,1967,644444444.444444
Australia,AUS,Exports of goods and services (current US$),NE.EXP.GNFS.CD,export_capacity,1968,4016320642.6113
Canada,CAN,Exports of goods and services (current US$),NE.EXP.GNFS.CD,export_capacity,1968,15002668947.8911
China,CHN,Exports of goods and services (current US$),NE.EXP.GNFS.CD,export_capacity,1968,2114700000.0
"Egypt, Arab Rep.",EGY,Exports of goods and services (current US$),NE.EXP.GNFS.CD,export_capacity,1968,700000000.0
France,FRA,Exports of goods and services (current US$),NE.EXP.GNFS.CD,export_capacity,1968,18545142886.2859
Greece,GRC,Exports of goods and services (current US$),NE.EXP.GNFS.CD,export_capacity,1968,791766667.309036
India,IND,Exports of goods and services (current US$),NE.EXP.GNFS.CD,export_capacity,1968,2144000000.0
Kuwait,KWT,Exports of goods and services (current US$),NE.EXP.GNFS.CD,export_capacity,1968,1643599342.56026
Saudi Arabia,SAU,Exports of goods and services (current US$),NE.EXP.GNFS.CD,export_capacity,1968,1998980666.66667
Turkiye,TUR,Exports of goods and services (current US$),NE.EXP.GNFS.CD,export_capacity,1968,644444444.444444
Australia,AUS,Exports of goods and services (current US$),NE.EXP.GNFS.CD,export_capacity,1969,4378080700.49291
Canada,CAN,Exports of goods and services (current US$),NE.EXP.GNFS.CD,export_capacity,1969,16551276495.1988
China,CHN,Exports of goods and services (current US$),NE.EXP.GNFS.CD,export_capacity,1969,2214390000.0
"Egypt, Arab Rep.",EGY,Exports of goods and services (current US$),NE.EXP.GNFS.CD,export_capacity,1969,877723970.94431
France,FRA,Exports of goods and services (current US$),NE.EXP.GNFS.CD,export_capacity,1969,21332691446.4196
Greece,GRC,Exports of goods and services (current US$),NE.EXP.GNFS.CD,export_capacity,1969,878078638.745332
India,IND,Exports of goods and services (current US$),NE.EXP.GNFS.CD,export_capacity,1969,2170666666.66667
Kuwait,KWT,Exports of goods and services (current US$),NE.EXP.GNFS.CD,export_capacity,1969,1758399296.64028
Saudi Arabia,SAU,Exports of goods and services (current US$),NE.EXP.GNFS.CD,export_capacity,1969,2161704511.11111
Turkiye,TUR,Exports of goods and services (current US$),NE.EXP.GNFS.CD,export_capacity,1969,700000000.0
Australia,AUS,Exports of goods and services (current US$),NE.EXP.GNFS.CD,export_capacity,1970,5354720856.75534
Canada,CAN,Exports of goods and services (current US$),NE.EXP.GNFS.CD,export_capacity,1970,19265001435.5441
China,CHN,Exports of goods and services (current US$),NE.EXP.GNFS.CD,export_capacity,1970,2274220000.0
Germany,DEU,Exports of goods and services (current US$),NE.EXP.GNFS.CD,export_capacity,1970,32635821086.9449
"Egypt, Arab Rep.",EGY,Exports of goods and services (current US$),NE.EXP.GNFS.CD,export_capacity,1970,1091183119.81914
Euro area,EMU,Exports of goods and services (current US$),NE.EXP.GNFS.CD,export_capacity,1970,124420048083.672
European Union,EUU,Exports of goods and services (current US$),NE.EXP.GNFS.CD,export_capacity,1970,142023520138.547
France,FRA,Exports of goods and services (current US$),NE.EXP.GNFS.CD,export_capacity,1970,24880359040.9826
United Kingdom,GBR,Exports of goods and services (current US$),NE.EXP.GNFS.CD,export_capacity,1970,28794190064.7948
Greece,GRC,Exports of goods and services (current US$),NE.EXP.GNFS.CD,export_capacity,1970,1017465909.09091
India,IND,Exports of goods and services (current US$),NE.EXP.GNFS.CD,export_capacity,1970,2361333333.33333
Iraq,IRQ,Exports of goods and services (current US$),NE.EXP.GNFS.CD,export_capacity,1970,1224999510.0002
Italy,ITA,Exports of goods and services (current US$),NE.EXP.GNFS.CD,export_capacity,1970,17194739776.9517
Kuwait,KWT,Exports of goods and services (current US$),NE.EXP.GNFS.CD,export_capacity,1970,1718919312.43228
Saudi Arabia,SAU,Exports of goods and services (current US$),NE.EXP.GNFS.CD,export_capacity,1970,2731777777.77778
Turkiye,TUR,Exports of goods and services (current US$),NE.EXP.GNFS.CD,export_capacity,1970,790909090.909091
United States,USA,Exports of goods and services (current US$),NE.EXP.GNFS.CD,export_capacity,1970,59709000000.0
World,WLD,Exports of goods and services (current US$),NE.EXP.GNFS.CD,export_capacity,1970,386378938206.174
Australia,AUS,Exports of goods and services (current US$),NE.EXP.GNFS.CD,export_capacity,1971,5715360914.45775
Canada,CAN,Exports of goods and services (current US$),NE.EXP.GNFS.CD,export_capacity,1971,20913052089.5227
China,CHN,Exports of goods and services (current US$),NE.EXP.GNFS.CD,export_capacity,1971,2710416000.0
Germany,DEU,Exports of goods and services (current US$),NE.EXP.GNFS.CD,export_capacity,1971,36378984553.6162
"Egypt, Arab Rep.",EGY,Exports of goods and services (current US$),NE.EXP.GNFS.CD,export_capacity,1971,1140015302.21882
Euro area,EMU,Exports of goods and services (current US$),NE.EXP.GNFS.CD,export_capacity,1971,141105957715.458
European Union,EUU,Exports of goods and services (current US$),NE.EXP.GNFS.CD,export_capacity,1971,160636669321.272
France,FRA,Exports of goods and services (current US$),NE.EXP.GNFS.CD,export_capacity,1971,28648395880.1942
United Kingdom,GBR,Exports of goods and services (current US$),NE.EXP.GNFS.CD,export_capacity,1971,32761433438.7929
Greece,GRC,Exports of goods and services (current US$),NE.EXP.GNFS.CD,export_capacity,1971,1169159090.90909
India,IND,Exports of goods and services (current US$),NE.EXP.GNFS.CD,export_capacity,1971,2469914214.15473
Iraq,IRQ,Exports of goods and services (current US$),NE.EXP.GNFS.CD,export_capacity,1971,1687411598.30269
Italy,ITA,Exports of goods and services (current US$),NE.EXP.GNFS.CD,export_capacity,1971,19424023096.1298
Kuwait,KWT,Exports of goods and services (current US$),NE.EXP.GNFS.CD,export_capacity,1971,2574572168.33568
Saudi Arabia,SAU,Exports of goods and services (current US$),NE.EXP.GNFS.CD,export_capacity,1971,3878685815.75095
Turkiye,TUR,Exports of goods and services (current US$),NE.EXP.GNFS.CD,export_capacity,1971,860000000.0
United States,USA,Exports of goods and services (current US$),NE.EXP.GNFS.CD,export_capacity,1971,62963000000.0
World,WLD,Exports of goods and services (current US$),NE.EXP.GNFS.CD,export_capacity,1971,433373941310.655
Australia,AUS,Exports of goods and services (current US$),NE.EXP.GNFS.CD,export_capacity,1972,6663551401.86916
Canada,CAN,Exports of goods and services (current US$),NE.EXP.GNFS.CD,export_capacity,1972,24070108091.7264
China,CHN,Exports of goods and services (current US$),NE.EXP.GNFS.CD,export_capacity,1972,3537210000.0
Germany,DEU,Exports of goods and services (current US$),NE.EXP.GNFS.CD,export_capacity,1972,43607225050.6042
"Egypt, Arab Rep.",EGY,Exports of goods and services (current US$),NE.EXP.GNFS.CD,export_capacity,1972,1182006204.75698
Euro area,EMU,Exports of goods and services (current US$),NE.EXP.GNFS.CD,export_capacity,1972,173189599255.835
European Union,EUU,Exports of goods and services (current US$),NE.EXP.GNFS.CD,export_capacity,1972,196448099572.298
France,FRA,Exports of goods and services (current US$),NE.EXP.GNFS.CD,export_capacity,1972,35386996098.8297
United Kingdom,GBR,Exports of goods and services (current US$),NE.EXP.GNFS.CD,export_capacity,1972,35438523976.024
Greece,GRC,Exports of goods and services (current US$),NE.EXP.GNFS.CD,export_capacity,1972,1514340909.09091
India,IND,Exports of goods and services (current US$),NE.EXP.GNFS.CD,export_capacity,1972,2878233145.16372
Iraq,IRQ,Exports of goods and services (current US$),NE.EXP.GNFS.CD,export_capacity,1972,1519074797.23641
Italy,ITA,Exports of goods and services (current US$),NE.EXP.GNFS.CD,export_capacity,1972,23697035192.5631
Kuwait,KWT,Exports of goods and services (current US$),NE.EXP.GNFS.CD,export_capacity,1972,3053056856.83799
Saudi Arabia,SAU,Exports of goods and services (current US$),NE.EXP.GNFS.CD,export_capacity,1972,5951621242.56862
Turkiye,TUR,Exports of goods and services (current US$),NE.EXP.GNFS.CD,export_capacity,1972,1242857142.85714
United States,USA,Exports of goods and services (current US$),NE.EXP.GNFS.CD,export_capacity,1972,70843000000.0
World,WLD,Exports of goods and services (current US$),NE.EXP.GNFS.CD,export_capacity,1972,514069589108.672
Australia,AUS,Exports of goods and services (current US$),NE.EXP.GNFS.CD,export_capacity,1973,9019859064.70211
Canada,CAN,Exports of goods and services (current US$),NE.EXP.GNFS.CD,export_capacity,1973,29896010398.9601
China,CHN,Exports of goods and services (current US$),NE.EXP.GNFS.CD,export_capacity,1973,5959279000.0
Germany,DEU,Exports of goods and services (current US$),NE.EXP.GNFS.CD,export_capacity,1973,61138960117.0874
"Egypt, Arab Rep.",EGY,Exports of goods and services (current US$),NE.EXP.GNFS.CD,export_capacity,1973,1366851945.42698
Euro area,EMU,Exports of goods and services (current US$),NE.EXP.GNFS.CD,export_capacity,1973,234582536381.565
European Union,EUU,Exports of goods and services (current US$),NE.EXP.GNFS.CD,export_capacity,1973,266624554928.552
France,FRA,Exports of goods and services (current US$),NE.EXP.GNFS.CD,export_capacity,1973,48415733647.6134
United Kingdom,GBR,Exports of goods and services (current US$),NE.EXP.GNFS.CD,export_capacity,1973,43672359137.6776
Greece,GRC,Exports of goods and services (current US$),NE.EXP.GNFS.CD,export_capacity,1973,2554695051.78366
India,IND,Exports of goods and services (current US$),NE.EXP.GNFS.CD,export_capacity,1973,3599236351.42232
Iraq,IRQ,Exports of goods and services (current US$),NE.EXP.GNFS.CD,export_capacity,1973,2378672829.31661
Italy,ITA,Exports of goods and services (current US$),NE.EXP.GNFS.CD,export_capacity,1973,28263779475.2574
Kuwait,KWT,Exports of goods and services (current US$),NE.EXP.GNFS.CD,export_capacity,1973,3890792117.93426
Saudi Arabia,SAU,Exports of goods and services (current US$),NE.EXP.GNFS.CD,export_capacity,1973,14903189967.9193
Turkiye,TUR,Exports of goods and services (current US$),NE.EXP.GNFS.CD,export_capacity,1973,1828571428.57143
United States,USA,Exports of goods and services (current US$),NE.EXP.GNFS.CD,export_capacity,1973,95269000000.0
World,WLD,Exports of goods and services (current US$),NE.EXP.GNFS.CD,export_capacity,1973,704026922052.937
Australia,AUS,Exports of goods and services (current US$),NE.EXP.GNFS.CD,export_capacity,1974,11680176860.7222
Canada,CAN,Exports of goods and services (current US$),NE.EXP.GNFS.CD,export_capacity,1974,38617586912.0654
China,CHN,Exports of goods and services (current US$),NE.EXP.GNFS.CD,export_capacity,1974,7213067000.0
Germany,DEU,Exports of goods and services (current US$),NE.EXP.GNFS.CD,export_capacity,1974,81166870984.8084
"Egypt, Arab Rep.",EGY,Exports of goods and services (current US$),NE.EXP.GNFS.CD,export_capacity,1974,1879700810.30542
Euro area,EMU,Exports of goods and services (current US$),NE.EXP.GNFS.CD,export_capacity,1974,306024837578.129
European Union,EUU,Exports of goods and services (current US$),NE.EXP.GNFS.CD,export_capacity,1974,347060250305.35
France,FRA,Exports of goods and services (current US$),NE.EXP.GNFS.CD,export_capacity,1974,61397981451.1729
United Kingdom,GBR,Exports of goods and services (current US$),NE.EXP.GNFS.CD,export_capacity,1974,55864677419.3548
Greece,GRC,Exports of goods and services (current US$),NE.EXP.GNFS.CD,export_capacity,1974,3540079545.45455
India,IND,Exports of goods and services (current US$),NE.EXP.GNFS.CD,export_capacity,1974,4808449429.90723
Iraq,IRQ,Exports of goods and services (current US$),NE.EXP.GNFS.CD,export_capacity,1974,7029800203.1832
Italy,ITA,Exports of goods and services (current US$),NE.EXP.GNFS.CD,export_capacity,1974,36967362310.2114
Kuwait,KWT,Exports of goods and services (current US$),NE.EXP.GNFS.CD,export_capacity,1974,11050618964.288
Saudi Arabia,SAU,Exports of goods and services (current US$),NE.EXP.GNFS.CD,export_capacity,1974,28581126760.5634
Turkiye,TUR,Exports of goods and services (current US$),NE.EXP.GNFS.CD,export_capacity,1974,2028571428.57143
United States,USA,Exports of goods and services (current US$),NE.EXP.GNFS.CD,export_capacity,1974,126650000000.0
World,WLD,Exports of goods and services (current US$),NE.EXP.GNFS.CD,export_capacity,1974,972915995170.654
Australia,AUS,Exports of goods and services (current US$),NE.EXP.GNFS.CD,export_capacity,1975,13874095316.1273
Canada,CAN,Exports of goods and services (current US$),NE.EXP.GNFS.CD,export_capacity,1975,38302202123.4762
China,CHN,Exports of goods and services (current US$),NE.EXP.GNFS.CD,export_capacity,1975,7974570000.0
Germany,DEU,Exports of goods and services (current US$),NE.EXP.GNFS.CD,export_capacity,1975,83906542650.4492
"Egypt, Arab Rep.",EGY,Exports of goods and services (current US$),NE.EXP.GNFS.CD,export_capacity,1975,2113327487.94388
Euro area,EMU,Exports of goods and services (current US$),NE.EXP.GNFS.CD,export_capacity,1975,331649488667.097
European Union,EUU,Exports of goods and services (current US$),NE.EXP.GNFS.CD,export_capacity,1975,376972813844.31
France,FRA,Exports of goods and services (current US$),NE.EXP.GNFS.CD,export_capacity,1975,70958390699.0975
United Kingdom,GBR,Exports of goods and services (current US$),NE.EXP.GNFS.CD,export_capacity,1975,62053345132.7434
Greece,GRC,Exports of goods and services (current US$),NE.EXP.GNFS.CD,export_capacity,1975,3962624867.16259
India,IND,Exports of goods and services (current US$),NE.EXP.GNFS.CD,export_capacity,1975,5560878503.24078
Iraq,IRQ,Exports of goods and services (current US$),NE.EXP.GNFS.CD,export_capacity,1975,7042668472.73959
Italy,ITA,Exports of goods and services (current US$),NE.EXP.GNFS.CD,export_capacity,1975,42652568208.7782
Kuwait,KWT,Exports of goods and services (current US$),NE.EXP.GNFS.CD,export_capacity,1975,9674794850.22342
Saudi Arabia,SAU,Exports of goods and services (current US$),NE.EXP.GNFS.CD,export_capacity,1975,34300542527.1463
Turkiye,TUR,Exports of goods and services (current US$),NE.EXP.GNFS.CD,export_capacity,1975,2035714285.71429
United States,USA,Exports of goods and services (current US$),NE.EXP.GNFS.CD,export_capacity,1975,138706000000.0
World,WLD,Exports of goods and services (current US$),NE.EXP.GNFS.CD,export_capacity,1975,1034996685692.69
Australia,AUS,Exports of goods and services (current US$),NE.EXP.GNFS.CD,export_capacity,1976,14184298826.9876
Canada,CAN,Exports of goods and services (current US$),NE.EXP.GNFS.CD,export_capacity,1976,44942190669.3712
China,CHN,Exports of goods and services (current US$),NE.EXP.GNFS.CD,export_capacity,1976,7440600000.0
Germany,DEU,Exports of goods and services (current US$),NE.EXP.GNFS.CD,export_capacity,1976,93878705142.147
"Egypt, Arab Rep.",EGY,Exports of goods and services (current US$),NE.EXP.GNFS.CD,export_capacity,1976,2285998013.90268
Euro area,EMU,Exports of goods and services (current US$),NE.EXP.GNFS.CD,export_capacity,1976,362269613851.36
European Union,EUU,Exports of goods and services (current US$),NE.EXP.GNFS.CD,export_capacity,1976,410595170937.564
France,FRA,Exports of goods and services (current US$),NE.EXP.GNFS.CD,export_capacity,1976,75121414913.9579
United Kingdom,GBR,Exports of goods and services (current US$),NE.EXP.GNFS.CD,export_capacity,1976,65841913746.6307
Greece,GRC,Exports of goods and services (current US$),NE.EXP.GNFS.CD,export_capacity,1976,4299095149.25373
India,IND,Exports of goods and services (current US$),NE.EXP.GNFS.CD,export_capacity,1976,6868148772.67222
Iraq,IRQ,Exports of goods and services (current US$),NE.EXP.GNFS.CD,export_capacity,1976,10185912631.2225
Italy,ITA,Exports of goods and services (current US$),NE.EXP.GNFS.CD,export_capacity,1976,45043912537.7995
Jordan,JOR,Exports of goods and services (current US$),NE.EXP.GNFS.CD,export_capacity,1976,553341586.767997
Kuwait,KWT,Exports of goods and services (current US$),NE.EXP.GNFS.CD,export_capacity,1976,10234380803.5241
Saudi Arabia,SAU,Exports of goods and services (current US$),NE.EXP.GNFS.CD,export_capacity,1976,38230311614.7309
Turkiye,TUR,Exports of goods and services (current US$),NE.EXP.GNFS.CD,export_capacity,1976,2500000000.0
United States,USA,Exports of goods and services (current US$),NE.EXP.GNFS.CD,export_capacity,1976,149515000000.0
World,WLD,Exports of goods and services (current US$),NE.EXP.GNFS.CD,export_capacity,1976,1154013200289.44
Australia,AUS,Exports of goods and services (current US$),NE.EXP.GNFS.CD,export_capacity,1977,15449644413.8564
Canada,CAN,Exports of goods and services (current US$),NE.EXP.GNFS.CD,export_capacity,1977,48202162670.4278
China,CHN,Exports of goods and services (current US$),NE.EXP.GNFS.CD,export_capacity,1977,8271070000.0
Germany,DEU,Exports of goods and services (current US$),NE.EXP.GNFS.CD,export_capacity,1977,107912072770.151
"Egypt, Arab Rep.",EGY,Exports of goods and services (current US$),NE.EXP.GNFS.CD,export_capacity,1977,3108577442.55394
Euro area,EMU,Exports of goods and services (current US$),NE.EXP.GNFS.CD,export_capacity,1977,418289130762.664
European Union,EUU,Exports of goods and services (current US$),NE.EXP.GNFS.CD,export_capacity,1977,471070893267.516
France,FRA,Exports of goods and services (current US$),NE.EXP.GNFS.CD,export_capacity,1977,86513238833.9128
United Kingdom,GBR,Exports of goods and services (current US$),NE.EXP.GNFS.CD,export_capacity,1977,78871843711.8437
Greece,GRC,Exports of goods and services (current US$),NE.EXP.GNFS.CD,export_capacity,1977,4968001850.13876
India,IND,Exports of goods and services (current US$),NE.EXP.GNFS.CD,export_capacity,1977,7754701053.93862
Iraq,IRQ,Exports of goods and services (current US$),NE.EXP.GNFS.CD,export_capacity,1977,11148662377.2435
Italy,ITA,Exports of goods and services (current US$),NE.EXP.GNFS.CD,export_capacity,1977,55073254333.9917
Jordan,JOR,Exports of goods and services (current US$),NE.EXP.GNFS.CD,export_capacity,1977,694573097.2129
Kuwait,KWT,Exports of goods and services (current US$),NE.EXP.GNFS.CD,export_capacity,1977,10182645882.6239
Saudi Arabia,SAU,Exports of goods and services (current US$),NE.EXP.GNFS.CD,export_capacity,1977,42599781847.9943
Turkiye,TUR,Exports of goods and services (current US$),NE.EXP.GNFS.CD,export_capacity,1977,2238888888.88889
United States,USA,Exports of goods and services (current US$),NE.EXP.GNFS.CD,export_capacity,1977,159349000000.0
World,WLD,Exports of goods and services (current US$),NE.EXP.GNFS.CD,export_capacity,1977,1308721459736.47
Australia,AUS,Exports of goods and services (current US$),NE.EXP.GNFS.CD,export_capacity,1978,16122883554.3204
Canada,CAN,Exports of goods and services (current US$),NE.EXP.GNFS.CD,export_capacity,1978,53813447882.8789
China,CHN,Exports of goods and services (current US$),NE.EXP.GNFS.CD,export_capacity,1978,10801140000.0
Germany,DEU,Exports of goods and services (current US$),NE.EXP.GNFS.CD,export_capacity,1978,130525539435.248
"Egypt, Arab Rep.",EGY,Exports of goods and services (current US$),NE.EXP.GNFS.CD,export_capacity,1978,2947998787.14372
Euro area,EMU,Exports of goods and services (current US$),NE.EXP.GNFS.CD,export_capacity,1978,507594318925.491
European Union,EUU,Exports of goods and services (current US$),NE.EXP.GNFS.CD,export_capacity,1978,569161927202.52
France,FRA,Exports of goods and services (current US$),NE.EXP.GNFS.CD,export_capacity,1978,106772238372.093
United Kingdom,GBR,Exports of goods and services (current US$),NE.EXP.GNFS.CD,export_capacity,1978,95076914669.2234
Greece,GRC,Exports of goods and services (current US$),NE.EXP.GNFS.CD,export_capacity,1978,5937115027.82931
India,IND,Exports of goods and services (current US$),NE.EXP.GNFS.CD,export_capacity,1978,8670401540.12653
Iraq,IRQ,Exports of goods and services (current US$),NE.EXP.GNFS.CD,export_capacity,1978,13467998645.4453
Italy,ITA,Exports of goods and services (current US$),NE.EXP.GNFS.CD,export_capacity,1978,68300727812.0009
Jordan,JOR,Exports of goods and services (current US$),NE.EXP.GNFS.CD,export_capacity,1978,870674846.625767
Kuwait,KWT,Exports of goods and services (current US$),NE.EXP.GNFS.CD,export_capacity,1978,10936074138.4388
Saudi Arabia,SAU,Exports of goods and services (current US$),NE.EXP.GNFS.CD,export_capacity,1978,39584805336.6875
Turkiye,TUR,Exports of goods and services (current US$),NE.EXP.GNFS.CD,export_capacity,1978,2733333333.33333
United States,USA,Exports of goods and services (current US$),NE.EXP.GNFS.CD,export_capacity,1978,186883000000.0
World,WLD,Exports of goods and services (current US$),NE.EXP.GNFS.CD,export_capacity,1978,1529669100201.09
Australia,AUS,Exports of goods and services (current US$),NE.EXP.GNFS.CD,export_capacity,1979,19275247074.8608
Canada,CAN,Exports of goods and services (current US$),NE.EXP.GNFS.CD,export_capacity,1979,64212907631.8935
China,CHN,Exports of goods and services (current US$),NE.EXP.GNFS.CD,export_capacity,1979,13962640000.0
Germany,DEU,Exports of goods and services (current US$),NE.EXP.GNFS.CD,export_capacity,1979,157013153345.427
"Egypt, Arab Rep.",EGY,Exports of goods and services (current US$),NE.EXP.GNFS.CD,export_capacity,1979,4774142857.14286
Euro area,EMU,Exports of goods and services (current US$),NE.EXP.GNFS.CD,export_capacity,1979,634613537449.878
European Union,EUU,Exports of goods and services (current US$),NE.EXP.GNFS.CD,export_capacity,1979,712092921406.604
France,FRA,Exports of goods and services (current US$),NE.EXP.GNFS.CD,export_capacity,1979,132072926302.806
United Kingdom,GBR,Exports of goods and services (current US$),NE.EXP.GNFS.CD,export_capacity,1979,121453807708.598
Greece,GRC,Exports of goods and services (current US$),NE.EXP.GNFS.CD,export_capacity,1979,8120634774.60902
India,IND,Exports of goods and services (current US$),NE.EXP.GNFS.CD,export_capacity,1979,10326638765.7562
Iraq,IRQ,Exports of goods and services (current US$),NE.EXP.GNFS.CD,export_capacity,1979,23617676938.7064
Italy,ITA,Exports of goods and services (current US$),NE.EXP.GNFS.CD,export_capacity,1979,88125534840.3636
Jordan,JOR,Exports of goods and services (current US$),NE.EXP.GNFS.CD,export_capacity,1979,1136072293.08801
Kuwait,KWT,Exports of goods and services (current US$),NE.EXP.GNFS.CD,export_capacity,1979,19296875158.3046
Saudi Arabia,SAU,Exports of goods and services (current US$),NE.EXP.GNFS.CD,export_capacity,1979,61361500126.3078
Turkiye,TUR,Exports of goods and services (current US$),NE.EXP.GNFS.CD,export_capacity,1979,2883870967.74194
United States,USA,Exports of goods and services (current US$),NE.EXP.GNFS.CD,export_capacity,1979,230129000000.0
World,WLD,Exports of goods and services (current US$),NE.EXP.GNFS.CD,export_capacity,1979,1918193965717.72
Australia,AUS,Exports of goods and services (current US$),NE.EXP.GNFS.CD,export_capacity,1980,24616155988.8579
Canada,CAN,Exports of goods and services (current US$),NE.EXP.GNFS.CD,export_capacity,1980,75584160109.4766
China,CHN,Exports of goods and services (current US$),NE.EXP.GNFS.CD,export_capacity,1980,19405720000.0
Germany,DEU,Exports of goods and services (current US$),NE.EXP.GNFS.CD,export_capacity,1980,176861953948.784
"Egypt, Arab Rep.",EGY,Exports of goods and services (current US$),NE.EXP.GNFS.CD,export_capacity,1980,6612494097.22222
Euro area,EMU,Exports of goods and services (current US$),NE.EXP.GNFS.CD,export_capacity,1980,720883996973.554
European Union,EUU,Exports of goods and services (current US$),NE.EXP.GNFS.CD,export_capacity,1980,808381458583.012
France,FRA,Exports of goods and services (current US$),NE.EXP.GNFS.CD,export_capacity,1980,152790282520.956
United Kingdom,GBR,Exports of goods and services (current US$),NE.EXP.GNFS.CD,export_capacity,1980,151948940274.227
Greece,GRC,Exports of goods and services (current US$),NE.EXP.GNFS.CD,export_capacity,1980,10787426059.1527
India,IND,Exports of goods and services (current US$),NE.EXP.GNFS.CD,export_capacity,1980,11439738400.0812
Iraq,IRQ,Exports of goods and services (current US$),NE.EXP.GNFS.CD,export_capacity,1980,33374666666.6667
Italy,ITA,Exports of goods and services (current US$),NE.EXP.GNFS.CD,export_capacity,1980,96339527470.043
Jordan,JOR,Exports of goods and services (current US$),NE.EXP.GNFS.CD,export_capacity,1980,1579256524.29303
Kuwait,KWT,Exports of goods and services (current US$),NE.EXP.GNFS.CD,export_capacity,1980,22438280484.0601
Qatar,QAT,Exports of goods and services (current US$),NE.EXP.GNFS.CD,export_capacity,1980,5777191864.18691
Saudi Arabia,SAU,Exports of goods and services (current US$),NE.EXP.GNFS.CD,export_capacity,1980,104409960255.409
Turkiye,TUR,Exports of goods and services (current US$),NE.EXP.GNFS.CD,export_capacity,1980,3552631578.94737
United States,USA,Exports of goods and services (current US$),NE.EXP.GNFS.CD,export_capacity,1980,280772000000.0
World,WLD,Exports of goods and services (current US$),NE.EXP.GNFS.CD,export_capacity,1980,2318441701650.2
Australia,AUS,Exports of goods and services (current US$),NE.EXP.GNFS.CD,export_capacity,1981,26334610472.5415
Canada,CAN,Exports of goods and services (current US$),NE.EXP.GNFS.CD,export_capacity,1981,81065977145.7169
China,CHN,Exports of goods and services (current US$),NE.EXP.GNFS.CD,export_capacity,1981,24369970000.0
Germany,DEU,Exports of goods and services (current US$),NE.EXP.GNFS.CD,export_capacity,1981,161088263089.572
"Egypt, Arab Rep.",EGY,Exports of goods and services (current US$),NE.EXP.GNFS.CD,export_capacity,1981,6853648648.64865
Euro area,EMU,Exports of goods and services (current US$),NE.EXP.GNFS.CD,export_capacity,1981,668407344311.473
European Union,EUU,Exports of goods and services (current US$),NE.EXP.GNFS.CD,export_capacity,1981,750800725839.426
France,FRA,Exports of goods and services (current US$),NE.EXP.GNFS.CD,export_capacity,1981,140423536511.768
United Kingdom,GBR,Exports of goods and services (current US$),NE.EXP.GNFS.CD,export_capacity,1981,141969931672.026
Greece,GRC,Exports of goods and services (current US$),NE.EXP.GNFS.CD,export_capacity,1981,10998456334.5633
India,IND,Exports of goods and services (current US$),NE.EXP.GNFS.CD,export_capacity,1981,11485699151.0595
Iraq,IRQ,Exports of goods and services (current US$),NE.EXP.GNFS.CD,export_capacity,1981,11959333333.3333
Italy,ITA,Exports of goods and services (current US$),NE.EXP.GNFS.CD,export_capacity,1981,93313282234.713
Jordan,JOR,Exports of goods and services (current US$),NE.EXP.GNFS.CD,export_capacity,1981,1913247163.57022
Kuwait,KWT,Exports of goods and services (current US$),NE.EXP.GNFS.CD,export_capacity,1981,17414854099.0369
Qatar,QAT,Exports of goods and services (current US$),NE.EXP.GNFS.CD,export_capacity,1981,5897802197.8022
Saudi Arabia,SAU,Exports of goods and services (current US$),NE.EXP.GNFS.CD,export_capacity,1981,115769423161.749
Turkiye,TUR,Exports of goods and services (current US$),NE.EXP.GNFS.CD,export_capacity,1981,5863063063.06306
United States,USA,Exports of goods and services (current US$),NE.EXP.GNFS.CD,export_capacity,1981,305239000000.0
World,WLD,Exports of goods and services (current US$),NE.EXP.GNFS.CD,export_capacity,1981,2321475027141.82
Australia,AUS,Exports of goods and services (current US$),NE.EXP.GNFS.CD,export_capacity,1982,26231932031.3362
Canada,CAN,Exports of goods and services (current US$),NE.EXP.GNFS.CD,export_capacity,1982,79268055442.9764
China,CHN,Exports of goods and services (current US$),NE.EXP.GNFS.CD,export_capacity,1982,22600124795.19
Germany,DEU,Exports of goods and services (current US$),NE.EXP.GNFS.CD,export_capacity,1982,161985626662.368
"Egypt, Arab Rep.",EGY,Exports of goods and services (current US$),NE.EXP.GNFS.CD,export_capacity,1982,7282512315.27094
Euro area,EMU,Exports of goods and services (current US$),NE.EXP.GNFS.CD,export_capacity,1982,644383970845.746
European Union,EUU,Exports of goods and services (current US$),NE.EXP.GNFS.CD,export_capacity,1982,723597902600.45
France,FRA,Exports of goods and services (current US$),NE.EXP.GNFS.CD,export_capacity,1982,129417606547.56
United Kingdom,GBR,Exports of goods and services (current US$),NE.EXP.GNFS.CD,export_capacity,1982,133411221174.004
Greece,GRC,Exports of goods and services (current US$),NE.EXP.GNFS.CD,export_capacity,1982,9232897959.18367
India,IND,Exports of goods and services (current US$),NE.EXP.GNFS.CD,export_capacity,1982,12009417676.7037
Iraq,IRQ,Exports of goods and services (current US$),NE.EXP.GNFS.CD,export_capacity,1982,11168333333.3333
Italy,ITA,Exports of goods and services (current US$),NE.EXP.GNFS.CD,export_capacity,1982,90239862562.6342
Jordan,JOR,Exports of goods and services (current US$),NE.EXP.GNFS.CD,export_capacity,1982,1901319746.26374
Kuwait,KWT,Exports of goods and services (current US$),NE.EXP.GNFS.CD,export_capacity,1982,11760578442.6437
Qatar,QAT,Exports of goods and services (current US$),NE.EXP.GNFS.CD,export_capacity,1982,4602472527.47253
Saudi Arabia,SAU,Exports of goods and services (current US$),NE.EXP.GNFS.CD,export_capacity,1982,77741454554.0465
Turkiye,TUR,Exports of goods and services (current US$),NE.EXP.GNFS.CD,export_capacity,1982,7636809815.95092
United States,USA,Exports of goods and services (current US$),NE.EXP.GNFS.CD,export_capacity,1982,283210000000.0
World,WLD,Exports of goods and services (current US$),NE.EXP.GNFS.CD,export_capacity,1982,2178354024435.49
Australia,AUS,Exports of goods and services (current US$),NE.EXP.GNFS.CD,export_capacity,1983,24060337550.3733
Canada,CAN,Exports of goods and services (current US$),NE.EXP.GNFS.CD,export_capacity,1983,85210159039.273
China,CHN,Exports of goods and services (current US$),NE.EXP.GNFS.CD,export_capacity,1983,21956304449.37
Germany,DEU,Exports of goods and services (current US$),NE.EXP.GNFS.CD,export_capacity,1983,156299761777.097
"Egypt, Arab Rep.",EGY,Exports of goods and services (current US$),NE.EXP.GNFS.CD,export_capacity,1983,7101280558.78929
Euro area,EMU,Exports of goods and services (current US$),NE.EXP.GNFS.CD,export_capacity,1983,631574375799.828
European Union,EUU,Exports of goods and services (current US$),NE.EXP.GNFS.CD,export_capacity,1983,710794899175.877
France,FRA,Exports of goods and services (current US$),NE.EXP.GNFS.CD,export_capacity,1983,129679318357.862
United Kingdom,GBR,Exports of goods and services (current US$),NE.EXP.GNFS.CD,export_capacity,1983,127464198878.278
Greece,GRC,Exports of goods and services (current US$),NE.EXP.GNFS.CD,export_capacity,1983,7999818111.45511
India,IND,Exports of goods and services (current US$),NE.EXP.GNFS.CD,export_capacity,1983,12741335281.0764
Iraq,IRQ,Exports of goods and services (current US$),NE.EXP.GNFS.CD,export_capacity,1983,10023870967.7419
Italy,ITA,Exports of goods and services (current US$),NE.EXP.GNFS.CD,export_capacity,1983,90083429372.769
Jordan,JOR,Exports of goods and services (current US$),NE.EXP.GNFS.CD,export_capacity,1983,1761600092.54184
Kuwait,KWT,Exports of goods and services (current US$),NE.EXP.GNFS.CD,export_capacity,1983,12340939422.3215
Qatar,QAT,Exports of goods and services (current US$),NE.EXP.GNFS.CD,export_capacity,1983,3503571428.57143
Saudi Arabia,SAU,Exports of goods and services (current US$),NE.EXP.GNFS.CD,export_capacity,1983,49690593342.9812
Turkiye,TUR,Exports of goods and services (current US$),NE.EXP.GNFS.CD,export_capacity,1983,7708888888.88889
United States,USA,Exports of goods and services (current US$),NE.EXP.GNFS.CD,export_capacity,1983,276996000000.0
World,WLD,Exports of goods and services (current US$),NE.EXP.GNFS.CD,export_capacity,1983,2145809235418.39
Australia,AUS,Exports of goods and services (current US$),NE.EXP.GNFS.CD,export_capacity,1984,26235903974.9613
Canada,CAN,Exports of goods and services (current US$),NE.EXP.GNFS.CD,export_capacity,1984,99654852907.1114
China,CHN,Exports of goods and services (current US$),NE.EXP.GNFS.CD,export_capacity,1984,24764305080.89
Germany,DEU,Exports of goods and services (current US$),NE.EXP.GNFS.CD,export_capacity,1984,157450977939.66
"Egypt, Arab Rep.",EGY,Exports of goods and services (current US$),NE.EXP.GNFS.CD,export_capacity,1984,6987744571.05999
Euro area,EMU,Exports of goods and services (current US$),NE.EXP.GNFS.CD,export_capacity,1984,645398892011.786
European Union,EUU,Exports of goods and services (current US$),NE.EXP.GNFS.CD,export_capacity,1984,726884224506.482
France,FRA,Exports of goods and services (current US$),NE.EXP.GNFS.CD,export_capacity,1984,130768670719.808
United Kingdom,GBR,Exports of goods and services (current US$),NE.EXP.GNFS.CD,export_capacity,1984,128434115456.238
Greece,GRC,Exports of goods and services (current US$),NE.EXP.GNFS.CD,export_capacity,1984,7925024183.79686
India,IND,Exports of goods and services (current US$),NE.EXP.GNFS.CD,export_capacity,1984,13330716432.207
Iraq,IRQ,Exports of goods and services (current US$),NE.EXP.GNFS.CD,export_capacity,1984,12046129032.2581
Italy,ITA,Exports of goods and services (current US$),NE.EXP.GNFS.CD,export_capacity,1984,91976627727.5733
Jordan,JOR,Exports of goods and services (current US$),NE.EXP.GNFS.CD,export_capacity,1984,1941138985.34327
Kuwait,KWT,Exports of goods and services (current US$),NE.EXP.GNFS.CD,export_capacity,1984,13044565327.5327
Qatar,QAT,Exports of goods and services (current US$),NE.EXP.GNFS.CD,export_capacity,1984,3695054945.05494
Saudi Arabia,SAU,Exports of goods and services (current US$),NE.EXP.GNFS.CD,export_capacity,1984,41296821793.4166
Turkiye,TUR,Exports of goods and services (current US$),NE.EXP.GNFS.CD,export_capacity,1984,9354223433.24251
United States,USA,Exports of goods and services (current US$),NE.EXP.GNFS.CD,export_capacity,1984,302380000000.0
World,WLD,Exports of goods and services (current US$),NE.EXP.GNFS.CD,export_capacity,1984,2270536703516.39
Australia,AUS,Exports of goods and services (current US$),NE.EXP.GNFS.CD,export_capacity,1985,27497313397.1163
Canada,CAN,Exports of goods and services (current US$),NE.EXP.GNFS.CD,export_capacity,1985,100872940314.903
China,CHN,Exports of goods and services (current US$),NE.EXP.GNFS.CD,export_capacity,1985,25801403273.95
Germany,DEU,Exports of goods and services (current US$),NE.EXP.GNFS.CD,export_capacity,1985,167947100053.149
"Egypt, Arab Rep.",EGY,Exports of goods and services (current US$),NE.EXP.GNFS.CD,export_capacity,1985,7119673332.63533
Euro area,EMU,Exports of goods and services (current US$),NE.EXP.GNFS.CD,export_capacity,1985,670108319216.677
European Union,EUU,Exports of goods and services (current US$),NE.EXP.GNFS.CD,export_capacity,1985,754325934652.391
France,FRA,Exports of goods and services (current US$),NE.EXP.GNFS.CD,export_capacity,1985,133608336983.501
United Kingdom,GBR,Exports of goods and services (current US$),NE.EXP.GNFS.CD,export_capacity,1985,137913634496.92
Greece,GRC,Exports of goods and services (current US$),NE.EXP.GNFS.CD,export_capacity,1985,7578756476.68394
India,IND,Exports of goods and services (current US$),NE.EXP.GNFS.CD,export_capacity,1985,12217447521.8095
Iraq,IRQ,Exports of goods and services (current US$),NE.EXP.GNFS.CD,export_capacity,1985,12176451612.9032
Italy,ITA,Exports of goods and services (current US$),NE.EXP.GNFS.CD,export_capacity,1985,95474838251.6986
Jordan,JOR,Exports of goods and services (current US$),NE.EXP.GNFS.CD,export_capacity,1985,1980361102.31232
Kuwait,KWT,Exports of goods and services (current US$),NE.EXP.GNFS.CD,export_capacity,1985,11511107453.6247
Qatar,QAT,Exports of goods and services (current US$),NE.EXP.GNFS.CD,export_capacity,1985,3159890109.89011
Saudi Arabia,SAU,Exports of goods and services (current US$),NE.EXP.GNFS.CD,export_capacity,1985,31243235781.3363
Turkiye,TUR,Exports of goods and services (current US$),NE.EXP.GNFS.CD,export_capacity,1985,10663601532.567
United States,USA,Exports of goods and services (current US$),NE.EXP.GNFS.CD,export_capacity,1985,303211000000.0
World,WLD,Exports of goods and services (current US$),NE.EXP.GNFS.CD,export_capacity,1985,2300097408290.46
Australia,AUS,Exports of goods and services (current US$),NE.EXP.GNFS.CD,export_capacity,1986,27321628427.5322
Canada,CAN,Exports of goods and services (current US$),NE.EXP.GNFS.CD,export_capacity,1986,102284994602.375
China,CHN,Exports of goods and services (current US$),NE.EXP.GNFS.CD,export_capacity,1986,26202580690.47
Germany,DEU,Exports of goods and services (current US$),NE.EXP.GNFS.CD,export_capacity,1986,222600598937.224
"Egypt, Arab Rep.",EGY,Exports of goods and services (current US$),NE.EXP.GNFS.CD,export_capacity,1986,5706267539.75678
Euro area,EMU,Exports of goods and services (current US$),NE.EXP.GNFS.CD,export_capacity,1986,841613787001.286
European Union,EUU,Exports of goods and services (current US$),NE.EXP.GNFS.CD,export_capacity,1986,946152204641.286
France,FRA,Exports of goods and services (current US$),NE.EXP.GNFS.CD,export_capacity,1986,163573823278.72
United Kingdom,GBR,Exports of goods and services (current US$),NE.EXP.GNFS.CD,export_capacity,1986,150993144239.226
Greece,GRC,Exports of goods and services (current US$),NE.EXP.GNFS.CD,export_capacity,1986,9799520447.90652
India,IND,Exports of goods and services (current US$),NE.EXP.GNFS.CD,export_capacity,1986,12937864153.5995
Iraq,IRQ,Exports of goods and services (current US$),NE.EXP.GNFS.CD,export_capacity,1986,7799354838.70968
Italy,ITA,Exports of goods and services (current US$),NE.EXP.GNFS.CD,export_capacity,1986,119777358098.454
Jordan,JOR,Exports of goods and services (current US$),NE.EXP.GNFS.CD,export_capacity,1986,1811890297.91465
Kuwait,KWT,Exports of goods and services (current US$),NE.EXP.GNFS.CD,export_capacity,1986,8269241039.93531
Qatar,QAT,Exports of goods and services (current US$),NE.EXP.GNFS.CD,export_capacity,1986,2013736263.73626
Saudi Arabia,SAU,Exports of goods and services (current US$),NE.EXP.GNFS.CD,export_capacity,1986,23221442073.9941
Turkiye,TUR,Exports of goods and services (current US$),NE.EXP.GNFS.CD,export_capacity,1986,10073925925.9259
United States,USA,Exports of goods and services (current US$),NE.EXP.GNFS.CD,export_capacity,1986,320998000000.0
World,WLD,Exports of goods and services (current US$),NE.EXP.GNFS.CD,export_capacity,1986,2569939030644.12
Australia,AUS,Exports of goods and services (current US$),NE.EXP.GNFS.CD,export_capacity,1987,29290629962.9434
Canada,CAN,Exports of goods and services (current US$),NE.EXP.GNFS.CD,export_capacity,1987,112629713423.831
China,CHN,Exports of goods and services (current US$),NE.EXP.GNFS.CD,export_capacity,1987,34072853910.0
Germany,DEU,Exports of goods and services (current US$),NE.EXP.GNFS.CD,export_capacity,1987,268359809575.626
"Egypt, Arab Rep.",EGY,Exports of goods and services (current US$),NE.EXP.GNFS.CD,export_capacity,1987,5106048703.84918
Euro area,EMU,Exports of goods and services (current US$),NE.EXP.GNFS.CD,export_capacity,1987,1013824139675.47
European Union,EUU,Exports of goods and services (current US$),NE.EXP.GNFS.CD,export_capacity,1987,1139998946542.29
France,FRA,Exports of goods and services (current US$),NE.EXP.GNFS.CD,export_capacity,1987,191116992251.446
United Kingdom,GBR,Exports of goods and services (current US$),NE.EXP.GNFS.CD,export_capacity,1987,183446283706.488
Greece,GRC,Exports of goods and services (current US$),NE.EXP.GNFS.CD,export_capacity,1987,11688341721.1877
India,IND,Exports of goods and services (current US$),NE.EXP.GNFS.CD,export_capacity,1987,15638662913.9839
Iraq,IRQ,Exports of goods and services (current US$),NE.EXP.GNFS.CD,export_capacity,1987,13184193548.3871
Italy,ITA,Exports of goods and services (current US$),NE.EXP.GNFS.CD,export_capacity,1987,144899858081.864
Jordan,JOR,Exports of goods and services (current US$),NE.EXP.GNFS.CD,export_capacity,1987,2234244029.55749
Kuwait,KWT,Exports of goods and services (current US$),NE.EXP.GNFS.CD,export_capacity,1987,11752547342.1301
Qatar,QAT,Exports of goods and services (current US$),NE.EXP.GNFS.CD,export_capacity,1987,2249450549.45055
Saudi Arabia,SAU,Exports of goods and services (current US$),NE.EXP.GNFS.CD,export_capacity,1987,26447263017.3565
Turkiye,TUR,Exports of goods and services (current US$),NE.EXP.GNFS.CD,export_capacity,1987,13584947491.2485
United States,USA,Exports of goods and services (current US$),NE.EXP.GNFS.CD,export_capacity,1987,363943000000.0
World,WLD,Exports of goods and services (current US$),NE.EXP.GNFS.CD,export_capacity,1987,3043317680006.45
Australia,AUS,Exports of goods and services (current US$),NE.EXP.GNFS.CD,export_capacity,1988,37674402360.871
Canada,CAN,Exports of goods and services (current US$),NE.EXP.GNFS.CD,export_capacity,1988,132708214837.085
China,CHN,Exports of goods and services (current US$),NE.EXP.GNFS.CD,export_capacity,1988,44923701330.0
Germany,DEU,Exports of goods and services (current US$),NE.EXP.GNFS.CD,export_capacity,1988,295364621895.534
"Egypt, Arab Rep.",EGY,Exports of goods and services (current US$),NE.EXP.GNFS.CD,export_capacity,1988,6076093128.90403
Euro area,EMU,Exports of goods and services (current US$),NE.EXP.GNFS.CD,export_capacity,1988,1131433673388.07
European Union,EUU,Exports of goods and services (current US$),NE.EXP.GNFS.CD,export_capacity,1988,1272652848075.38
France,FRA,Exports of goods and services (current US$),NE.EXP.GNFS.CD,export_capacity,1988,216541900671.732
United Kingdom,GBR,Exports of goods and services (current US$),NE.EXP.GNFS.CD,export_capacity,1988,201778537886.873
Greece,GRC,Exports of goods and services (current US$),NE.EXP.GNFS.CD,export_capacity,1988,12221486908.4795
India,IND,Exports of goods and services (current US$),NE.EXP.GNFS.CD,export_capacity,1988,17899838408.9376
Iraq,IRQ,Exports of goods and services (current US$),NE.EXP.GNFS.CD,export_capacity,1988,12340967741.9355
Italy,ITA,Exports of goods and services (current US$),NE.EXP.GNFS.CD,export_capacity,1988,156726916096.4
Jordan,JOR,Exports of goods and services (current US$),NE.EXP.GNFS.CD,export_capacity,1988,2727282442.58493
Kuwait,KWT,Exports of goods and services (current US$),NE.EXP.GNFS.CD,export_capacity,1988,9841270620.61649
Qatar,QAT,Exports of goods and services (current US$),NE.EXP.GNFS.CD,export_capacity,1988,2263461538.46154
Saudi Arabia,SAU,Exports of goods and services (current US$),NE.EXP.GNFS.CD,export_capacity,1988,27645126835.781
Turkiye,TUR,Exports of goods and services (current US$),NE.EXP.GNFS.CD,export_capacity,1988,16951828410.6892
United States,USA,Exports of goods and services (current US$),NE.EXP.GNFS.CD,export_capacity,1988,444601000000.0
World,WLD,Exports of goods and services (current US$),NE.EXP.GNFS.CD,export_capacity,1988,3499895610861.89
Australia,AUS,Exports of goods and services (current US$),NE.EXP.GNFS.CD,export_capacity,1989,45333960856.8628
Canada,CAN,Exports of goods and services (current US$),NE.EXP.GNFS.CD,export_capacity,1989,142065878378.378
China,CHN,Exports of goods and services (current US$),NE.EXP.GNFS.CD,export_capacity,1989,41190793490.0
Germany,DEU,Exports of goods and services (current US$),NE.EXP.GNFS.CD,export_capacity,1989,311798995110.787
"Egypt, Arab Rep.",EGY,Exports of goods and services (current US$),NE.EXP.GNFS.CD,export_capacity,1989,7073523337.46386
Euro area,EMU,Exports of goods and services (current US$),NE.EXP.GNFS.CD,export_capacity,1989,1207608834723.92
European Union,EUU,Exports of goods and services (current US$),NE.EXP.GNFS.CD,export_capacity,1989,1355147112437.86
France,FRA,Exports of goods and services (current US$),NE.EXP.GNFS.CD,export_capacity,1989,231757351429.159
United Kingdom,GBR,Exports of goods and services (current US$),NE.EXP.GNFS.CD,export_capacity,1989,209856063481.675
Greece,GRC,Exports of goods and services (current US$),NE.EXP.GNFS.CD,export_capacity,1989,12400650440.6211
India,IND,Exports of goods and services (current US$),NE.EXP.GNFS.CD,export_capacity,1989,20770696112.0947
Iraq,IRQ,Exports of goods and services (current US$),NE.EXP.GNFS.CD,export_capacity,1989,14460000000.0
Italy,ITA,Exports of goods and services (current US$),NE.EXP.GNFS.CD,export_capacity,1989,171957047699.69
Jordan,JOR,Exports of goods and services (current US$),NE.EXP.GNFS.CD,export_capacity,1989,2366092562.16758
Kuwait,KWT,Exports of goods and services (current US$),NE.EXP.GNFS.CD,export_capacity,1989,12740870177.9229
Lebanon,LBN,Exports of goods and services (current US$),NE.EXP.GNFS.CD,export_capacity,1989,498732254.811361
Qatar,QAT,Exports of goods and services (current US$),NE.EXP.GNFS.CD,export_capacity,1989,2743406593.40659
Saudi Arabia,SAU,Exports of goods and services (current US$),NE.EXP.GNFS.CD,export_capacity,1989,32174632843.7917
Turkiye,TUR,Exports of goods and services (current US$),NE.EXP.GNFS.CD,export_capacity,1989,17357728557.9642
United States,USA,Exports of goods and services (current US$),NE.EXP.GNFS.CD,export_capacity,1989,504289000000.0
World,WLD,Exports of goods and services (current US$),NE.EXP.GNFS.CD,export_capacity,1989,3781954596020.15
Australia,AUS,Exports of goods and services (current US$),NE.EXP.GNFS.CD,export_capacity,1990,47071479854.3762
Canada,CAN,Exports of goods and services (current US$),NE.EXP.GNFS.CD,export_capacity,1990,149461775797.052
China,CHN,Exports of goods and services (current US$),NE.EXP.GNFS.CD,export_capacity,1990,49129758920.0
Germany,DEU,Exports of goods and services (current US$),NE.EXP.GNFS.CD,export_capacity,1990,404361405398.862
"Egypt, Arab Rep.",EGY,Exports of goods and services (current US$),NE.EXP.GNFS.CD,export_capacity,1990,8748317631.22476
Euro area,EMU,Exports of goods and services (current US$),NE.EXP.GNFS.CD,export_capacity,1990,1490968114635.0
European Union,EUU,Exports of goods and services (current US$),NE.EXP.GNFS.CD,export_capacity,1990,1667525446754.79
France,FRA,Exports of goods and services (current US$),NE.EXP.GNFS.CD,export_capacity,1990,276540778219.492
United Kingdom,GBR,Exports of goods and services (current US$),NE.EXP.GNFS.CD,export_capacity,1990,255032436079.545
Greece,GRC,Exports of goods and services (current US$),NE.EXP.GNFS.CD,export_capacity,1990,14210855546.0017
India,IND,Exports of goods and services (current US$),NE.EXP.GNFS.CD,export_capacity,1990,22639774911.5525
Iraq,IRQ,Exports of goods and services (current US$),NE.EXP.GNFS.CD,export_capacity,1990,13888387096.7742
Italy,ITA,Exports of goods and services (current US$),NE.EXP.GNFS.CD,export_capacity,1990,215684612152.553
Jordan,JOR,Exports of goods and services (current US$),NE.EXP.GNFS.CD,export_capacity,1990,2489182054.86717
Kuwait,KWT,Exports of goods and services (current US$),NE.EXP.GNFS.CD,export_capacity,1990,8281249652.77778
Lebanon,LBN,Exports of goods and services (current US$),NE.EXP.GNFS.CD,export_capacity,1990,510722596.67467
Qatar,QAT,Exports of goods and services (current US$),NE.EXP.GNFS.CD,export_capacity,1990,3934890109.89011
Saudi Arabia,SAU,Exports of goods and services (current US$),NE.EXP.GNFS.CD,export_capacity,1990,47445927903.8718
Turkiye,TUR,Exports of goods and services (current US$),NE.EXP.GNFS.CD,export_capacity,1990,20135262552.7022
United States,USA,Exports of goods and services (current US$),NE.EXP.GNFS.CD,export_capacity,1990,551873000000.0
World,WLD,Exports of goods and services (current US$),NE.EXP.GNFS.CD,export_capacity,1990,4327680257008.68
Australia,AUS,Exports of goods and services (current US$),NE.EXP.GNFS.CD,export_capacity,1991,52248569798.3159
Canada,CAN,Exports of goods and services (current US$),NE.EXP.GNFS.CD,export_capacity,1991,149170812603.648
China,CHN,Exports of goods and services (current US$),NE.EXP.GNFS.CD,export_capacity,1991,55542659170.0
Germany,DEU,Exports of goods and services (current US$),NE.EXP.GNFS.CD,export_capacity,1991,442049499116.087
"Egypt, Arab Rep.",EGY,Exports of goods and services (current US$),NE.EXP.GNFS.CD,export_capacity,1991,10269192422.7318
Euro area,EMU,Exports of goods and services (current US$),NE.EXP.GNFS.CD,export_capacity,1991,1537455440635.94
European Union,EUU,Exports of goods and services (current US$),NE.EXP.GNFS.CD,export_capacity,1991,1712141103893.92
France,FRA,Exports of goods and services (current US$),NE.EXP.GNFS.CD,export_capacity,1991,282187071270.782
United Kingdom,GBR,Exports of goods and services (current US$),NE.EXP.GNFS.CD,export_capacity,1991,258221350970.018
Greece,GRC,Exports of goods and services (current US$),NE.EXP.GNFS.CD,export_capacity,1991,14665696391.8489
India,IND,Exports of goods and services (current US$),NE.EXP.GNFS.CD,export_capacity,1991,22943398073.2995
Iraq,IRQ,Exports of goods and services (current US$),NE.EXP.GNFS.CD,export_capacity,1991,5262247.83861671
Italy,ITA,Exports of goods and services (current US$),NE.EXP.GNFS.CD,export_capacity,1991,212306182300.609
Jordan,JOR,Exports of goods and services (current US$),NE.EXP.GNFS.CD,export_capacity,1991,2493295303.33428
Kuwait,KWT,Exports of goods and services (current US$),NE.EXP.GNFS.CD,export_capacity,1991,1860913430.58863
Lebanon,LBN,Exports of goods and services (current US$),NE.EXP.GNFS.CD,export_capacity,1991,587654401.024749
Qatar,QAT,Exports of goods and services (current US$),NE.EXP.GNFS.CD,export_capacity,1991,3265384615.38462
Saudi Arabia,SAU,Exports of goods and services (current US$),NE.EXP.GNFS.CD,export_capacity,1991,50652603471.2951
Turkiye,TUR,Exports of goods and services (current US$),NE.EXP.GNFS.CD,export_capacity,1991,20904913710.4506
United States,USA,Exports of goods and services (current US$),NE.EXP.GNFS.CD,export_capacity,1991,594931000000.0
World,WLD,Exports of goods and services (current US$),NE.EXP.GNFS.CD,export_capacity,1991,4486533661953.21
Australia,AUS,Exports of goods and services (current US$),NE.EXP.GNFS.CD,export_capacity,1992,54226800318.0809
Canada,CAN,Exports of goods and services (current US$),NE.EXP.GNFS.CD,export_capacity,1992,155724331926.864
China,CHN,Exports of goods and services (current US$),NE.EXP.GNFS.CD,export_capacity,1992,66847400129.0
Germany,DEU,Exports of goods and services (current US$),NE.EXP.GNFS.CD,export_capacity,1992,473020663744.521
"Egypt, Arab Rep.",EGY,Exports of goods and services (current US$),NE.EXP.GNFS.CD,export_capacity,1992,11885776186.3208
Euro area,EMU,Exports of goods and services (current US$),NE.EXP.GNFS.CD,export_capacity,1992,1673427351488.88
European Union,EUU,Exports of goods and services (current US$),NE.EXP.GNFS.CD,export_capacity,1992,1861472148627.63
France,FRA,Exports of goods and services (current US$),NE.EXP.GNFS.CD,export_capacity,1992,311915489467.162
United Kingdom,GBR,Exports of goods and services (current US$),NE.EXP.GNFS.CD,export_capacity,1992,270419575289.575
Greece,GRC,Exports of goods and services (current US$),NE.EXP.GNFS.CD,export_capacity,1992,16986794780.1216
India,IND,Exports of goods and services (current US$),NE.EXP.GNFS.CD,export_capacity,1992,25486029046.6975
Iraq,IRQ,Exports of goods and services (current US$),NE.EXP.GNFS.CD,export_capacity,1992,3224627.22462722
Italy,ITA,Exports of goods and services (current US$),NE.EXP.GNFS.CD,export_capacity,1992,230753561665.357
Jordan,JOR,Exports of goods and services (current US$),NE.EXP.GNFS.CD,export_capacity,1992,2667772992.1832
Kuwait,KWT,Exports of goods and services (current US$),NE.EXP.GNFS.CD,export_capacity,1992,8036810156.78255
Lebanon,LBN,Exports of goods and services (current US$),NE.EXP.GNFS.CD,export_capacity,1992,634069545.770351
Qatar,QAT,Exports of goods and services (current US$),NE.EXP.GNFS.CD,export_capacity,1992,3901923076.92308
Saudi Arabia,SAU,Exports of goods and services (current US$),NE.EXP.GNFS.CD,export_capacity,1992,53610680907.8772
Turkiye,TUR,Exports of goods and services (current US$),NE.EXP.GNFS.CD,export_capacity,1992,22898733993.0151
United States,USA,Exports of goods and services (current US$),NE.EXP.GNFS.CD,export_capacity,1992,633053000000.0
World,WLD,Exports of goods and services (current US$),NE.EXP.GNFS.CD,export_capacity,1992,5074914679905.77
Australia,AUS,Exports of goods and services (current US$),NE.EXP.GNFS.CD,export_capacity,1993,54747048903.8786
Canada,CAN,Exports of goods and services (current US$),NE.EXP.GNFS.CD,export_capacity,1993,168751259592.28
China,CHN,Exports of goods and services (current US$),NE.EXP.GNFS.CD,export_capacity,1993,74280328750.0
Germany,DEU,Exports of goods and services (current US$),NE.EXP.GNFS.CD,export_capacity,1993,413275760085.177
"Egypt, Arab Rep.",EGY,Exports of goods and services (current US$),NE.EXP.GNFS.CD,export_capacity,1993,12034813925.5702
Euro area,EMU,Exports of goods and services (current US$),NE.EXP.GNFS.CD,export_capacity,1993,1533052246803.7
European Union,EUU,Exports of goods and services (current US$),NE.EXP.GNFS.CD,export_capacity,1993,1705850229226.65
France,FRA,Exports of goods and services (current US$),NE.EXP.GNFS.CD,export_capacity,1993,286749942089.414
United Kingdom,GBR,Exports of goods and services (current US$),NE.EXP.GNFS.CD,export_capacity,1993,263563318836.233
Greece,GRC,Exports of goods and services (current US$),NE.EXP.GNFS.CD,export_capacity,1993,15014692330.5589
India,IND,Exports of goods and services (current US$),NE.EXP.GNFS.CD,export_capacity,1993,27466541462.9135
Iraq,IRQ,Exports of goods and services (current US$),NE.EXP.GNFS.CD,export_capacity,1993,779620.777054124
Italy,ITA,Exports of goods and services (current US$),NE.EXP.GNFS.CD,export_capacity,1993,217241821090.193
Jordan,JOR,Exports of goods and services (current US$),NE.EXP.GNFS.CD,export_capacity,1993,2821988710.41537
Kuwait,KWT,Exports of goods and services (current US$),NE.EXP.GNFS.CD,export_capacity,1993,11437086423.8411
Lebanon,LBN,Exports of goods and services (current US$),NE.EXP.GNFS.CD,export_capacity,1993,728607315.948454
Qatar,QAT,Exports of goods and services (current US$),NE.EXP.GNFS.CD,export_capacity,1993,3299725274.72527
Saudi Arabia,SAU,Exports of goods and services (current US$),NE.EXP.GNFS.CD,export_capacity,1993,45678237650.2003
Turkiye,TUR,Exports of goods and services (current US$),NE.EXP.GNFS.CD,export_capacity,1993,24669695038.6891
United States,USA,Exports of goods and services (current US$),NE.EXP.GNFS.CD,export_capacity,1993,654799000000.0
World,WLD,Exports of goods and services (current US$),NE.EXP.GNFS.CD,export_capacity,1993,4921861934361.24
Australia,AUS,Exports of goods and services (current US$),NE.EXP.GNFS.CD,export_capacity,1994,58015219647.1809
Canada,CAN,Exports of goods and services (current US$),NE.EXP.GNFS.CD,export_capacity,1994,190114967779.731
China,CHN,Exports of goods and services (current US$),NE.EXP.GNFS.CD,export_capacity,1994,104607445198.0
Germany,DEU,Exports of goods and services (current US$),NE.EXP.GNFS.CD,export_capacity,1994,456474629384.115
"Egypt, Arab Rep.",EGY,Exports of goods and services (current US$),NE.EXP.GNFS.CD,export_capacity,1994,11714116251.4828
Euro area,EMU,Exports of goods and services (current US$),NE.EXP.GNFS.CD,export_capacity,1994,1711105074448.79
European Union,EUU,Exports of goods and services (current US$),NE.EXP.GNFS.CD,export_capacity,1994,1908690392182.02
France,FRA,Exports of goods and services (current US$),NE.EXP.GNFS.CD,export_capacity,1994,315281781663.516
United Kingdom,GBR,Exports of goods and services (current US$),NE.EXP.GNFS.CD,export_capacity,1994,297415469850.015
Greece,GRC,Exports of goods and services (current US$),NE.EXP.GNFS.CD,export_capacity,1994,16545700842.6966
India,IND,Exports of goods and services (current US$),NE.EXP.GNFS.CD,export_capacity,1994,32361214431.4321
Iraq,IRQ,Exports of goods and services (current US$),NE.EXP.GNFS.CD,export_capacity,1994,1419562.91518244
Italy,ITA,Exports of goods and services (current US$),NE.EXP.GNFS.CD,export_capacity,1994,240410654418.828
Jordan,JOR,Exports of goods and services (current US$),NE.EXP.GNFS.CD,export_capacity,1994,2984831258.05067
Kuwait,KWT,Exports of goods and services (current US$),NE.EXP.GNFS.CD,export_capacity,1994,12636363299.6633
Lebanon,LBN,Exports of goods and services (current US$),NE.EXP.GNFS.CD,export_capacity,1994,755509732.09928
Qatar,QAT,Exports of goods and services (current US$),NE.EXP.GNFS.CD,export_capacity,1994,3309340659.34066
Saudi Arabia,SAU,Exports of goods and services (current US$),NE.EXP.GNFS.CD,export_capacity,1994,45960747663.5514
Turkiye,TUR,Exports of goods and services (current US$),NE.EXP.GNFS.CD,export_capacity,1994,27909720017.5622
United States,USA,Exports of goods and services (current US$),NE.EXP.GNFS.CD,export_capacity,1994,720937000000.0
World,WLD,Exports of goods and services (current US$),NE.EXP.GNFS.CD,export_capacity,1994,5453093052565.18
Australia,AUS,Exports of goods and services (current US$),NE.EXP.GNFS.CD,export_capacity,1995,65793733293.7333
Canada,CAN,Exports of goods and services (current US$),NE.EXP.GNFS.CD,export_capacity,1995,218740163217.721
China,CHN,Exports of goods and services (current US$),NE.EXP.GNFS.CD,export_capacity,1995,131858826000.0
Germany,DEU,Exports of goods and services (current US$),NE.EXP.GNFS.CD,export_capacity,1995,557027432782.858
"Egypt, Arab Rep.",EGY,Exports of goods and services (current US$),NE.EXP.GNFS.CD,export_capacity,1995,13565319964.6122
Euro area,EMU,Exports of goods and services (current US$),NE.EXP.GNFS.CD,export_capacity,1995,2096550634040.65
European Union,EUU,Exports of goods and services (current US$),NE.EXP.GNFS.CD,export_capacity,1995,2348641080684.32
France,FRA,Exports of goods and services (current US$),NE.EXP.GNFS.CD,export_capacity,1995,377901958207.386
United Kingdom,GBR,Exports of goods and services (current US$),NE.EXP.GNFS.CD,export_capacity,1995,346673504813.003
Greece,GRC,Exports of goods and services (current US$),NE.EXP.GNFS.CD,export_capacity,1995,19395600823.6505
India,IND,Exports of goods and services (current US$),NE.EXP.GNFS.CD,export_capacity,1995,39068855117.8518
Iraq,IRQ,Exports of goods and services (current US$),NE.EXP.GNFS.CD,export_capacity,1995,693280.952105841
Italy,ITA,Exports of goods and services (current US$),NE.EXP.GNFS.CD,export_capacity,1995,289818376322.358
Jordan,JOR,Exports of goods and services (current US$),NE.EXP.GNFS.CD,export_capacity,1995,3479594748.85845
Kuwait,KWT,Exports of goods and services (current US$),NE.EXP.GNFS.CD,export_capacity,1995,14233635340.1598
Lebanon,LBN,Exports of goods and services (current US$),NE.EXP.GNFS.CD,export_capacity,1995,1266386350.80794
Qatar,QAT,Exports of goods and services (current US$),NE.EXP.GNFS.CD,export_capacity,1995,3608241785.71429
Saudi Arabia,SAU,Exports of goods and services (current US$),NE.EXP.GNFS.CD,export_capacity,1995,53521228304.4059
Turkiye,TUR,Exports of goods and services (current US$),NE.EXP.GNFS.CD,export_capacity,1995,43006009379.4307
United States,USA,Exports of goods and services (current US$),NE.EXP.GNFS.CD,export_capacity,1995,812810000000.0
World,WLD,Exports of goods and services (current US$),NE.EXP.GNFS.CD,export_capacity,1995,6458652386023.54
Australia,AUS,Exports of goods and services (current US$),NE.EXP.GNFS.CD,export_capacity,1996,75814054769.3059
Canada,CAN,Exports of goods and services (current US$),NE.EXP.GNFS.CD,export_capacity,1996,233945727906.124
China,CHN,Exports of goods and services (current US$),NE.EXP.GNFS.CD,export_capacity,1996,154811877000.001
Germany,DEU,Exports of goods and services (current US$),NE.EXP.GNFS.CD,export_capacity,1996,558519625682.35
"Egypt, Arab Rep.",EGY,Exports of goods and services (current US$),NE.EXP.GNFS.CD,export_capacity,1996,14033018867.9245
Euro area,EMU,Exports of goods and services (current US$),NE.EXP.GNFS.CD,export_capacity,1996,2149521979329.0
European Union,EUU,Exports of goods and services (current US$),NE.EXP.GNFS.CD,export_capacity,1996,2414929755911.5
France,FRA,Exports of goods and services (current US$),NE.EXP.GNFS.CD,export_capacity,1996,385700089755.097
United Kingdom,GBR,Exports of goods and services (current US$),NE.EXP.GNFS.CD,export_capacity,1996,374382215288.612
Greece,GRC,Exports of goods and services (current US$),NE.EXP.GNFS.CD,export_capacity,1996,20396997451.8686
India,IND,Exports of goods and services (current US$),NE.EXP.GNFS.CD,export_capacity,1996,40803004618.1754
Iraq,IRQ,Exports of goods and services (current US$),NE.EXP.GNFS.CD,export_capacity,1996,955911.855810744
Italy,ITA,Exports of goods and services (current US$),NE.EXP.GNFS.CD,export_capacity,1996,311106412347.848
Jordan,JOR,Exports of goods and services (current US$),NE.EXP.GNFS.CD,export_capacity,1996,3663187588.15233
Kuwait,KWT,Exports of goods and services (current US$),NE.EXP.GNFS.CD,export_capacity,1996,16465770902.0103
Lebanon,LBN,Exports of goods and services (current US$),NE.EXP.GNFS.CD,export_capacity,1996,1758689127.46595
Qatar,QAT,Exports of goods and services (current US$),NE.EXP.GNFS.CD,export_capacity,1996,3961263736.26374
Saudi Arabia,SAU,Exports of goods and services (current US$),NE.EXP.GNFS.CD,export_capacity,1996,63501201602.1362
Turkiye,TUR,Exports of goods and services (current US$),NE.EXP.GNFS.CD,export_capacity,1996,48967049935.5076
United States,USA,Exports of goods and services (current US$),NE.EXP.GNFS.CD,export_capacity,1996,867589000000.0
World,WLD,Exports of goods and services (current US$),NE.EXP.GNFS.CD,export_capacity,1996,6745329053388.23
Australia,AUS,Exports of goods and services (current US$),NE.EXP.GNFS.CD,export_capacity,1997,83327463879.3804
Canada,CAN,Exports of goods and services (current US$),NE.EXP.GNFS.CD,export_capacity,1997,249765997399.971
China,CHN,Exports of goods and services (current US$),NE.EXP.GNFS.CD,export_capacity,1997,187447040000.0
Germany,DEU,Exports of goods and services (current US$),NE.EXP.GNFS.CD,export_capacity,1997,548072411459.508
"Egypt, Arab Rep.",EGY,Exports of goods and services (current US$),NE.EXP.GNFS.CD,export_capacity,1997,14778761061.9469
Euro area,EMU,Exports of goods and services (current US$),NE.EXP.GNFS.CD,export_capacity,1997,2125899492104.78
European Union,EUU,Exports of goods and services (current US$),NE.EXP.GNFS.CD,export_capacity,1997,2391589902693.09
France,FRA,Exports of goods and services (current US$),NE.EXP.GNFS.CD,export_capacity,1997,385977860193.302
United Kingdom,GBR,Exports of goods and services (current US$),NE.EXP.GNFS.CD,export_capacity,1997,402043222003.929
Greece,GRC,Exports of goods and services (current US$),NE.EXP.GNFS.CD,export_capacity,1997,22716461999.2512
India,IND,Exports of goods and services (current US$),NE.EXP.GNFS.CD,export_capacity,1997,44459225642.5392
Iraq,IRQ,Exports of goods and services (current US$),NE.EXP.GNFS.CD,export_capacity,1997,13257740142.5309
Italy,ITA,Exports of goods and services (current US$),NE.EXP.GNFS.CD,export_capacity,1997,299911323328.786
Jordan,JOR,Exports of goods and services (current US$),NE.EXP.GNFS.CD,export_capacity,1997,3568401833.56841
Kuwait,KWT,Exports of goods and services (current US$),NE.EXP.GNFS.CD,export_capacity,1997,16040929754.1775
Lebanon,LBN,Exports of goods and services (current US$),NE.EXP.GNFS.CD,export_capacity,1997,2289054887.95063
Qatar,QAT,Exports of goods and services (current US$),NE.EXP.GNFS.CD,export_capacity,1997,5454670329.67033
Saudi Arabia,SAU,Exports of goods and services (current US$),NE.EXP.GNFS.CD,export_capacity,1997,64989052069.4259
Turkiye,TUR,Exports of goods and services (current US$),NE.EXP.GNFS.CD,export_capacity,1997,56559938761.3999
United States,USA,Exports of goods and services (current US$),NE.EXP.GNFS.CD,export_capacity,1997,953803000000.0
World,WLD,Exports of goods and services (current US$),NE.EXP.GNFS.CD,export_capacity,1997,7000843441676.09
Australia,AUS,Exports of goods and services (current US$),NE.EXP.GNFS.CD,export_capacity,1998,78166587533.0665
Canada,CAN,Exports of goods and services (current US$),NE.EXP.GNFS.CD,export_capacity,1998,253784967981.126
China,CHN,Exports of goods and services (current US$),NE.EXP.GNFS.CD,export_capacity,1998,188750394176.0
Germany,DEU,Exports of goods and services (current US$),NE.EXP.GNFS.CD,export_capacity,1998,576778926308.77
"Egypt, Arab Rep.",EGY,Exports of goods and services (current US$),NE.EXP.GNFS.CD,export_capacity,1998,13754427390.791
Euro area,EMU,Exports of goods and services (current US$),NE.EXP.GNFS.CD,export_capacity,1998,2228608616474.49
European Union,EUU,Exports of goods and services (current US$),NE.EXP.GNFS.CD,export_capacity,1998,2511951883205.41
France,FRA,Exports of goods and services (current US$),NE.EXP.GNFS.CD,export_capacity,1998,407948410051.145
United Kingdom,GBR,Exports of goods and services (current US$),NE.EXP.GNFS.CD,export_capacity,1998,403935077840.344
Greece,GRC,Exports of goods and services (current US$),NE.EXP.GNFS.CD,export_capacity,1998,23016451054.9983
India,IND,Exports of goods and services (current US$),NE.EXP.GNFS.CD,export_capacity,1998,46426465025.0477
Iraq,IRQ,Exports of goods and services (current US$),NE.EXP.GNFS.CD,export_capacity,1998,16060750015.0485
Italy,ITA,Exports of goods and services (current US$),NE.EXP.GNFS.CD,export_capacity,1998,305612021857.923
Jordan,JOR,Exports of goods and services (current US$),NE.EXP.GNFS.CD,export_capacity,1998,3544310014.10437
Kuwait,KWT,Exports of goods and services (current US$),NE.EXP.GNFS.CD,export_capacity,1998,11379595479.6624
Lebanon,LBN,Exports of goods and services (current US$),NE.EXP.GNFS.CD,export_capacity,1998,2373803864.0435
Qatar,QAT,Exports of goods and services (current US$),NE.EXP.GNFS.CD,export_capacity,1998,5240109890.10989
Saudi Arabia,SAU,Exports of goods and services (current US$),NE.EXP.GNFS.CD,export_capacity,1998,43493066666.6667
Turkiye,TUR,Exports of goods and services (current US$),NE.EXP.GNFS.CD,export_capacity,1998,57013676915.0519
United States,USA,Exports of goods and services (current US$),NE.EXP.GNFS.CD,export_capacity,1998,952979000000.0
World,WLD,Exports of goods and services (current US$),NE.EXP.GNFS.CD,export_capacity,1998,6924953201202.82
Australia,AUS,Exports of goods and services (current US$),NE.EXP.GNFS.CD,export_capacity,1999,71285875422.9853
Canada,CAN,Exports of goods and services (current US$),NE.EXP.GNFS.CD,export_capacity,1999,283991384532.544
China,CHN,Exports of goods and services (current US$),NE.EXP.GNFS.CD,export_capacity,1999,198699399635.0
Germany,DEU,Exports of goods and services (current US$),NE.EXP.GNFS.CD,export_capacity,1999,576268522696.14
"Egypt, Arab Rep.",EGY,Exports of goods and services (current US$),NE.EXP.GNFS.CD,export_capacity,1999,13653789442.6423
Euro area,EMU,Exports of goods and services (current US$),NE.EXP.GNFS.CD,export_capacity,1999,2239460191922.76
European Union,EUU,Exports of goods and services (current US$),NE.EXP.GNFS.CD,export_capacity,1999,2525436512913.84
France,FRA,Exports of goods and services (current US$),NE.EXP.GNFS.CD,export_capacity,1999,404544866221.468
United Kingdom,GBR,Exports of goods and services (current US$),NE.EXP.GNFS.CD,export_capacity,1999,409995146416.438
Greece,GRC,Exports of goods and services (current US$),NE.EXP.GNFS.CD,export_capacity,1999,26625314614.5182
India,IND,Exports of goods and services (current US$),NE.EXP.GNFS.CD,export_capacity,1999,52544483402.6936
Iraq,IRQ,Exports of goods and services (current US$),NE.EXP.GNFS.CD,export_capacity,1999,28632988388.8919
Italy,ITA,Exports of goods and services (current US$),NE.EXP.GNFS.CD,export_capacity,1999,290576914388.958
Jordan,JOR,Exports of goods and services (current US$),NE.EXP.GNFS.CD,export_capacity,1999,3529798448.51904
Kuwait,KWT,Exports of goods and services (current US$),NE.EXP.GNFS.CD,export_capacity,1999,13836374685.8729
Lebanon,LBN,Exports of goods and services (current US$),NE.EXP.GNFS.CD,export_capacity,1999,2445876363.86788
Qatar,QAT,Exports of goods and services (current US$),NE.EXP.GNFS.CD,export_capacity,1999,7440934065.93407
Saudi Arabia,SAU,Exports of goods and services (current US$),NE.EXP.GNFS.CD,export_capacity,1999,56061600000.0
Turkiye,TUR,Exports of goods and services (current US$),NE.EXP.GNFS.CD,export_capacity,1999,48333647258.8429
United States,USA,Exports of goods and services (current US$),NE.EXP.GNFS.CD,export_capacity,1999,992910000000.0
World,WLD,Exports of goods and services (current US$),NE.EXP.GNFS.CD,export_capacity,1999,7179879118393.2
Australia,AUS,Exports of goods and services (current US$),NE.EXP.GNFS.CD,export_capacity,2000,80695888525.1996
Canada,CAN,Exports of goods and services (current US$),NE.EXP.GNFS.CD,export_capacity,2000,329258635782.102
China,CHN,Exports of goods and services (current US$),NE.EXP.GNFS.CD,export_capacity,2000,253092089737.0
Germany,DEU,Exports of goods and services (current US$),NE.EXP.GNFS.CD,export_capacity,2000,583812721397.648
"Egypt, Arab Rep.",EGY,Exports of goods and services (current US$),NE.EXP.GNFS.CD,export_capacity,2000,16174959635.99
Euro area,EMU,Exports of goods and services (current US$),NE.EXP.GNFS.CD,export_capacity,2000,2286257620767.98
European Union,EUU,Exports of goods and services (current US$),NE.EXP.GNFS.CD,export_capacity,2000,2589744375310.81
France,FRA,Exports of goods and services (current US$),NE.EXP.GNFS.CD,export_capacity,2000,404994866619.609
United Kingdom,GBR,Exports of goods and services (current US$),NE.EXP.GNFS.CD,export_capacity,2000,427199273717.658
Greece,GRC,Exports of goods and services (current US$),NE.EXP.GNFS.CD,export_capacity,2000,30196597913.7726
India,IND,Exports of goods and services (current US$),NE.EXP.GNFS.CD,export_capacity,2000,60878472821.2004
Iraq,IRQ,Exports of goods and services (current US$),NE.EXP.GNFS.CD,export_capacity,2000,36613563337.9565
Italy,ITA,Exports of goods and services (current US$),NE.EXP.GNFS.CD,export_capacity,2000,293867190140.393
Jordan,JOR,Exports of goods and services (current US$),NE.EXP.GNFS.CD,export_capacity,2000,3538928067.70099
Kuwait,KWT,Exports of goods and services (current US$),NE.EXP.GNFS.CD,export_capacity,2000,21300594617.15
Lebanon,LBN,Exports of goods and services (current US$),NE.EXP.GNFS.CD,export_capacity,2000,2447097844.11277
Qatar,QAT,Exports of goods and services (current US$),NE.EXP.GNFS.CD,export_capacity,2000,11949450549.4505
Saudi Arabia,SAU,Exports of goods and services (current US$),NE.EXP.GNFS.CD,export_capacity,2000,82259466666.6667
Turkiye,TUR,Exports of goods and services (current US$),NE.EXP.GNFS.CD,export_capacity,2000,54766754849.1009
United States,USA,Exports of goods and services (current US$),NE.EXP.GNFS.CD,export_capacity,2000,1096111000000.0
World,WLD,Exports of goods and services (current US$),NE.EXP.GNFS.CD,export_capacity,2000,7953275877576.18
United Arab Emirates,ARE,Exports of goods and services (current US$),NE.EXP.GNFS.CD,export_capacity,2001,50787202178.3526
Australia,AUS,Exports of goods and services (current US$),NE.EXP.GNFS.CD,export_capacity,2001,84096722017.0419
Canada,CAN,Exports of goods and services (current US$),NE.EXP.GNFS.CD,export_capacity,2001,310667613636.364
China,CHN,Exports of goods and services (current US$),NE.EXP.GNFS.CD,export_capacity,2001,272060010515.89
Germany,DEU,Exports of goods and services (current US$),NE.EXP.GNFS.CD,export_capacity,2001,600934274699.607
"Egypt, Arab Rep.",EGY,Exports of goods and services (current US$),NE.EXP.GNFS.CD,export_capacity,2001,16900269541.779
Euro area,EMU,Exports of goods and services (current US$),NE.EXP.GNFS.CD,export_capacity,2001,2320709550063.96
European Union,EUU,Exports of goods and services (current US$),NE.EXP.GNFS.CD,export_capacity,2001,2628629863014.23
France,FRA,Exports of goods and services (current US$),NE.EXP.GNFS.CD,export_capacity,2001,403310126488.544
United Kingdom,GBR,Exports of goods and services (current US$),NE.EXP.GNFS.CD,export_capacity,2001,421484093853.462
Greece,GRC,Exports of goods and services (current US$),NE.EXP.GNFS.CD,export_capacity,2001,30582572463.837
India,IND,Exports of goods and services (current US$),NE.EXP.GNFS.CD,export_capacity,2001,60963415576.6447
Iraq,IRQ,Exports of goods and services (current US$),NE.EXP.GNFS.CD,export_capacity,2001,23613582830.5736
Italy,ITA,Exports of goods and services (current US$),NE.EXP.GNFS.CD,export_capacity,2001,299586464835.355
Jordan,JOR,Exports of goods and services (current US$),NE.EXP.GNFS.CD,export_capacity,2001,3781896039.82042
Kuwait,KWT,Exports of goods and services (current US$),NE.EXP.GNFS.CD,export_capacity,2001,17901278849.101
Lebanon,LBN,Exports of goods and services (current US$),NE.EXP.GNFS.CD,export_capacity,2001,2754228855.72139
Qatar,QAT,Exports of goods and services (current US$),NE.EXP.GNFS.CD,export_capacity,2001,11556593406.5934
Saudi Arabia,SAU,Exports of goods and services (current US$),NE.EXP.GNFS.CD,export_capacity,2001,72980533333.3333
Turkiye,TUR,Exports of goods and services (current US$),NE.EXP.GNFS.CD,export_capacity,2001,55193312760.8952
United States,USA,Exports of goods and services (current US$),NE.EXP.GNFS.CD,export_capacity,2001,1026812000000.0
World,WLD,Exports of goods and services (current US$),NE.EXP.GNFS.CD,export_capacity,2001,7708749444876.26
United Arab Emirates,ARE,Exports of goods and services (current US$),NE.EXP.GNFS.CD,export_capacity,2002,54362695711.3683
Australia,AUS,Exports of goods and services (current US$),NE.EXP.GNFS.CD,export_capacity,2002,82033782309.5723
Canada,CAN,Exports of goods and services (current US$),NE.EXP.GNFS.CD,export_capacity,2002,304705919836.87
China,CHN,Exports of goods and services (current US$),NE.EXP.GNFS.CD,export_capacity,2002,333002310923.451
Germany,DEU,Exports of goods and services (current US$),NE.EXP.GNFS.CD,export_capacity,2002,655732684858.04
"Egypt, Arab Rep.",EGY,Exports of goods and services (current US$),NE.EXP.GNFS.CD,export_capacity,2002,15595505617.9775
Euro area,EMU,Exports of goods and services (current US$),NE.EXP.GNFS.CD,export_capacity,2002,2487976067312.26
European Union,EUU,Exports of goods and services (current US$),NE.EXP.GNFS.CD,export_capacity,2002,2824162433032.25
France,FRA,Exports of goods and services (current US$),NE.EXP.GNFS.CD,export_capacity,2002,428784967658.903
United Kingdom,GBR,Exports of goods and services (current US$),NE.EXP.GNFS.CD,export_capacity,2002,437455035971.223
Greece,GRC,Exports of goods and services (current US$),NE.EXP.GNFS.CD,export_capacity,2002,30626385965.3844
India,IND,Exports of goods and services (current US$),NE.EXP.GNFS.CD,export_capacity,2002,73452895951.6331
Iraq,IRQ,Exports of goods and services (current US$),NE.EXP.GNFS.CD,export_capacity,2002,23237627426.1129
Italy,ITA,Exports of goods and services (current US$),NE.EXP.GNFS.CD,export_capacity,2002,311627059267.452
Jordan,JOR,Exports of goods and services (current US$),NE.EXP.GNFS.CD,export_capacity,2002,4544146685.4725
Kuwait,KWT,Exports of goods and services (current US$),NE.EXP.GNFS.CD,export_capacity,2002,17014681784.9786
Lebanon,LBN,Exports of goods and services (current US$),NE.EXP.GNFS.CD,export_capacity,2002,3083250414.5937
Qatar,QAT,Exports of goods and services (current US$),NE.EXP.GNFS.CD,export_capacity,2002,11684615384.6154
Saudi Arabia,SAU,Exports of goods and services (current US$),NE.EXP.GNFS.CD,export_capacity,2002,77641333333.3333
Turkiye,TUR,Exports of goods and services (current US$),NE.EXP.GNFS.CD,export_capacity,2002,60832867532.8053
United States,USA,Exports of goods and services (current US$),NE.EXP.GNFS.CD,export_capacity,2002,997979000000.0
World,WLD,Exports of goods and services (current US$),NE.EXP.GNFS.CD,export_capacity,2002,8093735390478.66
United Arab Emirates,ARE,Exports of goods and services (current US$),NE.EXP.GNFS.CD,export_capacity,2003,69538461538.4615
Australia,AUS,Exports of goods and services (current US$),NE.EXP.GNFS.CD,export_capacity,2003,89138031450.2038
Canada,CAN,Exports of goods and services (current US$),NE.EXP.GNFS.CD,export_capacity,2003,330149882235.386
China,CHN,Exports of goods and services (current US$),NE.EXP.GNFS.CD,export_capacity,2003,447958253781.62
Germany,DEU,Exports of goods and services (current US$),NE.EXP.GNFS.CD,export_capacity,2003,792550922245.881
"Egypt, Arab Rep.",EGY,Exports of goods and services (current US$),NE.EXP.GNFS.CD,export_capacity,2003,17500000000.0
Euro area,EMU,Exports of goods and services (current US$),NE.EXP.GNFS.CD,export_capacity,2003,2978417103090.01
European Union,EUU,Exports of goods and services (current US$),NE.EXP.GNFS.CD,export_capacity,2003,3390191771044.01
France,FRA,Exports of goods and services (current US$),NE.EXP.GNFS.CD,export_capacity,2003,497989403585.685
United Kingdom,GBR,Exports of goods and services (current US$),NE.EXP.GNFS.CD,export_capacity,2003,494048979591.837
Greece,GRC,Exports of goods and services (current US$),NE.EXP.GNFS.CD,export_capacity,2003,37167664772.0089
India,IND,Exports of goods and services (current US$),NE.EXP.GNFS.CD,export_capacity,2003,90838575243.7621
Iraq,IRQ,Exports of goods and services (current US$),NE.EXP.GNFS.CD,export_capacity,2003,16965698641.099
Italy,ITA,Exports of goods and services (current US$),NE.EXP.GNFS.CD,export_capacity,2003,367620453604.666
Jordan,JOR,Exports of goods and services (current US$),NE.EXP.GNFS.CD,export_capacity,2003,4829901269.39351
Kuwait,KWT,Exports of goods and services (current US$),NE.EXP.GNFS.CD,export_capacity,2003,24938593076.7889
Lebanon,LBN,Exports of goods and services (current US$),NE.EXP.GNFS.CD,export_capacity,2003,3361194029.85075
Qatar,QAT,Exports of goods and services (current US$),NE.EXP.GNFS.CD,export_capacity,2003,14519780219.7802
Saudi Arabia,SAU,Exports of goods and services (current US$),NE.EXP.GNFS.CD,export_capacity,2003,98956800000.0
Turkiye,TUR,Exports of goods and services (current US$),NE.EXP.GNFS.CD,export_capacity,2003,73154313088.6111
United States,USA,Exports of goods and services (current US$),NE.EXP.GNFS.CD,export_capacity,2003,1035165000000.0
World,WLD,Exports of goods and services (current US$),NE.EXP.GNFS.CD,export_capacity,2003,9373516775976.78
United Arab Emirates,ARE,Exports of goods and services (current US$),NE.EXP.GNFS.CD,export_capacity,2004,93968596324.03
Australia,AUS,Exports of goods and services (current US$),NE.EXP.GNFS.CD,export_capacity,2004,105490823730.26
Canada,CAN,Exports of goods and services (current US$),NE.EXP.GNFS.CD,export_capacity,2004,383240584166.026
China,CHN,Exports of goods and services (current US$),NE.EXP.GNFS.CD,export_capacity,2004,607356934124.72
Germany,DEU,Exports of goods and services (current US$),NE.EXP.GNFS.CD,export_capacity,2004,967940099859.462
"Egypt, Arab Rep.",EGY,Exports of goods and services (current US$),NE.EXP.GNFS.CD,export_capacity,2004,22240259740.2597
Euro area,EMU,Exports of goods and services (current US$),NE.EXP.GNFS.CD,export_capacity,2004,3568437959080.99
European Union,EUU,Exports of goods and services (current US$),NE.EXP.GNFS.CD,export_capacity,2004,4080047082242.34
France,FRA,Exports of goods and services (current US$),NE.EXP.GNFS.CD,export_capacity,2004,580996794039.114
United Kingdom,GBR,Exports of goods and services (current US$),NE.EXP.GNFS.CD,export_capacity,2004,582770047601.611
Greece,GRC,Exports of goods and services (current US$),NE.EXP.GNFS.CD,export_capacity,2004,48427679624.1005
India,IND,Exports of goods and services (current US$),NE.EXP.GNFS.CD,export_capacity,2004,126648472020.752
Iraq,IRQ,Exports of goods and services (current US$),NE.EXP.GNFS.CD,export_capacity,2004,20614098525.976
Italy,ITA,Exports of goods and services (current US$),NE.EXP.GNFS.CD,export_capacity,2004,433747867067.607
Jordan,JOR,Exports of goods and services (current US$),NE.EXP.GNFS.CD,export_capacity,2004,5955712270.80395
Kuwait,KWT,Exports of goods and services (current US$),NE.EXP.GNFS.CD,export_capacity,2004,33831014591.1096
Lebanon,LBN,Exports of goods and services (current US$),NE.EXP.GNFS.CD,export_capacity,2004,7417557505.80431
Qatar,QAT,Exports of goods and services (current US$),NE.EXP.GNFS.CD,export_capacity,2004,20363186813.1868
Saudi Arabia,SAU,Exports of goods and services (current US$),NE.EXP.GNFS.CD,export_capacity,2004,131920533333.333
Turkiye,TUR,Exports of goods and services (current US$),NE.EXP.GNFS.CD,export_capacity,2004,97840598665.6257
United States,USA,Exports of goods and services (current US$),NE.EXP.GNFS.CD,export_capacity,2004,1176363000000.0
World,WLD,Exports of goods and services (current US$),NE.EXP.GNFS.CD,export_capacity,2004,11381117438715.8
United Arab Emirates,ARE,Exports of goods and services (current US$),NE.EXP.GNFS.CD,export_capacity,2005,122070878148.4
Australia,AUS,Exports of goods and services (current US$),NE.EXP.GNFS.CD,export_capacity,2005,126785667301.888
Canada,CAN,Exports of goods and services (current US$),NE.EXP.GNFS.CD,export_capacity,2005,432369202838.752
China,CHN,Exports of goods and services (current US$),NE.EXP.GNFS.CD,export_capacity,2005,773339005396.99
Germany,DEU,Exports of goods and services (current US$),NE.EXP.GNFS.CD,export_capacity,2005,1040265986689.49
"Egypt, Arab Rep.",EGY,Exports of goods and services (current US$),NE.EXP.GNFS.CD,export_capacity,2005,27206127206.1272
Euro area,EMU,Exports of goods and services (current US$),NE.EXP.GNFS.CD,export_capacity,2005,3839695627216.25
European Union,EUU,Exports of goods and services (current US$),NE.EXP.GNFS.CD,export_capacity,2005,4428502195587.57
France,FRA,Exports of goods and services (current US$),NE.EXP.GNFS.CD,export_capacity,2005,617386391343.813
United Kingdom,GBR,Exports of goods and services (current US$),NE.EXP.GNFS.CD,export_capacity,2005,643121818181.818
Greece,GRC,Exports of goods and services (current US$),NE.EXP.GNFS.CD,export_capacity,2005,50868190128.2615
India,IND,Exports of goods and services (current US$),NE.EXP.GNFS.CD,export_capacity,2005,160838260680.778
Iraq,IRQ,Exports of goods and services (current US$),NE.EXP.GNFS.CD,export_capacity,2005,27209318290.6438
Italy,ITA,Exports of goods and services (current US$),NE.EXP.GNFS.CD,export_capacity,2005,457141717037.821
Jordan,JOR,Exports of goods and services (current US$),NE.EXP.GNFS.CD,export_capacity,2005,6634978843.44147
Kuwait,KWT,Exports of goods and services (current US$),NE.EXP.GNFS.CD,export_capacity,2005,51691780821.9178
Lebanon,LBN,Exports of goods and services (current US$),NE.EXP.GNFS.CD,export_capacity,2005,7873085353.89718
Qatar,QAT,Exports of goods and services (current US$),NE.EXP.GNFS.CD,export_capacity,2005,28982692307.6923
Saudi Arabia,SAU,Exports of goods and services (current US$),NE.EXP.GNFS.CD,export_capacity,2005,187388647220.517
Turkiye,TUR,Exports of goods and services (current US$),NE.EXP.GNFS.CD,export_capacity,2005,112432994612.168
United States,USA,Exports of goods and services (current US$),NE.EXP.GNFS.CD,export_capacity,2005,1301580000000.0
World,WLD,Exports of goods and services (current US$),NE.EXP.GNFS.CD,export_capacity,2005,12926966747247.8
United Arab Emirates,ARE,Exports of goods and services (current US$),NE.EXP.GNFS.CD,export_capacity,2006,152433690946.222
Australia,AUS,Exports of goods and services (current US$),NE.EXP.GNFS.CD,export_capacity,2006,148587374344.676
Canada,CAN,Exports of goods and services (current US$),NE.EXP.GNFS.CD,export_capacity,2006,467052186177.715
China,CHN,Exports of goods and services (current US$),NE.EXP.GNFS.CD,export_capacity,2006,991731387760.501
Germany,DEU,Exports of goods and services (current US$),NE.EXP.GNFS.CD,export_capacity,2006,1187129764083.53
"Egypt, Arab Rep.",EGY,Exports of goods and services (current US$),NE.EXP.GNFS.CD,export_capacity,2006,32173913043.4783
Euro area,EMU,Exports of goods and services (current US$),NE.EXP.GNFS.CD,export_capacity,2006,4301221207129.06
European Union,EUU,Exports of goods and services (current US$),NE.EXP.GNFS.CD,export_capacity,2006,4993155589238.51
France,FRA,Exports of goods and services (current US$),NE.EXP.GNFS.CD,export_capacity,2006,670507475708.117
United Kingdom,GBR,Exports of goods and services (current US$),NE.EXP.GNFS.CD,export_capacity,2006,745508739650.414
Greece,GRC,Exports of goods and services (current US$),NE.EXP.GNFS.CD,export_capacity,2006,55899928857.7023
India,IND,Exports of goods and services (current US$),NE.EXP.GNFS.CD,export_capacity,2006,199973922363.783
Iraq,IRQ,Exports of goods and services (current US$),NE.EXP.GNFS.CD,export_capacity,2006,33245806395.2592
Italy,ITA,Exports of goods and services (current US$),NE.EXP.GNFS.CD,export_capacity,2006,510265819331.293
Jordan,JOR,Exports of goods and services (current US$),NE.EXP.GNFS.CD,export_capacity,2006,8111847672.77856
Kuwait,KWT,Exports of goods and services (current US$),NE.EXP.GNFS.CD,export_capacity,2006,66566497573.8862
Lebanon,LBN,Exports of goods and services (current US$),NE.EXP.GNFS.CD,export_capacity,2006,7837807009.61857
Qatar,QAT,Exports of goods and services (current US$),NE.EXP.GNFS.CD,export_capacity,2006,38244780219.7802
Saudi Arabia,SAU,Exports of goods and services (current US$),NE.EXP.GNFS.CD,export_capacity,2006,225506542056.075
Turkiye,TUR,Exports of goods and services (current US$),NE.EXP.GNFS.CD,export_capacity,2006,126908581381.397
United States,USA,Exports of goods and services (current US$),NE.EXP.GNFS.CD,export_capacity,2006,1470170000000.0
World,WLD,Exports of goods and services (current US$),NE.EXP.GNFS.CD,export_capacity,2006,14866640418482.5
United Arab Emirates,ARE,Exports of goods and services (current US$),NE.EXP.GNFS.CD,export_capacity,2007,186690265486.726
Australia,AUS,Exports of goods and services (current US$),NE.EXP.GNFS.CD,export_capacity,2007,172570464002.512
Canada,CAN,Exports of goods and services (current US$),NE.EXP.GNFS.CD,export_capacity,2007,502770691741.923
China,CHN,Exports of goods and services (current US$),NE.EXP.GNFS.CD,export_capacity,2007,1258056795940.68
Germany,DEU,Exports of goods and services (current US$),NE.EXP.GNFS.CD,export_capacity,2007,1415809341318.83
"Egypt, Arab Rep.",EGY,Exports of goods and services (current US$),NE.EXP.GNFS.CD,export_capacity,2007,39457092819.6147
Euro area,EMU,Exports of goods and services (current US$),NE.EXP.GNFS.CD,export_capacity,2007,5100564370518.66
European Union,EUU,Exports of goods and services (current US$),NE.EXP.GNFS.CD,export_capacity,2007,5942234904121.63
France,FRA,Exports of goods and services (current US$),NE.EXP.GNFS.CD,export_capacity,2007,766429838941.689
United Kingdom,GBR,Exports of goods and services (current US$),NE.EXP.GNFS.CD,export_capacity,2007,788841536614.646
Greece,GRC,Exports of goods and services (current US$),NE.EXP.GNFS.CD,export_capacity,2007,68338676371.8724
India,IND,Exports of goods and services (current US$),NE.EXP.GNFS.CD,export_capacity,2007,253077526013.168
Iraq,IRQ,Exports of goods and services (current US$),NE.EXP.GNFS.CD,export_capacity,2007,40776066436.0361
Italy,ITA,Exports of goods and services (current US$),NE.EXP.GNFS.CD,export_capacity,2007,605527905412.943
Jordan,JOR,Exports of goods and services (current US$),NE.EXP.GNFS.CD,export_capacity,2007,9279830747.53173
Kuwait,KWT,Exports of goods and services (current US$),NE.EXP.GNFS.CD,export_capacity,2007,72695222613.9458
Lebanon,LBN,Exports of goods and services (current US$),NE.EXP.GNFS.CD,export_capacity,2007,9221256284.57711
Qatar,QAT,Exports of goods and services (current US$),NE.EXP.GNFS.CD,export_capacity,2007,48048351648.3516
Saudi Arabia,SAU,Exports of goods and services (current US$),NE.EXP.GNFS.CD,export_capacity,2007,249318478985.991
Turkiye,TUR,Exports of goods and services (current US$),NE.EXP.GNFS.CD,export_capacity,2007,152035619691.296
United States,USA,Exports of goods and services (current US$),NE.EXP.GNFS.CD,export_capacity,2007,1659295000000.0
World,WLD,Exports of goods and services (current US$),NE.EXP.GNFS.CD,export_capacity,2007,17312092383530.9
United Arab Emirates,ARE,Exports of goods and services (current US$),NE.EXP.GNFS.CD,export_capacity,2008,248808168822.328
Australia,AUS,Exports of goods and services (current US$),NE.EXP.GNFS.CD,export_capacity,2008,212794797279.029
Canada,CAN,Exports of goods and services (current US$),NE.EXP.GNFS.CD,export_capacity,2008,534150890346.767
China,CHN,Exports of goods and services (current US$),NE.EXP.GNFS.CD,export_capacity,2008,1497868782939.59
Germany,DEU,Exports of goods and services (current US$),NE.EXP.GNFS.CD,export_capacity,2008,1559414079161.72
"Egypt, Arab Rep.",EGY,Exports of goods and services (current US$),NE.EXP.GNFS.CD,export_capacity,2008,53800000000.0
Euro area,EMU,Exports of goods and services (current US$),NE.EXP.GNFS.CD,export_capacity,2008,5659638015233.2
European Union,EUU,Exports of goods and services (current US$),NE.EXP.GNFS.CD,export_capacity,2008,6635673954396.67
France,FRA,Exports of goods and services (current US$),NE.EXP.GNFS.CD,export_capacity,2008,854598937578.437
United Kingdom,GBR,Exports of goods and services (current US$),NE.EXP.GNFS.CD,export_capacity,2008,806393382352.941
Greece,GRC,Exports of goods and services (current US$),NE.EXP.GNFS.CD,export_capacity,2008,80002280548.4023
India,IND,Exports of goods and services (current US$),NE.EXP.GNFS.CD,export_capacity,2008,288902044820.698
Iraq,IRQ,Exports of goods and services (current US$),NE.EXP.GNFS.CD,export_capacity,2008,66239316768.7241
Italy,ITA,Exports of goods and services (current US$),NE.EXP.GNFS.CD,export_capacity,2008,646508511780.156
Kuwait,KWT,Exports of goods and services (current US$),NE.EXP.GNFS.CD,export_capacity,2008,98390048655.646
Lebanon,LBN,Exports of goods and services (current US$),NE.EXP.GNFS.CD,export_capacity,2008,11224076778.7728
Qatar,QAT,Exports of goods and services (current US$),NE.EXP.GNFS.CD,export_capacity,2008,70732692307.6923
Saudi Arabia,SAU,Exports of goods and services (current US$),NE.EXP.GNFS.CD,export_capacity,2008,322853600000.0
Turkiye,TUR,Exports of goods and services (current US$),NE.EXP.GNFS.CD,export_capacity,2008,185490178806.044
United States,USA,Exports of goods and services (current US$),NE.EXP.GNFS.CD,export_capacity,2008,1835280000000.0
World,WLD,Exports of goods and services (current US$),NE.EXP.GNFS.CD,export_capacity,2008,19759606266239.4
United Arab Emirates,ARE,Exports of goods and services (current US$),NE.EXP.GNFS.CD,export_capacity,2009,201958883594.282
Australia,AUS,Exports of goods and services (current US$),NE.EXP.GNFS.CD,export_capacity,2009,213717313259.647
Canada,CAN,Exports of goods and services (current US$),NE.EXP.GNFS.CD,export_capacity,2009,391985828011.548
China,CHN,Exports of goods and services (current US$),NE.EXP.GNFS.CD,export_capacity,2009,1262664161019.72
Germany,DEU,Exports of goods and services (current US$),NE.EXP.GNFS.CD,export_capacity,2009,1233301486982.42
"Egypt, Arab Rep.",EGY,Exports of goods and services (current US$),NE.EXP.GNFS.CD,export_capacity,2009,47205081669.6915
Euro area,EMU,Exports of goods and services (current US$),NE.EXP.GNFS.CD,export_capacity,2009,4539361816733.3
European Union,EUU,Exports of goods and services (current US$),NE.EXP.GNFS.CD,export_capacity,2009,5306480398721.07
France,FRA,Exports of goods and services (current US$),NE.EXP.GNFS.CD,export_capacity,2009,698805241356.796
United Kingdom,GBR,Exports of goods and services (current US$),NE.EXP.GNFS.CD,export_capacity,2009,648817572830.659
Greece,GRC,Exports of goods and services (current US$),NE.EXP.GNFS.CD,export_capacity,2009,61214696315.5328
India,IND,Exports of goods and services (current US$),NE.EXP.GNFS.CD,export_capacity,2009,273752124889.211
Iraq,IRQ,Exports of goods and services (current US$),NE.EXP.GNFS.CD,export_capacity,2009,43993209758.12
Italy,ITA,Exports of goods and services (current US$),NE.EXP.GNFS.CD,export_capacity,2009,492210347985.156
Kuwait,KWT,Exports of goods and services (current US$),NE.EXP.GNFS.CD,export_capacity,2009,62981044877.2521
Lebanon,LBN,Exports of goods and services (current US$),NE.EXP.GNFS.CD,export_capacity,2009,11751139951.5755
Qatar,QAT,Exports of goods and services (current US$),NE.EXP.GNFS.CD,export_capacity,2009,50009065934.0659
Saudi Arabia,SAU,Exports of goods and services (current US$),NE.EXP.GNFS.CD,export_capacity,2009,202056266666.667
Turkiye,TUR,Exports of goods and services (current US$),NE.EXP.GNFS.CD,export_capacity,2009,155351324872.9
United States,USA,Exports of goods and services (current US$),NE.EXP.GNFS.CD,export_capacity,2009,1582774000000.0
World,WLD,Exports of goods and services (current US$),NE.EXP.GNFS.CD,export_capacity,2009,15975470891603.8
United Arab Emirates,ARE,Exports of goods and services (current US$),NE.EXP.GNFS.CD,export_capacity,2010,238328114363.513
Australia,AUS,Exports of goods and services (current US$),NE.EXP.GNFS.CD,export_capacity,2010,227427026265.26
Canada,CAN,Exports of goods and services (current US$),NE.EXP.GNFS.CD,export_capacity,2010,471736717163.276
China,CHN,Exports of goods and services (current US$),NE.EXP.GNFS.CD,export_capacity,2010,1654823329663.86
Germany,DEU,Exports of goods and services (current US$),NE.EXP.GNFS.CD,export_capacity,2010,1369340699300.0
"Egypt, Arab Rep.",EGY,Exports of goods and services (current US$),NE.EXP.GNFS.CD,export_capacity,2010,46751361161.5245
Euro area,EMU,Exports of goods and services (current US$),NE.EXP.GNFS.CD,export_capacity,2010,4938137311515.09
European Union,EUU,Exports of goods and services (current US$),NE.EXP.GNFS.CD,export_capacity,2010,5811089849833.89
France,FRA,Exports of goods and services (current US$),NE.EXP.GNFS.CD,export_capacity,2010,736352883613.335
United Kingdom,GBR,Exports of goods and services (current US$),NE.EXP.GNFS.CD,export_capacity,2010,717722225201.667
Greece,GRC,Exports of goods and services (current US$),NE.EXP.GNFS.CD,export_capacity,2010,64408084269.5168
India,IND,Exports of goods and services (current US$),NE.EXP.GNFS.CD,export_capacity,2010,375353514026.267
Iraq,IRQ,Exports of goods and services (current US$),NE.EXP.GNFS.CD,export_capacity,2010,54598900000.0
Italy,ITA,Exports of goods and services (current US$),NE.EXP.GNFS.CD,export_capacity,2010,534489188500.001
Kuwait,KWT,Exports of goods and services (current US$),NE.EXP.GNFS.CD,export_capacity,2010,76952063278.287
Lebanon,LBN,Exports of goods and services (current US$),NE.EXP.GNFS.CD,export_capacity,2010,13464256798.01
Qatar,QAT,Exports of goods and services (current US$),NE.EXP.GNFS.CD,export_capacity,2010,77975824175.8242
Saudi Arabia,SAU,Exports of goods and services (current US$),NE.EXP.GNFS.CD,export_capacity,2010,261830933333.333
Turkiye,TUR,Exports of goods and services (current US$),NE.EXP.GNFS.CD,export_capacity,2010,168951184649.955
United States,USA,Exports of goods and services (current US$),NE.EXP.GNFS.CD,export_capacity,2010,1857247000000.0
World,WLD,Exports of goods and services (current US$),NE.EXP.GNFS.CD,export_capacity,2010,19002267524901.3
United Arab Emirates,ARE,Exports of goods and services (current US$),NE.EXP.GNFS.CD,export_capacity,2011,315867937372.362
Australia,AUS,Exports of goods and services (current US$),NE.EXP.GNFS.CD,export_capacity,2011,299823615768.297
Canada,CAN,Exports of goods and services (current US$),NE.EXP.GNFS.CD,export_capacity,2011,550163771962.44
China,CHN,Exports of goods and services (current US$),NE.EXP.GNFS.CD,export_capacity,2011,2006308960976.47
Germany,DEU,Exports of goods and services (current US$),NE.EXP.GNFS.CD,export_capacity,2011,1592275709231.52
"Egypt, Arab Rep.",EGY,Exports of goods and services (current US$),NE.EXP.GNFS.CD,export_capacity,2011,48537005163.5112
Euro area,EMU,Exports of goods and services (current US$),NE.EXP.GNFS.CD,export_capacity,2011,5718400729018.88
European Union,EUU,Exports of goods and services (current US$),NE.EXP.GNFS.CD,export_capacity,2011,6739701619426.91
France,FRA,Exports of goods and services (current US$),NE.EXP.GNFS.CD,export_capacity,2011,847885600684.827
United Kingdom,GBR,Exports of goods and services (current US$),NE.EXP.GNFS.CD,export_capacity,2011,836521134497.73
Greece,GRC,Exports of goods and services (current US$),NE.EXP.GNFS.CD,export_capacity,2011,71678227685.3601
India,IND,Exports of goods and services (current US$),NE.EXP.GNFS.CD,export_capacity,2011,447384417625.093
Iraq,IRQ,Exports of goods and services (current US$),NE.EXP.GNFS.CD,export_capacity,2011,82505400000.0
Italy,ITA,Exports of goods and services (current US$),NE.EXP.GNFS.CD,export_capacity,2011,612801201125.488
Kuwait,KWT,Exports of goods and services (current US$),NE.EXP.GNFS.CD,export_capacity,2011,112783943705.862
Lebanon,LBN,Exports of goods and services (current US$),NE.EXP.GNFS.CD,export_capacity,2011,14518739635.1575
Qatar,QAT,Exports of goods and services (current US$),NE.EXP.GNFS.CD,export_capacity,2011,121837912087.912
Saudi Arabia,SAU,Exports of goods and services (current US$),NE.EXP.GNFS.CD,export_capacity,2011,376224000000.0
Turkiye,TUR,Exports of goods and services (current US$),NE.EXP.GNFS.CD,export_capacity,2011,198303837476.231
United States,USA,Exports of goods and services (current US$),NE.EXP.GNFS.CD,export_capacity,2011,2115864000000.0
World,WLD,Exports of goods and services (current US$),NE.EXP.GNFS.CD,export_capacity,2011,22503410288731.5
United Arab Emirates,ARE,Exports of goods and services (current US$),NE.EXP.GNFS.CD,export_capacity,2012,375513955071.477
Australia,AUS,Exports of goods and services (current US$),NE.EXP.GNFS.CD,export_capacity,2012,332613569102.522
Canada,CAN,Exports of goods and services (current US$),NE.EXP.GNFS.CD,export_capacity,2012,554964544782.69
China,CHN,Exports of goods and services (current US$),NE.EXP.GNFS.CD,export_capacity,2012,2175069254663.85
Germany,DEU,Exports of goods and services (current US$),NE.EXP.GNFS.CD,export_capacity,2012,1535179851348.05
"Egypt, Arab Rep.",EGY,Exports of goods and services (current US$),NE.EXP.GNFS.CD,export_capacity,2012,45766666666.6667
Euro area,EMU,Exports of goods and services (current US$),NE.EXP.GNFS.CD,export_capacity,2012,5504653822162.82
European Union,EUU,Exports of goods and services (current US$),NE.EXP.GNFS.CD,export_capacity,2012,6482971075064.73
France,FRA,Exports of goods and services (current US$),NE.EXP.GNFS.CD,export_capacity,2012,814445012227.5
United Kingdom,GBR,Exports of goods and services (current US$),NE.EXP.GNFS.CD,export_capacity,2012,829500825756.786
Greece,GRC,Exports of goods and services (current US$),NE.EXP.GNFS.CD,export_capacity,2012,69182299552.7496
India,IND,Exports of goods and services (current US$),NE.EXP.GNFS.CD,export_capacity,2012,448400477361.254
Iraq,IRQ,Exports of goods and services (current US$),NE.EXP.GNFS.CD,export_capacity,2012,97029491173.9845
Italy,ITA,Exports of goods and services (current US$),NE.EXP.GNFS.CD,export_capacity,2012,587109493950.117
Kuwait,KWT,Exports of goods and services (current US$),NE.EXP.GNFS.CD,export_capacity,2012,130069015775.034
Lebanon,LBN,Exports of goods and services (current US$),NE.EXP.GNFS.CD,export_capacity,2012,12680893474.6269
Qatar,QAT,Exports of goods and services (current US$),NE.EXP.GNFS.CD,export_capacity,2012,142876098901.099
Saudi Arabia,SAU,Exports of goods and services (current US$),NE.EXP.GNFS.CD,export_capacity,2012,399419466666.667
Turkiye,TUR,Exports of goods and services (current US$),NE.EXP.GNFS.CD,export_capacity,2012,221029283948.06
United States,USA,Exports of goods and services (current US$),NE.EXP.GNFS.CD,export_capacity,2012,2217700000000.0
World,WLD,Exports of goods and services (current US$),NE.EXP.GNFS.CD,export_capacity,2012,22833268132609.9
United Arab Emirates,ARE,Exports of goods and services (current US$),NE.EXP.GNFS.CD,export_capacity,2013,392244520081.688
Australia,AUS,Exports of goods and services (current US$),NE.EXP.GNFS.CD,export_capacity,2013,315055128030.195
Canada,CAN,Exports of goods and services (current US$),NE.EXP.GNFS.CD,export_capacity,2013,560108797442.998
China,CHN,Exports of goods and services (current US$),NE.EXP.GNFS.CD,export_capacity,2013,2354264539609.2
Germany,DEU,Exports of goods and services (current US$),NE.EXP.GNFS.CD,export_capacity,2013,1586778324179.22
"Egypt, Arab Rep.",EGY,Exports of goods and services (current US$),NE.EXP.GNFS.CD,export_capacity,2013,49085271317.8295
Euro area,EMU,Exports of goods and services (current US$),NE.EXP.GNFS.CD,export_capacity,2013,5790407026913.16
European Union,EUU,Exports of goods and services (current US$),NE.EXP.GNFS.CD,export_capacity,2013,6819694882152.65
France,FRA,Exports of goods and services (current US$),NE.EXP.GNFS.CD,export_capacity,2013,861474336499.179
United Kingdom,GBR,Exports of goods and services (current US$),NE.EXP.GNFS.CD,export_capacity,2013,844879329622.476
Greece,GRC,Exports of goods and services (current US$),NE.EXP.GNFS.CD,export_capacity,2013,71740892359.0022
India,IND,Exports of goods and services (current US$),NE.EXP.GNFS.CD,export_capacity,2013,472180271340.149
Iraq,IRQ,Exports of goods and services (current US$),NE.EXP.GNFS.CD,export_capacity,2013,93065600000.0
Italy,ITA,Exports of goods and services (current US$),NE.EXP.GNFS.CD,export_capacity,2013,606723898231.296
Kuwait,KWT,Exports of goods and services (current US$),NE.EXP.GNFS.CD,export_capacity,2013,123417300388.943
Lebanon,LBN,Exports of goods and services (current US$),NE.EXP.GNFS.CD,export_capacity,2013,12492026092.869
Qatar,QAT,Exports of goods and services (current US$),NE.EXP.GNFS.CD,export_capacity,2013,144510439560.44
Saudi Arabia,SAU,Exports of goods and services (current US$),NE.EXP.GNFS.CD,export_capacity,2013,387745333333.333
Turkiye,TUR,Exports of goods and services (current US$),NE.EXP.GNFS.CD,export_capacity,2013,234800269885.826
United States,USA,Exports of goods and services (current US$),NE.EXP.GNFS.CD,export_capacity,2013,2287922000000.0
World,WLD,Exports of goods and services (current US$),NE.EXP.GNFS.CD,export_capacity,2013,23468240300889.3
United Arab Emirates,ARE,Exports of goods and services (current US$),NE.EXP.GNFS.CD,export_capacity,2014,402728114363.513
Australia,AUS,Exports of goods and services (current US$),NE.EXP.GNFS.CD,export_capacity,2014,309621975144.753
Canada,CAN,Exports of goods and services (current US$),NE.EXP.GNFS.CD,export_capacity,2014,573083180253.852
China,CHN,Exports of goods and services (current US$),NE.EXP.GNFS.CD,export_capacity,2014,2462825804851.16
Germany,DEU,Exports of goods and services (current US$),NE.EXP.GNFS.CD,export_capacity,2014,1653100023449.01
"Egypt, Arab Rep.",EGY,Exports of goods and services (current US$),NE.EXP.GNFS.CD,export_capacity,2014,43529411764.7059
Euro area,EMU,Exports of goods and services (current US$),NE.EXP.GNFS.CD,export_capacity,2014,6006982250478.66
European Union,EUU,Exports of goods and services (current US$),NE.EXP.GNFS.CD,export_capacity,2014,7079340662726.56
France,FRA,Exports of goods and services (current US$),NE.EXP.GNFS.CD,export_capacity,2014,879595852391.448
United Kingdom,GBR,Exports of goods and services (current US$),NE.EXP.GNFS.CD,export_capacity,2014,880315812062.876
Greece,GRC,Exports of goods and services (current US$),NE.EXP.GNFS.CD,export_capacity,2014,76056457341.835
India,IND,Exports of goods and services (current US$),NE.EXP.GNFS.CD,export_capacity,2014,468345815420.933
Iraq,IRQ,Exports of goods and services (current US$),NE.EXP.GNFS.CD,export_capacity,2014,88949000000.0
Italy,ITA,Exports of goods and services (current US$),NE.EXP.GNFS.CD,export_capacity,2014,622037943985.684
Kuwait,KWT,Exports of goods and services (current US$),NE.EXP.GNFS.CD,export_capacity,2014,111424545361.901
Lebanon,LBN,Exports of goods and services (current US$),NE.EXP.GNFS.CD,export_capacity,2014,11425578093.5323
Qatar,QAT,Exports of goods and services (current US$),NE.EXP.GNFS.CD,export_capacity,2014,140228846153.846
Saudi Arabia,SAU,Exports of goods and services (current US$),NE.EXP.GNFS.CD,export_capacity,2014,354973333333.333
Turkiye,TUR,Exports of goods and services (current US$),NE.EXP.GNFS.CD,export_capacity,2014,243287863472.577
United States,USA,Exports of goods and services (current US$),NE.EXP.GNFS.CD,export_capacity,2014,2378545000000.0
World,WLD,Exports of goods and services (current US$),NE.EXP.GNFS.CD,export_capacity,2014,23860244606308.7
United Arab Emirates,ARE,Exports of goods and services (current US$),NE.EXP.GNFS.CD,export_capacity,2015,358529611980.939
Australia,AUS,Exports of goods and services (current US$),NE.EXP.GNFS.CD,export_capacity,2015,271152836560.501
Canada,CAN,Exports of goods and services (current US$),NE.EXP.GNFS.CD,export_capacity,2015,495747450357.728
China,CHN,Exports of goods and services (current US$),NE.EXP.GNFS.CD,export_capacity,2015,2362097053274.6
Germany,DEU,Exports of goods and services (current US$),NE.EXP.GNFS.CD,export_capacity,2015,1458592274325.0
"Egypt, Arab Rep.",EGY,Exports of goods and services (current US$),NE.EXP.GNFS.CD,export_capacity,2015,43423180592.9919
Euro area,EMU,Exports of goods and services (current US$),NE.EXP.GNFS.CD,export_capacity,2015,5369052573175.23
European Union,EUU,Exports of goods and services (current US$),NE.EXP.GNFS.CD,export_capacity,2015,6317507420115.02
France,FRA,Exports of goods and services (current US$),NE.EXP.GNFS.CD,export_capacity,2015,774108364253.242
United Kingdom,GBR,Exports of goods and services (current US$),NE.EXP.GNFS.CD,export_capacity,2015,821200386071.742
Greece,GRC,Exports of goods and services (current US$),NE.EXP.GNFS.CD,export_capacity,2015,62624153981.5929
India,IND,Exports of goods and services (current US$),NE.EXP.GNFS.CD,export_capacity,2015,416787940847.812
Iraq,IRQ,Exports of goods and services (current US$),NE.EXP.GNFS.CD,export_capacity,2015,57560658811.4108
Italy,ITA,Exports of goods and services (current US$),NE.EXP.GNFS.CD,export_capacity,2015,537833599948.242
Kuwait,KWT,Exports of goods and services (current US$),NE.EXP.GNFS.CD,export_capacity,2015,61607350790.4219
Lebanon,LBN,Exports of goods and services (current US$),NE.EXP.GNFS.CD,export_capacity,2015,11553482873.6318
Qatar,QAT,Exports of goods and services (current US$),NE.EXP.GNFS.CD,export_capacity,2015,92291208791.2088
Saudi Arabia,SAU,Exports of goods and services (current US$),NE.EXP.GNFS.CD,export_capacity,2015,218010400000.0
Turkiye,TUR,Exports of goods and services (current US$),NE.EXP.GNFS.CD,export_capacity,2015,218795091045.655
United States,USA,Exports of goods and services (current US$),NE.EXP.GNFS.CD,export_capacity,2015,2270622000000.0
World,WLD,Exports of goods and services (current US$),NE.EXP.GNFS.CD,export_capacity,2015,21272611247725.1
United Arab Emirates,ARE,Exports of goods and services (current US$),NE.EXP.GNFS.CD,export_capacity,2016,360626276378.489
Australia,AUS,Exports of goods and services (current US$),NE.EXP.GNFS.CD,export_capacity,2016,232663011512.861
Canada,CAN,Exports of goods and services (current US$),NE.EXP.GNFS.CD,export_capacity,2016,481357649980.237
China,CHN,Exports of goods and services (current US$),NE.EXP.GNFS.CD,export_capacity,2016,2199974853570.14
Germany,DEU,Exports of goods and services (current US$),NE.EXP.GNFS.CD,export_capacity,2016,1472560807845.53
"Egypt, Arab Rep.",EGY,Exports of goods and services (current US$),NE.EXP.GNFS.CD,export_capacity,2016,34392638036.8098
Euro area,EMU,Exports of goods and services (current US$),NE.EXP.GNFS.CD,export_capacity,2016,5452718215487.71
European Union,EUU,Exports of goods and services (current US$),NE.EXP.GNFS.CD,export_capacity,2016,6421421883139.11
France,FRA,Exports of goods and services (current US$),NE.EXP.GNFS.CD,export_capacity,2016,778134181664.243
United Kingdom,GBR,Exports of goods and services (current US$),NE.EXP.GNFS.CD,export_capacity,2016,786640412453.566
Greece,GRC,Exports of goods and services (current US$),NE.EXP.GNFS.CD,export_capacity,2016,60206483726.2834
India,IND,Exports of goods and services (current US$),NE.EXP.GNFS.CD,export_capacity,2016,439642578076.358
Iraq,IRQ,Exports of goods and services (current US$),NE.EXP.GNFS.CD,export_capacity,2016,46869152413.2091
Italy,ITA,Exports of goods and services (current US$),NE.EXP.GNFS.CD,export_capacity,2016,543464412394.32
Kuwait,KWT,Exports of goods and services (current US$),NE.EXP.GNFS.CD,export_capacity,2016,52112899115.302
Lebanon,LBN,Exports of goods and services (current US$),NE.EXP.GNFS.CD,export_capacity,2016,11112344036.4842
Qatar,QAT,Exports of goods and services (current US$),NE.EXP.GNFS.CD,export_capacity,2016,72397252747.2527
Saudi Arabia,SAU,Exports of goods and services (current US$),NE.EXP.GNFS.CD,export_capacity,2016,200877333333.333
Turkiye,TUR,Exports of goods and services (current US$),NE.EXP.GNFS.CD,export_capacity,2016,205793476583.0
United States,USA,Exports of goods and services (current US$),NE.EXP.GNFS.CD,export_capacity,2016,2235558000000.0
World,WLD,Exports of goods and services (current US$),NE.EXP.GNFS.CD,export_capacity,2016,20878084469838.3
United Arab Emirates,ARE,Exports of goods and services (current US$),NE.EXP.GNFS.CD,export_capacity,2017,382137508509.19
Australia,AUS,Exports of goods and services (current US$),NE.EXP.GNFS.CD,export_capacity,2017,281774035049.614
Canada,CAN,Exports of goods and services (current US$),NE.EXP.GNFS.CD,export_capacity,2017,518766780219.71
China,CHN,Exports of goods and services (current US$),NE.EXP.GNFS.CD,export_capacity,2017,2424216052098.35
Germany,DEU,Exports of goods and services (current US$),NE.EXP.GNFS.CD,export_capacity,2017,1589089750187.06
"Egypt, Arab Rep.",EGY,Exports of goods and services (current US$),NE.EXP.GNFS.CD,export_capacity,2017,37289402173.913
Euro area,EMU,Exports of goods and services (current US$),NE.EXP.GNFS.CD,export_capacity,2017,5988047452658.1
European Union,EUU,Exports of goods and services (current US$),NE.EXP.GNFS.CD,export_capacity,2017,7063726189936.99
France,FRA,Exports of goods and services (current US$),NE.EXP.GNFS.CD,export_capacity,2017,836510836277.649
United Kingdom,GBR,Exports of goods and services (current US$),NE.EXP.GNFS.CD,export_capacity,2017,836020370556.138
Greece,GRC,Exports of goods and services (current US$),NE.EXP.GNFS.CD,export_capacity,2017,69691264258.6342
India,IND,Exports of goods and services (current US$),NE.EXP.GNFS.CD,export_capacity,2017,498258808231.521
Iraq,IRQ,Exports of goods and services (current US$),NE.EXP.GNFS.CD,export_capacity,2017,63496860304.0541
Italy,ITA,Exports of goods and services (current US$),NE.EXP.GNFS.CD,export_capacity,2017,593973032350.354
Kuwait,KWT,Exports of goods and services (current US$),NE.EXP.GNFS.CD,export_capacity,2017,61787573759.6835
Lebanon,LBN,Exports of goods and services (current US$),NE.EXP.GNFS.CD,export_capacity,2017,11627344114.0962
Qatar,QAT,Exports of goods and services (current US$),NE.EXP.GNFS.CD,export_capacity,2017,85204395604.3956
Saudi Arabia,SAU,Exports of goods and services (current US$),NE.EXP.GNFS.CD,export_capacity,2017,239892533333.333
Turkiye,TUR,Exports of goods and services (current US$),NE.EXP.GNFS.CD,export_capacity,2017,229267970164.465
United States,USA,Exports of goods and services (current US$),NE.EXP.GNFS.CD,export_capacity,2017,2388260000000.0
World,WLD,Exports of goods and services (current US$),NE.EXP.GNFS.CD,export_capacity,2017,22994860375775.7
United Arab Emirates,ARE,Exports of goods and services (current US$),NE.EXP.GNFS.CD,export_capacity,2018,400217835262.083
Australia,AUS,Exports of goods and services (current US$),NE.EXP.GNFS.CD,export_capacity,2018,312605804111.245
Canada,CAN,Exports of goods and services (current US$),NE.EXP.GNFS.CD,export_capacity,2018,557719627178.031
China,CHN,Exports of goods and services (current US$),NE.EXP.GNFS.CD,export_capacity,2018,2655609176087.45
Germany,DEU,Exports of goods and services (current US$),NE.EXP.GNFS.CD,export_capacity,2018,1723433049609.41
"Egypt, Arab Rep.",EGY,Exports of goods and services (current US$),NE.EXP.GNFS.CD,export_capacity,2018,47225661226.7867
Euro area,EMU,Exports of goods and services (current US$),NE.EXP.GNFS.CD,export_capacity,2018,6578433094225.94
European Union,EUU,Exports of goods and services (current US$),NE.EXP.GNFS.CD,export_capacity,2018,7769972703793.73
France,FRA,Exports of goods and services (current US$),NE.EXP.GNFS.CD,export_capacity,2018,915638789626.901
United Kingdom,GBR,Exports of goods and services (current US$),NE.EXP.GNFS.CD,export_capacity,2018,922834772428.163
Greece,GRC,Exports of goods and services (current US$),NE.EXP.GNFS.CD,export_capacity,2018,82399082670.3113
India,IND,Exports of goods and services (current US$),NE.EXP.GNFS.CD,export_capacity,2018,538635186135.438
Iraq,IRQ,Exports of goods and services (current US$),NE.EXP.GNFS.CD,export_capacity,2018,92771934474.7411
Italy,ITA,Exports of goods and services (current US$),NE.EXP.GNFS.CD,export_capacity,2018,646909638534.745
Kuwait,KWT,Exports of goods and services (current US$),NE.EXP.GNFS.CD,export_capacity,2018,79460231954.3245
Lebanon,LBN,Exports of goods and services (current US$),NE.EXP.GNFS.CD,export_capacity,2018,11394547409.6186
Qatar,QAT,Exports of goods and services (current US$),NE.EXP.GNFS.CD,export_capacity,2018,102560989010.989
Saudi Arabia,SAU,Exports of goods and services (current US$),NE.EXP.GNFS.CD,export_capacity,2018,314916533333.333
Turkiye,TUR,Exports of goods and services (current US$),NE.EXP.GNFS.CD,export_capacity,2018,250128750717.116
United States,USA,Exports of goods and services (current US$),NE.EXP.GNFS.CD,export_capacity,2018,2538089000000.0
World,WLD,Exports of goods and services (current US$),NE.EXP.GNFS.CD,export_capacity,2018,25213271645387.2
United Arab Emirates,ARE,Exports of goods and services (current US$),NE.EXP.GNFS.CD,export_capacity,2019,404863172226.004
Australia,AUS,Exports of goods and services (current US$),NE.EXP.GNFS.CD,export_capacity,2019,336477593836.115
Canada,CAN,Exports of goods and services (current US$),NE.EXP.GNFS.CD,export_capacity,2019,564142104614.779
China,CHN,Exports of goods and services (current US$),NE.EXP.GNFS.CD,export_capacity,2019,2641188436776.47
Germany,DEU,Exports of goods and services (current US$),NE.EXP.GNFS.CD,export_capacity,2019,1676629137011.76
"Egypt, Arab Rep.",EGY,Exports of goods and services (current US$),NE.EXP.GNFS.CD,export_capacity,2019,53041002277.9043
Euro area,EMU,Exports of goods and services (current US$),NE.EXP.GNFS.CD,export_capacity,2019,6487300417645.26
European Union,EUU,Exports of goods and services (current US$),NE.EXP.GNFS.CD,export_capacity,2019,7684157673460.92
France,FRA,Exports of goods and services (current US$),NE.EXP.GNFS.CD,export_capacity,2019,895514342479.214
United Kingdom,GBR,Exports of goods and services (current US$),NE.EXP.GNFS.CD,export_capacity,2019,917433768894.232
Greece,GRC,Exports of goods and services (current US$),NE.EXP.GNFS.CD,export_capacity,2019,82010713282.0312
India,IND,Exports of goods and services (current US$),NE.EXP.GNFS.CD,export_capacity,2019,529245063167.215
Iraq,IRQ,Exports of goods and services (current US$),NE.EXP.GNFS.CD,export_capacity,2019,88902900000.0
Italy,ITA,Exports of goods and services (current US$),NE.EXP.GNFS.CD,export_capacity,2019,625065757185.881
Kuwait,KWT,Exports of goods and services (current US$),NE.EXP.GNFS.CD,export_capacity,2019,73327382736.4621
Lebanon,LBN,Exports of goods and services (current US$),NE.EXP.GNFS.CD,export_capacity,2019,10681277028.314
Qatar,QAT,Exports of goods and services (current US$),NE.EXP.GNFS.CD,export_capacity,2019,92046153846.1538
Saudi Arabia,SAU,Exports of goods and services (current US$),NE.EXP.GNFS.CD,export_capacity,2019,285860000000.0
Turkiye,TUR,Exports of goods and services (current US$),NE.EXP.GNFS.CD,export_capacity,2019,256263371549.216
United States,USA,Exports of goods and services (current US$),NE.EXP.GNFS.CD,export_capacity,2019,2539391000000.0
World,WLD,Exports of goods and services (current US$),NE.EXP.GNFS.CD,export_capacity,2019,24812212516152.3
United Arab Emirates,ARE,Exports of goods and services (current US$),NE.EXP.GNFS.CD,export_capacity,2020,350277467665.078
Australia,AUS,Exports of goods and services (current US$),NE.EXP.GNFS.CD,export_capacity,2020,319174580744.374
Canada,CAN,Exports of goods and services (current US$),NE.EXP.GNFS.CD,export_capacity,2020,487990676642.934
China,CHN,Exports of goods and services (current US$),NE.EXP.GNFS.CD,export_capacity,2020,2739785089628.44
Germany,DEU,Exports of goods and services (current US$),NE.EXP.GNFS.CD,export_capacity,2020,1541867660412.46
"Egypt, Arab Rep.",EGY,Exports of goods and services (current US$),NE.EXP.GNFS.CD,export_capacity,2020,47872738615.0967
Euro area,EMU,Exports of goods and services (current US$),NE.EXP.GNFS.CD,export_capacity,2020,5966584503860.19
European Union,EUU,Exports of goods and services (current US$),NE.EXP.GNFS.CD,export_capacity,2020,7107616031188.83
France,FRA,Exports of goods and services (current US$),NE.EXP.GNFS.CD,export_capacity,2020,756174143647.162
United Kingdom,GBR,Exports of goods and services (current US$),NE.EXP.GNFS.CD,export_capacity,2020,815801724783.58
Greece,GRC,Exports of goods and services (current US$),NE.EXP.GNFS.CD,export_capacity,2020,60184486579.7402
India,IND,Exports of goods and services (current US$),NE.EXP.GNFS.CD,export_capacity,2020,499728529072.629
Iraq,IRQ,Exports of goods and services (current US$),NE.EXP.GNFS.CD,export_capacity,2020,50199918397.8191
Italy,ITA,Exports of goods and services (current US$),NE.EXP.GNFS.CD,export_capacity,2020,547940256804.982
Kuwait,KWT,Exports of goods and services (current US$),NE.EXP.GNFS.CD,export_capacity,2020,48541470057.1134
Lebanon,LBN,Exports of goods and services (current US$),NE.EXP.GNFS.CD,export_capacity,2020,5192095745.93275
Qatar,QAT,Exports of goods and services (current US$),NE.EXP.GNFS.CD,export_capacity,2020,70933241758.2418
Saudi Arabia,SAU,Exports of goods and services (current US$),NE.EXP.GNFS.CD,export_capacity,2020,182847733333.333
Turkiye,TUR,Exports of goods and services (current US$),NE.EXP.GNFS.CD,export_capacity,2020,210844790111.584
United States,USA,Exports of goods and services (current US$),NE.EXP.GNFS.CD,export_capacity,2020,2163837000000.0
World,WLD,Exports of goods and services (current US$),NE.EXP.GNFS.CD,export_capacity,2020,22485961987857.3
United Arab Emirates,ARE,Exports of goods and services (current US$),NE.EXP.GNFS.CD,export_capacity,2021,425155888359.428
Australia,AUS,Exports of goods and services (current US$),NE.EXP.GNFS.CD,export_capacity,2021,343364164705.654
Canada,CAN,Exports of goods and services (current US$),NE.EXP.GNFS.CD,export_capacity,2021,630478158309.719
China,CHN,Exports of goods and services (current US$),NE.EXP.GNFS.CD,export_capacity,2021,3537510275663.96
Germany,DEU,Exports of goods and services (current US$),NE.EXP.GNFS.CD,export_capacity,2021,1851846071996.09
"Egypt, Arab Rep.",EGY,Exports of goods and services (current US$),NE.EXP.GNFS.CD,export_capacity,2021,44850223072.0204
Euro area,EMU,Exports of goods and services (current US$),NE.EXP.GNFS.CD,export_capacity,2021,7297801379483.43
European Union,EUU,Exports of goods and services (current US$),NE.EXP.GNFS.CD,export_capacity,2021,8698129221545.22
France,FRA,Exports of goods and services (current US$),NE.EXP.GNFS.CD,export_capacity,2021,928139254791.07
United Kingdom,GBR,Exports of goods and services (current US$),NE.EXP.GNFS.CD,export_capacity,2021,935667446175.151
Greece,GRC,Exports of goods and services (current US$),NE.EXP.GNFS.CD,export_capacity,2021,87890002522.6885
India,IND,Exports of goods and services (current US$),NE.EXP.GNFS.CD,export_capacity,2021,677769255428.552
Iraq,IRQ,Exports of goods and services (current US$),NE.EXP.GNFS.CD,export_capacity,2021,78260500000.0
Italy,ITA,Exports of goods and services (current US$),NE.EXP.GNFS.CD,export_capacity,2021,679294123497.663
Kuwait,KWT,Exports of goods and services (current US$),NE.EXP.GNFS.CD,export_capacity,2021,76735412391.4694
Lebanon,LBN,Exports of goods and services (current US$),NE.EXP.GNFS.CD,export_capacity,2021,6020232987.66482
Qatar,QAT,Exports of goods and services (current US$),NE.EXP.GNFS.CD,export_capacity,2021,105549450549.451
Saudi Arabia,SAU,Exports of goods and services (current US$),NE.EXP.GNFS.CD,export_capacity,2021,286501333333.333
Turkiye,TUR,Exports of goods and services (current US$),NE.EXP.GNFS.CD,export_capacity,2021,294429020560.408
United States,USA,Exports of goods and services (current US$),NE.EXP.GNFS.CD,export_capacity,2021,2568697000000.0
World,WLD,Exports of goods and services (current US$),NE.EXP.GNFS.CD,export_capacity,2021,28116772939607.1
United Arab Emirates,ARE,Exports of goods and services (current US$),NE.EXP.GNFS.CD,export_capacity,2022,521897345132.743
Australia,AUS,Exports of goods and services (current US$),NE.EXP.GNFS.CD,export_capacity,2022,431732710875.763
Canada,CAN,Exports of goods and services (current US$),NE.EXP.GNFS.CD,export_capacity,2022,742056361162.595
China,CHN,Exports of goods and services (current US$),NE.EXP.GNFS.CD,export_capacity,2022,3705070541732.88
Germany,DEU,Exports of goods and services (current US$),NE.EXP.GNFS.CD,export_capacity,2022,1916859170749.03
"Egypt, Arab Rep.",EGY,Exports of goods and services (current US$),NE.EXP.GNFS.CD,export_capacity,2022,71927051671.7325
Euro area,EMU,Exports of goods and services (current US$),NE.EXP.GNFS.CD,export_capacity,2022,7878772641197.74
European Union,EUU,Exports of goods and services (current US$),NE.EXP.GNFS.CD,export_capacity,2022,9413958690932.8
France,FRA,Exports of goods and services (current US$),NE.EXP.GNFS.CD,export_capacity,2022,1023340977697.09
United Kingdom,GBR,Exports of goods and services (current US$),NE.EXP.GNFS.CD,export_capacity,2022,1083593172366.25
Greece,GRC,Exports of goods and services (current US$),NE.EXP.GNFS.CD,export_capacity,2022,107320102999.948
India,IND,Exports of goods and services (current US$),NE.EXP.GNFS.CD,export_capacity,2022,781290791563.827
Iraq,IRQ,Exports of goods and services (current US$),NE.EXP.GNFS.CD,export_capacity,2022,127955205517.241
Italy,ITA,Exports of goods and services (current US$),NE.EXP.GNFS.CD,export_capacity,2022,738509644128.602
Kuwait,KWT,Exports of goods and services (current US$),NE.EXP.GNFS.CD,export_capacity,2022,110924408163.265
Lebanon,LBN,Exports of goods and services (current US$),NE.EXP.GNFS.CD,export_capacity,2022,7311404298.94906
Qatar,QAT,Exports of goods and services (current US$),NE.EXP.GNFS.CD,export_capacity,2022,161692857142.857
Saudi Arabia,SAU,Exports of goods and services (current US$),NE.EXP.GNFS.CD,export_capacity,2022,445881333333.333
Turkiye,TUR,Exports of goods and services (current US$),NE.EXP.GNFS.CD,export_capacity,2022,353224790396.438
United States,USA,Exports of goods and services (current US$),NE.EXP.GNFS.CD,export_capacity,2022,3036430000000.0
World,WLD,Exports of goods and services (current US$),NE.EXP.GNFS.CD,export_capacity,2022,31600792441567.5
United Arab Emirates,ARE,Exports of goods and services (current US$),NE.EXP.GNFS.CD,export_capacity,2023,558401633764.466
Australia,AUS,Exports of goods and services (current US$),NE.EXP.GNFS.CD,export_capacity,2023,463117015978.139
Canada,CAN,Exports of goods and services (current US$),NE.EXP.GNFS.CD,export_capacity,2023,732380673864.391
China,CHN,Exports of goods and services (current US$),NE.EXP.GNFS.CD,export_capacity,2023,3544871083631.02
Germany,DEU,Exports of goods and services (current US$),NE.EXP.GNFS.CD,export_capacity,2023,1960255682615.72
"Egypt, Arab Rep.",EGY,Exports of goods and services (current US$),NE.EXP.GNFS.CD,export_capacity,2023,75645996851.8977
Euro area,EMU,Exports of goods and services (current US$),NE.EXP.GNFS.CD,export_capacity,2023,8041468643577.99
European Union,EUU,Exports of goods and services (current US$),NE.EXP.GNFS.CD,export_capacity,2023,9657673463872.34
France,FRA,Exports of goods and services (current US$),NE.EXP.GNFS.CD,export_capacity,2023,1053069574154.53
United Kingdom,GBR,Exports of goods and services (current US$),NE.EXP.GNFS.CD,export_capacity,2023,1091653856200.64
Greece,GRC,Exports of goods and services (current US$),NE.EXP.GNFS.CD,export_capacity,2023,106504786800.943
India,IND,Exports of goods and services (current US$),NE.EXP.GNFS.CD,export_capacity,2023,782620610192.051
Iraq,IRQ,Exports of goods and services (current US$),NE.EXP.GNFS.CD,export_capacity,2023,106560874026.221
Italy,ITA,Exports of goods and services (current US$),NE.EXP.GNFS.CD,export_capacity,2023,772202263040.014
Kuwait,KWT,Exports of goods and services (current US$),NE.EXP.GNFS.CD,export_capacity,2023,95475365008.057
Lebanon,LBN,Exports of goods and services (current US$),NE.EXP.GNFS.CD,export_capacity,2023,6134302022.64995
Saudi Arabia,SAU,Exports of goods and services (current US$),NE.EXP.GNFS.CD,export_capacity,2023,374787466666.667
Turkiye,TUR,Exports of goods and services (current US$),NE.EXP.GNFS.CD,export_capacity,2023,364211599327.44
United States,USA,Exports of goods and services (current US$),NE.EXP.GNFS.CD,export_capacity,2023,3073360000000.0
World,WLD,Exports of goods and services (current US$),NE.EXP.GNFS.CD,export_capacity,2023,31208289895380.4
Australia,AUS,Exports of goods and services (current US$),NE.EXP.GNFS.CD,export_capacity,2024,432605705549.386
Canada,CAN,Exports of goods and services (current US$),NE.EXP.GNFS.CD,export_capacity,2024,737073649328.937
China,CHN,Exports of goods and services (current US$),NE.EXP.GNFS.CD,export_capacity,2024,3828873971971.62
Germany,DEU,Exports of goods and services (current US$),NE.EXP.GNFS.CD,export_capacity,2024,1941431210621.87
"Egypt, Arab Rep.",EGY,Exports of goods and services (current US$),NE.EXP.GNFS.CD,export_capacity,2024,63713393301.1736
Euro area,EMU,Exports of goods and services (current US$),NE.EXP.GNFS.CD,export_capacity,2024,8167271217710.07
European Union,EUU,Exports of goods and services (current US$),NE.EXP.GNFS.CD,export_capacity,2024,9822201178200.51
France,FRA,Exports of goods and services (current US$),NE.EXP.GNFS.CD,export_capacity,2024,1071066237472.11
United Kingdom,GBR,Exports of goods and services (current US$),NE.EXP.GNFS.CD,export_capacity,2024,1147692057154.76
Greece,GRC,Exports of goods and services (current US$),NE.EXP.GNFS.CD,export_capacity,2024,107906278860.86
India,IND,Exports of goods and services (current US$),NE.EXP.GNFS.CD,export_capacity,2024,829785193474.459
Iraq,IRQ,Exports of goods and services (current US$),NE.EXP.GNFS.CD,export_capacity,2024,111195200000.0
Italy,ITA,Exports of goods and services (current US$),NE.EXP.GNFS.CD,export_capacity,2024,770685525117.266
Kuwait,KWT,Exports of goods and services (current US$),NE.EXP.GNFS.CD,export_capacity,2024,89713098851.9389
Lebanon,LBN,Exports of goods and services (current US$),NE.EXP.GNFS.CD,export_capacity,2024,6055691106.14525
Saudi Arabia,SAU,Exports of goods and services (current US$),NE.EXP.GNFS.CD,export_capacity,2024,368566933333.333
Turkiye,TUR,Exports of goods and services (current US$),NE.EXP.GNFS.CD,export_capacity,2024,374686274269.711
United States,USA,Exports of goods and services (current US$),NE.EXP.GNFS.CD,export_capacity,2024,3215368000000.0
World,WLD,Exports of goods and services (current US$),NE.EXP.GNFS.CD,export_capacity,2024,32471017522322.1
Australia,AUS,Exports of goods and services (current US$),NE.EXP.GNFS.CD,export_capacity,2025,418055624770.646
Canada,CAN,Exports of goods and services (current US$),NE.EXP.GNFS.CD,export_capacity,2025,726879970410.257
China,CHN,Exports of goods and services (current US$),NE.EXP.GNFS.CD,export_capacity,2025,4108470555117.51
Germany,DEU,Exports of goods and services (current US$),NE.EXP.GNFS.CD,export_capacity,2025,2042329262308.23
"Egypt, Arab Rep.",EGY,Exports of goods and services (current US$),NE.EXP.GNFS.CD,export_capacity,2025,72393571621.6233
Euro area,EMU,Exports of goods and services (current US$),NE.EXP.GNFS.CD,export_capacity,2025,8747504036242.87
European Union,EUU,Exports of goods and services (current US$),NE.EXP.GNFS.CD,export_capacity,2025,10538060548522.1
France,FRA,Exports of goods and services (current US$),NE.EXP.GNFS.CD,export_capacity,2025,1124107902931.06
United Kingdom,GBR,Exports of goods and services (current US$),NE.EXP.GNFS.CD,export_capacity,2025,1224670037744.72
Greece,GRC,Exports of goods and services (current US$),NE.EXP.GNFS.CD,export_capacity,2025,110743741990.477
India,IND,Exports of goods and services (current US$),NE.EXP.GNFS.CD,export_capacity,2025,880740846621.545
Italy,ITA,Exports of goods and services (current US$),NE.EXP.GNFS.CD,export_capacity,2025,822290762950.038
Saudi Arabia,SAU,Exports of goods and services (current US$),NE.EXP.GNFS.CD,export_capacity,2025,379825066666.667
Turkiye,TUR,Exports of goods and services (current US$),NE.EXP.GNFS.CD,export_capacity,2025,396923725496.326
World,WLD,Exports of goods and services (current US$),NE.EXP.GNFS.CD,export_capacity,2025,34890517618618.2
Australia,AUS,Imports of goods and services (current US$),NE.IMP.GNFS.CD,import_capacity,1960,2611840417.89447
China,CHN,Imports of goods and services (current US$),NE.IMP.GNFS.CD,import_capacity,1960,1890590000.0
"Egypt, Arab Rep.",EGY,Imports of goods and services (current US$),NE.IMP.GNFS.CD,import_capacity,1960,918039753.964197
France,FRA,Imports of goods and services (current US$),NE.IMP.GNFS.CD,import_capacity,1960,7955890213.7183
Greece,GRC,Imports of goods and services (current US$),NE.IMP.GNFS.CD,import_capacity,1960,597402875.334051
India,IND,Imports of goods and services (current US$),NE.IMP.GNFS.CD,import_capacity,1960,2530502530.50253
Turkiye,TUR,Imports of goods and services (current US$),NE.IMP.GNFS.CD,import_capacity,1960,277777777.777778
Australia,AUS,Imports of goods and services (current US$),NE.IMP.GNFS.CD,import_capacity,1961,2952320472.37128
Canada,CAN,Imports of goods and services (current US$),NE.IMP.GNFS.CD,import_capacity,1961,7480255448.9389
China,CHN,Imports of goods and services (current US$),NE.IMP.GNFS.CD,import_capacity,1961,1408090000.0
"Egypt, Arab Rep.",EGY,Imports of goods and services (current US$),NE.IMP.GNFS.CD,import_capacity,1961,887313994.291326
France,FRA,Imports of goods and services (current US$),NE.IMP.GNFS.CD,import_capacity,1961,8539959909.43483
Greece,GRC,Imports of goods and services (current US$),NE.IMP.GNFS.CD,import_capacity,1961,662633780.974089
India,IND,Imports of goods and services (current US$),NE.IMP.GNFS.CD,import_capacity,1961,2337302337.30234
Turkiye,TUR,Imports of goods and services (current US$),NE.IMP.GNFS.CD,import_capacity,1961,544444444.444444
Australia,AUS,Imports of goods and services (current US$),NE.IMP.GNFS.CD,import_capacity,1962,2512160401.94566
Canada,CAN,Imports of goods and services (current US$),NE.IMP.GNFS.CD,import_capacity,1962,7594733339.99374
China,CHN,Imports of goods and services (current US$),NE.IMP.GNFS.CD,import_capacity,1962,1127720000.0
"Egypt, Arab Rep.",EGY,Imports of goods and services (current US$),NE.IMP.GNFS.CD,import_capacity,1962,787660480.260279
France,FRA,Imports of goods and services (current US$),NE.IMP.GNFS.CD,import_capacity,1962,9325584138.45481
Greece,GRC,Imports of goods and services (current US$),NE.IMP.GNFS.CD,import_capacity,1962,727671594.955433
India,IND,Imports of goods and services (current US$),NE.IMP.GNFS.CD,import_capacity,1962,2543102543.10254
Turkiye,TUR,Imports of goods and services (current US$),NE.IMP.GNFS.CD,import_capacity,1962,711111111.111111
Australia,AUS,Imports of goods and services (current US$),NE.IMP.GNFS.CD,import_capacity,1963,2974720475.95528
Canada,CAN,Imports of goods and services (current US$),NE.IMP.GNFS.CD,import_capacity,1963,7854369042.81214
China,CHN,Imports of goods and services (current US$),NE.IMP.GNFS.CD,import_capacity,1963,1210670000.0
"Egypt, Arab Rep.",EGY,Imports of goods and services (current US$),NE.IMP.GNFS.CD,import_capacity,1963,987619111.1428
France,FRA,Imports of goods and services (current US$),NE.IMP.GNFS.CD,import_capacity,1963,10693152240.8229
Greece,GRC,Imports of goods and services (current US$),NE.IMP.GNFS.CD,import_capacity,1963,851556931.507044
India,IND,Imports of goods and services (current US$),NE.IMP.GNFS.CD,import_capacity,1963,2860202860.20286
Turkiye,TUR,Imports of goods and services (current US$),NE.IMP.GNFS.CD,import_capacity,1963,722222222.222222
Australia,AUS,Imports of goods and services (current US$),NE.IMP.GNFS.CD,import_capacity,1964,3270400523.26408
Canada,CAN,Imports of goods and services (current US$),NE.IMP.GNFS.CD,import_capacity,1964,8918902584.55297
China,CHN,Imports of goods and services (current US$),NE.IMP.GNFS.CD,import_capacity,1964,1481100000.0
"Egypt, Arab Rep.",EGY,Imports of goods and services (current US$),NE.IMP.GNFS.CD,import_capacity,1964,1171388945.74995
France,FRA,Imports of goods and services (current US$),NE.IMP.GNFS.CD,import_capacity,1964,12529464175.4221
Greece,GRC,Imports of goods and services (current US$),NE.IMP.GNFS.CD,import_capacity,1964,1054609848.12327
India,IND,Imports of goods and services (current US$),NE.IMP.GNFS.CD,import_capacity,1964,3210903210.90321
Turkiye,TUR,Imports of goods and services (current US$),NE.IMP.GNFS.CD,import_capacity,1964,611111111.111111
Australia,AUS,Imports of goods and services (current US$),NE.IMP.GNFS.CD,import_capacity,1965,3959200633.4721
Canada,CAN,Imports of goods and services (current US$),NE.IMP.GNFS.CD,import_capacity,1965,10166208353.3723
China,CHN,Imports of goods and services (current US$),NE.IMP.GNFS.CD,import_capacity,1965,1916420000.0
"Egypt, Arab Rep.",EGY,Imports of goods and services (current US$),NE.IMP.GNFS.CD,import_capacity,1965,996286588.029707
France,FRA,Imports of goods and services (current US$),NE.IMP.GNFS.CD,import_capacity,1965,12990103309.8737
Greece,GRC,Imports of goods and services (current US$),NE.IMP.GNFS.CD,import_capacity,1965,1237694815.56394
India,IND,Imports of goods and services (current US$),NE.IMP.GNFS.CD,import_capacity,1965,3103803103.8031
Kuwait,KWT,Imports of goods and services (current US$),NE.IMP.GNFS.CD,import_capacity,1965,484399806.240077
Turkiye,TUR,Imports of goods and services (current US$),NE.IMP.GNFS.CD,import_capacity,1965,644444444.444444
Australia,AUS,Imports of goods and services (current US$),NE.IMP.GNFS.CD,import_capacity,1966,4124960659.99371
Canada,CAN,Imports of goods and services (current US$),NE.IMP.GNFS.CD,import_capacity,1966,11787616836.1518
China,CHN,Imports of goods and services (current US$),NE.IMP.GNFS.CD,import_capacity,1966,2185300000.0
"Egypt, Arab Rep.",EGY,Imports of goods and services (current US$),NE.IMP.GNFS.CD,import_capacity,1966,1081156917.76387
France,FRA,Imports of goods and services (current US$),NE.IMP.GNFS.CD,import_capacity,1966,14747626952.9443
Greece,GRC,Imports of goods and services (current US$),NE.IMP.GNFS.CD,import_capacity,1966,1269316414.25833
India,IND,Imports of goods and services (current US$),NE.IMP.GNFS.CD,import_capacity,1966,3041036962.37036
Kuwait,KWT,Imports of goods and services (current US$),NE.IMP.GNFS.CD,import_capacity,1966,582399767.040093
Turkiye,TUR,Imports of goods and services (current US$),NE.IMP.GNFS.CD,import_capacity,1966,800000000.0
Australia,AUS,Imports of goods and services (current US$),NE.IMP.GNFS.CD,import_capacity,1967,4222400675.58411
Canada,CAN,Imports of goods and services (current US$),NE.IMP.GNFS.CD,import_capacity,1967,12634558504.6391
China,CHN,Imports of goods and services (current US$),NE.IMP.GNFS.CD,import_capacity,1967,1919860000.0
"Egypt, Arab Rep.",EGY,Imports of goods and services (current US$),NE.IMP.GNFS.CD,import_capacity,1967,1071428571.42857
France,FRA,Imports of goods and services (current US$),NE.IMP.GNFS.CD,import_capacity,1967,16105495990.7566
Greece,GRC,Imports of goods and services (current US$),NE.IMP.GNFS.CD,import_capacity,1967,1335955753.17354
India,IND,Imports of goods and services (current US$),NE.IMP.GNFS.CD,import_capacity,1967,2981333333.33333
Kuwait,KWT,Imports of goods and services (current US$),NE.IMP.GNFS.CD,import_capacity,1967,694399722.240111
Turkiye,TUR,Imports of goods and services (current US$),NE.IMP.GNFS.CD,import_capacity,1967,777777777.777778
Australia,AUS,Imports of goods and services (current US$),NE.IMP.GNFS.CD,import_capacity,1968,4730880756.94092
Canada,CAN,Imports of goods and services (current US$),NE.IMP.GNFS.CD,import_capacity,1968,14340936627.4552
China,CHN,Imports of goods and services (current US$),NE.IMP.GNFS.CD,import_capacity,1968,1845220000.0
"Egypt, Arab Rep.",EGY,Imports of goods and services (current US$),NE.IMP.GNFS.CD,import_capacity,1968,1035981308.41121
France,FRA,Imports of goods and services (current US$),NE.IMP.GNFS.CD,import_capacity,1968,17932241724.698
Greece,GRC,Imports of goods and services (current US$),NE.IMP.GNFS.CD,import_capacity,1968,1493529905.00086
India,IND,Imports of goods and services (current US$),NE.IMP.GNFS.CD,import_capacity,1968,2624000000.0
Kuwait,KWT,Imports of goods and services (current US$),NE.IMP.GNFS.CD,import_capacity,1968,694399722.240111
Saudi Arabia,SAU,Imports of goods and services (current US$),NE.IMP.GNFS.CD,import_capacity,1968,1035019955.55556
Turkiye,TUR,Imports of goods and services (current US$),NE.IMP.GNFS.CD,import_capacity,1968,888888888.888889
Australia,AUS,Imports of goods and services (current US$),NE.IMP.GNFS.CD,import_capacity,1969,4883200781.31213
Canada,CAN,Imports of goods and services (current US$),NE.IMP.GNFS.CD,import_capacity,1969,16708226653.8616
China,CHN,Imports of goods and services (current US$),NE.IMP.GNFS.CD,import_capacity,1969,1731190000.0
"Egypt, Arab Rep.",EGY,Imports of goods and services (current US$),NE.IMP.GNFS.CD,import_capacity,1969,1078692493.94673
France,FRA,Imports of goods and services (current US$),NE.IMP.GNFS.CD,import_capacity,1969,21479310052.3483
Greece,GRC,Imports of goods and services (current US$),NE.IMP.GNFS.CD,import_capacity,1969,1713711187.57654
India,IND,Imports of goods and services (current US$),NE.IMP.GNFS.CD,import_capacity,1969,2356000000.0
Kuwait,KWT,Imports of goods and services (current US$),NE.IMP.GNFS.CD,import_capacity,1969,800799679.680128
Saudi Arabia,SAU,Imports of goods and services (current US$),NE.IMP.GNFS.CD,import_capacity,1969,1118868488.88889
Turkiye,TUR,Imports of goods and services (current US$),NE.IMP.GNFS.CD,import_capacity,1969,922222222.222222
Australia,AUS,Imports of goods and services (current US$),NE.IMP.GNFS.CD,import_capacity,1970,5455520872.88334
Canada,CAN,Imports of goods and services (current US$),NE.IMP.GNFS.CD,import_capacity,1970,17327973968.8008
China,CHN,Imports of goods and services (current US$),NE.IMP.GNFS.CD,import_capacity,1970,2201560000.0
Germany,DEU,Imports of goods and services (current US$),NE.IMP.GNFS.CD,import_capacity,1970,35798334313.0444
"Egypt, Arab Rep.",EGY,Imports of goods and services (current US$),NE.IMP.GNFS.CD,import_capacity,1970,1374780205.9784
Euro area,EMU,Imports of goods and services (current US$),NE.IMP.GNFS.CD,import_capacity,1970,127568225633.046
European Union,EUU,Imports of goods and services (current US$),NE.IMP.GNFS.CD,import_capacity,1970,146033811743.616
France,FRA,Imports of goods and services (current US$),NE.IMP.GNFS.CD,import_capacity,1970,23582378646.51
United Kingdom,GBR,Imports of goods and services (current US$),NE.IMP.GNFS.CD,import_capacity,1970,27400376769.8584
Greece,GRC,Imports of goods and services (current US$),NE.IMP.GNFS.CD,import_capacity,1970,1892363636.36364
India,IND,Imports of goods and services (current US$),NE.IMP.GNFS.CD,import_capacity,1970,2421333333.33333
Iraq,IRQ,Imports of goods and services (current US$),NE.IMP.GNFS.CD,import_capacity,1970,662479735.008106
Italy,ITA,Imports of goods and services (current US$),NE.IMP.GNFS.CD,import_capacity,1970,16935941759.6035
Kuwait,KWT,Imports of goods and services (current US$),NE.IMP.GNFS.CD,import_capacity,1970,692999722.800111
Saudi Arabia,SAU,Imports of goods and services (current US$),NE.IMP.GNFS.CD,import_capacity,1970,1159555555.55556
Turkiye,TUR,Imports of goods and services (current US$),NE.IMP.GNFS.CD,import_capacity,1970,1136363636.36364
United States,USA,Imports of goods and services (current US$),NE.IMP.GNFS.CD,import_capacity,1970,55760000000.0
World,WLD,Imports of goods and services (current US$),NE.IMP.GNFS.CD,import_capacity,1970,386176598983.408
Australia,AUS,Imports of goods and services (current US$),NE.IMP.GNFS.CD,import_capacity,1971,5839680934.34895
Canada,CAN,Imports of goods and services (current US$),NE.IMP.GNFS.CD,import_capacity,1971,19613784907.9026
China,CHN,Imports of goods and services (current US$),NE.IMP.GNFS.CD,import_capacity,1971,2233127000.0
Germany,DEU,Imports of goods and services (current US$),NE.IMP.GNFS.CD,import_capacity,1971,40715115150.8392
"Egypt, Arab Rep.",EGY,Imports of goods and services (current US$),NE.IMP.GNFS.CD,import_capacity,1971,1530986993.114
Euro area,EMU,Imports of goods and services (current US$),NE.IMP.GNFS.CD,import_capacity,1971,142797560927.981
European Union,EUU,Imports of goods and services (current US$),NE.IMP.GNFS.CD,import_capacity,1971,162384846999.83
France,FRA,Imports of goods and services (current US$),NE.IMP.GNFS.CD,import_capacity,1971,26488930981.4135
United Kingdom,GBR,Imports of goods and services (current US$),NE.IMP.GNFS.CD,import_capacity,1971,30409471890.971
Greece,GRC,Imports of goods and services (current US$),NE.IMP.GNFS.CD,import_capacity,1971,2092545454.54545
India,IND,Imports of goods and services (current US$),NE.IMP.GNFS.CD,import_capacity,1971,2695673511.20478
Iraq,IRQ,Imports of goods and services (current US$),NE.IMP.GNFS.CD,import_capacity,1971,888826025.459689
Italy,ITA,Imports of goods and services (current US$),NE.IMP.GNFS.CD,import_capacity,1971,18471501248.4394
Kuwait,KWT,Imports of goods and services (current US$),NE.IMP.GNFS.CD,import_capacity,1971,724238833.130206
Saudi Arabia,SAU,Imports of goods and services (current US$),NE.IMP.GNFS.CD,import_capacity,1971,1287323408.13523
Turkiye,TUR,Imports of goods and services (current US$),NE.IMP.GNFS.CD,import_capacity,1971,1333333333.33333
United States,USA,Imports of goods and services (current US$),NE.IMP.GNFS.CD,import_capacity,1971,62342000000.0
World,WLD,Imports of goods and services (current US$),NE.IMP.GNFS.CD,import_capacity,1971,430144142202.325
Australia,AUS,Imports of goods and services (current US$),NE.IMP.GNFS.CD,import_capacity,1972,6220794392.52337
Canada,CAN,Imports of goods and services (current US$),NE.IMP.GNFS.CD,import_capacity,1972,23413476108.6978
China,CHN,Imports of goods and services (current US$),NE.IMP.GNFS.CD,import_capacity,1972,2916450000.0
Germany,DEU,Imports of goods and services (current US$),NE.IMP.GNFS.CD,import_capacity,1972,48517046555.8486
"Egypt, Arab Rep.",EGY,Imports of goods and services (current US$),NE.IMP.GNFS.CD,import_capacity,1972,1615822130.2999
Euro area,EMU,Imports of goods and services (current US$),NE.IMP.GNFS.CD,import_capacity,1972,173043456556.726
European Union,EUU,Imports of goods and services (current US$),NE.IMP.GNFS.CD,import_capacity,1972,195757560428.876
France,FRA,Imports of goods and services (current US$),NE.IMP.GNFS.CD,import_capacity,1972,33141612483.7451
United Kingdom,GBR,Imports of goods and services (current US$),NE.IMP.GNFS.CD,import_capacity,1972,35239697802.1978
Greece,GRC,Imports of goods and services (current US$),NE.IMP.GNFS.CD,import_capacity,1972,2585238636.36364
India,IND,Imports of goods and services (current US$),NE.IMP.GNFS.CD,import_capacity,1972,2650561669.41144
Iraq,IRQ,Imports of goods and services (current US$),NE.IMP.GNFS.CD,import_capacity,1972,883748873.535596
Italy,ITA,Imports of goods and services (current US$),NE.IMP.GNFS.CD,import_capacity,1972,22528788180.6109
Kuwait,KWT,Imports of goods and services (current US$),NE.IMP.GNFS.CD,import_capacity,1972,919595438.806624
Saudi Arabia,SAU,Imports of goods and services (current US$),NE.IMP.GNFS.CD,import_capacity,1972,1765847084.25327
Turkiye,TUR,Imports of goods and services (current US$),NE.IMP.GNFS.CD,import_capacity,1972,1764285714.28571
United States,USA,Imports of goods and services (current US$),NE.IMP.GNFS.CD,import_capacity,1972,74216000000.0
World,WLD,Imports of goods and services (current US$),NE.IMP.GNFS.CD,import_capacity,1972,507254514964.088
Australia,AUS,Imports of goods and services (current US$),NE.IMP.GNFS.CD,import_capacity,1973,7022421524.66368
Canada,CAN,Imports of goods and services (current US$),NE.IMP.GNFS.CD,import_capacity,1973,28460153984.6015
China,CHN,Imports of goods and services (current US$),NE.IMP.GNFS.CD,import_capacity,1973,5257791000.0
Germany,DEU,Imports of goods and services (current US$),NE.IMP.GNFS.CD,import_capacity,1973,65139754848.1522
"Egypt, Arab Rep.",EGY,Imports of goods and services (current US$),NE.IMP.GNFS.CD,import_capacity,1973,1834007074.27994
Euro area,EMU,Imports of goods and services (current US$),NE.IMP.GNFS.CD,import_capacity,1973,238784294178.462
European Union,EUU,Imports of goods and services (current US$),NE.IMP.GNFS.CD,import_capacity,1973,270093590071.155
France,FRA,Imports of goods and services (current US$),NE.IMP.GNFS.CD,import_capacity,1973,45888332351.208
United Kingdom,GBR,Imports of goods and services (current US$),NE.IMP.GNFS.CD,import_capacity,1973,47681185693.2876
Greece,GRC,Imports of goods and services (current US$),NE.IMP.GNFS.CD,import_capacity,1973,4246950517.83659
India,IND,Imports of goods and services (current US$),NE.IMP.GNFS.CD,import_capacity,1973,4039284329.37006
Iraq,IRQ,Imports of goods and services (current US$),NE.IMP.GNFS.CD,import_capacity,1973,1263453284.91251
Italy,ITA,Imports of goods and services (current US$),NE.IMP.GNFS.CD,import_capacity,1973,31517004317.5025
Kuwait,KWT,Imports of goods and services (current US$),NE.IMP.GNFS.CD,import_capacity,1973,1199034298.58517
Saudi Arabia,SAU,Imports of goods and services (current US$),NE.IMP.GNFS.CD,import_capacity,1973,3126324499.42521
Turkiye,TUR,Imports of goods and services (current US$),NE.IMP.GNFS.CD,import_capacity,1973,2364285714.28571
United States,USA,Imports of goods and services (current US$),NE.IMP.GNFS.CD,import_capacity,1973,91159000000.0
World,WLD,Imports of goods and services (current US$),NE.IMP.GNFS.CD,import_capacity,1973,689893903444.599
Australia,AUS,Imports of goods and services (current US$),NE.IMP.GNFS.CD,import_capacity,1974,11737656595.4311
Canada,CAN,Imports of goods and services (current US$),NE.IMP.GNFS.CD,import_capacity,1974,38774028629.8568
China,CHN,Imports of goods and services (current US$),NE.IMP.GNFS.CD,import_capacity,1974,7716198000.0
Germany,DEU,Imports of goods and services (current US$),NE.IMP.GNFS.CD,import_capacity,1974,83360334819.7415
"Egypt, Arab Rep.",EGY,Imports of goods and services (current US$),NE.IMP.GNFS.CD,import_capacity,1974,2888427176.39726
Euro area,EMU,Imports of goods and services (current US$),NE.IMP.GNFS.CD,import_capacity,1974,323868862966.643
European Union,EUU,Imports of goods and services (current US$),NE.IMP.GNFS.CD,import_capacity,1974,367280976170.887
France,FRA,Imports of goods and services (current US$),NE.IMP.GNFS.CD,import_capacity,1974,63613611565.7392
United Kingdom,GBR,Imports of goods and services (current US$),NE.IMP.GNFS.CD,import_capacity,1974,65219086021.5054
Greece,GRC,Imports of goods and services (current US$),NE.IMP.GNFS.CD,import_capacity,1974,5097863636.36364
India,IND,Imports of goods and services (current US$),NE.IMP.GNFS.CD,import_capacity,1974,5992067751.11516
Iraq,IRQ,Imports of goods and services (current US$),NE.IMP.GNFS.CD,import_capacity,1974,3636302065.6959
Italy,ITA,Imports of goods and services (current US$),NE.IMP.GNFS.CD,import_capacity,1974,44460726406.6687
Kuwait,KWT,Imports of goods and services (current US$),NE.IMP.GNFS.CD,import_capacity,1974,1800437317.287
Saudi Arabia,SAU,Imports of goods and services (current US$),NE.IMP.GNFS.CD,import_capacity,1974,5995492957.74648
Turkiye,TUR,Imports of goods and services (current US$),NE.IMP.GNFS.CD,import_capacity,1974,3992857142.85714
United States,USA,Imports of goods and services (current US$),NE.IMP.GNFS.CD,import_capacity,1974,127465000000.0
World,WLD,Imports of goods and services (current US$),NE.IMP.GNFS.CD,import_capacity,1974,983116071354.869
Australia,AUS,Imports of goods and services (current US$),NE.IMP.GNFS.CD,import_capacity,1975,14315171377.8506
Canada,CAN,Imports of goods and services (current US$),NE.IMP.GNFS.CD,import_capacity,1975,41679119150.6095
China,CHN,Imports of goods and services (current US$),NE.IMP.GNFS.CD,import_capacity,1975,8355050000.0
Germany,DEU,Imports of goods and services (current US$),NE.IMP.GNFS.CD,import_capacity,1975,92240550918.197
"Egypt, Arab Rep.",EGY,Imports of goods and services (current US$),NE.IMP.GNFS.CD,import_capacity,1975,4134809294.16922
Euro area,EMU,Imports of goods and services (current US$),NE.IMP.GNFS.CD,import_capacity,1975,340571165110.39
European Union,EUU,Imports of goods and services (current US$),NE.IMP.GNFS.CD,import_capacity,1975,386867769645.596
France,FRA,Imports of goods and services (current US$),NE.IMP.GNFS.CD,import_capacity,1975,66145785528.5299
United Kingdom,GBR,Imports of goods and services (current US$),NE.IMP.GNFS.CD,import_capacity,1975,65493940265.4867
Greece,GRC,Imports of goods and services (current US$),NE.IMP.GNFS.CD,import_capacity,1975,5714686503.71945
India,IND,Imports of goods and services (current US$),NE.IMP.GNFS.CD,import_capacity,1975,6545472951.44551
Iraq,IRQ,Imports of goods and services (current US$),NE.IMP.GNFS.CD,import_capacity,1975,5729766339.31595
Italy,ITA,Imports of goods and services (current US$),NE.IMP.GNFS.CD,import_capacity,1975,42506699288.2562
Kuwait,KWT,Imports of goods and services (current US$),NE.IMP.GNFS.CD,import_capacity,1975,3127241132.01302
Saudi Arabia,SAU,Imports of goods and services (current US$),NE.IMP.GNFS.CD,import_capacity,1975,10165134756.1926
Turkiye,TUR,Imports of goods and services (current US$),NE.IMP.GNFS.CD,import_capacity,1975,5171428571.42857
United States,USA,Imports of goods and services (current US$),NE.IMP.GNFS.CD,import_capacity,1975,122730000000.0
World,WLD,Imports of goods and services (current US$),NE.IMP.GNFS.CD,import_capacity,1975,1036050523218.92
Australia,AUS,Imports of goods and services (current US$),NE.IMP.GNFS.CD,import_capacity,1976,14038081936.92
Canada,CAN,Imports of goods and services (current US$),NE.IMP.GNFS.CD,import_capacity,1976,46807302231.2373
China,CHN,Imports of goods and services (current US$),NE.IMP.GNFS.CD,import_capacity,1976,7349809000.0
Germany,DEU,Imports of goods and services (current US$),NE.IMP.GNFS.CD,import_capacity,1976,105524313344.726
"Egypt, Arab Rep.",EGY,Imports of goods and services (current US$),NE.IMP.GNFS.CD,import_capacity,1976,3717576961.2711
Euro area,EMU,Imports of goods and services (current US$),NE.IMP.GNFS.CD,import_capacity,1976,385269901637.665
European Union,EUU,Imports of goods and services (current US$),NE.IMP.GNFS.CD,import_capacity,1976,438051566837.477
France,FRA,Imports of goods and services (current US$),NE.IMP.GNFS.CD,import_capacity,1976,77268779022.1251
United Kingdom,GBR,Imports of goods and services (current US$),NE.IMP.GNFS.CD,import_capacity,1976,67727417789.7574
Greece,GRC,Imports of goods and services (current US$),NE.IMP.GNFS.CD,import_capacity,1976,6137434701.49254
India,IND,Imports of goods and services (current US$),NE.IMP.GNFS.CD,import_capacity,1976,6280792834.3023
Iraq,IRQ,Imports of goods and services (current US$),NE.IMP.GNFS.CD,import_capacity,1976,6376227565.18794
Italy,ITA,Imports of goods and services (current US$),NE.IMP.GNFS.CD,import_capacity,1976,47521970225.6339
Jordan,JOR,Imports of goods and services (current US$),NE.IMP.GNFS.CD,import_capacity,1976,1363021600.50364
Kuwait,KWT,Imports of goods and services (current US$),NE.IMP.GNFS.CD,import_capacity,1976,4275155872.1831
Saudi Arabia,SAU,Imports of goods and services (current US$),NE.IMP.GNFS.CD,import_capacity,1976,15522379603.3994
Turkiye,TUR,Imports of goods and services (current US$),NE.IMP.GNFS.CD,import_capacity,1976,5487500000.0
United States,USA,Imports of goods and services (current US$),NE.IMP.GNFS.CD,import_capacity,1976,151146000000.0
World,WLD,Imports of goods and services (current US$),NE.IMP.GNFS.CD,import_capacity,1976,1165835303933.66
Australia,AUS,Imports of goods and services (current US$),NE.IMP.GNFS.CD,import_capacity,1977,16144757972.0119
Canada,CAN,Imports of goods and services (current US$),NE.IMP.GNFS.CD,import_capacity,1977,48954395862.7174
China,CHN,Imports of goods and services (current US$),NE.IMP.GNFS.CD,import_capacity,1977,8060398000.0
Germany,DEU,Imports of goods and services (current US$),NE.IMP.GNFS.CD,import_capacity,1977,120869841657.542
"Egypt, Arab Rep.",EGY,Imports of goods and services (current US$),NE.IMP.GNFS.CD,import_capacity,1977,4516926854.93773
Euro area,EMU,Imports of goods and services (current US$),NE.IMP.GNFS.CD,import_capacity,1977,435853062024.78
European Union,EUU,Imports of goods and services (current US$),NE.IMP.GNFS.CD,import_capacity,1977,492786999353.051
France,FRA,Imports of goods and services (current US$),NE.IMP.GNFS.CD,import_capacity,1977,85644958545.0655
United Kingdom,GBR,Imports of goods and services (current US$),NE.IMP.GNFS.CD,import_capacity,1977,76156548055.1195
Greece,GRC,Imports of goods and services (current US$),NE.IMP.GNFS.CD,import_capacity,1977,7076234967.62257
India,IND,Imports of goods and services (current US$),NE.IMP.GNFS.CD,import_capacity,1977,7611052224.17439
Iraq,IRQ,Imports of goods and services (current US$),NE.IMP.GNFS.CD,import_capacity,1977,8100575685.74331
Italy,ITA,Imports of goods and services (current US$),NE.IMP.GNFS.CD,import_capacity,1977,52626622778.1435
Jordan,JOR,Imports of goods and services (current US$),NE.IMP.GNFS.CD,import_capacity,1977,1738406824.85642
Kuwait,KWT,Imports of goods and services (current US$),NE.IMP.GNFS.CD,import_capacity,1977,6141691617.28886
Saudi Arabia,SAU,Imports of goods and services (current US$),NE.IMP.GNFS.CD,import_capacity,1977,24156717677.5464
Turkiye,TUR,Imports of goods and services (current US$),NE.IMP.GNFS.CD,import_capacity,1977,6283333333.33333
United States,USA,Imports of goods and services (current US$),NE.IMP.GNFS.CD,import_capacity,1977,182443000000.0
World,WLD,Imports of goods and services (current US$),NE.IMP.GNFS.CD,import_capacity,1977,1338808744173.97
Australia,AUS,Imports of goods and services (current US$),NE.IMP.GNFS.CD,import_capacity,1978,17265414581.9893
Canada,CAN,Imports of goods and services (current US$),NE.IMP.GNFS.CD,import_capacity,1978,53336547733.8476
China,CHN,Imports of goods and services (current US$),NE.IMP.GNFS.CD,import_capacity,1978,12261700000.0
Germany,DEU,Imports of goods and services (current US$),NE.IMP.GNFS.CD,import_capacity,1978,144746943524.83
"Egypt, Arab Rep.",EGY,Imports of goods and services (current US$),NE.IMP.GNFS.CD,import_capacity,1978,5026531231.04912
Euro area,EMU,Imports of goods and services (current US$),NE.IMP.GNFS.CD,import_capacity,1978,511067299191.931
European Union,EUU,Imports of goods and services (current US$),NE.IMP.GNFS.CD,import_capacity,1978,573412030494.733
France,FRA,Imports of goods and services (current US$),NE.IMP.GNFS.CD,import_capacity,1978,99531104651.1628
United Kingdom,GBR,Imports of goods and services (current US$),NE.IMP.GNFS.CD,import_capacity,1978,89608628954.9377
Greece,GRC,Imports of goods and services (current US$),NE.IMP.GNFS.CD,import_capacity,1978,8158051948.05195
India,IND,Imports of goods and services (current US$),NE.IMP.GNFS.CD,import_capacity,1978,9045733047.41521
Iraq,IRQ,Imports of goods and services (current US$),NE.IMP.GNFS.CD,import_capacity,1978,7520487639.68845
Italy,ITA,Imports of goods and services (current US$),NE.IMP.GNFS.CD,import_capacity,1978,61718133698.3801
Jordan,JOR,Imports of goods and services (current US$),NE.IMP.GNFS.CD,import_capacity,1978,2077382413.08793
Kuwait,KWT,Imports of goods and services (current US$),NE.IMP.GNFS.CD,import_capacity,1978,6180627006.43149
Saudi Arabia,SAU,Imports of goods and services (current US$),NE.IMP.GNFS.CD,import_capacity,1978,33389007172.1004
Turkiye,TUR,Imports of goods and services (current US$),NE.IMP.GNFS.CD,import_capacity,1978,4804166666.66667
United States,USA,Imports of goods and services (current US$),NE.IMP.GNFS.CD,import_capacity,1978,212250000000.0
World,WLD,Imports of goods and services (current US$),NE.IMP.GNFS.CD,import_capacity,1978,1551095678023.05
Australia,AUS,Imports of goods and services (current US$),NE.IMP.GNFS.CD,import_capacity,1979,20687265704.8733
Canada,CAN,Imports of goods and services (current US$),NE.IMP.GNFS.CD,import_capacity,1979,63191053440.3278
China,CHN,Imports of goods and services (current US$),NE.IMP.GNFS.CD,import_capacity,1979,15535283000.0
Germany,DEU,Imports of goods and services (current US$),NE.IMP.GNFS.CD,import_capacity,1979,188647315121.118
"Egypt, Arab Rep.",EGY,Imports of goods and services (current US$),NE.IMP.GNFS.CD,import_capacity,1979,7743714285.71429
Euro area,EMU,Imports of goods and services (current US$),NE.IMP.GNFS.CD,import_capacity,1979,665162591813.538
European Union,EUU,Imports of goods and services (current US$),NE.IMP.GNFS.CD,import_capacity,1979,746912117463.775
France,FRA,Imports of goods and services (current US$),NE.IMP.GNFS.CD,import_capacity,1979,127256552574.776
United Kingdom,GBR,Imports of goods and services (current US$),NE.IMP.GNFS.CD,import_capacity,1979,118503699703.515
Greece,GRC,Imports of goods and services (current US$),NE.IMP.GNFS.CD,import_capacity,1979,10490505979.7608
India,IND,Imports of goods and services (current US$),NE.IMP.GNFS.CD,import_capacity,1979,12498452242.3912
Iraq,IRQ,Imports of goods and services (current US$),NE.IMP.GNFS.CD,import_capacity,1979,11784964442.9394
Italy,ITA,Imports of goods and services (current US$),NE.IMP.GNFS.CD,import_capacity,1979,83952402703.3326
Jordan,JOR,Imports of goods and services (current US$),NE.IMP.GNFS.CD,import_capacity,1979,2837517022.77139
Kuwait,KWT,Imports of goods and services (current US$),NE.IMP.GNFS.CD,import_capacity,1979,7131847260.51685
Saudi Arabia,SAU,Imports of goods and services (current US$),NE.IMP.GNFS.CD,import_capacity,1979,38304743729.0175
Turkiye,TUR,Imports of goods and services (current US$),NE.IMP.GNFS.CD,import_capacity,1979,5270967741.93548
United States,USA,Imports of goods and services (current US$),NE.IMP.GNFS.CD,import_capacity,1979,252674000000.0
World,WLD,Imports of goods and services (current US$),NE.IMP.GNFS.CD,import_capacity,1979,1959613667580.04
Australia,AUS,Imports of goods and services (current US$),NE.IMP.GNFS.CD,import_capacity,1980,23827298050.1393
Canada,CAN,Imports of goods and services (current US$),NE.IMP.GNFS.CD,import_capacity,1980,70921142661.649
China,CHN,Imports of goods and services (current US$),NE.IMP.GNFS.CD,import_capacity,1980,21842710000.0
Germany,DEU,Imports of goods and services (current US$),NE.IMP.GNFS.CD,import_capacity,1980,220826310522.918
"Egypt, Arab Rep.",EGY,Imports of goods and services (current US$),NE.IMP.GNFS.CD,import_capacity,1980,9289542759.72222
Euro area,EMU,Imports of goods and services (current US$),NE.IMP.GNFS.CD,import_capacity,1980,808013974990.951
European Union,EUU,Imports of goods and services (current US$),NE.IMP.GNFS.CD,import_capacity,1980,901570667546.565
France,FRA,Imports of goods and services (current US$),NE.IMP.GNFS.CD,import_capacity,1980,161433405774.604
United Kingdom,GBR,Imports of goods and services (current US$),NE.IMP.GNFS.CD,import_capacity,1980,137927313502.208
Greece,GRC,Imports of goods and services (current US$),NE.IMP.GNFS.CD,import_capacity,1980,13578081534.7722
India,IND,Imports of goods and services (current US$),NE.IMP.GNFS.CD,import_capacity,1980,17226125073.3751
Iraq,IRQ,Imports of goods and services (current US$),NE.IMP.GNFS.CD,import_capacity,1980,16592000000.0
Italy,ITA,Imports of goods and services (current US$),NE.IMP.GNFS.CD,import_capacity,1980,108750386615.419
Jordan,JOR,Imports of goods and services (current US$),NE.IMP.GNFS.CD,import_capacity,1980,3335403205.50474
Kuwait,KWT,Imports of goods and services (current US$),NE.IMP.GNFS.CD,import_capacity,1980,9822528921.88963
Qatar,QAT,Imports of goods and services (current US$),NE.IMP.GNFS.CD,import_capacity,1980,2044863954.2003
Saudi Arabia,SAU,Imports of goods and services (current US$),NE.IMP.GNFS.CD,import_capacity,1980,44919924659.0208
Turkiye,TUR,Imports of goods and services (current US$),NE.IMP.GNFS.CD,import_capacity,1980,8209210526.31579
United States,USA,Imports of goods and services (current US$),NE.IMP.GNFS.CD,import_capacity,1980,293828000000.0
World,WLD,Imports of goods and services (current US$),NE.IMP.GNFS.CD,import_capacity,1980,2384098808852.79
Australia,AUS,Imports of goods and services (current US$),NE.IMP.GNFS.CD,import_capacity,1981,29570416811.7961
Canada,CAN,Imports of goods and services (current US$),NE.IMP.GNFS.CD,import_capacity,1981,79017432646.5927
China,CHN,Imports of goods and services (current US$),NE.IMP.GNFS.CD,import_capacity,1981,22219750000.0
Germany,DEU,Imports of goods and services (current US$),NE.IMP.GNFS.CD,import_capacity,1981,192540531371.701
"Egypt, Arab Rep.",EGY,Imports of goods and services (current US$),NE.IMP.GNFS.CD,import_capacity,1981,9628783783.78378
Euro area,EMU,Imports of goods and services (current US$),NE.IMP.GNFS.CD,import_capacity,1981,727259009334.353
European Union,EUU,Imports of goods and services (current US$),NE.IMP.GNFS.CD,import_capacity,1981,811278436655.289
France,FRA,Imports of goods and services (current US$),NE.IMP.GNFS.CD,import_capacity,1981,148003379601.69
United Kingdom,GBR,Imports of goods and services (current US$),NE.IMP.GNFS.CD,import_capacity,1981,125119803054.662
Greece,GRC,Imports of goods and services (current US$),NE.IMP.GNFS.CD,import_capacity,1981,12749102091.0209
India,IND,Imports of goods and services (current US$),NE.IMP.GNFS.CD,import_capacity,1981,16584605960.2223
Iraq,IRQ,Imports of goods and services (current US$),NE.IMP.GNFS.CD,import_capacity,1981,23561000000.0
Italy,ITA,Imports of goods and services (current US$),NE.IMP.GNFS.CD,import_capacity,1981,101717746550.843
Jordan,JOR,Imports of goods and services (current US$),NE.IMP.GNFS.CD,import_capacity,1981,4320089095.21749
Kuwait,KWT,Imports of goods and services (current US$),NE.IMP.GNFS.CD,import_capacity,1981,9641838692.89955
Qatar,QAT,Imports of goods and services (current US$),NE.IMP.GNFS.CD,import_capacity,1981,2489835164.83516
Saudi Arabia,SAU,Imports of goods and services (current US$),NE.IMP.GNFS.CD,import_capacity,1981,55459144516.4357
Turkiye,TUR,Imports of goods and services (current US$),NE.IMP.GNFS.CD,import_capacity,1981,9185585585.58559
United States,USA,Imports of goods and services (current US$),NE.IMP.GNFS.CD,import_capacity,1981,317758000000.0
World,WLD,Imports of goods and services (current US$),NE.IMP.GNFS.CD,import_capacity,1981,2385596157956.45
Australia,AUS,Imports of goods and services (current US$),NE.IMP.GNFS.CD,import_capacity,1982,32610614586.7814
Canada,CAN,Imports of goods and services (current US$),NE.IMP.GNFS.CD,import_capacity,1982,67407797681.7703
China,CHN,Imports of goods and services (current US$),NE.IMP.GNFS.CD,import_capacity,1982,17788124795.19
Germany,DEU,Imports of goods and services (current US$),NE.IMP.GNFS.CD,import_capacity,1982,182672746836.463
"Egypt, Arab Rep.",EGY,Imports of goods and services (current US$),NE.IMP.GNFS.CD,import_capacity,1982,10472660098.5222
Euro area,EMU,Imports of goods and services (current US$),NE.IMP.GNFS.CD,import_capacity,1982,693185815924.334
European Union,EUU,Imports of goods and services (current US$),NE.IMP.GNFS.CD,import_capacity,1982,774443256963.686
France,FRA,Imports of goods and services (current US$),NE.IMP.GNFS.CD,import_capacity,1982,143140932228.765
United Kingdom,GBR,Imports of goods and services (current US$),NE.IMP.GNFS.CD,import_capacity,1982,122122796995.108
Greece,GRC,Imports of goods and services (current US$),NE.IMP.GNFS.CD,import_capacity,1982,12729729591.8367
India,IND,Imports of goods and services (current US$),NE.IMP.GNFS.CD,import_capacity,1982,16343526468.9622
Iraq,IRQ,Imports of goods and services (current US$),NE.IMP.GNFS.CD,import_capacity,1982,28158000000.0
Italy,ITA,Imports of goods and services (current US$),NE.IMP.GNFS.CD,import_capacity,1982,95659155332.8561
Jordan,JOR,Imports of goods and services (current US$),NE.IMP.GNFS.CD,import_capacity,1982,4413433496.36304
Kuwait,KWT,Imports of goods and services (current US$),NE.IMP.GNFS.CD,import_capacity,1982,11298630132.2284
Qatar,QAT,Imports of goods and services (current US$),NE.IMP.GNFS.CD,import_capacity,1982,2695329670.32967
Saudi Arabia,SAU,Imports of goods and services (current US$),NE.IMP.GNFS.CD,import_capacity,1982,59945084419.6512
Turkiye,TUR,Imports of goods and services (current US$),NE.IMP.GNFS.CD,import_capacity,1982,9666257668.71166
United States,USA,Imports of goods and services (current US$),NE.IMP.GNFS.CD,import_capacity,1982,303184000000.0
World,WLD,Imports of goods and services (current US$),NE.IMP.GNFS.CD,import_capacity,1982,2271053702680.77
Australia,AUS,Imports of goods and services (current US$),NE.IMP.GNFS.CD,import_capacity,1983,27657830161.6626
Canada,CAN,Imports of goods and services (current US$),NE.IMP.GNFS.CD,import_capacity,1983,74471762414.8004
China,CHN,Imports of goods and services (current US$),NE.IMP.GNFS.CD,import_capacity,1983,19385304449.37
Germany,DEU,Imports of goods and services (current US$),NE.IMP.GNFS.CD,import_capacity,1983,179485369590.195
"Egypt, Arab Rep.",EGY,Imports of goods and services (current US$),NE.IMP.GNFS.CD,import_capacity,1983,10593713620.4889
Euro area,EMU,Imports of goods and services (current US$),NE.IMP.GNFS.CD,import_capacity,1983,657532727862.076
European Union,EUU,Imports of goods and services (current US$),NE.IMP.GNFS.CD,import_capacity,1983,734684963522.508
France,FRA,Imports of goods and services (current US$),NE.IMP.GNFS.CD,import_capacity,1983,130312075049.488
United Kingdom,GBR,Imports of goods and services (current US$),NE.IMP.GNFS.CD,import_capacity,1983,121326941033.803
Greece,GRC,Imports of goods and services (current US$),NE.IMP.GNFS.CD,import_capacity,1983,11546946594.4272
India,IND,Imports of goods and services (current US$),NE.IMP.GNFS.CD,import_capacity,1983,17140048793.1369
Iraq,IRQ,Imports of goods and services (current US$),NE.IMP.GNFS.CD,import_capacity,1983,13407419354.8387
Italy,ITA,Imports of goods and services (current US$),NE.IMP.GNFS.CD,import_capacity,1983,87973944416.1142
Jordan,JOR,Imports of goods and services (current US$),NE.IMP.GNFS.CD,import_capacity,1983,4002434731.83522
Kuwait,KWT,Imports of goods and services (current US$),NE.IMP.GNFS.CD,import_capacity,1983,10300332101.6753
Qatar,QAT,Imports of goods and services (current US$),NE.IMP.GNFS.CD,import_capacity,1983,2279120879.12088
Saudi Arabia,SAU,Imports of goods and services (current US$),NE.IMP.GNFS.CD,import_capacity,1983,61584659913.1693
Turkiye,TUR,Imports of goods and services (current US$),NE.IMP.GNFS.CD,import_capacity,1983,10233333333.3333
United States,USA,Imports of goods and services (current US$),NE.IMP.GNFS.CD,import_capacity,1983,328638000000.0
World,WLD,Imports of goods and services (current US$),NE.IMP.GNFS.CD,import_capacity,1983,2223198245460.31
Australia,AUS,Imports of goods and services (current US$),NE.IMP.GNFS.CD,import_capacity,1984,28996243474.9849
Canada,CAN,Imports of goods and services (current US$),NE.IMP.GNFS.CD,import_capacity,1984,87539186163.2306
China,CHN,Imports of goods and services (current US$),NE.IMP.GNFS.CD,import_capacity,1984,24710305080.89
Germany,DEU,Imports of goods and services (current US$),NE.IMP.GNFS.CD,import_capacity,1984,177813724142.671
"Egypt, Arab Rep.",EGY,Imports of goods and services (current US$),NE.IMP.GNFS.CD,import_capacity,1984,10857880025.8009
Euro area,EMU,Imports of goods and services (current US$),NE.IMP.GNFS.CD,import_capacity,1984,658257894745.583
European Union,EUU,Imports of goods and services (current US$),NE.IMP.GNFS.CD,import_capacity,1984,735961158626.202
France,FRA,Imports of goods and services (current US$),NE.IMP.GNFS.CD,import_capacity,1984,128606695188.771
United Kingdom,GBR,Imports of goods and services (current US$),NE.IMP.GNFS.CD,import_capacity,1984,127268012769.354
Greece,GRC,Imports of goods and services (current US$),NE.IMP.GNFS.CD,import_capacity,1984,10944470979.4438
India,IND,Imports of goods and services (current US$),NE.IMP.GNFS.CD,import_capacity,1984,16391245674.9413
Iraq,IRQ,Imports of goods and services (current US$),NE.IMP.GNFS.CD,import_capacity,1984,13923870967.7419
Italy,ITA,Imports of goods and services (current US$),NE.IMP.GNFS.CD,import_capacity,1984,93843935419.881
Jordan,JOR,Imports of goods and services (current US$),NE.IMP.GNFS.CD,import_capacity,1984,3951204921.12416
Kuwait,KWT,Imports of goods and services (current US$),NE.IMP.GNFS.CD,import_capacity,1984,9687160121.86637
Qatar,QAT,Imports of goods and services (current US$),NE.IMP.GNFS.CD,import_capacity,1984,2070604395.6044
Saudi Arabia,SAU,Imports of goods and services (current US$),NE.IMP.GNFS.CD,import_capacity,1984,54097332576.6175
Turkiye,TUR,Imports of goods and services (current US$),NE.IMP.GNFS.CD,import_capacity,1984,11791825613.079
United States,USA,Imports of goods and services (current US$),NE.IMP.GNFS.CD,import_capacity,1984,405107000000.0
World,WLD,Imports of goods and services (current US$),NE.IMP.GNFS.CD,import_capacity,1984,2344002767487.27
Australia,AUS,Imports of goods and services (current US$),NE.IMP.GNFS.CD,import_capacity,1985,31190673250.0263
Canada,CAN,Imports of goods and services (current US$),NE.IMP.GNFS.CD,import_capacity,1985,92626876601.9773
China,CHN,Imports of goods and services (current US$),NE.IMP.GNFS.CD,import_capacity,1985,38302403273.95
Germany,DEU,Imports of goods and services (current US$),NE.IMP.GNFS.CD,import_capacity,1985,182999144299.761
"Egypt, Arab Rep.",EGY,Imports of goods and services (current US$),NE.IMP.GNFS.CD,import_capacity,1985,10888912155.7952
Euro area,EMU,Imports of goods and services (current US$),NE.IMP.GNFS.CD,import_capacity,1985,681043762365.152
European Union,EUU,Imports of goods and services (current US$),NE.IMP.GNFS.CD,import_capacity,1985,764053487024.515
France,FRA,Imports of goods and services (current US$),NE.IMP.GNFS.CD,import_capacity,1985,133894510147.467
United Kingdom,GBR,Imports of goods and services (current US$),NE.IMP.GNFS.CD,import_capacity,1985,130952876026.694
Greece,GRC,Imports of goods and services (current US$),NE.IMP.GNFS.CD,import_capacity,1985,10969930915.3713
India,IND,Imports of goods and services (current US$),NE.IMP.GNFS.CD,import_capacity,1985,17776627208.1764
Iraq,IRQ,Imports of goods and services (current US$),NE.IMP.GNFS.CD,import_capacity,1985,14438709677.4194
Italy,ITA,Imports of goods and services (current US$),NE.IMP.GNFS.CD,import_capacity,1985,97337834905.182
Jordan,JOR,Imports of goods and services (current US$),NE.IMP.GNFS.CD,import_capacity,1985,3807918910.35793
Kuwait,KWT,Imports of goods and services (current US$),NE.IMP.GNFS.CD,import_capacity,1985,9166990520.46031
Qatar,QAT,Imports of goods and services (current US$),NE.IMP.GNFS.CD,import_capacity,1985,1815934065.93407
Saudi Arabia,SAU,Imports of goods and services (current US$),NE.IMP.GNFS.CD,import_capacity,1985,38070679182.7719
Turkiye,TUR,Imports of goods and services (current US$),NE.IMP.GNFS.CD,import_capacity,1985,12751532567.0498
United States,USA,Imports of goods and services (current US$),NE.IMP.GNFS.CD,import_capacity,1985,417229000000.0
World,WLD,Imports of goods and services (current US$),NE.IMP.GNFS.CD,import_capacity,1985,2376458618669.94
Australia,AUS,Imports of goods and services (current US$),NE.IMP.GNFS.CD,import_capacity,1986,32912702853.9452
Canada,CAN,Imports of goods and services (current US$),NE.IMP.GNFS.CD,import_capacity,1986,98835552356.9629
China,CHN,Imports of goods and services (current US$),NE.IMP.GNFS.CD,import_capacity,1986,33592580690.4701
Germany,DEU,Imports of goods and services (current US$),NE.IMP.GNFS.CD,import_capacity,1986,226641451859.858
"Egypt, Arab Rep.",EGY,Imports of goods and services (current US$),NE.IMP.GNFS.CD,import_capacity,1986,9167446211.41253
Euro area,EMU,Imports of goods and services (current US$),NE.IMP.GNFS.CD,import_capacity,1986,824041485919.777
European Union,EUU,Imports of goods and services (current US$),NE.IMP.GNFS.CD,import_capacity,1986,924596572926.995
France,FRA,Imports of goods and services (current US$),NE.IMP.GNFS.CD,import_capacity,1986,161558386210.815
United Kingdom,GBR,Imports of goods and services (current US$),NE.IMP.GNFS.CD,import_capacity,1986,152907770448.549
Greece,GRC,Imports of goods and services (current US$),NE.IMP.GNFS.CD,import_capacity,1986,13308325219.0847
India,IND,Imports of goods and services (current US$),NE.IMP.GNFS.CD,import_capacity,1986,17486411449.5757
Iraq,IRQ,Imports of goods and services (current US$),NE.IMP.GNFS.CD,import_capacity,1986,12495483870.9677
Italy,ITA,Imports of goods and services (current US$),NE.IMP.GNFS.CD,import_capacity,1986,111807780231.199
Jordan,JOR,Imports of goods and services (current US$),NE.IMP.GNFS.CD,import_capacity,1986,3427475811.93602
Kuwait,KWT,Imports of goods and services (current US$),NE.IMP.GNFS.CD,import_capacity,1986,8596155818.235
Qatar,QAT,Imports of goods and services (current US$),NE.IMP.GNFS.CD,import_capacity,1986,1694230769.23077
Saudi Arabia,SAU,Imports of goods and services (current US$),NE.IMP.GNFS.CD,import_capacity,1986,31120442884.148
Turkiye,TUR,Imports of goods and services (current US$),NE.IMP.GNFS.CD,import_capacity,1986,12184888888.8889
United States,USA,Imports of goods and services (current US$),NE.IMP.GNFS.CD,import_capacity,1986,452867000000.0
World,WLD,Imports of goods and services (current US$),NE.IMP.GNFS.CD,import_capacity,1986,2640492376851.87
Australia,AUS,Imports of goods and services (current US$),NE.IMP.GNFS.CD,import_capacity,1987,32314716781.3658
Canada,CAN,Imports of goods and services (current US$),NE.IMP.GNFS.CD,import_capacity,1987,107690045248.869
China,CHN,Imports of goods and services (current US$),NE.IMP.GNFS.CD,import_capacity,1987,33781853910.0
Germany,DEU,Imports of goods and services (current US$),NE.IMP.GNFS.CD,import_capacity,1987,272758220892.274
"Egypt, Arab Rep.",EGY,Imports of goods and services (current US$),NE.IMP.GNFS.CD,import_capacity,1987,9190887666.92852
Euro area,EMU,Imports of goods and services (current US$),NE.IMP.GNFS.CD,import_capacity,1987,1018039525874.88
European Union,EUU,Imports of goods and services (current US$),NE.IMP.GNFS.CD,import_capacity,1987,1139933646836.17
France,FRA,Imports of goods and services (current US$),NE.IMP.GNFS.CD,import_capacity,1987,198155407617.592
United Kingdom,GBR,Imports of goods and services (current US$),NE.IMP.GNFS.CD,import_capacity,1987,188351657133.519
Greece,GRC,Imports of goods and services (current US$),NE.IMP.GNFS.CD,import_capacity,1987,15023311524.9119
India,IND,Imports of goods and services (current US$),NE.IMP.GNFS.CD,import_capacity,1987,19477194741.1034
Iraq,IRQ,Imports of goods and services (current US$),NE.IMP.GNFS.CD,import_capacity,1987,14833548387.0968
Italy,ITA,Imports of goods and services (current US$),NE.IMP.GNFS.CD,import_capacity,1987,141632748730.206
Jordan,JOR,Imports of goods and services (current US$),NE.IMP.GNFS.CD,import_capacity,1987,3899142879.93524
Kuwait,KWT,Imports of goods and services (current US$),NE.IMP.GNFS.CD,import_capacity,1987,8303936654.6689
Qatar,QAT,Imports of goods and services (current US$),NE.IMP.GNFS.CD,import_capacity,1987,1746978021.97802
Saudi Arabia,SAU,Imports of goods and services (current US$),NE.IMP.GNFS.CD,import_capacity,1987,31821094793.0574
Turkiye,TUR,Imports of goods and services (current US$),NE.IMP.GNFS.CD,import_capacity,1987,15482730455.0758
United States,USA,Imports of goods and services (current US$),NE.IMP.GNFS.CD,import_capacity,1987,508713000000.0
World,WLD,Imports of goods and services (current US$),NE.IMP.GNFS.CD,import_capacity,1987,3097610852103.21
Australia,AUS,Imports of goods and services (current US$),NE.IMP.GNFS.CD,import_capacity,1988,39231436371.1503
Canada,CAN,Imports of goods and services (current US$),NE.IMP.GNFS.CD,import_capacity,1988,128938815308.361
China,CHN,Imports of goods and services (current US$),NE.IMP.GNFS.CD,import_capacity,1988,48984701330.0
Germany,DEU,Imports of goods and services (current US$),NE.IMP.GNFS.CD,import_capacity,1988,300437976389.353
"Egypt, Arab Rep.",EGY,Imports of goods and services (current US$),NE.IMP.GNFS.CD,import_capacity,1988,12322544009.0857
Euro area,EMU,Imports of goods and services (current US$),NE.IMP.GNFS.CD,import_capacity,1988,1142204315862.96
European Union,EUU,Imports of goods and services (current US$),NE.IMP.GNFS.CD,import_capacity,1988,1277689606934.03
France,FRA,Imports of goods and services (current US$),NE.IMP.GNFS.CD,import_capacity,1988,220384539147.671
United Kingdom,GBR,Imports of goods and services (current US$),NE.IMP.GNFS.CD,import_capacity,1988,229258518320.882
Greece,GRC,Imports of goods and services (current US$),NE.IMP.GNFS.CD,import_capacity,1988,16804861878.453
India,IND,Imports of goods and services (current US$),NE.IMP.GNFS.CD,import_capacity,1988,22111443193.3815
Iraq,IRQ,Imports of goods and services (current US$),NE.IMP.GNFS.CD,import_capacity,1988,14299677419.3548
Italy,ITA,Imports of goods and services (current US$),NE.IMP.GNFS.CD,import_capacity,1988,156326810473.073
Jordan,JOR,Imports of goods and services (current US$),NE.IMP.GNFS.CD,import_capacity,1988,4060198989.02461
Kuwait,KWT,Imports of goods and services (current US$),NE.IMP.GNFS.CD,import_capacity,1988,8884381551.73835
Qatar,QAT,Imports of goods and services (current US$),NE.IMP.GNFS.CD,import_capacity,1988,1699175824.17582
Saudi Arabia,SAU,Imports of goods and services (current US$),NE.IMP.GNFS.CD,import_capacity,1988,31068624833.1108
Turkiye,TUR,Imports of goods and services (current US$),NE.IMP.GNFS.CD,import_capacity,1988,15951195499.2968
United States,USA,Imports of goods and services (current US$),NE.IMP.GNFS.CD,import_capacity,1988,553993000000.0
World,WLD,Imports of goods and services (current US$),NE.IMP.GNFS.CD,import_capacity,1988,3570940979047.39
Australia,AUS,Imports of goods and services (current US$),NE.IMP.GNFS.CD,import_capacity,1989,50821263276.5197
Canada,CAN,Imports of goods and services (current US$),NE.IMP.GNFS.CD,import_capacity,1989,141918074324.324
China,CHN,Imports of goods and services (current US$),NE.IMP.GNFS.CD,import_capacity,1989,46118793490.0
Germany,DEU,Imports of goods and services (current US$),NE.IMP.GNFS.CD,import_capacity,1989,320659348798.502
"Egypt, Arab Rep.",EGY,Imports of goods and services (current US$),NE.IMP.GNFS.CD,import_capacity,1989,12856257744.7336
Euro area,EMU,Imports of goods and services (current US$),NE.IMP.GNFS.CD,import_capacity,1989,1234809433089.17
European Union,EUU,Imports of goods and services (current US$),NE.IMP.GNFS.CD,import_capacity,1989,1379420595505.24
France,FRA,Imports of goods and services (current US$),NE.IMP.GNFS.CD,import_capacity,1989,235996092946.741
United Kingdom,GBR,Imports of goods and services (current US$),NE.IMP.GNFS.CD,import_capacity,1989,241323782722.513
Greece,GRC,Imports of goods and services (current US$),NE.IMP.GNFS.CD,import_capacity,1989,18598323541.7541
India,IND,Imports of goods and services (current US$),NE.IMP.GNFS.CD,import_capacity,1989,24133353522.4812
Iraq,IRQ,Imports of goods and services (current US$),NE.IMP.GNFS.CD,import_capacity,1989,15055806451.6129
Italy,ITA,Imports of goods and services (current US$),NE.IMP.GNFS.CD,import_capacity,1989,172137694044.595
Jordan,JOR,Imports of goods and services (current US$),NE.IMP.GNFS.CD,import_capacity,1989,3140576703.51703
Kuwait,KWT,Imports of goods and services (current US$),NE.IMP.GNFS.CD,import_capacity,1989,10058581791.0742
Lebanon,LBN,Imports of goods and services (current US$),NE.IMP.GNFS.CD,import_capacity,1989,2489030212.06429
Qatar,QAT,Imports of goods and services (current US$),NE.IMP.GNFS.CD,import_capacity,1989,1852747252.74725
Saudi Arabia,SAU,Imports of goods and services (current US$),NE.IMP.GNFS.CD,import_capacity,1989,36304672897.1963
Turkiye,TUR,Imports of goods and services (current US$),NE.IMP.GNFS.CD,import_capacity,1989,19048020735.1555
United States,USA,Imports of goods and services (current US$),NE.IMP.GNFS.CD,import_capacity,1989,591030000000.0
World,WLD,Imports of goods and services (current US$),NE.IMP.GNFS.CD,import_capacity,1989,3880436522019.39
Australia,AUS,Imports of goods and services (current US$),NE.IMP.GNFS.CD,import_capacity,1990,53060646565.2902
Canada,CAN,Imports of goods and services (current US$),NE.IMP.GNFS.CD,import_capacity,1990,148543023654.439
China,CHN,Imports of goods and services (current US$),NE.IMP.GNFS.CD,import_capacity,1990,38461758920.0
Germany,DEU,Imports of goods and services (current US$),NE.IMP.GNFS.CD,import_capacity,1990,408062314489.771
"Egypt, Arab Rep.",EGY,Imports of goods and services (current US$),NE.IMP.GNFS.CD,import_capacity,1990,13997308209.9596
Euro area,EMU,Imports of goods and services (current US$),NE.IMP.GNFS.CD,import_capacity,1990,1518425338019.6
European Union,EUU,Imports of goods and services (current US$),NE.IMP.GNFS.CD,import_capacity,1990,1688975941852.48
France,FRA,Imports of goods and services (current US$),NE.IMP.GNFS.CD,import_capacity,1990,284198409830.141
United Kingdom,GBR,Imports of goods and services (current US$),NE.IMP.GNFS.CD,import_capacity,1990,272419897017.045
Greece,GRC,Imports of goods and services (current US$),NE.IMP.GNFS.CD,import_capacity,1990,23470174118.6586
India,IND,Imports of goods and services (current US$),NE.IMP.GNFS.CD,import_capacity,1990,27132072318.021
Iraq,IRQ,Imports of goods and services (current US$),NE.IMP.GNFS.CD,import_capacity,1990,13400645161.2903
Italy,ITA,Imports of goods and services (current US$),NE.IMP.GNFS.CD,import_capacity,1990,213356119909.502
Jordan,JOR,Imports of goods and services (current US$),NE.IMP.GNFS.CD,import_capacity,1990,3727972373.55962
Kuwait,KWT,Imports of goods and services (current US$),NE.IMP.GNFS.CD,import_capacity,1990,10701388541.6667
Lebanon,LBN,Imports of goods and services (current US$),NE.IMP.GNFS.CD,import_capacity,1990,2836016495.58546
Qatar,QAT,Imports of goods and services (current US$),NE.IMP.GNFS.CD,import_capacity,1990,2363461538.46154
Saudi Arabia,SAU,Imports of goods and services (current US$),NE.IMP.GNFS.CD,import_capacity,1990,36904405874.4993
Turkiye,TUR,Imports of goods and services (current US$),NE.IMP.GNFS.CD,import_capacity,1990,26482062092.7558
United States,USA,Imports of goods and services (current US$),NE.IMP.GNFS.CD,import_capacity,1990,629728000000.0
World,WLD,Imports of goods and services (current US$),NE.IMP.GNFS.CD,import_capacity,1990,4418613079994.34
Australia,AUS,Imports of goods and services (current US$),NE.IMP.GNFS.CD,import_capacity,1991,52680239945.8136
Canada,CAN,Imports of goods and services (current US$),NE.IMP.GNFS.CD,import_capacity,1991,152336562800.035
China,CHN,Imports of goods and services (current US$),NE.IMP.GNFS.CD,import_capacity,1991,43941659170.0
Germany,DEU,Imports of goods and services (current US$),NE.IMP.GNFS.CD,import_capacity,1991,451492044784.915
"Egypt, Arab Rep.",EGY,Imports of goods and services (current US$),NE.IMP.GNFS.CD,import_capacity,1991,13226985709.5381
Euro area,EMU,Imports of goods and services (current US$),NE.IMP.GNFS.CD,import_capacity,1991,1563859829978.23
European Union,EUU,Imports of goods and services (current US$),NE.IMP.GNFS.CD,import_capacity,1991,1725189832221.83
France,FRA,Imports of goods and services (current US$),NE.IMP.GNFS.CD,import_capacity,1991,283762818276.945
United Kingdom,GBR,Imports of goods and services (current US$),NE.IMP.GNFS.CD,import_capacity,1991,259644733686.067
Greece,GRC,Imports of goods and services (current US$),NE.IMP.GNFS.CD,import_capacity,1991,24257674331.6508
India,IND,Imports of goods and services (current US$),NE.IMP.GNFS.CD,import_capacity,1991,22941358805.152
Iraq,IRQ,Imports of goods and services (current US$),NE.IMP.GNFS.CD,import_capacity,1991,10197886.6474544
Italy,ITA,Imports of goods and services (current US$),NE.IMP.GNFS.CD,import_capacity,1991,209893731855.783
Jordan,JOR,Imports of goods and services (current US$),NE.IMP.GNFS.CD,import_capacity,1991,3469992627.03674
Kuwait,KWT,Imports of goods and services (current US$),NE.IMP.GNFS.CD,import_capacity,1991,13840763853.9552
Lebanon,LBN,Imports of goods and services (current US$),NE.IMP.GNFS.CD,import_capacity,1991,3748853488.53244
Qatar,QAT,Imports of goods and services (current US$),NE.IMP.GNFS.CD,import_capacity,1991,2308791208.79121
Saudi Arabia,SAU,Imports of goods and services (current US$),NE.IMP.GNFS.CD,import_capacity,1991,48117222963.9519
Turkiye,TUR,Imports of goods and services (current US$),NE.IMP.GNFS.CD,import_capacity,1991,25124448705.6568
United States,USA,Imports of goods and services (current US$),NE.IMP.GNFS.CD,import_capacity,1991,623544000000.0
World,WLD,Imports of goods and services (current US$),NE.IMP.GNFS.CD,import_capacity,1991,4502176618999.96
Australia,AUS,Imports of goods and services (current US$),NE.IMP.GNFS.CD,import_capacity,1992,53341618613.5794
Canada,CAN,Imports of goods and services (current US$),NE.IMP.GNFS.CD,import_capacity,1992,157743857036.485
China,CHN,Imports of goods and services (current US$),NE.IMP.GNFS.CD,import_capacity,1992,61849400129.0
Germany,DEU,Imports of goods and services (current US$),NE.IMP.GNFS.CD,import_capacity,1992,483833437695.679
"Egypt, Arab Rep.",EGY,Imports of goods and services (current US$),NE.IMP.GNFS.CD,import_capacity,1992,12938946228.1467
Euro area,EMU,Imports of goods and services (current US$),NE.IMP.GNFS.CD,import_capacity,1992,1684869907394.73
European Union,EUU,Imports of goods and services (current US$),NE.IMP.GNFS.CD,import_capacity,1992,1859151664621.95
France,FRA,Imports of goods and services (current US$),NE.IMP.GNFS.CD,import_capacity,1992,299027013630.731
United Kingdom,GBR,Imports of goods and services (current US$),NE.IMP.GNFS.CD,import_capacity,1992,275832937872.938
Greece,GRC,Imports of goods and services (current US$),NE.IMP.GNFS.CD,import_capacity,1992,26320284233.1069
India,IND,Imports of goods and services (current US$),NE.IMP.GNFS.CD,import_capacity,1992,27639649994.19
Iraq,IRQ,Imports of goods and services (current US$),NE.IMP.GNFS.CD,import_capacity,1992,7412217.41221741
Italy,ITA,Imports of goods and services (current US$),NE.IMP.GNFS.CD,import_capacity,1992,230163868028.28
Jordan,JOR,Imports of goods and services (current US$),NE.IMP.GNFS.CD,import_capacity,1992,4323657361.23492
Kuwait,KWT,Imports of goods and services (current US$),NE.IMP.GNFS.CD,import_capacity,1992,10766871506.4758
Lebanon,LBN,Imports of goods and services (current US$),NE.IMP.GNFS.CD,import_capacity,1992,4207000159.97291
Qatar,QAT,Imports of goods and services (current US$),NE.IMP.GNFS.CD,import_capacity,1992,2717032967.03297
Saudi Arabia,SAU,Imports of goods and services (current US$),NE.IMP.GNFS.CD,import_capacity,1992,49331375166.8892
Turkiye,TUR,Imports of goods and services (current US$),NE.IMP.GNFS.CD,import_capacity,1992,27596929569.2666
United States,USA,Imports of goods and services (current US$),NE.IMP.GNFS.CD,import_capacity,1992,667791000000.0
World,WLD,Imports of goods and services (current US$),NE.IMP.GNFS.CD,import_capacity,1992,4986260197699.65
Australia,AUS,Imports of goods and services (current US$),NE.IMP.GNFS.CD,import_capacity,1993,55746908375.4919
Canada,CAN,Imports of goods and services (current US$),NE.IMP.GNFS.CD,import_capacity,1993,168552050228.664
China,CHN,Imports of goods and services (current US$),NE.IMP.GNFS.CD,import_capacity,1993,86072328750.0
Germany,DEU,Imports of goods and services (current US$),NE.IMP.GNFS.CD,import_capacity,1993,413095942269.017
"Egypt, Arab Rep.",EGY,Imports of goods and services (current US$),NE.IMP.GNFS.CD,import_capacity,1993,14015606242.497
Euro area,EMU,Imports of goods and services (current US$),NE.IMP.GNFS.CD,import_capacity,1993,1459596427638.19
European Union,EUU,Imports of goods and services (current US$),NE.IMP.GNFS.CD,import_capacity,1993,1616978617635.28
France,FRA,Imports of goods and services (current US$),NE.IMP.GNFS.CD,import_capacity,1993,261684618948.344
United Kingdom,GBR,Imports of goods and services (current US$),NE.IMP.GNFS.CD,import_capacity,1993,264458431313.737
Greece,GRC,Imports of goods and services (current US$),NE.IMP.GNFS.CD,import_capacity,1993,23647201248.5137
India,IND,Imports of goods and services (current US$),NE.IMP.GNFS.CD,import_capacity,1993,27419354118.7633
Iraq,IRQ,Imports of goods and services (current US$),NE.IMP.GNFS.CD,import_capacity,1993,4841348.77602746
Italy,ITA,Imports of goods and services (current US$),NE.IMP.GNFS.CD,import_capacity,1993,184878139534.884
Jordan,JOR,Imports of goods and services (current US$),NE.IMP.GNFS.CD,import_capacity,1993,4493535695.26493
Kuwait,KWT,Imports of goods and services (current US$),NE.IMP.GNFS.CD,import_capacity,1993,10602648675.4967
Lebanon,LBN,Imports of goods and services (current US$),NE.IMP.GNFS.CD,import_capacity,1993,5334999955.15
Qatar,QAT,Imports of goods and services (current US$),NE.IMP.GNFS.CD,import_capacity,1993,2482692307.69231
Saudi Arabia,SAU,Imports of goods and services (current US$),NE.IMP.GNFS.CD,import_capacity,1993,44483311081.4419
Turkiye,TUR,Imports of goods and services (current US$),NE.IMP.GNFS.CD,import_capacity,1993,34898334091.9436
United States,USA,Imports of goods and services (current US$),NE.IMP.GNFS.CD,import_capacity,1993,719973000000.0
World,WLD,Imports of goods and services (current US$),NE.IMP.GNFS.CD,import_capacity,1993,4810989773327.48
Australia,AUS,Imports of goods and services (current US$),NE.IMP.GNFS.CD,import_capacity,1994,59676236596.3335
Canada,CAN,Imports of goods and services (current US$),NE.IMP.GNFS.CD,import_capacity,1994,183320152314.001
China,CHN,Imports of goods and services (current US$),NE.IMP.GNFS.CD,import_capacity,1994,97250445198.0
Germany,DEU,Imports of goods and services (current US$),NE.IMP.GNFS.CD,import_capacity,1994,453912257442.449
"Egypt, Arab Rep.",EGY,Imports of goods and services (current US$),NE.IMP.GNFS.CD,import_capacity,1994,14561091340.4508
Euro area,EMU,Imports of goods and services (current US$),NE.IMP.GNFS.CD,import_capacity,1994,1622728967097.26
European Union,EUU,Imports of goods and services (current US$),NE.IMP.GNFS.CD,import_capacity,1994,1803924112892.83
France,FRA,Imports of goods and services (current US$),NE.IMP.GNFS.CD,import_capacity,1994,291034380907.372
United Kingdom,GBR,Imports of goods and services (current US$),NE.IMP.GNFS.CD,import_capacity,1994,294340260177.533
Greece,GRC,Imports of goods and services (current US$),NE.IMP.GNFS.CD,import_capacity,1994,23950542134.8315
India,IND,Imports of goods and services (current US$),NE.IMP.GNFS.CD,import_capacity,1994,33349501147.7089
Iraq,IRQ,Imports of goods and services (current US$),NE.IMP.GNFS.CD,import_capacity,1994,2555116.9731395
Italy,ITA,Imports of goods and services (current US$),NE.IMP.GNFS.CD,import_capacity,1994,204277773775.216
Jordan,JOR,Imports of goods and services (current US$),NE.IMP.GNFS.CD,import_capacity,1994,4394962931.15786
Kuwait,KWT,Imports of goods and services (current US$),NE.IMP.GNFS.CD,import_capacity,1994,10518518518.5185
Lebanon,LBN,Imports of goods and services (current US$),NE.IMP.GNFS.CD,import_capacity,1994,5989999913.10041
Qatar,QAT,Imports of goods and services (current US$),NE.IMP.GNFS.CD,import_capacity,1994,2490659340.65934
Saudi Arabia,SAU,Imports of goods and services (current US$),NE.IMP.GNFS.CD,import_capacity,1994,35240587449.9332
Turkiye,TUR,Imports of goods and services (current US$),NE.IMP.GNFS.CD,import_capacity,1994,26631422878.1789
United States,USA,Imports of goods and services (current US$),NE.IMP.GNFS.CD,import_capacity,1994,813424000000.0
World,WLD,Imports of goods and services (current US$),NE.IMP.GNFS.CD,import_capacity,1994,5326608015903.86
Australia,AUS,Imports of goods and services (current US$),NE.IMP.GNFS.CD,import_capacity,1995,73019750519.7505
Canada,CAN,Imports of goods and services (current US$),NE.IMP.GNFS.CD,import_capacity,1995,199747158262.897
China,CHN,Imports of goods and services (current US$),NE.IMP.GNFS.CD,import_capacity,1995,119900826000.0
Germany,DEU,Imports of goods and services (current US$),NE.IMP.GNFS.CD,import_capacity,1995,547772621809.745
"Egypt, Arab Rep.",EGY,Imports of goods and services (current US$),NE.IMP.GNFS.CD,import_capacity,1995,16661751695.665
Euro area,EMU,Imports of goods and services (current US$),NE.IMP.GNFS.CD,import_capacity,1995,1976262188864.79
European Union,EUU,Imports of goods and services (current US$),NE.IMP.GNFS.CD,import_capacity,1995,2204252723205.2
France,FRA,Imports of goods and services (current US$),NE.IMP.GNFS.CD,import_capacity,1995,346832698120.647
United Kingdom,GBR,Imports of goods and services (current US$),NE.IMP.GNFS.CD,import_capacity,1995,339072116143.285
Greece,GRC,Imports of goods and services (current US$),NE.IMP.GNFS.CD,import_capacity,1995,29364836005.2949
India,IND,Imports of goods and services (current US$),NE.IMP.GNFS.CD,import_capacity,1995,43318425767.7707
Iraq,IRQ,Imports of goods and services (current US$),NE.IMP.GNFS.CD,import_capacity,1995,2014366.32195197
Italy,ITA,Imports of goods and services (current US$),NE.IMP.GNFS.CD,import_capacity,1995,246820753595.626
Jordan,JOR,Imports of goods and services (current US$),NE.IMP.GNFS.CD,import_capacity,1995,4901826484.01826
Kuwait,KWT,Imports of goods and services (current US$),NE.IMP.GNFS.CD,import_capacity,1995,11409022677.3173
Lebanon,LBN,Imports of goods and services (current US$),NE.IMP.GNFS.CD,import_capacity,1995,7304200109.78167
Qatar,QAT,Imports of goods and services (current US$),NE.IMP.GNFS.CD,import_capacity,1995,3526098983.51648
Saudi Arabia,SAU,Imports of goods and services (current US$),NE.IMP.GNFS.CD,import_capacity,1995,39711615487.3164
Turkiye,TUR,Imports of goods and services (current US$),NE.IMP.GNFS.CD,import_capacity,1995,41468208092.4855
United States,USA,Imports of goods and services (current US$),NE.IMP.GNFS.CD,import_capacity,1995,902572000000.0
World,WLD,Imports of goods and services (current US$),NE.IMP.GNFS.CD,import_capacity,1995,6311334827324.17
Australia,AUS,Imports of goods and services (current US$),NE.IMP.GNFS.CD,import_capacity,1996,77631200583.3076
Canada,CAN,Imports of goods and services (current US$),NE.IMP.GNFS.CD,import_capacity,1996,209119911991.199
China,CHN,Imports of goods and services (current US$),NE.IMP.GNFS.CD,import_capacity,1996,137261876999.999
Germany,DEU,Imports of goods and services (current US$),NE.IMP.GNFS.CD,import_capacity,1996,541957369378.737
"Egypt, Arab Rep.",EGY,Imports of goods and services (current US$),NE.IMP.GNFS.CD,import_capacity,1996,17718160377.3585
Euro area,EMU,Imports of goods and services (current US$),NE.IMP.GNFS.CD,import_capacity,1996,2008233650053.83
European Union,EUU,Imports of goods and services (current US$),NE.IMP.GNFS.CD,import_capacity,1996,2254420329219.92
France,FRA,Imports of goods and services (current US$),NE.IMP.GNFS.CD,import_capacity,1996,351587382997.82
United Kingdom,GBR,Imports of goods and services (current US$),NE.IMP.GNFS.CD,import_capacity,1996,367588143525.741
Greece,GRC,Imports of goods and services (current US$),NE.IMP.GNFS.CD,import_capacity,1996,32073925537.9388
India,IND,Imports of goods and services (current US$),NE.IMP.GNFS.CD,import_capacity,1996,45357266003.2021
Iraq,IRQ,Imports of goods and services (current US$),NE.IMP.GNFS.CD,import_capacity,1996,1849551.41476881
Italy,ITA,Imports of goods and services (current US$),NE.IMP.GNFS.CD,import_capacity,1996,251644873886.309
Jordan,JOR,Imports of goods and services (current US$),NE.IMP.GNFS.CD,import_capacity,1996,5415937799.71791
Kuwait,KWT,Imports of goods and services (current US$),NE.IMP.GNFS.CD,import_capacity,1996,12340978394.1031
Lebanon,LBN,Imports of goods and services (current US$),NE.IMP.GNFS.CD,import_capacity,1996,7563885155.91193
Qatar,QAT,Imports of goods and services (current US$),NE.IMP.GNFS.CD,import_capacity,1996,3604120879.12088
Saudi Arabia,SAU,Imports of goods and services (current US$),NE.IMP.GNFS.CD,import_capacity,1996,42253404539.3858
Turkiye,TUR,Imports of goods and services (current US$),NE.IMP.GNFS.CD,import_capacity,1996,50297738468.1531
United States,USA,Imports of goods and services (current US$),NE.IMP.GNFS.CD,import_capacity,1996,963966000000.0
World,WLD,Imports of goods and services (current US$),NE.IMP.GNFS.CD,import_capacity,1996,6617560102668.79
Australia,AUS,Imports of goods and services (current US$),NE.IMP.GNFS.CD,import_capacity,1997,82133225648.4181
Canada,CAN,Imports of goods and services (current US$),NE.IMP.GNFS.CD,import_capacity,1997,237129134768.164
China,CHN,Imports of goods and services (current US$),NE.IMP.GNFS.CD,import_capacity,1997,144623820000.0
Germany,DEU,Imports of goods and services (current US$),NE.IMP.GNFS.CD,import_capacity,1997,525385743288.969
"Egypt, Arab Rep.",EGY,Imports of goods and services (current US$),NE.IMP.GNFS.CD,import_capacity,1997,19528023598.8201
Euro area,EMU,Imports of goods and services (current US$),NE.IMP.GNFS.CD,import_capacity,1997,1969603550925.18
European Union,EUU,Imports of goods and services (current US$),NE.IMP.GNFS.CD,import_capacity,1997,2221087387208.3
France,FRA,Imports of goods and services (current US$),NE.IMP.GNFS.CD,import_capacity,1997,335869521240.728
United Kingdom,GBR,Imports of goods and services (current US$),NE.IMP.GNFS.CD,import_capacity,1997,393672233136.87
Greece,GRC,Imports of goods and services (current US$),NE.IMP.GNFS.CD,import_capacity,1997,32010861100.7113
India,IND,Imports of goods and services (current US$),NE.IMP.GNFS.CD,import_capacity,1997,49607467421.0891
Iraq,IRQ,Imports of goods and services (current US$),NE.IMP.GNFS.CD,import_capacity,1997,8792081556.28319
Italy,ITA,Imports of goods and services (current US$),NE.IMP.GNFS.CD,import_capacity,1997,253824124602.092
Jordan,JOR,Imports of goods and services (current US$),NE.IMP.GNFS.CD,import_capacity,1997,5180015232.72214
Kuwait,KWT,Imports of goods and services (current US$),NE.IMP.GNFS.CD,import_capacity,1997,12015862916.9702
Lebanon,LBN,Imports of goods and services (current US$),NE.IMP.GNFS.CD,import_capacity,1997,7490743747.97012
Qatar,QAT,Imports of goods and services (current US$),NE.IMP.GNFS.CD,import_capacity,1997,4085989010.98901
Saudi Arabia,SAU,Imports of goods and services (current US$),NE.IMP.GNFS.CD,import_capacity,1997,43199465954.6061
Turkiye,TUR,Imports of goods and services (current US$),NE.IMP.GNFS.CD,import_capacity,1997,56251261317.6176
United States,USA,Imports of goods and services (current US$),NE.IMP.GNFS.CD,import_capacity,1997,1055774000000.0
World,WLD,Imports of goods and services (current US$),NE.IMP.GNFS.CD,import_capacity,1997,6828842165074.58
Australia,AUS,Imports of goods and services (current US$),NE.IMP.GNFS.CD,import_capacity,1998,81674014786.6784
Canada,CAN,Imports of goods and services (current US$),NE.IMP.GNFS.CD,import_capacity,1998,241249747219.414
China,CHN,Imports of goods and services (current US$),NE.IMP.GNFS.CD,import_capacity,1998,144913704696.0
Germany,DEU,Imports of goods and services (current US$),NE.IMP.GNFS.CD,import_capacity,1998,550595754140.269
"Egypt, Arab Rep.",EGY,Imports of goods and services (current US$),NE.IMP.GNFS.CD,import_capacity,1998,21812278630.4604
Euro area,EMU,Imports of goods and services (current US$),NE.IMP.GNFS.CD,import_capacity,1998,2087747883220.3
European Union,EUU,Imports of goods and services (current US$),NE.IMP.GNFS.CD,import_capacity,1998,2362276754828.35
France,FRA,Imports of goods and services (current US$),NE.IMP.GNFS.CD,import_capacity,1998,361782299310.652
United Kingdom,GBR,Imports of goods and services (current US$),NE.IMP.GNFS.CD,import_capacity,1998,412207684663.796
Greece,GRC,Imports of goods and services (current US$),NE.IMP.GNFS.CD,import_capacity,1998,36304887582.1515
India,IND,Imports of goods and services (current US$),NE.IMP.GNFS.CD,import_capacity,1998,53431564328.4224
Iraq,IRQ,Imports of goods and services (current US$),NE.IMP.GNFS.CD,import_capacity,1998,11204358032.8658
Italy,ITA,Imports of goods and services (current US$),NE.IMP.GNFS.CD,import_capacity,1998,267089327534.292
Jordan,JOR,Imports of goods and services (current US$),NE.IMP.GNFS.CD,import_capacity,1998,5084211424.54161
Kuwait,KWT,Imports of goods and services (current US$),NE.IMP.GNFS.CD,import_capacity,1998,13256506844.8201
Lebanon,LBN,Imports of goods and services (current US$),NE.IMP.GNFS.CD,import_capacity,1998,7063369152.554
Qatar,QAT,Imports of goods and services (current US$),NE.IMP.GNFS.CD,import_capacity,1998,4098351648.35165
Saudi Arabia,SAU,Imports of goods and services (current US$),NE.IMP.GNFS.CD,import_capacity,1998,38830933333.3333
Turkiye,TUR,Imports of goods and services (current US$),NE.IMP.GNFS.CD,import_capacity,1998,54441094414.0163
United States,USA,Imports of goods and services (current US$),NE.IMP.GNFS.CD,import_capacity,1998,1115690000000.0
World,WLD,Imports of goods and services (current US$),NE.IMP.GNFS.CD,import_capacity,1998,6785465628839.5
Australia,AUS,Imports of goods and services (current US$),NE.IMP.GNFS.CD,import_capacity,1999,80794585787.6927
Canada,CAN,Imports of goods and services (current US$),NE.IMP.GNFS.CD,import_capacity,1999,259518745372.552
China,CHN,Imports of goods and services (current US$),NE.IMP.GNFS.CD,import_capacity,1999,168058444268.42
Germany,DEU,Imports of goods and services (current US$),NE.IMP.GNFS.CD,import_capacity,1999,564301984739.383
"Egypt, Arab Rep.",EGY,Imports of goods and services (current US$),NE.IMP.GNFS.CD,import_capacity,1999,21144205249.189
Euro area,EMU,Imports of goods and services (current US$),NE.IMP.GNFS.CD,import_capacity,1999,2139935567908.48
European Union,EUU,Imports of goods and services (current US$),NE.IMP.GNFS.CD,import_capacity,1999,2413533098637.79
France,FRA,Imports of goods and services (current US$),NE.IMP.GNFS.CD,import_capacity,1999,363754404231.893
United Kingdom,GBR,Imports of goods and services (current US$),NE.IMP.GNFS.CD,import_capacity,1999,427731758615.111
Greece,GRC,Imports of goods and services (current US$),NE.IMP.GNFS.CD,import_capacity,1999,39439145913.1132
India,IND,Imports of goods and services (current US$),NE.IMP.GNFS.CD,import_capacity,1999,61314704757.0345
Iraq,IRQ,Imports of goods and services (current US$),NE.IMP.GNFS.CD,import_capacity,1999,22379651773.7707
Italy,ITA,Imports of goods and services (current US$),NE.IMP.GNFS.CD,import_capacity,1999,268274689595.985
Jordan,JOR,Imports of goods and services (current US$),NE.IMP.GNFS.CD,import_capacity,1999,4984463328.63188
Kuwait,KWT,Imports of goods and services (current US$),NE.IMP.GNFS.CD,import_capacity,1999,11878521097.8434
Lebanon,LBN,Imports of goods and services (current US$),NE.IMP.GNFS.CD,import_capacity,1999,6391244717.62331
Qatar,QAT,Imports of goods and services (current US$),NE.IMP.GNFS.CD,import_capacity,1999,3184065934.06593
Saudi Arabia,SAU,Imports of goods and services (current US$),NE.IMP.GNFS.CD,import_capacity,1999,37485333333.3333
Turkiye,TUR,Imports of goods and services (current US$),NE.IMP.GNFS.CD,import_capacity,1999,48346453175.0334
United States,USA,Imports of goods and services (current US$),NE.IMP.GNFS.CD,import_capacity,1999,1252460000000.0
World,WLD,Imports of goods and services (current US$),NE.IMP.GNFS.CD,import_capacity,1999,7091237749661.55
Australia,AUS,Imports of goods and services (current US$),NE.IMP.GNFS.CD,import_capacity,2000,89663284607.9064
Canada,CAN,Imports of goods and services (current US$),NE.IMP.GNFS.CD,import_capacity,2000,287155747087.738
China,CHN,Imports of goods and services (current US$),NE.IMP.GNFS.CD,import_capacity,2000,224306238158.48
Germany,DEU,Imports of goods and services (current US$),NE.IMP.GNFS.CD,import_capacity,2000,580553292712.158
"Egypt, Arab Rep.",EGY,Imports of goods and services (current US$),NE.IMP.GNFS.CD,import_capacity,2000,22779979451.0495
Euro area,EMU,Imports of goods and services (current US$),NE.IMP.GNFS.CD,import_capacity,2000,2229100191065.74
European Union,EUU,Imports of goods and services (current US$),NE.IMP.GNFS.CD,import_capacity,2000,2524448761136.03
France,FRA,Imports of goods and services (current US$),NE.IMP.GNFS.CD,import_capacity,2000,381449581352.471
United Kingdom,GBR,Imports of goods and services (current US$),NE.IMP.GNFS.CD,import_capacity,2000,447681948857.618
Greece,GRC,Imports of goods and services (current US$),NE.IMP.GNFS.CD,import_capacity,2000,44143578731.0291
India,IND,Imports of goods and services (current US$),NE.IMP.GNFS.CD,import_capacity,2000,65124245375.0531
Iraq,IRQ,Imports of goods and services (current US$),NE.IMP.GNFS.CD,import_capacity,2000,24004542302.3578
Italy,ITA,Imports of goods and services (current US$),NE.IMP.GNFS.CD,import_capacity,2000,284121969413.177
Jordan,JOR,Imports of goods and services (current US$),NE.IMP.GNFS.CD,import_capacity,2000,5795768688.29337
Kuwait,KWT,Imports of goods and services (current US$),NE.IMP.GNFS.CD,import_capacity,2000,11370749008.9714
Lebanon,LBN,Imports of goods and services (current US$),NE.IMP.GNFS.CD,import_capacity,2000,6202985074.62687
Qatar,QAT,Imports of goods and services (current US$),NE.IMP.GNFS.CD,import_capacity,2000,3965659340.65934
Saudi Arabia,SAU,Imports of goods and services (current US$),NE.IMP.GNFS.CD,import_capacity,2000,46926133333.3333
Turkiye,TUR,Imports of goods and services (current US$),NE.IMP.GNFS.CD,import_capacity,2000,61657012662.763
United States,USA,Imports of goods and services (current US$),NE.IMP.GNFS.CD,import_capacity,2000,1477184000000.0
World,WLD,Imports of goods and services (current US$),NE.IMP.GNFS.CD,import_capacity,2000,7942957689019.12
United Arab Emirates,ARE,Imports of goods and services (current US$),NE.IMP.GNFS.CD,import_capacity,2001,42053369639.2104
Australia,AUS,Imports of goods and services (current US$),NE.IMP.GNFS.CD,import_capacity,2001,83770437082.2828
Canada,CAN,Imports of goods and services (current US$),NE.IMP.GNFS.CD,import_capacity,2001,268281895661.157
China,CHN,Imports of goods and services (current US$),NE.IMP.GNFS.CD,import_capacity,2001,243973790217.759
Germany,DEU,Imports of goods and services (current US$),NE.IMP.GNFS.CD,import_capacity,2001,570228511976.772
"Egypt, Arab Rep.",EGY,Imports of goods and services (current US$),NE.IMP.GNFS.CD,import_capacity,2001,21590296495.9569
Euro area,EMU,Imports of goods and services (current US$),NE.IMP.GNFS.CD,import_capacity,2001,2217503982095.83
European Union,EUU,Imports of goods and services (current US$),NE.IMP.GNFS.CD,import_capacity,2001,2512900942561.95
France,FRA,Imports of goods and services (current US$),NE.IMP.GNFS.CD,import_capacity,2001,376341467532.402
United Kingdom,GBR,Imports of goods and services (current US$),NE.IMP.GNFS.CD,import_capacity,2001,450228875773.715
Greece,GRC,Imports of goods and services (current US$),NE.IMP.GNFS.CD,import_capacity,2001,44498203088.4583
India,IND,Imports of goods and services (current US$),NE.IMP.GNFS.CD,import_capacity,2001,65218276482.1322
Iraq,IRQ,Imports of goods and services (current US$),NE.IMP.GNFS.CD,import_capacity,2001,22250987889.9854
Italy,ITA,Imports of goods and services (current US$),NE.IMP.GNFS.CD,import_capacity,2001,284831774435.394
Jordan,JOR,Imports of goods and services (current US$),NE.IMP.GNFS.CD,import_capacity,2001,6027365959.40946
Kuwait,KWT,Imports of goods and services (current US$),NE.IMP.GNFS.CD,import_capacity,2001,12400466933.1751
Lebanon,LBN,Imports of goods and services (current US$),NE.IMP.GNFS.CD,import_capacity,2001,7051409618.5738
Qatar,QAT,Imports of goods and services (current US$),NE.IMP.GNFS.CD,import_capacity,2001,5099450549.45055
Saudi Arabia,SAU,Imports of goods and services (current US$),NE.IMP.GNFS.CD,import_capacity,2001,44058400000.0
Turkiye,TUR,Imports of goods and services (current US$),NE.IMP.GNFS.CD,import_capacity,2001,45792581438.4606
United States,USA,Imports of goods and services (current US$),NE.IMP.GNFS.CD,import_capacity,2001,1403559000000.0
World,WLD,Imports of goods and services (current US$),NE.IMP.GNFS.CD,import_capacity,2001,7721296985134.51
United Arab Emirates,ARE,Imports of goods and services (current US$),NE.IMP.GNFS.CD,import_capacity,2002,47845064669.8434
Australia,AUS,Imports of goods and services (current US$),NE.IMP.GNFS.CD,import_capacity,2002,82017039226.4277
Canada,CAN,Imports of goods and services (current US$),NE.IMP.GNFS.CD,import_capacity,2002,271159115529.217
China,CHN,Imports of goods and services (current US$),NE.IMP.GNFS.CD,import_capacity,2002,295619639659.43
Germany,DEU,Imports of goods and services (current US$),NE.IMP.GNFS.CD,import_capacity,2002,570622539400.393
"Egypt, Arab Rep.",EGY,Imports of goods and services (current US$),NE.IMP.GNFS.CD,import_capacity,2002,19303370786.5169
Euro area,EMU,Imports of goods and services (current US$),NE.IMP.GNFS.CD,import_capacity,2002,2306945169545.06
European Union,EUU,Imports of goods and services (current US$),NE.IMP.GNFS.CD,import_capacity,2002,2629128150344.39
France,FRA,Imports of goods and services (current US$),NE.IMP.GNFS.CD,import_capacity,2002,394028136001.569
United Kingdom,GBR,Imports of goods and services (current US$),NE.IMP.GNFS.CD,import_capacity,2002,479947541966.427
Greece,GRC,Imports of goods and services (current US$),NE.IMP.GNFS.CD,import_capacity,2002,44580655233.0781
India,IND,Imports of goods and services (current US$),NE.IMP.GNFS.CD,import_capacity,2002,78498759285.7313
Iraq,IRQ,Imports of goods and services (current US$),NE.IMP.GNFS.CD,import_capacity,2002,16198164181.0213
Italy,ITA,Imports of goods and services (current US$),NE.IMP.GNFS.CD,import_capacity,2002,301961782874.981
Jordan,JOR,Imports of goods and services (current US$),NE.IMP.GNFS.CD,import_capacity,2002,6383638928.0677
Kuwait,KWT,Imports of goods and services (current US$),NE.IMP.GNFS.CD,import_capacity,2002,13961186388.2546
Lebanon,LBN,Imports of goods and services (current US$),NE.IMP.GNFS.CD,import_capacity,2002,6692537313.43284
Qatar,QAT,Imports of goods and services (current US$),NE.IMP.GNFS.CD,import_capacity,2002,5446428571.42857
Saudi Arabia,SAU,Imports of goods and services (current US$),NE.IMP.GNFS.CD,import_capacity,2002,44830400000.0
Turkiye,TUR,Imports of goods and services (current US$),NE.IMP.GNFS.CD,import_capacity,2002,54987639146.3523
United States,USA,Imports of goods and services (current US$),NE.IMP.GNFS.CD,import_capacity,2002,1437724000000.0
World,WLD,Imports of goods and services (current US$),NE.IMP.GNFS.CD,import_capacity,2002,8033299796775.01
United Arab Emirates,ARE,Imports of goods and services (current US$),NE.IMP.GNFS.CD,import_capacity,2003,57668073519.401
Australia,AUS,Imports of goods and services (current US$),NE.IMP.GNFS.CD,import_capacity,2003,98900407687.8276
Canada,CAN,Imports of goods and services (current US$),NE.IMP.GNFS.CD,import_capacity,2003,295296552708.586
China,CHN,Imports of goods and services (current US$),NE.IMP.GNFS.CD,import_capacity,2003,412137124715.32
Germany,DEU,Imports of goods and services (current US$),NE.IMP.GNFS.CD,import_capacity,2003,700765174545.097
"Egypt, Arab Rep.",EGY,Imports of goods and services (current US$),NE.IMP.GNFS.CD,import_capacity,2003,19576923076.9231
Euro area,EMU,Imports of goods and services (current US$),NE.IMP.GNFS.CD,import_capacity,2003,2800261099055.26
European Union,EUU,Imports of goods and services (current US$),NE.IMP.GNFS.CD,import_capacity,2003,3194837074992.16
France,FRA,Imports of goods and services (current US$),NE.IMP.GNFS.CD,import_capacity,2003,467250572392.979
United Kingdom,GBR,Imports of goods and services (current US$),NE.IMP.GNFS.CD,import_capacity,2003,537968979591.837
Greece,GRC,Imports of goods and services (current US$),NE.IMP.GNFS.CD,import_capacity,2003,57150848326.6081
India,IND,Imports of goods and services (current US$),NE.IMP.GNFS.CD,import_capacity,2003,95071869378.5573
Iraq,IRQ,Imports of goods and services (current US$),NE.IMP.GNFS.CD,import_capacity,2003,16844929980.2908
Italy,ITA,Imports of goods and services (current US$),NE.IMP.GNFS.CD,import_capacity,2003,360433739169.137
Jordan,JOR,Imports of goods and services (current US$),NE.IMP.GNFS.CD,import_capacity,2003,6967136812.41185
Kuwait,KWT,Imports of goods and services (current US$),NE.IMP.GNFS.CD,import_capacity,2003,16499335597.2243
Lebanon,LBN,Imports of goods and services (current US$),NE.IMP.GNFS.CD,import_capacity,2003,7501824212.27197
Qatar,QAT,Imports of goods and services (current US$),NE.IMP.GNFS.CD,import_capacity,2003,6699450549.45055
Saudi Arabia,SAU,Imports of goods and services (current US$),NE.IMP.GNFS.CD,import_capacity,2003,51744266666.6667
Turkiye,TUR,Imports of goods and services (current US$),NE.IMP.GNFS.CD,import_capacity,2003,73087556674.8951
United States,USA,Imports of goods and services (current US$),NE.IMP.GNFS.CD,import_capacity,2003,1557120000000.0
World,WLD,Imports of goods and services (current US$),NE.IMP.GNFS.CD,import_capacity,2003,9311821838703.4
United Arab Emirates,ARE,Imports of goods and services (current US$),NE.IMP.GNFS.CD,import_capacity,2004,78428046289.9932
Australia,AUS,Imports of goods and services (current US$),NE.IMP.GNFS.CD,import_capacity,2004,121992459809.361
Canada,CAN,Imports of goods and services (current US$),NE.IMP.GNFS.CD,import_capacity,2004,337418139892.391
China,CHN,Imports of goods and services (current US$),NE.IMP.GNFS.CD,import_capacity,2004,556182551584.76
Germany,DEU,Imports of goods and services (current US$),NE.IMP.GNFS.CD,import_capacity,2004,826352918672.203
"Egypt, Arab Rep.",EGY,Imports of goods and services (current US$),NE.IMP.GNFS.CD,import_capacity,2004,23311688311.6883
Euro area,EMU,Imports of goods and services (current US$),NE.IMP.GNFS.CD,import_capacity,2004,3346246645068.16
European Union,EUU,Imports of goods and services (current US$),NE.IMP.GNFS.CD,import_capacity,2004,3835973776049.19
France,FRA,Imports of goods and services (current US$),NE.IMP.GNFS.CD,import_capacity,2004,553011604110.426
United Kingdom,GBR,Imports of goods and services (current US$),NE.IMP.GNFS.CD,import_capacity,2004,639128524350.055
Greece,GRC,Imports of goods and services (current US$),NE.IMP.GNFS.CD,import_capacity,2004,68651660462.9701
India,IND,Imports of goods and services (current US$),NE.IMP.GNFS.CD,import_capacity,2004,139310848797.436
Iraq,IRQ,Imports of goods and services (current US$),NE.IMP.GNFS.CD,import_capacity,2004,23432019002.2224
Italy,ITA,Imports of goods and services (current US$),NE.IMP.GNFS.CD,import_capacity,2004,423101431530.04
Jordan,JOR,Imports of goods and services (current US$),NE.IMP.GNFS.CD,import_capacity,2004,9406911142.45416
Kuwait,KWT,Imports of goods and services (current US$),NE.IMP.GNFS.CD,import_capacity,2004,19246691550.7296
Lebanon,LBN,Imports of goods and services (current US$),NE.IMP.GNFS.CD,import_capacity,2004,11832129864.6766
Qatar,QAT,Imports of goods and services (current US$),NE.IMP.GNFS.CD,import_capacity,2004,8315659340.65934
Saudi Arabia,SAU,Imports of goods and services (current US$),NE.IMP.GNFS.CD,import_capacity,2004,62350400000.0
Turkiye,TUR,Imports of goods and services (current US$),NE.IMP.GNFS.CD,import_capacity,2004,103109391408.29
United States,USA,Imports of goods and services (current US$),NE.IMP.GNFS.CD,import_capacity,2004,1810504000000.0
World,WLD,Imports of goods and services (current US$),NE.IMP.GNFS.CD,import_capacity,2004,11279956287410.3
United Arab Emirates,ARE,Imports of goods and services (current US$),NE.IMP.GNFS.CD,import_capacity,2005,93862491490.8101
Australia,AUS,Imports of goods and services (current US$),NE.IMP.GNFS.CD,import_capacity,2005,145652868456.563
Canada,CAN,Imports of goods and services (current US$),NE.IMP.GNFS.CD,import_capacity,2005,385981185014.029
China,CHN,Imports of goods and services (current US$),NE.IMP.GNFS.CD,import_capacity,2005,648712207879.781
Germany,DEU,Imports of goods and services (current US$),NE.IMP.GNFS.CD,import_capacity,2005,896950519582.879
"Egypt, Arab Rep.",EGY,Imports of goods and services (current US$),NE.IMP.GNFS.CD,import_capacity,2005,29237429237.4292
Euro area,EMU,Imports of goods and services (current US$),NE.IMP.GNFS.CD,import_capacity,2005,3669184331304.75
European Union,EUU,Imports of goods and services (current US$),NE.IMP.GNFS.CD,import_capacity,2005,4232517444132.46
France,FRA,Imports of goods and services (current US$),NE.IMP.GNFS.CD,import_capacity,2005,606331902819.611
United Kingdom,GBR,Imports of goods and services (current US$),NE.IMP.GNFS.CD,import_capacity,2005,697472727272.727
Greece,GRC,Imports of goods and services (current US$),NE.IMP.GNFS.CD,import_capacity,2005,71151157411.6607
India,IND,Imports of goods and services (current US$),NE.IMP.GNFS.CD,import_capacity,2005,183736617243.328
Iraq,IRQ,Imports of goods and services (current US$),NE.IMP.GNFS.CD,import_capacity,2005,30737305660.0668
Italy,ITA,Imports of goods and services (current US$),NE.IMP.GNFS.CD,import_capacity,2005,458978118688.871
Jordan,JOR,Imports of goods and services (current US$),NE.IMP.GNFS.CD,import_capacity,2005,11859379407.6164
Kuwait,KWT,Imports of goods and services (current US$),NE.IMP.GNFS.CD,import_capacity,2005,22839041095.8904
Lebanon,LBN,Imports of goods and services (current US$),NE.IMP.GNFS.CD,import_capacity,2005,12068415010.2819
Qatar,QAT,Imports of goods and services (current US$),NE.IMP.GNFS.CD,import_capacity,2005,13207967032.967
Saudi Arabia,SAU,Imports of goods and services (current US$),NE.IMP.GNFS.CD,import_capacity,2005,81797389981.5858
Turkiye,TUR,Imports of goods and services (current US$),NE.IMP.GNFS.CD,import_capacity,2005,122961373357.656
United States,USA,Imports of goods and services (current US$),NE.IMP.GNFS.CD,import_capacity,2005,2041482000000.0
World,WLD,Imports of goods and services (current US$),NE.IMP.GNFS.CD,import_capacity,2005,12785487493402.2
United Arab Emirates,ARE,Imports of goods and services (current US$),NE.IMP.GNFS.CD,import_capacity,2006,112930428863.172
Australia,AUS,Imports of goods and services (current US$),NE.IMP.GNFS.CD,import_capacity,2006,162450827269.882
Canada,CAN,Imports of goods and services (current US$),NE.IMP.GNFS.CD,import_capacity,2006,430736071932.299
China,CHN,Imports of goods and services (current US$),NE.IMP.GNFS.CD,import_capacity,2006,782812463259.9
Germany,DEU,Imports of goods and services (current US$),NE.IMP.GNFS.CD,import_capacity,2006,1029339915529.41
"Egypt, Arab Rep.",EGY,Imports of goods and services (current US$),NE.IMP.GNFS.CD,import_capacity,2006,33913043478.2609
Euro area,EMU,Imports of goods and services (current US$),NE.IMP.GNFS.CD,import_capacity,2006,4159439090077.43
European Union,EUU,Imports of goods and services (current US$),NE.IMP.GNFS.CD,import_capacity,2006,4831879315574.85
France,FRA,Imports of goods and services (current US$),NE.IMP.GNFS.CD,import_capacity,2006,670822254333.176
United Kingdom,GBR,Imports of goods and services (current US$),NE.IMP.GNFS.CD,import_capacity,2006,796610855565.777
Greece,GRC,Imports of goods and services (current US$),NE.IMP.GNFS.CD,import_capacity,2006,81609358172.0893
India,IND,Imports of goods and services (current US$),NE.IMP.GNFS.CD,import_capacity,2006,229955027127.372
Iraq,IRQ,Imports of goods and services (current US$),NE.IMP.GNFS.CD,import_capacity,2006,25158864321.5244
Italy,ITA,Imports of goods and services (current US$),NE.IMP.GNFS.CD,import_capacity,2006,526275457690.588
Jordan,JOR,Imports of goods and services (current US$),NE.IMP.GNFS.CD,import_capacity,2006,13231029619.1819
Kuwait,KWT,Imports of goods and services (current US$),NE.IMP.GNFS.CD,import_capacity,2006,24543725187.4724
Lebanon,LBN,Imports of goods and services (current US$),NE.IMP.GNFS.CD,import_capacity,2006,12218142061.6915
Qatar,QAT,Imports of goods and services (current US$),NE.IMP.GNFS.CD,import_capacity,2006,21767307692.3077
Saudi Arabia,SAU,Imports of goods and services (current US$),NE.IMP.GNFS.CD,import_capacity,2006,113494793057.41
Turkiye,TUR,Imports of goods and services (current US$),NE.IMP.GNFS.CD,import_capacity,2006,147024766163.115
United States,USA,Imports of goods and services (current US$),NE.IMP.GNFS.CD,import_capacity,2006,2256623000000.0
World,WLD,Imports of goods and services (current US$),NE.IMP.GNFS.CD,import_capacity,2006,14608784602021.7
United Arab Emirates,ARE,Imports of goods and services (current US$),NE.IMP.GNFS.CD,import_capacity,2007,166134240980.259
Australia,AUS,Imports of goods and services (current US$),NE.IMP.GNFS.CD,import_capacity,2007,186601240480.49
Canada,CAN,Imports of goods and services (current US$),NE.IMP.GNFS.CD,import_capacity,2007,470813704496.788
China,CHN,Imports of goods and services (current US$),NE.IMP.GNFS.CD,import_capacity,2007,950020767157.33
Germany,DEU,Imports of goods and services (current US$),NE.IMP.GNFS.CD,import_capacity,2007,1193186147672.55
"Egypt, Arab Rep.",EGY,Imports of goods and services (current US$),NE.IMP.GNFS.CD,import_capacity,2007,45429071803.8529
Euro area,EMU,Imports of goods and services (current US$),NE.IMP.GNFS.CD,import_capacity,2007,4910916427624.27
European Union,EUU,Imports of goods and services (current US$),NE.IMP.GNFS.CD,import_capacity,2007,5751135081934.5
France,FRA,Imports of goods and services (current US$),NE.IMP.GNFS.CD,import_capacity,2007,777995714258.042
United Kingdom,GBR,Imports of goods and services (current US$),NE.IMP.GNFS.CD,import_capacity,2007,848867547018.807
Greece,GRC,Imports of goods and services (current US$),NE.IMP.GNFS.CD,import_capacity,2007,102995736170.971
India,IND,Imports of goods and services (current US$),NE.IMP.GNFS.CD,import_capacity,2007,302803952552.5
Iraq,IRQ,Imports of goods and services (current US$),NE.IMP.GNFS.CD,import_capacity,2007,25045843946.9614
Italy,ITA,Imports of goods and services (current US$),NE.IMP.GNFS.CD,import_capacity,2007,613038536211.257
Jordan,JOR,Imports of goods and services (current US$),NE.IMP.GNFS.CD,import_capacity,2007,15700423131.1707
Kuwait,KWT,Imports of goods and services (current US$),NE.IMP.GNFS.CD,import_capacity,2007,32461455100.734
Lebanon,LBN,Imports of goods and services (current US$),NE.IMP.GNFS.CD,import_capacity,2007,15101534372.1393
Qatar,QAT,Imports of goods and services (current US$),NE.IMP.GNFS.CD,import_capacity,2007,28566208791.2088
Saudi Arabia,SAU,Imports of goods and services (current US$),NE.IMP.GNFS.CD,import_capacity,2007,145279252835.223
Turkiye,TUR,Imports of goods and services (current US$),NE.IMP.GNFS.CD,import_capacity,2007,177062270987.489
United States,USA,Imports of goods and services (current US$),NE.IMP.GNFS.CD,import_capacity,2007,2395228000000.0
World,WLD,Imports of goods and services (current US$),NE.IMP.GNFS.CD,import_capacity,2007,16920369649483.2
United Arab Emirates,ARE,Imports of goods and services (current US$),NE.IMP.GNFS.CD,import_capacity,2008,219714363512.594
Australia,AUS,Imports of goods and services (current US$),NE.IMP.GNFS.CD,import_capacity,2008,239715332950.148
Canada,CAN,Imports of goods and services (current US$),NE.IMP.GNFS.CD,import_capacity,2008,506718837863.168
China,CHN,Imports of goods and services (current US$),NE.IMP.GNFS.CD,import_capacity,2008,1149036249785.66
Germany,DEU,Imports of goods and services (current US$),NE.IMP.GNFS.CD,import_capacity,2008,1339125795807.81
"Egypt, Arab Rep.",EGY,Imports of goods and services (current US$),NE.IMP.GNFS.CD,import_capacity,2008,62909090909.0909
Euro area,EMU,Imports of goods and services (current US$),NE.IMP.GNFS.CD,import_capacity,2008,5497079414998.05
European Union,EUU,Imports of goods and services (current US$),NE.IMP.GNFS.CD,import_capacity,2008,6484505537565.39
France,FRA,Imports of goods and services (current US$),NE.IMP.GNFS.CD,import_capacity,2008,877476980121.484
United Kingdom,GBR,Imports of goods and services (current US$),NE.IMP.GNFS.CD,import_capacity,2008,855805147058.823
Greece,GRC,Imports of goods and services (current US$),NE.IMP.GNFS.CD,import_capacity,2008,120506590535.928
India,IND,Imports of goods and services (current US$),NE.IMP.GNFS.CD,import_capacity,2008,350926955799.106
Iraq,IRQ,Imports of goods and services (current US$),NE.IMP.GNFS.CD,import_capacity,2008,40441477851.6394
Italy,ITA,Imports of goods and services (current US$),NE.IMP.GNFS.CD,import_capacity,2008,664125662011.484
Kuwait,KWT,Imports of goods and services (current US$),NE.IMP.GNFS.CD,import_capacity,2008,38206585623.5214
Lebanon,LBN,Imports of goods and services (current US$),NE.IMP.GNFS.CD,import_capacity,2008,19824163540.2985
Qatar,QAT,Imports of goods and services (current US$),NE.IMP.GNFS.CD,import_capacity,2008,32356868131.8681
Saudi Arabia,SAU,Imports of goods and services (current US$),NE.IMP.GNFS.CD,import_capacity,2008,176684800000.0
Turkiye,TUR,Imports of goods and services (current US$),NE.IMP.GNFS.CD,import_capacity,2008,208120647288.329
United States,USA,Imports of goods and services (current US$),NE.IMP.GNFS.CD,import_capacity,2008,2576151000000.0
World,WLD,Imports of goods and services (current US$),NE.IMP.GNFS.CD,import_capacity,2008,19406591657175.7
United Arab Emirates,ARE,Imports of goods and services (current US$),NE.IMP.GNFS.CD,import_capacity,2009,187139823008.85
Australia,AUS,Imports of goods and services (current US$),NE.IMP.GNFS.CD,import_capacity,2009,211106497147.687
Canada,CAN,Imports of goods and services (current US$),NE.IMP.GNFS.CD,import_capacity,2009,411817863703.963
China,CHN,Imports of goods and services (current US$),NE.IMP.GNFS.CD,import_capacity,2009,1042533759652.94
Germany,DEU,Imports of goods and services (current US$),NE.IMP.GNFS.CD,import_capacity,2009,1067378170076.17
"Egypt, Arab Rep.",EGY,Imports of goods and services (current US$),NE.IMP.GNFS.CD,import_capacity,2009,59764065335.7532
Euro area,EMU,Imports of goods and services (current US$),NE.IMP.GNFS.CD,import_capacity,2009,4317104073621.14
European Union,EUU,Imports of goods and services (current US$),NE.IMP.GNFS.CD,import_capacity,2009,5050728728700.63
France,FRA,Imports of goods and services (current US$),NE.IMP.GNFS.CD,import_capacity,2009,710610400819.062
United Kingdom,GBR,Imports of goods and services (current US$),NE.IMP.GNFS.CD,import_capacity,2009,678917276834.398
Greece,GRC,Imports of goods and services (current US$),NE.IMP.GNFS.CD,import_capacity,2009,90361949969.7374
India,IND,Imports of goods and services (current US$),NE.IMP.GNFS.CD,import_capacity,2009,347177967968.316
Iraq,IRQ,Imports of goods and services (current US$),NE.IMP.GNFS.CD,import_capacity,2009,43867213453.3654
Italy,ITA,Imports of goods and services (current US$),NE.IMP.GNFS.CD,import_capacity,2009,505183498247.5
Kuwait,KWT,Imports of goods and services (current US$),NE.IMP.GNFS.CD,import_capacity,2009,31130878954.7753
Lebanon,LBN,Imports of goods and services (current US$),NE.IMP.GNFS.CD,import_capacity,2009,20249317982.0896
Qatar,QAT,Imports of goods and services (current US$),NE.IMP.GNFS.CD,import_capacity,2009,28370604395.6044
Saudi Arabia,SAU,Imports of goods and services (current US$),NE.IMP.GNFS.CD,import_capacity,2009,162069066666.667
Turkiye,TUR,Imports of goods and services (current US$),NE.IMP.GNFS.CD,import_capacity,2009,152234991548.169
United States,USA,Imports of goods and services (current US$),NE.IMP.GNFS.CD,import_capacity,2009,2001927000000.0
World,WLD,Imports of goods and services (current US$),NE.IMP.GNFS.CD,import_capacity,2009,15584280389048.4
United Arab Emirates,ARE,Imports of goods and services (current US$),NE.IMP.GNFS.CD,import_capacity,2010,178610755616.065
Australia,AUS,Imports of goods and services (current US$),NE.IMP.GNFS.CD,import_capacity,2010,238100480913.207
Canada,CAN,Imports of goods and services (current US$),NE.IMP.GNFS.CD,import_capacity,2010,502035342676.986
China,CHN,Imports of goods and services (current US$),NE.IMP.GNFS.CD,import_capacity,2010,1432422435977.06
Germany,DEU,Imports of goods and services (current US$),NE.IMP.GNFS.CD,import_capacity,2010,1192329684250.0
"Egypt, Arab Rep.",EGY,Imports of goods and services (current US$),NE.IMP.GNFS.CD,import_capacity,2010,58221415607.9855
Euro area,EMU,Imports of goods and services (current US$),NE.IMP.GNFS.CD,import_capacity,2010,4733770320592.19
European Union,EUU,Imports of goods and services (current US$),NE.IMP.GNFS.CD,import_capacity,2010,5572318856209.51
France,FRA,Imports of goods and services (current US$),NE.IMP.GNFS.CD,import_capacity,2010,761083995458.335
United Kingdom,GBR,Imports of goods and services (current US$),NE.IMP.GNFS.CD,import_capacity,2010,756632614064.902
Greece,GRC,Imports of goods and services (current US$),NE.IMP.GNFS.CD,import_capacity,2010,86535244649.3168
India,IND,Imports of goods and services (current US$),NE.IMP.GNFS.CD,import_capacity,2010,449974370198.802
Iraq,IRQ,Imports of goods and services (current US$),NE.IMP.GNFS.CD,import_capacity,2010,47207400000.0
Italy,ITA,Imports of goods and services (current US$),NE.IMP.GNFS.CD,import_capacity,2010,573630177653.334
Kuwait,KWT,Imports of goods and services (current US$),NE.IMP.GNFS.CD,import_capacity,2010,35034036154.0367
Lebanon,LBN,Imports of goods and services (current US$),NE.IMP.GNFS.CD,import_capacity,2010,23094612059.0381
Qatar,QAT,Imports of goods and services (current US$),NE.IMP.GNFS.CD,import_capacity,2010,29717307692.3077
Saudi Arabia,SAU,Imports of goods and services (current US$),NE.IMP.GNFS.CD,import_capacity,2010,174202666666.667
Turkiye,TUR,Imports of goods and services (current US$),NE.IMP.GNFS.CD,import_capacity,2010,198401861131.757
United States,USA,Imports of goods and services (current US$),NE.IMP.GNFS.CD,import_capacity,2010,2389555000000.0
World,WLD,Imports of goods and services (current US$),NE.IMP.GNFS.CD,import_capacity,2010,18482047169004.1
United Arab Emirates,ARE,Imports of goods and services (current US$),NE.IMP.GNFS.CD,import_capacity,2011,215973042886.317
Australia,AUS,Imports of goods and services (current US$),NE.IMP.GNFS.CD,import_capacity,2011,285510760029.696
Canada,CAN,Imports of goods and services (current US$),NE.IMP.GNFS.CD,import_capacity,2011,570642753938.112
China,CHN,Imports of goods and services (current US$),NE.IMP.GNFS.CD,import_capacity,2011,1825413639206.37
Germany,DEU,Imports of goods and services (current US$),NE.IMP.GNFS.CD,import_capacity,2011,1406669611896.89
"Egypt, Arab Rep.",EGY,Imports of goods and services (current US$),NE.IMP.GNFS.CD,import_capacity,2011,58261617900.1721
Euro area,EMU,Imports of goods and services (current US$),NE.IMP.GNFS.CD,import_capacity,2011,5482073277611.55
European Union,EUU,Imports of goods and services (current US$),NE.IMP.GNFS.CD,import_capacity,2011,6463447612052.35
France,FRA,Imports of goods and services (current US$),NE.IMP.GNFS.CD,import_capacity,2011,891743744380.352
United Kingdom,GBR,Imports of goods and services (current US$),NE.IMP.GNFS.CD,import_capacity,2011,857771146098.5
Greece,GRC,Imports of goods and services (current US$),NE.IMP.GNFS.CD,import_capacity,2011,87759343350.934
India,IND,Imports of goods and services (current US$),NE.IMP.GNFS.CD,import_capacity,2011,566667744819.908
Iraq,IRQ,Imports of goods and services (current US$),NE.IMP.GNFS.CD,import_capacity,2011,51552600000.0
Italy,ITA,Imports of goods and services (current US$),NE.IMP.GNFS.CD,import_capacity,2011,643858645924.126
Kuwait,KWT,Imports of goods and services (current US$),NE.IMP.GNFS.CD,import_capacity,2011,39894339786.7229
Lebanon,LBN,Imports of goods and services (current US$),NE.IMP.GNFS.CD,import_capacity,2011,26262779872.6368
Qatar,QAT,Imports of goods and services (current US$),NE.IMP.GNFS.CD,import_capacity,2011,43792582417.5824
Saudi Arabia,SAU,Imports of goods and services (current US$),NE.IMP.GNFS.CD,import_capacity,2011,197977600000.0
Turkiye,TUR,Imports of goods and services (current US$),NE.IMP.GNFS.CD,import_capacity,2011,254618813878.582
United States,USA,Imports of goods and services (current US$),NE.IMP.GNFS.CD,import_capacity,2011,2695480000000.0
World,WLD,Imports of goods and services (current US$),NE.IMP.GNFS.CD,import_capacity,2011,21879610652161.8
United Arab Emirates,ARE,Imports of goods and services (current US$),NE.IMP.GNFS.CD,import_capacity,2012,239748672566.372
Australia,AUS,Imports of goods and services (current US$),NE.IMP.GNFS.CD,import_capacity,2012,335367853143.349
Canada,CAN,Imports of goods and services (current US$),NE.IMP.GNFS.CD,import_capacity,2012,589511490951.583
China,CHN,Imports of goods and services (current US$),NE.IMP.GNFS.CD,import_capacity,2012,1943205232867.15
Germany,DEU,Imports of goods and services (current US$),NE.IMP.GNFS.CD,import_capacity,2012,1317969624114.84
"Egypt, Arab Rep.",EGY,Imports of goods and services (current US$),NE.IMP.GNFS.CD,import_capacity,2012,67866666666.6667
Euro area,EMU,Imports of goods and services (current US$),NE.IMP.GNFS.CD,import_capacity,2012,5126137910411.0
European Union,EUU,Imports of goods and services (current US$),NE.IMP.GNFS.CD,import_capacity,2012,6057007983819.62
France,FRA,Imports of goods and services (current US$),NE.IMP.GNFS.CD,import_capacity,2012,839869181339.766
United Kingdom,GBR,Imports of goods and services (current US$),NE.IMP.GNFS.CD,import_capacity,2012,855876434983.107
Greece,GRC,Imports of goods and services (current US$),NE.IMP.GNFS.CD,import_capacity,2012,79840747060.8293
India,IND,Imports of goods and services (current US$),NE.IMP.GNFS.CD,import_capacity,2012,571306554042.386
Iraq,IRQ,Imports of goods and services (current US$),NE.IMP.GNFS.CD,import_capacity,2012,63439263881.3414
Italy,ITA,Imports of goods and services (current US$),NE.IMP.GNFS.CD,import_capacity,2012,564328520572.5
Kuwait,KWT,Imports of goods and services (current US$),NE.IMP.GNFS.CD,import_capacity,2012,45739026063.1001
Lebanon,LBN,Imports of goods and services (current US$),NE.IMP.GNFS.CD,import_capacity,2012,26294002587.0647
Qatar,QAT,Imports of goods and services (current US$),NE.IMP.GNFS.CD,import_capacity,2012,54693498159.3407
Saudi Arabia,SAU,Imports of goods and services (current US$),NE.IMP.GNFS.CD,import_capacity,2012,215206133333.333
Turkiye,TUR,Imports of goods and services (current US$),NE.IMP.GNFS.CD,import_capacity,2012,251096117262.741
United States,USA,Imports of goods and services (current US$),NE.IMP.GNFS.CD,import_capacity,2012,2769317000000.0
World,WLD,Imports of goods and services (current US$),NE.IMP.GNFS.CD,import_capacity,2012,22142475910511.9
United Arab Emirates,ARE,Imports of goods and services (current US$),NE.IMP.GNFS.CD,import_capacity,2013,252509462219.197
Australia,AUS,Imports of goods and services (current US$),NE.IMP.GNFS.CD,import_capacity,2013,335869075673.186
Canada,CAN,Imports of goods and services (current US$),NE.IMP.GNFS.CD,import_capacity,2013,589048627265.353
China,CHN,Imports of goods and services (current US$),NE.IMP.GNFS.CD,import_capacity,2013,2119392421427.69
Germany,DEU,Imports of goods and services (current US$),NE.IMP.GNFS.CD,import_capacity,2013,1366940257620.0
"Egypt, Arab Rep.",EGY,Imports of goods and services (current US$),NE.IMP.GNFS.CD,import_capacity,2013,67364341085.2713
Euro area,EMU,Imports of goods and services (current US$),NE.IMP.GNFS.CD,import_capacity,2013,5313604647549.54
European Union,EUU,Imports of goods and services (current US$),NE.IMP.GNFS.CD,import_capacity,2013,6274357353178.12
France,FRA,Imports of goods and services (current US$),NE.IMP.GNFS.CD,import_capacity,2013,879403265969.571
United Kingdom,GBR,Imports of goods and services (current US$),NE.IMP.GNFS.CD,import_capacity,2013,881359614349.512
Greece,GRC,Imports of goods and services (current US$),NE.IMP.GNFS.CD,import_capacity,2013,77182468214.221
India,IND,Imports of goods and services (current US$),NE.IMP.GNFS.CD,import_capacity,2013,527555307105.956
Iraq,IRQ,Imports of goods and services (current US$),NE.IMP.GNFS.CD,import_capacity,2013,65103700000.0
Italy,ITA,Imports of goods and services (current US$),NE.IMP.GNFS.CD,import_capacity,2013,556753988253.021
Kuwait,KWT,Imports of goods and services (current US$),NE.IMP.GNFS.CD,import_capacity,2013,46580345500.0018
Lebanon,LBN,Imports of goods and services (current US$),NE.IMP.GNFS.CD,import_capacity,2013,27906587980.0995
Qatar,QAT,Imports of goods and services (current US$),NE.IMP.GNFS.CD,import_capacity,2013,58953296703.2967
Saudi Arabia,SAU,Imports of goods and services (current US$),NE.IMP.GNFS.CD,import_capacity,2013,229995200000.0
Turkiye,TUR,Imports of goods and services (current US$),NE.IMP.GNFS.CD,import_capacity,2013,275806251707.141
United States,USA,Imports of goods and services (current US$),NE.IMP.GNFS.CD,import_capacity,2013,2766375000000.0
World,WLD,Imports of goods and services (current US$),NE.IMP.GNFS.CD,import_capacity,2013,22726015303740.2
United Arab Emirates,ARE,Imports of goods and services (current US$),NE.IMP.GNFS.CD,import_capacity,2014,275110959836.624
Australia,AUS,Imports of goods and services (current US$),NE.IMP.GNFS.CD,import_capacity,2014,314156216978.941
Canada,CAN,Imports of goods and services (current US$),NE.IMP.GNFS.CD,import_capacity,2014,589434433378.268
China,CHN,Imports of goods and services (current US$),NE.IMP.GNFS.CD,import_capacity,2014,2241276198979.27
Germany,DEU,Imports of goods and services (current US$),NE.IMP.GNFS.CD,import_capacity,2014,1393837781387.05
"Egypt, Arab Rep.",EGY,Imports of goods and services (current US$),NE.IMP.GNFS.CD,import_capacity,2014,69296987087.5179
Euro area,EMU,Imports of goods and services (current US$),NE.IMP.GNFS.CD,import_capacity,2014,5474277080197.94
European Union,EUU,Imports of goods and services (current US$),NE.IMP.GNFS.CD,import_capacity,2014,6483314598340.52
France,FRA,Imports of goods and services (current US$),NE.IMP.GNFS.CD,import_capacity,2014,900072034980.075
United Kingdom,GBR,Imports of goods and services (current US$),NE.IMP.GNFS.CD,import_capacity,2014,934525774096.865
Greece,GRC,Imports of goods and services (current US$),NE.IMP.GNFS.CD,import_capacity,2014,79339278431.9307
India,IND,Imports of goods and services (current US$),NE.IMP.GNFS.CD,import_capacity,2014,529239428328.665
Iraq,IRQ,Imports of goods and services (current US$),NE.IMP.GNFS.CD,import_capacity,2014,68617800000.0
Italy,ITA,Imports of goods and services (current US$),NE.IMP.GNFS.CD,import_capacity,2014,561398127135.449
Kuwait,KWT,Imports of goods and services (current US$),NE.IMP.GNFS.CD,import_capacity,2014,51286394768.1917
Lebanon,LBN,Imports of goods and services (current US$),NE.IMP.GNFS.CD,import_capacity,2014,26962653976.1194
Qatar,QAT,Imports of goods and services (current US$),NE.IMP.GNFS.CD,import_capacity,2014,64004395604.3956
Saudi Arabia,SAU,Imports of goods and services (current US$),NE.IMP.GNFS.CD,import_capacity,2014,259006933333.333
Turkiye,TUR,Imports of goods and services (current US$),NE.IMP.GNFS.CD,import_capacity,2014,268468454797.76
United States,USA,Imports of goods and services (current US$),NE.IMP.GNFS.CD,import_capacity,2014,2887445000000.0
World,WLD,Imports of goods and services (current US$),NE.IMP.GNFS.CD,import_capacity,2014,23155541535158.1
United Arab Emirates,ARE,Imports of goods and services (current US$),NE.IMP.GNFS.CD,import_capacity,2015,268999319264.806
Australia,AUS,Imports of goods and services (current US$),NE.IMP.GNFS.CD,import_capacity,2015,291850364122.4
Canada,CAN,Imports of goods and services (current US$),NE.IMP.GNFS.CD,import_capacity,2015,534115083556.223
China,CHN,Imports of goods and services (current US$),NE.IMP.GNFS.CD,import_capacity,2015,2003260696068.67
Germany,DEU,Imports of goods and services (current US$),NE.IMP.GNFS.CD,import_capacity,2015,1204648073431.64
"Egypt, Arab Rep.",EGY,Imports of goods and services (current US$),NE.IMP.GNFS.CD,import_capacity,2015,71347708894.8787
Euro area,EMU,Imports of goods and services (current US$),NE.IMP.GNFS.CD,import_capacity,2015,4836905545916.52
European Union,EUU,Imports of goods and services (current US$),NE.IMP.GNFS.CD,import_capacity,2015,5720134223210.81
France,FRA,Imports of goods and services (current US$),NE.IMP.GNFS.CD,import_capacity,2015,776983112152.851
United Kingdom,GBR,Imports of goods and services (current US$),NE.IMP.GNFS.CD,import_capacity,2015,861463440127.243
Greece,GRC,Imports of goods and services (current US$),NE.IMP.GNFS.CD,import_capacity,2015,64373172350.1679
India,IND,Imports of goods and services (current US$),NE.IMP.GNFS.CD,import_capacity,2015,465097595426.184
Iraq,IRQ,Imports of goods and services (current US$),NE.IMP.GNFS.CD,import_capacity,2015,58500390393.6323
Italy,ITA,Imports of goods and services (current US$),NE.IMP.GNFS.CD,import_capacity,2015,485192095144.804
Kuwait,KWT,Imports of goods and services (current US$),NE.IMP.GNFS.CD,import_capacity,2015,51488579434.4063
Lebanon,LBN,Imports of goods and services (current US$),NE.IMP.GNFS.CD,import_capacity,2015,24315275422.2222
Qatar,QAT,Imports of goods and services (current US$),NE.IMP.GNFS.CD,import_capacity,2015,59271428571.4286
Saudi Arabia,SAU,Imports of goods and services (current US$),NE.IMP.GNFS.CD,import_capacity,2015,247307200000.0
Turkiye,TUR,Imports of goods and services (current US$),NE.IMP.GNFS.CD,import_capacity,2015,230161663398.908
United States,USA,Imports of goods and services (current US$),NE.IMP.GNFS.CD,import_capacity,2015,2794942000000.0
World,WLD,Imports of goods and services (current US$),NE.IMP.GNFS.CD,import_capacity,2015,20701252913667.7
United Arab Emirates,ARE,Imports of goods and services (current US$),NE.IMP.GNFS.CD,import_capacity,2016,270714771953.71
Australia,AUS,Imports of goods and services (current US$),NE.IMP.GNFS.CD,import_capacity,2016,261827324555.529
Canada,CAN,Imports of goods and services (current US$),NE.IMP.GNFS.CD,import_capacity,2016,517396012626.09
China,CHN,Imports of goods and services (current US$),NE.IMP.GNFS.CD,import_capacity,2016,1944490534275.23
Germany,DEU,Imports of goods and services (current US$),NE.IMP.GNFS.CD,import_capacity,2016,1215609853746.31
"Egypt, Arab Rep.",EGY,Imports of goods and services (current US$),NE.IMP.GNFS.CD,import_capacity,2016,66159509202.454
Euro area,EMU,Imports of goods and services (current US$),NE.IMP.GNFS.CD,import_capacity,2016,4905817744159.05
European Union,EUU,Imports of goods and services (current US$),NE.IMP.GNFS.CD,import_capacity,2016,5805425110887.72
France,FRA,Imports of goods and services (current US$),NE.IMP.GNFS.CD,import_capacity,2016,786690099965.255
United Kingdom,GBR,Imports of goods and services (current US$),NE.IMP.GNFS.CD,import_capacity,2016,833100578279.813
Greece,GRC,Imports of goods and services (current US$),NE.IMP.GNFS.CD,import_capacity,2016,62714485982.0044
India,IND,Imports of goods and services (current US$),NE.IMP.GNFS.CD,import_capacity,2016,480169055768.282
Iraq,IRQ,Imports of goods and services (current US$),NE.IMP.GNFS.CD,import_capacity,2016,44153354784.0813
Italy,ITA,Imports of goods and services (current US$),NE.IMP.GNFS.CD,import_capacity,2016,483730717980.818
Kuwait,KWT,Imports of goods and services (current US$),NE.IMP.GNFS.CD,import_capacity,2016,53090012146.8076
Lebanon,LBN,Imports of goods and services (current US$),NE.IMP.GNFS.CD,import_capacity,2016,23526463867.9934
Qatar,QAT,Imports of goods and services (current US$),NE.IMP.GNFS.CD,import_capacity,2016,63475274725.2747
Saudi Arabia,SAU,Imports of goods and services (current US$),NE.IMP.GNFS.CD,import_capacity,2016,198364800000.0
Turkiye,TUR,Imports of goods and services (current US$),NE.IMP.GNFS.CD,import_capacity,2016,219776888913.906
United States,USA,Imports of goods and services (current US$),NE.IMP.GNFS.CD,import_capacity,2016,2738830000000.0
World,WLD,Imports of goods and services (current US$),NE.IMP.GNFS.CD,import_capacity,2016,20310090150526.4
United Arab Emirates,ARE,Imports of goods and services (current US$),NE.IMP.GNFS.CD,import_capacity,2017,285336963921.035
Australia,AUS,Imports of goods and services (current US$),NE.IMP.GNFS.CD,import_capacity,2017,277671313150.053
Canada,CAN,Imports of goods and services (current US$),NE.IMP.GNFS.CD,import_capacity,2017,554922650425.45
China,CHN,Imports of goods and services (current US$),NE.IMP.GNFS.CD,import_capacity,2017,2208518918632.2
Germany,DEU,Imports of goods and services (current US$),NE.IMP.GNFS.CD,import_capacity,2017,1327357307454.12
"Egypt, Arab Rep.",EGY,Imports of goods and services (current US$),NE.IMP.GNFS.CD,import_capacity,2017,69089673913.0435
Euro area,EMU,Imports of goods and services (current US$),NE.IMP.GNFS.CD,import_capacity,2017,5424098020204.06
European Union,EUU,Imports of goods and services (current US$),NE.IMP.GNFS.CD,import_capacity,2017,6433043557190.11
France,FRA,Imports of goods and services (current US$),NE.IMP.GNFS.CD,import_capacity,2017,856501561408.354
United Kingdom,GBR,Imports of goods and services (current US$),NE.IMP.GNFS.CD,import_capacity,2017,869550502969.043
Greece,GRC,Imports of goods and services (current US$),NE.IMP.GNFS.CD,import_capacity,2017,72343865240.0613
India,IND,Imports of goods and services (current US$),NE.IMP.GNFS.CD,import_capacity,2017,582018012521.568
Iraq,IRQ,Imports of goods and services (current US$),NE.IMP.GNFS.CD,import_capacity,2017,48423565033.7838
Italy,ITA,Imports of goods and services (current US$),NE.IMP.GNFS.CD,import_capacity,2017,540827068435.177
Kuwait,KWT,Imports of goods and services (current US$),NE.IMP.GNFS.CD,import_capacity,2017,56293171254.3267
Lebanon,LBN,Imports of goods and services (current US$),NE.IMP.GNFS.CD,import_capacity,2017,24672982325.7048
Qatar,QAT,Imports of goods and services (current US$),NE.IMP.GNFS.CD,import_capacity,2017,62192582417.5824
Saudi Arabia,SAU,Imports of goods and services (current US$),NE.IMP.GNFS.CD,import_capacity,2017,201397866666.667
Turkiye,TUR,Imports of goods and services (current US$),NE.IMP.GNFS.CD,import_capacity,2017,255673681716.1
United States,USA,Imports of goods and services (current US$),NE.IMP.GNFS.CD,import_capacity,2017,2931589000000.0
World,WLD,Imports of goods and services (current US$),NE.IMP.GNFS.CD,import_capacity,2017,22381731654106.2
United Arab Emirates,ARE,Imports of goods and services (current US$),NE.IMP.GNFS.CD,import_capacity,2018,281535738597.685
Australia,AUS,Imports of goods and services (current US$),NE.IMP.GNFS.CD,import_capacity,2018,311861687284.904
Canada,CAN,Imports of goods and services (current US$),NE.IMP.GNFS.CD,import_capacity,2018,591347645767.306
China,CHN,Imports of goods and services (current US$),NE.IMP.GNFS.CD,import_capacity,2018,2564121910994.89
Germany,DEU,Imports of goods and services (current US$),NE.IMP.GNFS.CD,import_capacity,2018,1485437649157.65
"Egypt, Arab Rep.",EGY,Imports of goods and services (current US$),NE.IMP.GNFS.CD,import_capacity,2018,73331457512.6618
Euro area,EMU,Imports of goods and services (current US$),NE.IMP.GNFS.CD,import_capacity,2018,6027255698640.7
European Union,EUU,Imports of goods and services (current US$),NE.IMP.GNFS.CD,import_capacity,2018,7166969695122.11
France,FRA,Imports of goods and services (current US$),NE.IMP.GNFS.CD,import_capacity,2018,942517078079.137
United Kingdom,GBR,Imports of goods and services (current US$),NE.IMP.GNFS.CD,import_capacity,2018,957619509260.342
Greece,GRC,Imports of goods and services (current US$),NE.IMP.GNFS.CD,import_capacity,2018,86614659221.9152
India,IND,Imports of goods and services (current US$),NE.IMP.GNFS.CD,import_capacity,2018,640300806738.542
Iraq,IRQ,Imports of goods and services (current US$),NE.IMP.GNFS.CD,import_capacity,2018,56839934051.9975
Italy,ITA,Imports of goods and services (current US$),NE.IMP.GNFS.CD,import_capacity,2018,597530269520.862
Kuwait,KWT,Imports of goods and services (current US$),NE.IMP.GNFS.CD,import_capacity,2018,63048258686.6961
Lebanon,LBN,Imports of goods and services (current US$),NE.IMP.GNFS.CD,import_capacity,2018,26079751235.1575
Qatar,QAT,Imports of goods and services (current US$),NE.IMP.GNFS.CD,import_capacity,2018,65810989010.989
Saudi Arabia,SAU,Imports of goods and services (current US$),NE.IMP.GNFS.CD,import_capacity,2018,209069066666.667
Turkiye,TUR,Imports of goods and services (current US$),NE.IMP.GNFS.CD,import_capacity,2018,245157569262.505
United States,USA,Imports of goods and services (current US$),NE.IMP.GNFS.CD,import_capacity,2018,3131166000000.0
World,WLD,Imports of goods and services (current US$),NE.IMP.GNFS.CD,import_capacity,2018,24624869331653.6
United Arab Emirates,ARE,Imports of goods and services (current US$),NE.IMP.GNFS.CD,import_capacity,2019,306004084411.164
Australia,AUS,Imports of goods and services (current US$),NE.IMP.GNFS.CD,import_capacity,2019,306786753625.531
Canada,CAN,Imports of goods and services (current US$),NE.IMP.GNFS.CD,import_capacity,2019,589706748631.384
China,CHN,Imports of goods and services (current US$),NE.IMP.GNFS.CD,import_capacity,2019,2521036548136.79
Germany,DEU,Imports of goods and services (current US$),NE.IMP.GNFS.CD,import_capacity,2019,1454588084839.21
"Egypt, Arab Rep.",EGY,Imports of goods and services (current US$),NE.IMP.GNFS.CD,import_capacity,2019,78012528473.8041
Euro area,EMU,Imports of goods and services (current US$),NE.IMP.GNFS.CD,import_capacity,2019,6010930231921.75
European Union,EUU,Imports of goods and services (current US$),NE.IMP.GNFS.CD,import_capacity,2019,7136053672126.28
France,FRA,Imports of goods and services (current US$),NE.IMP.GNFS.CD,import_capacity,2019,913209092423.528
United Kingdom,GBR,Imports of goods and services (current US$),NE.IMP.GNFS.CD,import_capacity,2019,951880342949.163
Greece,GRC,Imports of goods and services (current US$),NE.IMP.GNFS.CD,import_capacity,2019,85057106800.7999
India,IND,Imports of goods and services (current US$),NE.IMP.GNFS.CD,import_capacity,2019,602315056052.526
Iraq,IRQ,Imports of goods and services (current US$),NE.IMP.GNFS.CD,import_capacity,2019,72282500000.0
Italy,ITA,Imports of goods and services (current US$),NE.IMP.GNFS.CD,import_capacity,2019,560326098494.117
Kuwait,KWT,Imports of goods and services (current US$),NE.IMP.GNFS.CD,import_capacity,2019,55817806337.715
Lebanon,LBN,Imports of goods and services (current US$),NE.IMP.GNFS.CD,import_capacity,2019,21820628748.3913
Qatar,QAT,Imports of goods and services (current US$),NE.IMP.GNFS.CD,import_capacity,2019,66769780219.7802
Saudi Arabia,SAU,Imports of goods and services (current US$),NE.IMP.GNFS.CD,import_capacity,2019,218974666666.667
Turkiye,TUR,Imports of goods and services (current US$),NE.IMP.GNFS.CD,import_capacity,2019,229253569685.603
United States,USA,Imports of goods and services (current US$),NE.IMP.GNFS.CD,import_capacity,2019,3116681000000.0
World,WLD,Imports of goods and services (current US$),NE.IMP.GNFS.CD,import_capacity,2019,24329732406068.1
United Arab Emirates,ARE,Imports of goods and services (current US$),NE.IMP.GNFS.CD,import_capacity,2020,297228046289.993
Australia,AUS,Imports of goods and services (current US$),NE.IMP.GNFS.CD,import_capacity,2020,274154332727.111
Canada,CAN,Imports of goods and services (current US$),NE.IMP.GNFS.CD,import_capacity,2020,524572641557.224
China,CHN,Imports of goods and services (current US$),NE.IMP.GNFS.CD,import_capacity,2020,2409650385964.34
Germany,DEU,Imports of goods and services (current US$),NE.IMP.GNFS.CD,import_capacity,2020,1332733837256.03
"Egypt, Arab Rep.",EGY,Imports of goods and services (current US$),NE.IMP.GNFS.CD,import_capacity,2020,75433562071.1167
Euro area,EMU,Imports of goods and services (current US$),NE.IMP.GNFS.CD,import_capacity,2020,5489778653246.24
European Union,EUU,Imports of goods and services (current US$),NE.IMP.GNFS.CD,import_capacity,2020,6545986249538.14
France,FRA,Imports of goods and services (current US$),NE.IMP.GNFS.CD,import_capacity,2020,801836174373.076
United Kingdom,GBR,Imports of goods and services (current US$),NE.IMP.GNFS.CD,import_capacity,2020,795714534395.164
Greece,GRC,Imports of goods and services (current US$),NE.IMP.GNFS.CD,import_capacity,2020,74331725300.7955
India,IND,Imports of goods and services (current US$),NE.IMP.GNFS.CD,import_capacity,2020,510244747372.174
Iraq,IRQ,Imports of goods and services (current US$),NE.IMP.GNFS.CD,import_capacity,2020,54255237619.389
Italy,ITA,Imports of goods and services (current US$),NE.IMP.GNFS.CD,import_capacity,2020,480945200912.997
Kuwait,KWT,Imports of goods and services (current US$),NE.IMP.GNFS.CD,import_capacity,2020,42529707771.5334
Lebanon,LBN,Imports of goods and services (current US$),NE.IMP.GNFS.CD,import_capacity,2020,10705132083.243
Qatar,QAT,Imports of goods and services (current US$),NE.IMP.GNFS.CD,import_capacity,2020,59064560439.5604
Saudi Arabia,SAU,Imports of goods and services (current US$),NE.IMP.GNFS.CD,import_capacity,2020,182183733333.333
Turkiye,TUR,Imports of goods and services (current US$),NE.IMP.GNFS.CD,import_capacity,2020,232192230750.627
United States,USA,Imports of goods and services (current US$),NE.IMP.GNFS.CD,import_capacity,2020,2782391000000.0
World,WLD,Imports of goods and services (current US$),NE.IMP.GNFS.CD,import_capacity,2020,21926040204088.6
United Arab Emirates,ARE,Imports of goods and services (current US$),NE.IMP.GNFS.CD,import_capacity,2021,347528931245.745
Australia,AUS,Imports of goods and services (current US$),NE.IMP.GNFS.CD,import_capacity,2021,284038962017.929
Canada,CAN,Imports of goods and services (current US$),NE.IMP.GNFS.CD,import_capacity,2021,628388638999.206
China,CHN,Imports of goods and services (current US$),NE.IMP.GNFS.CD,import_capacity,2021,3132116155606.12
Germany,DEU,Imports of goods and services (current US$),NE.IMP.GNFS.CD,import_capacity,2021,1628851031193.77
"Egypt, Arab Rep.",EGY,Imports of goods and services (current US$),NE.IMP.GNFS.CD,import_capacity,2021,81943913320.5864
Euro area,EMU,Imports of goods and services (current US$),NE.IMP.GNFS.CD,import_capacity,2021,6697048882918.29
European Union,EUU,Imports of goods and services (current US$),NE.IMP.GNFS.CD,import_capacity,2021,8032231799727.35
France,FRA,Imports of goods and services (current US$),NE.IMP.GNFS.CD,import_capacity,2021,964103785591.845
United Kingdom,GBR,Imports of goods and services (current US$),NE.IMP.GNFS.CD,import_capacity,2021,934375952193.96
Greece,GRC,Imports of goods and services (current US$),NE.IMP.GNFS.CD,import_capacity,2021,104244992301.975
India,IND,Imports of goods and services (current US$),NE.IMP.GNFS.CD,import_capacity,2021,760902891806.013
Iraq,IRQ,Imports of goods and services (current US$),NE.IMP.GNFS.CD,import_capacity,2021,50706900000.0
Italy,ITA,Imports of goods and services (current US$),NE.IMP.GNFS.CD,import_capacity,2021,634811260435.649
Kuwait,KWT,Imports of goods and services (current US$),NE.IMP.GNFS.CD,import_capacity,2021,44912694808.101
Lebanon,LBN,Imports of goods and services (current US$),NE.IMP.GNFS.CD,import_capacity,2021,12214357413.8664
Qatar,QAT,Imports of goods and services (current US$),NE.IMP.GNFS.CD,import_capacity,2021,61204395604.3956
Saudi Arabia,SAU,Imports of goods and services (current US$),NE.IMP.GNFS.CD,import_capacity,2021,213515200000.0
Turkiye,TUR,Imports of goods and services (current US$),NE.IMP.GNFS.CD,import_capacity,2021,290243026942.939
United States,USA,Imports of goods and services (current US$),NE.IMP.GNFS.CD,import_capacity,2021,3417930000000.0
World,WLD,Imports of goods and services (current US$),NE.IMP.GNFS.CD,import_capacity,2021,27196401272251.4
United Arab Emirates,ARE,Imports of goods and services (current US$),NE.IMP.GNFS.CD,import_capacity,2022,427991831177.672
Australia,AUS,Imports of goods and services (current US$),NE.IMP.GNFS.CD,import_capacity,2022,343078219088.328
Canada,CAN,Imports of goods and services (current US$),NE.IMP.GNFS.CD,import_capacity,2022,731290006744.08
China,CHN,Imports of goods and services (current US$),NE.IMP.GNFS.CD,import_capacity,2022,3166016135468.4
Germany,DEU,Imports of goods and services (current US$),NE.IMP.GNFS.CD,import_capacity,2022,1813049636001.95
"Egypt, Arab Rep.",EGY,Imports of goods and services (current US$),NE.IMP.GNFS.CD,import_capacity,2022,104389057750.76
Euro area,EMU,Imports of goods and services (current US$),NE.IMP.GNFS.CD,import_capacity,2022,7592026009773.97
European Union,EUU,Imports of goods and services (current US$),NE.IMP.GNFS.CD,import_capacity,2022,9096211950514.63
France,FRA,Imports of goods and services (current US$),NE.IMP.GNFS.CD,import_capacity,2022,1099664152806.23
United Kingdom,GBR,Imports of goods and services (current US$),NE.IMP.GNFS.CD,import_capacity,2022,1117793765633.44
Greece,GRC,Imports of goods and services (current US$),NE.IMP.GNFS.CD,import_capacity,2022,128374908056.72
India,IND,Imports of goods and services (current US$),NE.IMP.GNFS.CD,import_capacity,2022,866361019118.766
Iraq,IRQ,Imports of goods and services (current US$),NE.IMP.GNFS.CD,import_capacity,2022,69638475862.069
Italy,ITA,Imports of goods and services (current US$),NE.IMP.GNFS.CD,import_capacity,2022,776766269322.766
Kuwait,KWT,Imports of goods and services (current US$),NE.IMP.GNFS.CD,import_capacity,2022,55913469387.7551
Lebanon,LBN,Imports of goods and services (current US$),NE.IMP.GNFS.CD,import_capacity,2022,16806427844.3004
Qatar,QAT,Imports of goods and services (current US$),NE.IMP.GNFS.CD,import_capacity,2022,74520054945.0549
Saudi Arabia,SAU,Imports of goods and services (current US$),NE.IMP.GNFS.CD,import_capacity,2022,258212800000.0
Turkiye,TUR,Imports of goods and services (current US$),NE.IMP.GNFS.CD,import_capacity,2022,386711092836.606
United States,USA,Imports of goods and services (current US$),NE.IMP.GNFS.CD,import_capacity,2022,3974319000000.0
World,WLD,Imports of goods and services (current US$),NE.IMP.GNFS.CD,import_capacity,2022,30808072350614.2
United Arab Emirates,ARE,Imports of goods and services (current US$),NE.IMP.GNFS.CD,import_capacity,2023,481851599727.706
Australia,AUS,Imports of goods and services (current US$),NE.IMP.GNFS.CD,import_capacity,2023,387533147572.319
Canada,CAN,Imports of goods and services (current US$),NE.IMP.GNFS.CD,import_capacity,2023,729991623300.122
China,CHN,Imports of goods and services (current US$),NE.IMP.GNFS.CD,import_capacity,2023,3167502597276.28
Germany,DEU,Imports of goods and services (current US$),NE.IMP.GNFS.CD,import_capacity,2023,1779045873341.21
"Egypt, Arab Rep.",EGY,Imports of goods and services (current US$),NE.IMP.GNFS.CD,import_capacity,2023,84507685809.5003
Euro area,EMU,Imports of goods and services (current US$),NE.IMP.GNFS.CD,import_capacity,2023,7468597071113.62
European Union,EUU,Imports of goods and services (current US$),NE.IMP.GNFS.CD,import_capacity,2023,8976887593003.76
France,FRA,Imports of goods and services (current US$),NE.IMP.GNFS.CD,import_capacity,2023,1105442442028.06
United Kingdom,GBR,Imports of goods and services (current US$),NE.IMP.GNFS.CD,import_capacity,2023,1131603446867.99
Greece,GRC,Imports of goods and services (current US$),NE.IMP.GNFS.CD,import_capacity,2023,118150196971.124
India,IND,Imports of goods and services (current US$),NE.IMP.GNFS.CD,import_capacity,2023,839102411987.341
Iraq,IRQ,Imports of goods and services (current US$),NE.IMP.GNFS.CD,import_capacity,2023,80207455823.6747
Italy,ITA,Imports of goods and services (current US$),NE.IMP.GNFS.CD,import_capacity,2023,736153956396.287
Kuwait,KWT,Imports of goods and services (current US$),NE.IMP.GNFS.CD,import_capacity,2023,63425622995.9145
Lebanon,LBN,Imports of goods and services (current US$),NE.IMP.GNFS.CD,import_capacity,2023,14788907442.7926
Saudi Arabia,SAU,Imports of goods and services (current US$),NE.IMP.GNFS.CD,import_capacity,2023,305152000000.0
Turkiye,TUR,Imports of goods and services (current US$),NE.IMP.GNFS.CD,import_capacity,2023,385393330658.642
United States,USA,Imports of goods and services (current US$),NE.IMP.GNFS.CD,import_capacity,2023,3859856000000.0
World,WLD,Imports of goods and services (current US$),NE.IMP.GNFS.CD,import_capacity,2023,30377560788066.7
Australia,AUS,Imports of goods and services (current US$),NE.IMP.GNFS.CD,import_capacity,2024,395749225409.455
Canada,CAN,Imports of goods and services (current US$),NE.IMP.GNFS.CD,import_capacity,2024,741233987715.737
China,CHN,Imports of goods and services (current US$),NE.IMP.GNFS.CD,import_capacity,2024,3280170243047.19
Germany,DEU,Imports of goods and services (current US$),NE.IMP.GNFS.CD,import_capacity,2024,1764438191610.94
"Egypt, Arab Rep.",EGY,Imports of goods and services (current US$),NE.IMP.GNFS.CD,import_capacity,2024,90357257364.1562
Euro area,EMU,Imports of goods and services (current US$),NE.IMP.GNFS.CD,import_capacity,2024,7444068242348.56
European Union,EUU,Imports of goods and services (current US$),NE.IMP.GNFS.CD,import_capacity,2024,8991846290307.12
France,FRA,Imports of goods and services (current US$),NE.IMP.GNFS.CD,import_capacity,2024,1081453951068.75
United Kingdom,GBR,Imports of goods and services (current US$),NE.IMP.GNFS.CD,import_capacity,2024,1174549941083.14
Greece,GRC,Imports of goods and services (current US$),NE.IMP.GNFS.CD,import_capacity,2024,122135634583.353
India,IND,Imports of goods and services (current US$),NE.IMP.GNFS.CD,import_capacity,2024,897055898132.0
Iraq,IRQ,Imports of goods and services (current US$),NE.IMP.GNFS.CD,import_capacity,2024,104517100000.0
Italy,ITA,Imports of goods and services (current US$),NE.IMP.GNFS.CD,import_capacity,2024,721169108147.031
Kuwait,KWT,Imports of goods and services (current US$),NE.IMP.GNFS.CD,import_capacity,2024,61521205382.6164
Lebanon,LBN,Imports of goods and services (current US$),NE.IMP.GNFS.CD,import_capacity,2024,15301404346.3687
Saudi Arabia,SAU,Imports of goods and services (current US$),NE.IMP.GNFS.CD,import_capacity,2024,338830400000.0
Turkiye,TUR,Imports of goods and services (current US$),NE.IMP.GNFS.CD,import_capacity,2024,367379077168.558
United States,USA,Imports of goods and services (current US$),NE.IMP.GNFS.CD,import_capacity,2024,4113828000000.0
World,WLD,Imports of goods and services (current US$),NE.IMP.GNFS.CD,import_capacity,2024,31392679664388.6
Australia,AUS,Imports of goods and services (current US$),NE.IMP.GNFS.CD,import_capacity,2025,407490633310.53
Canada,CAN,Imports of goods and services (current US$),NE.IMP.GNFS.CD,import_capacity,2025,746500089837.294
China,CHN,Imports of goods and services (current US$),NE.IMP.GNFS.CD,import_capacity,2025,3292280901123.49
Germany,DEU,Imports of goods and services (current US$),NE.IMP.GNFS.CD,import_capacity,2025,1923292318697.25
"Egypt, Arab Rep.",EGY,Imports of goods and services (current US$),NE.IMP.GNFS.CD,import_capacity,2025,115107510878.37
Euro area,EMU,Imports of goods and services (current US$),NE.IMP.GNFS.CD,import_capacity,2025,8048425448247.99
European Union,EUU,Imports of goods and services (current US$),NE.IMP.GNFS.CD,import_capacity,2025,9732689207373.9
France,FRA,Imports of goods and services (current US$),NE.IMP.GNFS.CD,import_capacity,2025,1137799795606.86
United Kingdom,GBR,Imports of goods and services (current US$),NE.IMP.GNFS.CD,import_capacity,2025,1275239250327.84
Greece,GRC,Imports of goods and services (current US$),NE.IMP.GNFS.CD,import_capacity,2025,123451154937.678
India,IND,Imports of goods and services (current US$),NE.IMP.GNFS.CD,import_capacity,2025,949660225776.158
Italy,ITA,Imports of goods and services (current US$),NE.IMP.GNFS.CD,import_capacity,2025,773024967143.803
Saudi Arabia,SAU,Imports of goods and services (current US$),NE.IMP.GNFS.CD,import_capacity,2025,359757600000.0
Turkiye,TUR,Imports of goods and services (current US$),NE.IMP.GNFS.CD,import_capacity,2025,400679511057.207
World,WLD,Imports of goods and services (current US$),NE.IMP.GNFS.CD,import_capacity,2025,33728843548701.2
Australia,AUS,GDP (current US$),NY.GDP.MKTP.CD,market_size,1960,18635682981.7093
Canada,CAN,GDP (current US$),NY.GDP.MKTP.CD,market_size,1960,40563768946.9503
China,CHN,GDP (current US$),NY.GDP.MKTP.CD,market_size,1960,59846235024.7318
Germany,DEU,GDP (current US$),NY.GDP.MKTP.CD,market_size,1960,84619845881.2608
"Egypt, Arab Rep.",EGY,GDP (current US$),NY.GDP.MKTP.CD,market_size,1960,4206270352.22633
Euro area,EMU,GDP (current US$),NY.GDP.MKTP.CD,market_size,1960,253502941189.489
European Union,EUU,GDP (current US$),NY.GDP.MKTP.CD,market_size,1960,285352082350.638
France,FRA,GDP (current US$),NY.GDP.MKTP.CD,market_size,1960,61959085885.3427
United Kingdom,GBR,GDP (current US$),NY.GDP.MKTP.CD,market_size,1960,73233967692.1028
Greece,GRC,GDP (current US$),NY.GDP.MKTP.CD,market_size,1960,4274890306.82895
India,IND,GDP (current US$),NY.GDP.MKTP.CD,market_size,1960,37029883876.1839
Iraq,IRQ,GDP (current US$),NY.GDP.MKTP.CD,market_size,1960,1537252193.09912
Italy,ITA,GDP (current US$),NY.GDP.MKTP.CD,market_size,1960,42012422612.3955
Saudi Arabia,SAU,GDP (current US$),NY.GDP.MKTP.CD,market_size,1960,1748124063.55556
Turkiye,TUR,GDP (current US$),NY.GDP.MKTP.CD,market_size,1960,7566666666.66667
United States,USA,GDP (current US$),NY.GDP.MKTP.CD,market_size,1960,541988586206.897
World,WLD,GDP (current US$),NY.GDP.MKTP.CD,market_size,1960,1367697816706.48
Australia,AUS,GDP (current US$),NY.GDP.MKTP.CD,market_size,1961,19713123154.0997
Canada,CAN,GDP (current US$),NY.GDP.MKTP.CD,market_size,1961,41038192837.9035
China,CHN,GDP (current US$),NY.GDP.MKTP.CD,market_size,1961,50162299349.7871
Germany,DEU,GDP (current US$),NY.GDP.MKTP.CD,market_size,1961,96558204043.1028
"Egypt, Arab Rep.",EGY,GDP (current US$),NY.GDP.MKTP.CD,market_size,1961,4494575611.21289
Euro area,EMU,GDP (current US$),NY.GDP.MKTP.CD,market_size,1961,282176307654.421
European Union,EUU,GDP (current US$),NY.GDP.MKTP.CD,market_size,1961,317180166580.278
France,FRA,GDP (current US$),NY.GDP.MKTP.CD,market_size,1961,67158050215.0488
United Kingdom,GBR,GDP (current US$),NY.GDP.MKTP.CD,market_size,1961,77741965703.3544
Greece,GRC,GDP (current US$),NY.GDP.MKTP.CD,market_size,1961,4892397431.33292
India,IND,GDP (current US$),NY.GDP.MKTP.CD,market_size,1961,39232435784.0358
Iraq,IRQ,GDP (current US$),NY.GDP.MKTP.CD,market_size,1961,1671960965.21561
Italy,ITA,GDP (current US$),NY.GDP.MKTP.CD,market_size,1961,46649487320.4225
Saudi Arabia,SAU,GDP (current US$),NY.GDP.MKTP.CD,market_size,1961,1920811284.22222
Turkiye,TUR,GDP (current US$),NY.GDP.MKTP.CD,market_size,1961,7988888888.88889
United States,USA,GDP (current US$),NY.GDP.MKTP.CD,market_size,1961,561940310344.828
World,WLD,GDP (current US$),NY.GDP.MKTP.CD,market_size,1961,1445418078270.82
Australia,AUS,GDP (current US$),NY.GDP.MKTP.CD,market_size,1962,19953923192.6277
Canada,CAN,GDP (current US$),NY.GDP.MKTP.CD,market_size,1962,42336211555.8268
China,CHN,GDP (current US$),NY.GDP.MKTP.CD,market_size,1962,47310737754.2287
Germany,DEU,GDP (current US$),NY.GDP.MKTP.CD,market_size,1962,105895435234.343
"Egypt, Arab Rep.",EGY,GDP (current US$),NY.GDP.MKTP.CD,market_size,1962,4035462027.39753
Euro area,EMU,GDP (current US$),NY.GDP.MKTP.CD,market_size,1962,312014889822.015
European Union,EUU,GDP (current US$),NY.GDP.MKTP.CD,market_size,1962,350488733659.737
France,FRA,GDP (current US$),NY.GDP.MKTP.CD,market_size,1962,75196980365.0325
United Kingdom,GBR,GDP (current US$),NY.GDP.MKTP.CD,market_size,1962,81247564156.8246
Greece,GRC,GDP (current US$),NY.GDP.MKTP.CD,market_size,1962,5140542929.42067
India,IND,GDP (current US$),NY.GDP.MKTP.CD,market_size,1962,42161481858.0819
Iraq,IRQ,GDP (current US$),NY.GDP.MKTP.CD,market_size,1962,1784174540.73018
Italy,ITA,GDP (current US$),NY.GDP.MKTP.CD,market_size,1962,52413872628.0045
Kuwait,KWT,GDP (current US$),NY.GDP.MKTP.CD,market_size,1962,1828107502.79955
Saudi Arabia,SAU,GDP (current US$),NY.GDP.MKTP.CD,market_size,1962,2130606531.77778
Turkiye,TUR,GDP (current US$),NY.GDP.MKTP.CD,market_size,1962,8922222222.22222
United States,USA,GDP (current US$),NY.GDP.MKTP.CD,market_size,1962,603639413793.103
World,WLD,GDP (current US$),NY.GDP.MKTP.CD,market_size,1962,1546545764840.33
Australia,AUS,GDP (current US$),NY.GDP.MKTP.CD,market_size,1963,21573443451.751
Canada,CAN,GDP (current US$),NY.GDP.MKTP.CD,market_size,1963,45140337826.9869
China,CHN,GDP (current US$),NY.GDP.MKTP.CD,market_size,1963,50812227918.5753
Germany,DEU,GDP (current US$),NY.GDP.MKTP.CD,market_size,1963,112232503744.1
"Egypt, Arab Rep.",EGY,GDP (current US$),NY.GDP.MKTP.CD,market_size,1963,4187146231.56839
Euro area,EMU,GDP (current US$),NY.GDP.MKTP.CD,market_size,1963,343339367884.956
European Union,EUU,GDP (current US$),NY.GDP.MKTP.CD,market_size,1963,385017342398.389
France,FRA,GDP (current US$),NY.GDP.MKTP.CD,market_size,1963,84227606649.8725
United Kingdom,GBR,GDP (current US$),NY.GDP.MKTP.CD,market_size,1963,86561961812.3249
Greece,GRC,GDP (current US$),NY.GDP.MKTP.CD,market_size,1963,5813285626.64404
India,IND,GDP (current US$),NY.GDP.MKTP.CD,market_size,1963,48421923459.1235
Iraq,IRQ,GDP (current US$),NY.GDP.MKTP.CD,market_size,1963,1805901510.0394
Italy,ITA,GDP (current US$),NY.GDP.MKTP.CD,market_size,1963,60035924617.9277
Kuwait,KWT,GDP (current US$),NY.GDP.MKTP.CD,market_size,1963,1900895856.66293
Saudi Arabia,SAU,GDP (current US$),NY.GDP.MKTP.CD,market_size,1963,2207393171.55556
Turkiye,TUR,GDP (current US$),NY.GDP.MKTP.CD,market_size,1963,10355555555.5556
United States,USA,GDP (current US$),NY.GDP.MKTP.CD,market_size,1963,637058551724.138
World,WLD,GDP (current US$),NY.GDP.MKTP.CD,market_size,1963,1672226662378.7
Australia,AUS,GDP (current US$),NY.GDP.MKTP.CD,market_size,1964,23835843813.735
Canada,CAN,GDP (current US$),NY.GDP.MKTP.CD,market_size,1964,49503663836.3665
China,CHN,GDP (current US$),NY.GDP.MKTP.CD,market_size,1964,59821862703.4023
Germany,DEU,GDP (current US$),NY.GDP.MKTP.CD,market_size,1964,123330404665.086
"Egypt, Arab Rep.",EGY,GDP (current US$),NY.GDP.MKTP.CD,market_size,1964,4709245761.67881
Euro area,EMU,GDP (current US$),NY.GDP.MKTP.CD,market_size,1964,380427631668.91
European Union,EUU,GDP (current US$),NY.GDP.MKTP.CD,market_size,1964,427074637457.763
France,FRA,GDP (current US$),NY.GDP.MKTP.CD,market_size,1964,93424179943.3453
United Kingdom,GBR,GDP (current US$),NY.GDP.MKTP.CD,market_size,1964,94407558351.1616
Greece,GRC,GDP (current US$),NY.GDP.MKTP.CD,market_size,1964,6576906345.11518
India,IND,GDP (current US$),NY.GDP.MKTP.CD,market_size,1964,56480289940.9899
Iraq,IRQ,GDP (current US$),NY.GDP.MKTP.CD,market_size,1964,2136408197.83672
Italy,ITA,GDP (current US$),NY.GDP.MKTP.CD,market_size,1964,65720771779.4768
Kuwait,KWT,GDP (current US$),NY.GDP.MKTP.CD,market_size,1964,2071668533.03471
Saudi Arabia,SAU,GDP (current US$),NY.GDP.MKTP.CD,market_size,1964,2371808712.88889
Turkiye,TUR,GDP (current US$),NY.GDP.MKTP.CD,market_size,1964,11177777777.7778
United States,USA,GDP (current US$),NY.GDP.MKTP.CD,market_size,1964,684144620689.655
World,WLD,GDP (current US$),NY.GDP.MKTP.CD,market_size,1964,1833219012877.02
Australia,AUS,GDP (current US$),NY.GDP.MKTP.CD,market_size,1965,26014244162.2791
Canada,CAN,GDP (current US$),NY.GDP.MKTP.CD,market_size,1965,54649410478.5226
China,CHN,GDP (current US$),NY.GDP.MKTP.CD,market_size,1965,70565994356.1828
Germany,DEU,GDP (current US$),NY.GDP.MKTP.CD,market_size,1965,134774688191.161
"Egypt, Arab Rep.",EGY,GDP (current US$),NY.GDP.MKTP.CD,market_size,1965,4948667540.41066
Euro area,EMU,GDP (current US$),NY.GDP.MKTP.CD,market_size,1965,415866726707.764
European Union,EUU,GDP (current US$),NY.GDP.MKTP.CD,market_size,1965,467340971796.324
France,FRA,GDP (current US$),NY.GDP.MKTP.CD,market_size,1965,100927668584.29
United Kingdom,GBR,GDP (current US$),NY.GDP.MKTP.CD,market_size,1965,101824755078.991
Greece,GRC,GDP (current US$),NY.GDP.MKTP.CD,market_size,1965,7582209670.27425
India,IND,GDP (current US$),NY.GDP.MKTP.CD,market_size,1965,59556105229.0052
Iraq,IRQ,GDP (current US$),NY.GDP.MKTP.CD,market_size,1965,2335785506.0858
Italy,ITA,GDP (current US$),NY.GDP.MKTP.CD,market_size,1965,70717012186.1774
Jordan,JOR,GDP (current US$),NY.GDP.MKTP.CD,market_size,1965,599759760.096096
Kuwait,KWT,GDP (current US$),NY.GDP.MKTP.CD,market_size,1965,2097199161.12034
Saudi Arabia,SAU,GDP (current US$),NY.GDP.MKTP.CD,market_size,1965,2647955557.55556
Turkiye,TUR,GDP (current US$),NY.GDP.MKTP.CD,market_size,1965,11966666666.6667
United States,USA,GDP (current US$),NY.GDP.MKTP.CD,market_size,1965,741904862068.965
World,WLD,GDP (current US$),NY.GDP.MKTP.CD,market_size,1965,1997655804366.35
Australia,AUS,GDP (current US$),NY.GDP.MKTP.CD,market_size,1966,27349284375.8855
Canada,CAN,GDP (current US$),NY.GDP.MKTP.CD,market_size,1966,61252415404.686
China,CHN,GDP (current US$),NY.GDP.MKTP.CD,market_size,1966,76854053259.209
Germany,DEU,GDP (current US$),NY.GDP.MKTP.CD,market_size,1966,143304275683.979
"Egypt, Arab Rep.",EGY,GDP (current US$),NY.GDP.MKTP.CD,market_size,1966,5278005611.91453
Euro area,EMU,GDP (current US$),NY.GDP.MKTP.CD,market_size,1966,449862539143.705
European Union,EUU,GDP (current US$),NY.GDP.MKTP.CD,market_size,1966,505884660005.592
France,FRA,GDP (current US$),NY.GDP.MKTP.CD,market_size,1966,109306730313.216
United Kingdom,GBR,GDP (current US$),NY.GDP.MKTP.CD,market_size,1966,108572752102.045
Greece,GRC,GDP (current US$),NY.GDP.MKTP.CD,market_size,1966,8472021466.86847
India,IND,GDP (current US$),NY.GDP.MKTP.CD,market_size,1966,45581230504.071
Iraq,IRQ,GDP (current US$),NY.GDP.MKTP.CD,market_size,1966,2530306095.87756
Italy,ITA,GDP (current US$),NY.GDP.MKTP.CD,market_size,1966,76622444787.3696
Jordan,JOR,GDP (current US$),NY.GDP.MKTP.CD,market_size,1966,657999736.800105
Kuwait,KWT,GDP (current US$),NY.GDP.MKTP.CD,market_size,1966,2391199043.52038
Saudi Arabia,SAU,GDP (current US$),NY.GDP.MKTP.CD,market_size,1966,2920555557.11111
Turkiye,TUR,GDP (current US$),NY.GDP.MKTP.CD,market_size,1966,14100000000.0
United States,USA,GDP (current US$),NY.GDP.MKTP.CD,market_size,1966,813032758620.69
World,WLD,GDP (current US$),NY.GDP.MKTP.CD,market_size,1966,2165498646895.2
Australia,AUS,GDP (current US$),NY.GDP.MKTP.CD,market_size,1967,30487524878.004
Canada,CAN,GDP (current US$),NY.GDP.MKTP.CD,market_size,1967,65856924423.9721
China,CHN,GDP (current US$),NY.GDP.MKTP.CD,market_size,1967,73011350596.2485
Germany,DEU,GDP (current US$),NY.GDP.MKTP.CD,market_size,1967,145100667772.69
"Egypt, Arab Rep.",EGY,GDP (current US$),NY.GDP.MKTP.CD,market_size,1967,5605484298.98275
Euro area,EMU,GDP (current US$),NY.GDP.MKTP.CD,market_size,1967,477982513760.273
European Union,EUU,GDP (current US$),NY.GDP.MKTP.CD,market_size,1967,538565381543.373
France,FRA,GDP (current US$),NY.GDP.MKTP.CD,market_size,1967,118088635380.954
United Kingdom,GBR,GDP (current US$),NY.GDP.MKTP.CD,market_size,1967,113116888210.787
Greece,GRC,GDP (current US$),NY.GDP.MKTP.CD,market_size,1967,9146592855.683
India,IND,GDP (current US$),NY.GDP.MKTP.CD,market_size,1967,50134942204.0
Iraq,IRQ,GDP (current US$),NY.GDP.MKTP.CD,market_size,1967,2551522656.19094
Italy,ITA,GDP (current US$),NY.GDP.MKTP.CD,market_size,1967,84401995573.2456
Jordan,JOR,GDP (current US$),NY.GDP.MKTP.CD,market_size,1967,631679747.328101
Kuwait,KWT,GDP (current US$),NY.GDP.MKTP.CD,market_size,1967,2441599023.36039
Saudi Arabia,SAU,GDP (current US$),NY.GDP.MKTP.CD,market_size,1967,3257022222.66667
Turkiye,TUR,GDP (current US$),NY.GDP.MKTP.CD,market_size,1967,15644444444.4444
United States,USA,GDP (current US$),NY.GDP.MKTP.CD,market_size,1967,859620034482.759
World,WLD,GDP (current US$),NY.GDP.MKTP.CD,market_size,1967,2298119095631.23
Australia,AUS,GDP (current US$),NY.GDP.MKTP.CD,market_size,1968,32763365242.1384
Canada,CAN,GDP (current US$),NY.GDP.MKTP.CD,market_size,1968,72048833006.1602
China,CHN,GDP (current US$),NY.GDP.MKTP.CD,market_size,1968,70980323818.7853
Germany,DEU,GDP (current US$),NY.GDP.MKTP.CD,market_size,1968,156527292653.157
"Egypt, Arab Rep.",EGY,GDP (current US$),NY.GDP.MKTP.CD,market_size,1968,5932242990.65421
Euro area,EMU,GDP (current US$),NY.GDP.MKTP.CD,market_size,1968,513809275690.633
European Union,EUU,GDP (current US$),NY.GDP.MKTP.CD,market_size,1968,577943413517.359
France,FRA,GDP (current US$),NY.GDP.MKTP.CD,market_size,1968,128710572572.436
United Kingdom,GBR,GDP (current US$),NY.GDP.MKTP.CD,market_size,1968,107759910067.889
Greece,GRC,GDP (current US$),NY.GDP.MKTP.CD,market_size,1968,9950331205.83108
India,IND,GDP (current US$),NY.GDP.MKTP.CD,market_size,1968,53085455870.6667
Iraq,IRQ,GDP (current US$),NY.GDP.MKTP.CD,market_size,1968,2896598841.36046
Italy,ITA,GDP (current US$),NY.GDP.MKTP.CD,market_size,1968,91485448147.84
Jordan,JOR,GDP (current US$),NY.GDP.MKTP.CD,market_size,1968,561119775.55209
Kuwait,KWT,GDP (current US$),NY.GDP.MKTP.CD,market_size,1968,2662798934.88043
Saudi Arabia,SAU,GDP (current US$),NY.GDP.MKTP.CD,market_size,1968,4187777711.11111
Turkiye,TUR,GDP (current US$),NY.GDP.MKTP.CD,market_size,1968,17500000000.0
United States,USA,GDP (current US$),NY.GDP.MKTP.CD,market_size,1968,940225000000.0
World,WLD,GDP (current US$),NY.GDP.MKTP.CD,market_size,1968,2483627131302.64
Australia,AUS,GDP (current US$),NY.GDP.MKTP.CD,market_size,1969,36738245878.1193
Canada,CAN,GDP (current US$),NY.GDP.MKTP.CD,market_size,1969,79405011124.8208
China,CHN,GDP (current US$),NY.GDP.MKTP.CD,market_size,1969,79847786729.1898
Germany,DEU,GDP (current US$),NY.GDP.MKTP.CD,market_size,1969,177733486326.06
"Egypt, Arab Rep.",EGY,GDP (current US$),NY.GDP.MKTP.CD,market_size,1969,6524455205.81114
Euro area,EMU,GDP (current US$),NY.GDP.MKTP.CD,market_size,1969,574002667853.304
European Union,EUU,GDP (current US$),NY.GDP.MKTP.CD,market_size,1969,644943176852.634
France,FRA,GDP (current US$),NY.GDP.MKTP.CD,market_size,1969,140660914840.59
United Kingdom,GBR,GDP (current US$),NY.GDP.MKTP.CD,market_size,1969,116464702803.218
Greece,GRC,GDP (current US$),NY.GDP.MKTP.CD,market_size,1969,11454106327.0756
India,IND,GDP (current US$),NY.GDP.MKTP.CD,market_size,1969,58447995017.3333
Iraq,IRQ,GDP (current US$),NY.GDP.MKTP.CD,market_size,1969,3007758796.89648
Italy,ITA,GDP (current US$),NY.GDP.MKTP.CD,market_size,1969,100996667239.335
Jordan,JOR,GDP (current US$),NY.GDP.MKTP.CD,market_size,1969,698879720.448112
Kuwait,KWT,GDP (current US$),NY.GDP.MKTP.CD,market_size,1969,2769198892.32044
Saudi Arabia,SAU,GDP (current US$),NY.GDP.MKTP.CD,market_size,1969,4485777644.44444
Turkiye,TUR,GDP (current US$),NY.GDP.MKTP.CD,market_size,1969,19466666666.6667
United States,USA,GDP (current US$),NY.GDP.MKTP.CD,market_size,1969,1017438172413.79
World,WLD,GDP (current US$),NY.GDP.MKTP.CD,market_size,1969,2743573825629.55
United Arab Emirates,ARE,GDP (current US$),NY.GDP.MKTP.CD,market_size,1970,685986701.316701
Australia,AUS,GDP (current US$),NY.GDP.MKTP.CD,market_size,1970,41395206623.2331
Canada,CAN,GDP (current US$),NY.GDP.MKTP.CD,market_size,1970,88192257632.3093
China,CHN,GDP (current US$),NY.GDP.MKTP.CD,market_size,1970,92752930873.1912
Germany,DEU,GDP (current US$),NY.GDP.MKTP.CD,market_size,1970,216629229947.096
"Egypt, Arab Rep.",EGY,GDP (current US$),NY.GDP.MKTP.CD,market_size,1970,8042200452.1477
Euro area,EMU,GDP (current US$),NY.GDP.MKTP.CD,market_size,1970,650336369995.602
European Union,EUU,GDP (current US$),NY.GDP.MKTP.CD,market_size,1970,729448866507.282
France,FRA,GDP (current US$),NY.GDP.MKTP.CD,market_size,1970,147312861698.358
United Kingdom,GBR,GDP (current US$),NY.GDP.MKTP.CD,market_size,1970,130671946244.3
Greece,GRC,GDP (current US$),NY.GDP.MKTP.CD,market_size,1970,12957113636.3636
India,IND,GDP (current US$),NY.GDP.MKTP.CD,market_size,1970,62422483054.6667
Iraq,IRQ,GDP (current US$),NY.GDP.MKTP.CD,market_size,1970,3281318687.47253
Italy,ITA,GDP (current US$),NY.GDP.MKTP.CD,market_size,1970,113656669764.56
Jordan,JOR,GDP (current US$),NY.GDP.MKTP.CD,market_size,1970,639519744.192102
Kuwait,KWT,GDP (current US$),NY.GDP.MKTP.CD,market_size,1970,2873638850.54446
Qatar,QAT,GDP (current US$),NY.GDP.MKTP.CD,market_size,1970,301791301.791302
Saudi Arabia,SAU,GDP (current US$),NY.GDP.MKTP.CD,market_size,1970,5377333333.33333
Turkiye,TUR,GDP (current US$),NY.GDP.MKTP.CD,market_size,1970,17863636363.6364
United States,USA,GDP (current US$),NY.GDP.MKTP.CD,market_size,1970,1073303000000.0
World,WLD,GDP (current US$),NY.GDP.MKTP.CD,market_size,1970,3009478988898.71
United Arab Emirates,ARE,GDP (current US$),NY.GDP.MKTP.CD,market_size,1971,939893599.634201
Australia,AUS,GDP (current US$),NY.GDP.MKTP.CD,market_size,1971,45283847245.4156
Canada,CAN,GDP (current US$),NY.GDP.MKTP.CD,market_size,1971,99606454743.5136
China,CHN,GDP (current US$),NY.GDP.MKTP.CD,market_size,1971,99959013879.6308
Germany,DEU,GDP (current US$),NY.GDP.MKTP.CD,market_size,1971,250900942396.699
"Egypt, Arab Rep.",EGY,GDP (current US$),NY.GDP.MKTP.CD,market_size,1971,8609283346.08518
Euro area,EMU,GDP (current US$),NY.GDP.MKTP.CD,market_size,1971,737137989531.407
European Union,EUU,GDP (current US$),NY.GDP.MKTP.CD,market_size,1971,824576913808.925
France,FRA,GDP (current US$),NY.GDP.MKTP.CD,market_size,1971,164694210962.472
United Kingdom,GBR,GDP (current US$),NY.GDP.MKTP.CD,market_size,1971,148113896325.14
Greece,GRC,GDP (current US$),NY.GDP.MKTP.CD,market_size,1971,14388806818.1818
India,IND,GDP (current US$),NY.GDP.MKTP.CD,market_size,1971,67351404351.833
Iraq,IRQ,GDP (current US$),NY.GDP.MKTP.CD,market_size,1971,3865346534.65347
Italy,ITA,GDP (current US$),NY.GDP.MKTP.CD,market_size,1971,124959712858.926
Jordan,JOR,GDP (current US$),NY.GDP.MKTP.CD,market_size,1971,678159728.736109
Kuwait,KWT,GDP (current US$),NY.GDP.MKTP.CD,market_size,1971,3880392195.40688
Qatar,QAT,GDP (current US$),NY.GDP.MKTP.CD,market_size,1971,387703105.521252
Saudi Arabia,SAU,GDP (current US$),NY.GDP.MKTP.CD,market_size,1971,7184806909.28939
Turkiye,TUR,GDP (current US$),NY.GDP.MKTP.CD,market_size,1971,16166666666.6667
United States,USA,GDP (current US$),NY.GDP.MKTP.CD,market_size,1971,1164850000000.0
World,WLD,GDP (current US$),NY.GDP.MKTP.CD,market_size,1971,3325831293865.24
United Arab Emirates,ARE,GDP (current US$),NY.GDP.MKTP.CD,market_size,1972,1415086929.3006
Australia,AUS,GDP (current US$),NY.GDP.MKTP.CD,market_size,1972,52117990654.2056
Canada,CAN,GDP (current US$),NY.GDP.MKTP.CD,market_size,1972,113463848873.624
China,CHN,GDP (current US$),NY.GDP.MKTP.CD,market_size,1972,113871930713.841
Germany,DEU,GDP (current US$),NY.GDP.MKTP.CD,market_size,1972,300899944795.436
"Egypt, Arab Rep.",EGY,GDP (current US$),NY.GDP.MKTP.CD,market_size,1972,9299638055.84281
Euro area,EMU,GDP (current US$),NY.GDP.MKTP.CD,market_size,1972,890246121562.843
European Union,EUU,GDP (current US$),NY.GDP.MKTP.CD,market_size,1972,994506318098.609
France,FRA,GDP (current US$),NY.GDP.MKTP.CD,market_size,1972,201738881664.499
United Kingdom,GBR,GDP (current US$),NY.GDP.MKTP.CD,market_size,1972,169965034965.035
Greece,GRC,GDP (current US$),NY.GDP.MKTP.CD,market_size,1972,16650659090.9091
India,IND,GDP (current US$),NY.GDP.MKTP.CD,market_size,1972,71464700666.9869
Iraq,IRQ,GDP (current US$),NY.GDP.MKTP.CD,market_size,1972,4113848002.40312
Italy,ITA,GDP (current US$),NY.GDP.MKTP.CD,market_size,1972,145594833997.344
Jordan,JOR,GDP (current US$),NY.GDP.MKTP.CD,market_size,1972,788479684.608126
Kuwait,KWT,GDP (current US$),NY.GDP.MKTP.CD,market_size,1972,4450537925.33189
Qatar,QAT,GDP (current US$),NY.GDP.MKTP.CD,market_size,1972,510262500.1767
Saudi Arabia,SAU,GDP (current US$),NY.GDP.MKTP.CD,market_size,1972,9664267086.60323
Turkiye,TUR,GDP (current US$),NY.GDP.MKTP.CD,market_size,1972,20650000000.0
United States,USA,GDP (current US$),NY.GDP.MKTP.CD,market_size,1972,1279110000000.0
World,WLD,GDP (current US$),NY.GDP.MKTP.CD,market_size,1972,3842019736073.42
United Arab Emirates,ARE,GDP (current US$),NY.GDP.MKTP.CD,market_size,1973,4231243615.86089
Australia,AUS,GDP (current US$),NY.GDP.MKTP.CD,market_size,1973,63923126201.1531
Canada,CAN,GDP (current US$),NY.GDP.MKTP.CD,market_size,1973,131764343565.643
China,CHN,GDP (current US$),NY.GDP.MKTP.CD,market_size,1973,138764340892.0
Germany,DEU,GDP (current US$),NY.GDP.MKTP.CD,market_size,1973,399833571167.215
"Egypt, Arab Rep.",EGY,GDP (current US$),NY.GDP.MKTP.CD,market_size,1973,10098534613.4411
Euro area,EMU,GDP (current US$),NY.GDP.MKTP.CD,market_size,1973,1155521149331.86
European Union,EUU,GDP (current US$),NY.GDP.MKTP.CD,market_size,1973,1286664466276.8
France,FRA,GDP (current US$),NY.GDP.MKTP.CD,market_size,1973,261970536240.424
United Kingdom,GBR,GDP (current US$),NY.GDP.MKTP.CD,market_size,1973,192537971582.558
Greece,GRC,GDP (current US$),NY.GDP.MKTP.CD,market_size,1973,22037019562.7158
India,IND,GDP (current US$),NY.GDP.MKTP.CD,market_size,1973,85517673172.5513
Iraq,IRQ,GDP (current US$),NY.GDP.MKTP.CD,market_size,1973,5134367778.1446
Italy,ITA,GDP (current US$),NY.GDP.MKTP.CD,market_size,1973,175896529392.229
Jordan,JOR,GDP (current US$),NY.GDP.MKTP.CD,market_size,1973,943783839.718052
Kuwait,KWT,GDP (current US$),NY.GDP.MKTP.CD,market_size,1973,5408804607.3129
Qatar,QAT,GDP (current US$),NY.GDP.MKTP.CD,market_size,1973,793885559.971313
Saudi Arabia,SAU,GDP (current US$),NY.GDP.MKTP.CD,market_size,1973,14947435499.323
Turkiye,TUR,GDP (current US$),NY.GDP.MKTP.CD,market_size,1973,26000000000.0
United States,USA,GDP (current US$),NY.GDP.MKTP.CD,market_size,1973,1425376000000.0
World,WLD,GDP (current US$),NY.GDP.MKTP.CD,market_size,1973,4699146820051.78
United Arab Emirates,ARE,GDP (current US$),NY.GDP.MKTP.CD,market_size,1974,11651505689.4244
Australia,AUS,GDP (current US$),NY.GDP.MKTP.CD,market_size,1974,89086219602.0634
Canada,CAN,GDP (current US$),NY.GDP.MKTP.CD,market_size,1974,160949188139.059
China,CHN,GDP (current US$),NY.GDP.MKTP.CD,market_size,1974,144418433058.472
Germany,DEU,GDP (current US$),NY.GDP.MKTP.CD,market_size,1974,446934971657.471
"Egypt, Arab Rep.",EGY,GDP (current US$),NY.GDP.MKTP.CD,market_size,1974,9228963224.60004
Euro area,EMU,GDP (current US$),NY.GDP.MKTP.CD,market_size,1974,1310383749159.08
European Union,EUU,GDP (current US$),NY.GDP.MKTP.CD,market_size,1974,1456588132159.46
France,FRA,GDP (current US$),NY.GDP.MKTP.CD,market_size,1974,282739225313.693
United Kingdom,GBR,GDP (current US$),NY.GDP.MKTP.CD,market_size,1974,206131369798.971
Greece,GRC,GDP (current US$),NY.GDP.MKTP.CD,market_size,1974,24998715909.0909
India,IND,GDP (current US$),NY.GDP.MKTP.CD,market_size,1974,99526597933.6331
Iraq,IRQ,GDP (current US$),NY.GDP.MKTP.CD,market_size,1974,11516762614.2906
Italy,ITA,GDP (current US$),NY.GDP.MKTP.CD,market_size,1974,200024444775.231
Jordan,JOR,GDP (current US$),NY.GDP.MKTP.CD,market_size,1974,1197483948.68547
Kuwait,KWT,GDP (current US$),NY.GDP.MKTP.CD,market_size,1974,13006948296.2705
Qatar,QAT,GDP (current US$),NY.GDP.MKTP.CD,market_size,1974,2401403227.44085
Saudi Arabia,SAU,GDP (current US$),NY.GDP.MKTP.CD,market_size,1974,45412957746.4789
Turkiye,TUR,GDP (current US$),NY.GDP.MKTP.CD,market_size,1974,35414285714.2857
United States,USA,GDP (current US$),NY.GDP.MKTP.CD,market_size,1974,1545243000000.0
World,WLD,GDP (current US$),NY.GDP.MKTP.CD,market_size,1974,5431302723228.32
United Arab Emirates,ARE,GDP (current US$),NY.GDP.MKTP.CD,market_size,1975,14720729969.1197
Australia,AUS,GDP (current US$),NY.GDP.MKTP.CD,market_size,1975,97440939505.6671
Canada,CAN,GDP (current US$),NY.GDP.MKTP.CD,market_size,1975,174419757176.563
China,CHN,GDP (current US$),NY.GDP.MKTP.CD,market_size,1975,163687619735.857
Germany,DEU,GDP (current US$),NY.GDP.MKTP.CD,market_size,1975,492434094920.105
"Egypt, Arab Rep.",EGY,GDP (current US$),NY.GDP.MKTP.CD,market_size,1975,11632178868.9171
Euro area,EMU,GDP (current US$),NY.GDP.MKTP.CD,market_size,1975,1519064173720.62
European Union,EUU,GDP (current US$),NY.GDP.MKTP.CD,market_size,1975,1695883390617.53
France,FRA,GDP (current US$),NY.GDP.MKTP.CD,market_size,1975,357324307786.446
United Kingdom,GBR,GDP (current US$),NY.GDP.MKTP.CD,market_size,1975,241756637168.142
Greece,GRC,GDP (current US$),NY.GDP.MKTP.CD,market_size,1975,28129128586.61
India,IND,GDP (current US$),NY.GDP.MKTP.CD,market_size,1975,98473832017.3242
Iraq,IRQ,GDP (current US$),NY.GDP.MKTP.CD,market_size,1975,13458516762.6143
Italy,ITA,GDP (current US$),NY.GDP.MKTP.CD,market_size,1975,228220643534.994
Jordan,JOR,GDP (current US$),NY.GDP.MKTP.CD,market_size,1975,1363073497.77355
Kuwait,KWT,GDP (current US$),NY.GDP.MKTP.CD,market_size,1975,12022811620.7867
Qatar,QAT,GDP (current US$),NY.GDP.MKTP.CD,market_size,1975,2512773165.81173
Saudi Arabia,SAU,GDP (current US$),NY.GDP.MKTP.CD,market_size,1975,46773208642.6814
Turkiye,TUR,GDP (current US$),NY.GDP.MKTP.CD,market_size,1975,46042857142.8571
United States,USA,GDP (current US$),NY.GDP.MKTP.CD,market_size,1975,1684904000000.0
World,WLD,GDP (current US$),NY.GDP.MKTP.CD,market_size,1975,6048005016166.34
United Arab Emirates,ARE,GDP (current US$),NY.GDP.MKTP.CD,market_size,1976,19213212475.0768
Australia,AUS,GDP (current US$),NY.GDP.MKTP.CD,market_size,1976,105209354855.787
Canada,CAN,GDP (current US$),NY.GDP.MKTP.CD,market_size,1976,207271612576.065
China,CHN,GDP (current US$),NY.GDP.MKTP.CD,market_size,1976,154196810058.643
Germany,DEU,GDP (current US$),NY.GDP.MKTP.CD,market_size,1976,521658712132.981
"Egypt, Arab Rep.",EGY,GDP (current US$),NY.GDP.MKTP.CD,market_size,1976,13315988083.4161
Euro area,EMU,GDP (current US$),NY.GDP.MKTP.CD,market_size,1976,1584986620972.09
European Union,EUU,GDP (current US$),NY.GDP.MKTP.CD,market_size,1976,1776294732761.4
France,FRA,GDP (current US$),NY.GDP.MKTP.CD,market_size,1976,368363152144.223
United Kingdom,GBR,GDP (current US$),NY.GDP.MKTP.CD,market_size,1976,232614555256.065
Greece,GRC,GDP (current US$),NY.GDP.MKTP.CD,market_size,1976,30719552238.806
India,IND,GDP (current US$),NY.GDP.MKTP.CD,market_size,1976,102716451979.68
Iraq,IRQ,GDP (current US$),NY.GDP.MKTP.CD,market_size,1976,17754825601.0836
Italy,ITA,GDP (current US$),NY.GDP.MKTP.CD,market_size,1976,225235205861.828
Jordan,JOR,GDP (current US$),NY.GDP.MKTP.CD,market_size,1976,1708521219.46003
Kuwait,KWT,GDP (current US$),NY.GDP.MKTP.CD,market_size,1976,13132252801.9372
Qatar,QAT,GDP (current US$),NY.GDP.MKTP.CD,market_size,1976,3284273986.71808
Saudi Arabia,SAU,GDP (current US$),NY.GDP.MKTP.CD,market_size,1976,64005665722.3796
Turkiye,TUR,GDP (current US$),NY.GDP.MKTP.CD,market_size,1976,51450000000.0
United States,USA,GDP (current US$),NY.GDP.MKTP.CD,market_size,1976,1873412000000.0
World,WLD,GDP (current US$),NY.GDP.MKTP.CD,market_size,1976,6574572862295.26
United Arab Emirates,ARE,GDP (current US$),NY.GDP.MKTP.CD,market_size,1977,24871660291.7912
Australia,AUS,GDP (current US$),NY.GDP.MKTP.CD,market_size,1977,110504702913.512
Canada,CAN,GDP (current US$),NY.GDP.MKTP.CD,market_size,1977,212325176304.654
China,CHN,GDP (current US$),NY.GDP.MKTP.CD,market_size,1977,175226595859.778
Germany,DEU,GDP (current US$),NY.GDP.MKTP.CD,market_size,1977,602698323085.993
"Egypt, Arab Rep.",EGY,GDP (current US$),NY.GDP.MKTP.CD,market_size,1977,14400806875.9867
Euro area,EMU,GDP (current US$),NY.GDP.MKTP.CD,market_size,1977,1803531894862.57
European Union,EUU,GDP (current US$),NY.GDP.MKTP.CD,market_size,1977,2012435309648.92
France,FRA,GDP (current US$),NY.GDP.MKTP.CD,market_size,1977,406401711687.617
United Kingdom,GBR,GDP (current US$),NY.GDP.MKTP.CD,market_size,1977,263066457352.172
Greece,GRC,GDP (current US$),NY.GDP.MKTP.CD,market_size,1977,35673080481.0361
India,IND,GDP (current US$),NY.GDP.MKTP.CD,market_size,1977,121486641441.309
Iraq,IRQ,GDP (current US$),NY.GDP.MKTP.CD,market_size,1977,19838130714.5276
Italy,ITA,GDP (current US$),NY.GDP.MKTP.CD,market_size,1977,258190019749.835
Jordan,JOR,GDP (current US$),NY.GDP.MKTP.CD,market_size,1977,2096778602.16785
Kuwait,KWT,GDP (current US$),NY.GDP.MKTP.CD,market_size,1977,14137406740.5065
Qatar,QAT,GDP (current US$),NY.GDP.MKTP.CD,market_size,1977,3617564637.88865
Saudi Arabia,SAU,GDP (current US$),NY.GDP.MKTP.CD,market_size,1977,74188986586.0629
Turkiye,TUR,GDP (current US$),NY.GDP.MKTP.CD,market_size,1977,58683333333.3333
United States,USA,GDP (current US$),NY.GDP.MKTP.CD,market_size,1977,2081826000000.0
World,WLD,GDP (current US$),NY.GDP.MKTP.CD,market_size,1977,7433986513280.19
United Arab Emirates,ARE,GDP (current US$),NY.GDP.MKTP.CD,market_size,1978,23775718541.3171
Australia,AUS,GDP (current US$),NY.GDP.MKTP.CD,market_size,1978,118660813779.849
Canada,CAN,GDP (current US$),NY.GDP.MKTP.CD,market_size,1978,219369542386.254
China,CHN,GDP (current US$),NY.GDP.MKTP.CD,market_size,1978,149788617886.179
Germany,DEU,GDP (current US$),NY.GDP.MKTP.CD,market_size,1978,743182891918.208
"Egypt, Arab Rep.",EGY,GDP (current US$),NY.GDP.MKTP.CD,market_size,1978,14811704063.0685
Euro area,EMU,GDP (current US$),NY.GDP.MKTP.CD,market_size,1978,2208297375004.2
European Union,EUU,GDP (current US$),NY.GDP.MKTP.CD,market_size,1978,2450951586250.89
France,FRA,GDP (current US$),NY.GDP.MKTP.CD,market_size,1978,501724418604.651
United Kingdom,GBR,GDP (current US$),NY.GDP.MKTP.CD,market_size,1978,335883029721.956
Greece,GRC,GDP (current US$),NY.GDP.MKTP.CD,market_size,1978,43654480519.4805
India,IND,GDP (current US$),NY.GDP.MKTP.CD,market_size,1978,137302319828.995
Iraq,IRQ,GDP (current US$),NY.GDP.MKTP.CD,market_size,1978,23762275651.8794
Italy,ITA,GDP (current US$),NY.GDP.MKTP.CD,market_size,1978,315784469541.41
Jordan,JOR,GDP (current US$),NY.GDP.MKTP.CD,market_size,1978,2602208588.95706
Kuwait,KWT,GDP (current US$),NY.GDP.MKTP.CD,market_size,1978,15503557496.1916
Qatar,QAT,GDP (current US$),NY.GDP.MKTP.CD,market_size,1978,4052000412.70087
Saudi Arabia,SAU,GDP (current US$),NY.GDP.MKTP.CD,market_size,1978,80266516686.5614
Turkiye,TUR,GDP (current US$),NY.GDP.MKTP.CD,market_size,1978,65912500000.0
United States,USA,GDP (current US$),NY.GDP.MKTP.CD,market_size,1978,2351599000000.0
World,WLD,GDP (current US$),NY.GDP.MKTP.CD,market_size,1978,8804316947866.46
United Arab Emirates,ARE,GDP (current US$),NY.GDP.MKTP.CD,market_size,1979,31225557021.8735
Australia,AUS,GDP (current US$),NY.GDP.MKTP.CD,market_size,1979,135093718050.665
Canada,CAN,GDP (current US$),NY.GDP.MKTP.CD,market_size,1979,243891124295.715
China,CHN,GDP (current US$),NY.GDP.MKTP.CD,market_size,1979,178573913043.478
Germany,DEU,GDP (current US$),NY.GDP.MKTP.CD,market_size,1979,884574218333.155
"Egypt, Arab Rep.",EGY,GDP (current US$),NY.GDP.MKTP.CD,market_size,1979,18020571428.5714
Euro area,EMU,GDP (current US$),NY.GDP.MKTP.CD,market_size,1979,2675304303845.26
European Union,EUU,GDP (current US$),NY.GDP.MKTP.CD,market_size,1979,2962167536360.9
France,FRA,GDP (current US$),NY.GDP.MKTP.CD,market_size,1979,608218624730.188
United Kingdom,GBR,GDP (current US$),NY.GDP.MKTP.CD,market_size,1979,438994070309.191
Greece,GRC,GDP (current US$),NY.GDP.MKTP.CD,market_size,1979,53724121435.1426
India,IND,GDP (current US$),NY.GDP.MKTP.CD,market_size,1979,152995442497.709
Iraq,IRQ,GDP (current US$),NY.GDP.MKTP.CD,market_size,1979,37816457839.4853
Italy,ITA,GDP (current US$),NY.GDP.MKTP.CD,market_size,1979,394584507107.9
Jordan,JOR,GDP (current US$),NY.GDP.MKTP.CD,market_size,1979,3271368780.65347
Kuwait,KWT,GDP (current US$),NY.GDP.MKTP.CD,market_size,1979,24749063922.4796
Qatar,QAT,GDP (current US$),NY.GDP.MKTP.CD,market_size,1979,5632962996.82641
Saudi Arabia,SAU,GDP (current US$),NY.GDP.MKTP.CD,market_size,1979,111858444786.224
Turkiye,TUR,GDP (current US$),NY.GDP.MKTP.CD,market_size,1979,89616129032.2581
United States,USA,GDP (current US$),NY.GDP.MKTP.CD,market_size,1979,2627333000000.0
World,WLD,GDP (current US$),NY.GDP.MKTP.CD,market_size,1979,10181253373888.4
United Arab Emirates,ARE,GDP (current US$),NY.GDP.MKTP.CD,market_size,1980,43599134193.0959
Australia,AUS,GDP (current US$),NY.GDP.MKTP.CD,market_size,1980,150200557103.064
Canada,CAN,GDP (current US$),NY.GDP.MKTP.CD,market_size,1980,274776566028.053
China,CHN,GDP (current US$),NY.GDP.MKTP.CD,market_size,1980,191487500000.0
Germany,DEU,GDP (current US$),NY.GDP.MKTP.CD,market_size,1980,953772499462.019
"Egypt, Arab Rep.",EGY,GDP (current US$),NY.GDP.MKTP.CD,market_size,1980,21669908176.3889
Euro area,EMU,GDP (current US$),NY.GDP.MKTP.CD,market_size,1980,2995971275466.91
European Union,EUU,GDP (current US$),NY.GDP.MKTP.CD,market_size,1980,3313726302275.61
France,FRA,GDP (current US$),NY.GDP.MKTP.CD,market_size,1980,694529183483.39
United Kingdom,GBR,GDP (current US$),NY.GDP.MKTP.CD,market_size,1980,564947710899.373
Greece,GRC,GDP (current US$),NY.GDP.MKTP.CD,market_size,1980,56039256594.7242
India,IND,GDP (current US$),NY.GDP.MKTP.CD,market_size,1980,186328579302.068
Iraq,IRQ,GDP (current US$),NY.GDP.MKTP.CD,market_size,1980,52569000000.0
Italy,ITA,GDP (current US$),NY.GDP.MKTP.CD,market_size,1980,478356755595.749
Jordan,JOR,GDP (current US$),NY.GDP.MKTP.CD,market_size,1980,3910044474.28044
Kuwait,KWT,GDP (current US$),NY.GDP.MKTP.CD,market_size,1980,28638868355.9196
Qatar,QAT,GDP (current US$),NY.GDP.MKTP.CD,market_size,1980,7837915956.03679
Saudi Arabia,SAU,GDP (current US$),NY.GDP.MKTP.CD,market_size,1980,164539660725.118
Turkiye,TUR,GDP (current US$),NY.GDP.MKTP.CD,market_size,1980,68823684210.5263
United States,USA,GDP (current US$),NY.GDP.MKTP.CD,market_size,1980,2857307000000.0
World,WLD,GDP (current US$),NY.GDP.MKTP.CD,market_size,1980,11479787747421.4
United Arab Emirates,ARE,GDP (current US$),NY.GDP.MKTP.CD,market_size,1981,49333471894.9853
Australia,AUS,GDP (current US$),NY.GDP.MKTP.CD,market_size,1981,177151979565.773
Canada,CAN,GDP (current US$),NY.GDP.MKTP.CD,market_size,1981,307246642755.859
China,CHN,GDP (current US$),NY.GDP.MKTP.CD,market_size,1981,196218253968.254
Germany,DEU,GDP (current US$),NY.GDP.MKTP.CD,market_size,1981,803404797057.551
"Egypt, Arab Rep.",EGY,GDP (current US$),NY.GDP.MKTP.CD,market_size,1981,22136081081.0811
Euro area,EMU,GDP (current US$),NY.GDP.MKTP.CD,market_size,1981,2605797790070.84
European Union,EUU,GDP (current US$),NY.GDP.MKTP.CD,market_size,1981,2892093759009.4
France,FRA,GDP (current US$),NY.GDP.MKTP.CD,market_size,1981,609184791792.396
United Kingdom,GBR,GDP (current US$),NY.GDP.MKTP.CD,market_size,1981,540765675241.158
Greece,GRC,GDP (current US$),NY.GDP.MKTP.CD,market_size,1981,51618456334.5633
India,IND,GDP (current US$),NY.GDP.MKTP.CD,market_size,1981,193491368445.573
Iraq,IRQ,GDP (current US$),NY.GDP.MKTP.CD,market_size,1981,37823000000.0
Italy,ITA,GDP (current US$),NY.GDP.MKTP.CD,market_size,1981,431695533980.583
Jordan,JOR,GDP (current US$),NY.GDP.MKTP.CD,market_size,1981,4383944702.85958
Kuwait,KWT,GDP (current US$),NY.GDP.MKTP.CD,market_size,1981,25058020338.2535
Qatar,QAT,GDP (current US$),NY.GDP.MKTP.CD,market_size,1981,8672527472.52747
Saudi Arabia,SAU,GDP (current US$),NY.GDP.MKTP.CD,market_size,1981,184291360138.69
Turkiye,TUR,GDP (current US$),NY.GDP.MKTP.CD,market_size,1981,71180180180.1802
United States,USA,GDP (current US$),NY.GDP.MKTP.CD,market_size,1981,3207041000000.0
World,WLD,GDP (current US$),NY.GDP.MKTP.CD,market_size,1981,11872917775514.8
United Arab Emirates,ARE,GDP (current US$),NY.GDP.MKTP.CD,market_size,1982,46622715280.796
Australia,AUS,GDP (current US$),NY.GDP.MKTP.CD,market_size,1982,194323071830.52
Canada,CAN,GDP (current US$),NY.GDP.MKTP.CD,market_size,1982,314647807408.608
China,CHN,GDP (current US$),NY.GDP.MKTP.CD,market_size,1982,205480916030.534
Germany,DEU,GDP (current US$),NY.GDP.MKTP.CD,market_size,1982,779421633755.138
"Egypt, Arab Rep.",EGY,GDP (current US$),NY.GDP.MKTP.CD,market_size,1982,27655172413.7931
Euro area,EMU,GDP (current US$),NY.GDP.MKTP.CD,market_size,1982,2522699760354.73
European Union,EUU,GDP (current US$),NY.GDP.MKTP.CD,market_size,1982,2790132325363.01
France,FRA,GDP (current US$),NY.GDP.MKTP.CD,market_size,1982,578152310609.841
United Kingdom,GBR,GDP (current US$),NY.GDP.MKTP.CD,market_size,1982,515048916841.37
Greece,GRC,GDP (current US$),NY.GDP.MKTP.CD,market_size,1982,53858346938.7755
India,IND,GDP (current US$),NY.GDP.MKTP.CD,market_size,1982,200715624830.902
Iraq,IRQ,GDP (current US$),NY.GDP.MKTP.CD,market_size,1982,42382333333.3333
Italy,ITA,GDP (current US$),NY.GDP.MKTP.CD,market_size,1982,428257421617.752
Jordan,JOR,GDP (current US$),NY.GDP.MKTP.CD,market_size,1982,4681240992.70338
Kuwait,KWT,GDP (current US$),NY.GDP.MKTP.CD,market_size,1982,21577153356.4192
Qatar,QAT,GDP (current US$),NY.GDP.MKTP.CD,market_size,1982,7611263736.26374
Saudi Arabia,SAU,GDP (current US$),NY.GDP.MKTP.CD,market_size,1982,153240313858.323
Turkiye,TUR,GDP (current US$),NY.GDP.MKTP.CD,market_size,1982,64369325153.3742
United States,USA,GDP (current US$),NY.GDP.MKTP.CD,market_size,1982,3343789000000.0
World,WLD,GDP (current US$),NY.GDP.MKTP.CD,market_size,1982,11747181261106.9
United Arab Emirates,ARE,GDP (current US$),NY.GDP.MKTP.CD,market_size,1983,42803373389.6704
Australia,AUS,GDP (current US$),NY.GDP.MKTP.CD,market_size,1983,177523719680.081
Canada,CAN,GDP (current US$),NY.GDP.MKTP.CD,market_size,1983,341866277182.733
China,CHN,GDP (current US$),NY.GDP.MKTP.CD,market_size,1983,231130268199.234
Germany,DEU,GDP (current US$),NY.GDP.MKTP.CD,market_size,1983,773507930294.906
"Egypt, Arab Rep.",EGY,GDP (current US$),NY.GDP.MKTP.CD,market_size,1983,30966239813.7369
Euro area,EMU,GDP (current US$),NY.GDP.MKTP.CD,market_size,1983,2458897623863.07
European Union,EUU,GDP (current US$),NY.GDP.MKTP.CD,market_size,1983,2713009177266.64
France,FRA,GDP (current US$),NY.GDP.MKTP.CD,market_size,1983,553356312935.709
United Kingdom,GBR,GDP (current US$),NY.GDP.MKTP.CD,market_size,1983,489618008185.539
Greece,GRC,GDP (current US$),NY.GDP.MKTP.CD,market_size,1983,48741397058.8235
India,IND,GDP (current US$),NY.GDP.MKTP.CD,market_size,1983,218262146413.158
Iraq,IRQ,GDP (current US$),NY.GDP.MKTP.CD,market_size,1983,40712903225.8064
Italy,ITA,GDP (current US$),NY.GDP.MKTP.CD,market_size,1983,444063496940.337
Jordan,JOR,GDP (current US$),NY.GDP.MKTP.CD,market_size,1983,4920692190.95569
Kuwait,KWT,GDP (current US$),NY.GDP.MKTP.CD,market_size,1983,20871081080.1538
Qatar,QAT,GDP (current US$),NY.GDP.MKTP.CD,market_size,1983,6484890109.89011
Saudi Arabia,SAU,GDP (current US$),NY.GDP.MKTP.CD,market_size,1983,129171635311.143
Turkiye,TUR,GDP (current US$),NY.GDP.MKTP.CD,market_size,1983,61803555555.5556
United States,USA,GDP (current US$),NY.GDP.MKTP.CD,market_size,1983,3634038000000.0
World,WLD,GDP (current US$),NY.GDP.MKTP.CD,market_size,1983,11993276558849.8
United Arab Emirates,ARE,GDP (current US$),NY.GDP.MKTP.CD,market_size,1984,41807931452.8262
Australia,AUS,GDP (current US$),NY.GDP.MKTP.CD,market_size,1984,193749932078.26
Canada,CAN,GDP (current US$),NY.GDP.MKTP.CD,market_size,1984,356718400123.543
China,CHN,GDP (current US$),NY.GDP.MKTP.CD,market_size,1984,260442857142.857
Germany,DEU,GDP (current US$),NY.GDP.MKTP.CD,market_size,1984,727767760978.627
"Egypt, Arab Rep.",EGY,GDP (current US$),NY.GDP.MKTP.CD,market_size,1984,33971188991.6147
Euro area,EMU,GDP (current US$),NY.GDP.MKTP.CD,market_size,1984,2360301430447.23
European Union,EUU,GDP (current US$),NY.GDP.MKTP.CD,market_size,1984,2614138743953.14
France,FRA,GDP (current US$),NY.GDP.MKTP.CD,market_size,1984,525033325827.516
United Kingdom,GBR,GDP (current US$),NY.GDP.MKTP.CD,market_size,1984,461487097632.349
Greece,GRC,GDP (current US$),NY.GDP.MKTP.CD,market_size,1984,47352146311.971
India,IND,GDP (current US$),NY.GDP.MKTP.CD,market_size,1984,212157645177.652
Iraq,IRQ,GDP (current US$),NY.GDP.MKTP.CD,market_size,1984,46938387096.7742
Italy,ITA,GDP (current US$),NY.GDP.MKTP.CD,market_size,1984,438896930791.272
Jordan,JOR,GDP (current US$),NY.GDP.MKTP.CD,market_size,1984,4967162160.40472
Kuwait,KWT,GDP (current US$),NY.GDP.MKTP.CD,market_size,1984,21700082752.9369
Qatar,QAT,GDP (current US$),NY.GDP.MKTP.CD,market_size,1984,6870329670.32967
Saudi Arabia,SAU,GDP (current US$),NY.GDP.MKTP.CD,market_size,1984,119624858115.778
Turkiye,TUR,GDP (current US$),NY.GDP.MKTP.CD,market_size,1984,59937602179.8365
United States,USA,GDP (current US$),NY.GDP.MKTP.CD,market_size,1984,4037613000000.0
World,WLD,GDP (current US$),NY.GDP.MKTP.CD,market_size,1984,12459409786103.5
United Arab Emirates,ARE,GDP (current US$),NY.GDP.MKTP.CD,market_size,1985,40603631079.4051
Australia,AUS,GDP (current US$),NY.GDP.MKTP.CD,market_size,1985,180861108959.102
Canada,CAN,GDP (current US$),NY.GDP.MKTP.CD,market_size,1985,366186012449.652
China,CHN,GDP (current US$),NY.GDP.MKTP.CD,market_size,1985,310064625850.34
Germany,DEU,GDP (current US$),NY.GDP.MKTP.CD,market_size,1985,735218723093.277
"Egypt, Arab Rep.",EGY,GDP (current US$),NY.GDP.MKTP.CD,market_size,1985,39053502251.0732
Euro area,EMU,GDP (current US$),NY.GDP.MKTP.CD,market_size,1985,2424375881543.55
European Union,EUU,GDP (current US$),NY.GDP.MKTP.CD,market_size,1985,2688873056487.41
France,FRA,GDP (current US$),NY.GDP.MKTP.CD,market_size,1985,547220981165.134
United Kingdom,GBR,GDP (current US$),NY.GDP.MKTP.CD,market_size,1985,489285164271.047
Greece,GRC,GDP (current US$),NY.GDP.MKTP.CD,market_size,1985,47155741426.1041
India,IND,GDP (current US$),NY.GDP.MKTP.CD,market_size,1985,232511554840.372
Iraq,IRQ,GDP (current US$),NY.GDP.MKTP.CD,market_size,1985,48425161290.3226
Italy,ITA,GDP (current US$),NY.GDP.MKTP.CD,market_size,1985,453259761687.456
Jordan,JOR,GDP (current US$),NY.GDP.MKTP.CD,market_size,1985,4993601520.43079
Kuwait,KWT,GDP (current US$),NY.GDP.MKTP.CD,market_size,1985,21445970613.7595
Qatar,QAT,GDP (current US$),NY.GDP.MKTP.CD,market_size,1985,6153296703.2967
Saudi Arabia,SAU,GDP (current US$),NY.GDP.MKTP.CD,market_size,1985,103897846493.65
Turkiye,TUR,GDP (current US$),NY.GDP.MKTP.CD,market_size,1985,67232758620.6897
United States,USA,GDP (current US$),NY.GDP.MKTP.CD,market_size,1985,4338979000000.0
World,WLD,GDP (current US$),NY.GDP.MKTP.CD,market_size,1985,13050699141666.9
United Arab Emirates,ARE,GDP (current US$),NY.GDP.MKTP.CD,market_size,1986,33943568480.9469
Australia,AUS,GDP (current US$),NY.GDP.MKTP.CD,market_size,1986,182707050923.335
Canada,CAN,GDP (current US$),NY.GDP.MKTP.CD,market_size,1986,379006836991.724
China,CHN,GDP (current US$),NY.GDP.MKTP.CD,market_size,1986,301310144927.536
Germany,DEU,GDP (current US$),NY.GDP.MKTP.CD,market_size,1986,1050092624515.9
"Egypt, Arab Rep.",EGY,GDP (current US$),NY.GDP.MKTP.CD,market_size,1986,41253507951.3564
Euro area,EMU,GDP (current US$),NY.GDP.MKTP.CD,market_size,1986,3400064928901.0
European Union,EUU,GDP (current US$),NY.GDP.MKTP.CD,market_size,1986,3755682223993.79
France,FRA,GDP (current US$),NY.GDP.MKTP.CD,market_size,1986,764946585850.933
United Kingdom,GBR,GDP (current US$),NY.GDP.MKTP.CD,market_size,1986,601452653180.885
Greece,GRC,GDP (current US$),NY.GDP.MKTP.CD,market_size,1986,55595445472.2493
India,IND,GDP (current US$),NY.GDP.MKTP.CD,market_size,1986,248985994040.59
Iraq,IRQ,GDP (current US$),NY.GDP.MKTP.CD,market_size,1986,47264516129.0323
Italy,ITA,GDP (current US$),NY.GDP.MKTP.CD,market_size,1986,641862313287.44
Jordan,JOR,GDP (current US$),NY.GDP.MKTP.CD,market_size,1986,6402050484.90425
Kuwait,KWT,GDP (current US$),NY.GDP.MKTP.CD,market_size,1986,17903989745.178
Qatar,QAT,GDP (current US$),NY.GDP.MKTP.CD,market_size,1986,5053021978.02198
Saudi Arabia,SAU,GDP (current US$),NY.GDP.MKTP.CD,market_size,1986,86961922765.3254
Turkiye,TUR,GDP (current US$),NY.GDP.MKTP.CD,market_size,1986,75673037037.037
United States,USA,GDP (current US$),NY.GDP.MKTP.CD,market_size,1986,4579631000000.0
World,WLD,GDP (current US$),NY.GDP.MKTP.CD,market_size,1986,15397826688510.3
United Arab Emirates,ARE,GDP (current US$),NY.GDP.MKTP.CD,market_size,1987,36384802310.3887
Australia,AUS,GDP (current US$),NY.GDP.MKTP.CD,market_size,1987,189726707252.515
Canada,CAN,GDP (current US$),NY.GDP.MKTP.CD,market_size,1987,433134238310.709
China,CHN,GDP (current US$),NY.GDP.MKTP.CD,market_size,1987,273455156950.673
Germany,DEU,GDP (current US$),NY.GDP.MKTP.CD,market_size,1987,1302932318824.81
"Egypt, Arab Rep.",EGY,GDP (current US$),NY.GDP.MKTP.CD,market_size,1987,40455616653.5742
Euro area,EMU,GDP (current US$),NY.GDP.MKTP.CD,market_size,1987,4209104459051.05
European Union,EUU,GDP (current US$),NY.GDP.MKTP.CD,market_size,1987,4642924954619.25
France,FRA,GDP (current US$),NY.GDP.MKTP.CD,market_size,1987,926320855614.973
United Kingdom,GBR,GDP (current US$),NY.GDP.MKTP.CD,market_size,1987,745162608269.325
Greece,GRC,GDP (current US$),NY.GDP.MKTP.CD,market_size,1987,64739630095.6215
India,IND,GDP (current US$),NY.GDP.MKTP.CD,market_size,1987,279033584092.223
Iraq,IRQ,GDP (current US$),NY.GDP.MKTP.CD,market_size,1987,56774193548.3871
Italy,ITA,GDP (current US$),NY.GDP.MKTP.CD,market_size,1987,807570134448.76
Jordan,JOR,GDP (current US$),NY.GDP.MKTP.CD,market_size,1987,6756209762.48231
Kuwait,KWT,GDP (current US$),NY.GDP.MKTP.CD,market_size,1987,22368704133.6668
Qatar,QAT,GDP (current US$),NY.GDP.MKTP.CD,market_size,1987,5446428571.42857
Saudi Arabia,SAU,GDP (current US$),NY.GDP.MKTP.CD,market_size,1987,85695861148.1976
Turkiye,TUR,GDP (current US$),NY.GDP.MKTP.CD,market_size,1987,87190081680.28
United States,USA,GDP (current US$),NY.GDP.MKTP.CD,market_size,1987,4855215000000.0
World,WLD,GDP (current US$),NY.GDP.MKTP.CD,market_size,1987,17532755119890.9
United Arab Emirates,ARE,GDP (current US$),NY.GDP.MKTP.CD,market_size,1988,36275613876.8575
Australia,AUS,GDP (current US$),NY.GDP.MKTP.CD,market_size,1988,236461079970.431
Canada,CAN,GDP (current US$),NY.GDP.MKTP.CD,market_size,1988,509380027626.554
China,CHN,GDP (current US$),NY.GDP.MKTP.CD,market_size,1988,312888888888.889
Germany,DEU,GDP (current US$),NY.GDP.MKTP.CD,market_size,1988,1406367016371.53
"Egypt, Arab Rep.",EGY,GDP (current US$),NY.GDP.MKTP.CD,market_size,1988,34980124929.0176
Euro area,EMU,GDP (current US$),NY.GDP.MKTP.CD,market_size,1988,4621258135477.36
European Union,EUU,GDP (current US$),NY.GDP.MKTP.CD,market_size,1988,5097809505881.36
France,FRA,GDP (current US$),NY.GDP.MKTP.CD,market_size,1988,1010827662151.75
United Kingdom,GBR,GDP (current US$),NY.GDP.MKTP.CD,market_size,1988,910122732123.799
Greece,GRC,GDP (current US$),NY.GDP.MKTP.CD,market_size,1988,75200610136.9205
India,IND,GDP (current US$),NY.GDP.MKTP.CD,market_size,1988,296589670895.932
Iraq,IRQ,GDP (current US$),NY.GDP.MKTP.CD,market_size,1988,62684516129.0323
Italy,ITA,GDP (current US$),NY.GDP.MKTP.CD,market_size,1988,893663934840.821
Jordan,JOR,GDP (current US$),NY.GDP.MKTP.CD,market_size,1988,6277451829.05325
Kuwait,KWT,GDP (current US$),NY.GDP.MKTP.CD,market_size,1988,20690322152.8945
Lebanon,LBN,GDP (current US$),NY.GDP.MKTP.CD,market_size,1988,3313540067.93246
Qatar,QAT,GDP (current US$),NY.GDP.MKTP.CD,market_size,1988,6038186813.18681
Saudi Arabia,SAU,GDP (current US$),NY.GDP.MKTP.CD,market_size,1988,88256074766.3551
Turkiye,TUR,GDP (current US$),NY.GDP.MKTP.CD,market_size,1988,90875175808.7201
United States,USA,GDP (current US$),NY.GDP.MKTP.CD,market_size,1988,5236438000000.0
World,WLD,GDP (current US$),NY.GDP.MKTP.CD,market_size,1988,19597682774627.7
United Arab Emirates,ARE,GDP (current US$),NY.GDP.MKTP.CD,market_size,1989,41464966301.7919
Australia,AUS,GDP (current US$),NY.GDP.MKTP.CD,market_size,1989,300264309002.14
Canada,CAN,GDP (current US$),NY.GDP.MKTP.CD,market_size,1989,567211993243.243
China,CHN,GDP (current US$),NY.GDP.MKTP.CD,market_size,1989,348380566801.619
Germany,DEU,GDP (current US$),NY.GDP.MKTP.CD,market_size,1989,1404092925205.45
"Egypt, Arab Rep.",EGY,GDP (current US$),NY.GDP.MKTP.CD,market_size,1989,39756299049.9793
Euro area,EMU,GDP (current US$),NY.GDP.MKTP.CD,market_size,1989,4718253841956.65
European Union,EUU,GDP (current US$),NY.GDP.MKTP.CD,market_size,1989,5205969934446.26
France,FRA,GDP (current US$),NY.GDP.MKTP.CD,market_size,1989,1016742237302.08
United Kingdom,GBR,GDP (current US$),NY.GDP.MKTP.CD,market_size,1989,926884816753.927
Greece,GRC,GDP (current US$),NY.GDP.MKTP.CD,market_size,1989,78067933277.3815
India,IND,GDP (current US$),NY.GDP.MKTP.CD,market_size,1989,296042052944.66
Iraq,IRQ,GDP (current US$),NY.GDP.MKTP.CD,market_size,1989,65831935483.871
Italy,ITA,GDP (current US$),NY.GDP.MKTP.CD,market_size,1989,930801709003.669
Jordan,JOR,GDP (current US$),NY.GDP.MKTP.CD,market_size,1989,4221373673.80468
Kuwait,KWT,GDP (current US$),NY.GDP.MKTP.CD,market_size,1989,24313855653.3993
Lebanon,LBN,GDP (current US$),NY.GDP.MKTP.CD,market_size,1989,2717998687.71002
Qatar,QAT,GDP (current US$),NY.GDP.MKTP.CD,market_size,1989,6487912087.91209
Saudi Arabia,SAU,GDP (current US$),NY.GDP.MKTP.CD,market_size,1989,95344459279.0387
Turkiye,TUR,GDP (current US$),NY.GDP.MKTP.CD,market_size,1989,107127191328.935
United States,USA,GDP (current US$),NY.GDP.MKTP.CD,market_size,1989,5641580000000.0
World,WLD,GDP (current US$),NY.GDP.MKTP.CD,market_size,1989,20467635430294.5
United Arab Emirates,ARE,GDP (current US$),NY.GDP.MKTP.CD,market_size,1990,50701374187.331
Australia,AUS,GDP (current US$),NY.GDP.MKTP.CD,market_size,1990,311840666465.053
Canada,CAN,GDP (current US$),NY.GDP.MKTP.CD,market_size,1990,596075591360.987
China,CHN,GDP (current US$),NY.GDP.MKTP.CD,market_size,1990,361560229445.507
Germany,DEU,GDP (current US$),NY.GDP.MKTP.CD,market_size,1990,1778162195860.07
"Egypt, Arab Rep.",EGY,GDP (current US$),NY.GDP.MKTP.CD,market_size,1990,42978914311.3504
Euro area,EMU,GDP (current US$),NY.GDP.MKTP.CD,market_size,1990,5930533130402.98
European Union,EUU,GDP (current US$),NY.GDP.MKTP.CD,market_size,1990,6509962315038.71
France,FRA,GDP (current US$),NY.GDP.MKTP.CD,market_size,1990,1257649439826.53
United Kingdom,GBR,GDP (current US$),NY.GDP.MKTP.CD,market_size,1990,1093169389204.55
Greece,GRC,GDP (current US$),NY.GDP.MKTP.CD,market_size,1990,96529587274.2906
India,IND,GDP (current US$),NY.GDP.MKTP.CD,market_size,1990,320979026420.035
Iraq,IRQ,GDP (current US$),NY.GDP.MKTP.CD,market_size,1990,180408064516.129
Italy,ITA,GDP (current US$),NY.GDP.MKTP.CD,market_size,1990,1183945130898.51
Jordan,JOR,GDP (current US$),NY.GDP.MKTP.CD,market_size,1990,4160087507.83472
Kuwait,KWT,GDP (current US$),NY.GDP.MKTP.CD,market_size,1990,18427777777.7778
Lebanon,LBN,GDP (current US$),NY.GDP.MKTP.CD,market_size,1990,2838485353.96187
Qatar,QAT,GDP (current US$),NY.GDP.MKTP.CD,market_size,1990,7360439560.43956
Saudi Arabia,SAU,GDP (current US$),NY.GDP.MKTP.CD,market_size,1990,117630173564.753
Turkiye,TUR,GDP (current US$),NY.GDP.MKTP.CD,market_size,1990,150655500191.644
United States,USA,GDP (current US$),NY.GDP.MKTP.CD,market_size,1990,5963144000000.0
World,WLD,GDP (current US$),NY.GDP.MKTP.CD,market_size,1990,22991895905266.2
United Arab Emirates,ARE,GDP (current US$),NY.GDP.MKTP.CD,market_size,1991,51552058250.3806
Australia,AUS,GDP (current US$),NY.GDP.MKTP.CD,market_size,1991,326416407860.792
Canada,CAN,GDP (current US$),NY.GDP.MKTP.CD,market_size,1991,612527712315.615
China,CHN,GDP (current US$),NY.GDP.MKTP.CD,market_size,1991,384510452961.672
Germany,DEU,GDP (current US$),NY.GDP.MKTP.CD,market_size,1991,1875792575132.59
"Egypt, Arab Rep.",EGY,GDP (current US$),NY.GDP.MKTP.CD,market_size,1991,37387836490.5284
Euro area,EMU,GDP (current US$),NY.GDP.MKTP.CD,market_size,1991,6132817301223.23
European Union,EUU,GDP (current US$),NY.GDP.MKTP.CD,market_size,1991,6725128658501.09
France,FRA,GDP (current US$),NY.GDP.MKTP.CD,market_size,1991,1258961748633.88
United Kingdom,GBR,GDP (current US$),NY.GDP.MKTP.CD,market_size,1991,1142797178130.51
Greece,GRC,GDP (current US$),NY.GDP.MKTP.CD,market_size,1991,103680863712.844
India,IND,GDP (current US$),NY.GDP.MKTP.CD,market_size,1991,270105341879.226
Iraq,IRQ,GDP (current US$),NY.GDP.MKTP.CD,market_size,1991,407796349.663785
Italy,ITA,GDP (current US$),NY.GDP.MKTP.CD,market_size,1991,1249092439519.28
Jordan,JOR,GDP (current US$),NY.GDP.MKTP.CD,market_size,1991,4344467193.25095
Kuwait,KWT,GDP (current US$),NY.GDP.MKTP.CD,market_size,1991,11009993703.1474
Lebanon,LBN,GDP (current US$),NY.GDP.MKTP.CD,market_size,1991,4690415092.53663
Qatar,QAT,GDP (current US$),NY.GDP.MKTP.CD,market_size,1991,6883516483.51648
Saudi Arabia,SAU,GDP (current US$),NY.GDP.MKTP.CD,market_size,1991,132223230974.633
Turkiye,TUR,GDP (current US$),NY.GDP.MKTP.CD,market_size,1991,151034731543.624
United States,USA,GDP (current US$),NY.GDP.MKTP.CD,market_size,1991,6158129000000.0
World,WLD,GDP (current US$),NY.GDP.MKTP.CD,market_size,1991,23998499386379.8
United Arab Emirates,ARE,GDP (current US$),NY.GDP.MKTP.CD,market_size,1992,54239188745.5001
Australia,AUS,GDP (current US$),NY.GDP.MKTP.CD,market_size,1992,325982966981.415
Canada,CAN,GDP (current US$),NY.GDP.MKTP.CD,market_size,1992,594387358318.855
China,CHN,GDP (current US$),NY.GDP.MKTP.CD,market_size,1992,428502354788.069
Germany,DEU,GDP (current US$),NY.GDP.MKTP.CD,market_size,1992,2141377582968.07
"Egypt, Arab Rep.",EGY,GDP (current US$),NY.GDP.MKTP.CD,market_size,1992,41855986519.4235
Euro area,EMU,GDP (current US$),NY.GDP.MKTP.CD,market_size,1992,6756330192255.26
European Union,EUU,GDP (current US$),NY.GDP.MKTP.CD,market_size,1992,7386533474604.1
France,FRA,GDP (current US$),NY.GDP.MKTP.CD,market_size,1992,1389663073110.28
United Kingdom,GBR,GDP (current US$),NY.GDP.MKTP.CD,market_size,1992,1179659529659.53
Greece,GRC,GDP (current US$),NY.GDP.MKTP.CD,market_size,1992,114608178405.434
India,IND,GDP (current US$),NY.GDP.MKTP.CD,market_size,1992,288208070278.013
Iraq,IRQ,GDP (current US$),NY.GDP.MKTP.CD,market_size,1992,553671957.671958
Italy,ITA,GDP (current US$),NY.GDP.MKTP.CD,market_size,1992,1323204350353.5
Jordan,JOR,GDP (current US$),NY.GDP.MKTP.CD,market_size,1992,5310833193.59005
Kuwait,KWT,GDP (current US$),NY.GDP.MKTP.CD,market_size,1992,19858555214.7239
Lebanon,LBN,GDP (current US$),NY.GDP.MKTP.CD,market_size,1992,5843579160.90122
Qatar,QAT,GDP (current US$),NY.GDP.MKTP.CD,market_size,1992,7646153846.15385
Saudi Arabia,SAU,GDP (current US$),NY.GDP.MKTP.CD,market_size,1992,137087850467.29
Turkiye,TUR,GDP (current US$),NY.GDP.MKTP.CD,market_size,1992,159104772991.851
United States,USA,GDP (current US$),NY.GDP.MKTP.CD,market_size,1992,6520327000000.0
World,WLD,GDP (current US$),NY.GDP.MKTP.CD,market_size,1992,25631432757013.7
United Arab Emirates,ARE,GDP (current US$),NY.GDP.MKTP.CD,market_size,1993,55625269485.1866
Australia,AUS,GDP (current US$),NY.GDP.MKTP.CD,market_size,1993,312568858909.5
Canada,CAN,GDP (current US$),NY.GDP.MKTP.CD,market_size,1993,579053561739.4
China,CHN,GDP (current US$),NY.GDP.MKTP.CD,market_size,1993,446557291212.148
Germany,DEU,GDP (current US$),NY.GDP.MKTP.CD,market_size,1993,2078954217437.6
"Egypt, Arab Rep.",EGY,GDP (current US$),NY.GDP.MKTP.CD,market_size,1993,46578631452.581
Euro area,EMU,GDP (current US$),NY.GDP.MKTP.CD,market_size,1993,6188568278738.88
European Union,EUU,GDP (current US$),NY.GDP.MKTP.CD,market_size,1993,6748064931035.35
France,FRA,GDP (current US$),NY.GDP.MKTP.CD,market_size,1993,1314383368079.69
United Kingdom,GBR,GDP (current US$),NY.GDP.MKTP.CD,market_size,1993,1061388722255.55
Greece,GRC,GDP (current US$),NY.GDP.MKTP.CD,market_size,1993,107295704518.43
India,IND,GDP (current US$),NY.GDP.MKTP.CD,market_size,1993,279295648982.529
Iraq,IRQ,GDP (current US$),NY.GDP.MKTP.CD,market_size,1993,1031944881.13189
Italy,ITA,GDP (current US$),NY.GDP.MKTP.CD,market_size,1993,1067412587670.73
Jordan,JOR,GDP (current US$),NY.GDP.MKTP.CD,market_size,1993,5606400221.69269
Kuwait,KWT,GDP (current US$),NY.GDP.MKTP.CD,market_size,1993,23941391390.7285
Lebanon,LBN,GDP (current US$),NY.GDP.MKTP.CD,market_size,1993,7941744492.23595
Qatar,QAT,GDP (current US$),NY.GDP.MKTP.CD,market_size,1993,7156593406.59341
Saudi Arabia,SAU,GDP (current US$),NY.GDP.MKTP.CD,market_size,1993,132967957276.368
Turkiye,TUR,GDP (current US$),NY.GDP.MKTP.CD,market_size,1993,180415757851.616
United States,USA,GDP (current US$),NY.GDP.MKTP.CD,market_size,1993,6858559000000.0
World,WLD,GDP (current US$),NY.GDP.MKTP.CD,market_size,1993,26071136171460.6
United Arab Emirates,ARE,GDP (current US$),NY.GDP.MKTP.CD,market_size,1994,59305111227.5034
Australia,AUS,GDP (current US$),NY.GDP.MKTP.CD,market_size,1994,323269456935.317
Canada,CAN,GDP (current US$),NY.GDP.MKTP.CD,market_size,1994,579944346807.264
China,CHN,GDP (current US$),NY.GDP.MKTP.CD,market_size,1994,566929539493.172
Germany,DEU,GDP (current US$),NY.GDP.MKTP.CD,market_size,1994,2215282632276.73
"Egypt, Arab Rep.",EGY,GDP (current US$),NY.GDP.MKTP.CD,market_size,1994,51897983392.6453
Euro area,EMU,GDP (current US$),NY.GDP.MKTP.CD,market_size,1994,6536616886781.35
European Union,EUU,GDP (current US$),NY.GDP.MKTP.CD,market_size,1994,7153669602083.88
France,FRA,GDP (current US$),NY.GDP.MKTP.CD,market_size,1994,1385822778827.98
United Kingdom,GBR,GDP (current US$),NY.GDP.MKTP.CD,market_size,1994,1140489745944.29
Greece,GRC,GDP (current US$),NY.GDP.MKTP.CD,market_size,1994,114980063202.247
India,IND,GDP (current US$),NY.GDP.MKTP.CD,market_size,1994,327274843459.429
Iraq,IRQ,GDP (current US$),NY.GDP.MKTP.CD,market_size,1994,3991349282.75729
Italy,ITA,GDP (current US$),NY.GDP.MKTP.CD,market_size,1994,1101750159702.21
Jordan,JOR,GDP (current US$),NY.GDP.MKTP.CD,market_size,1994,6236295978.24531
Kuwait,KWT,GDP (current US$),NY.GDP.MKTP.CD,market_size,1994,24848483838.3838
Lebanon,LBN,GDP (current US$),NY.GDP.MKTP.CD,market_size,1994,9599127050.17558
Qatar,QAT,GDP (current US$),NY.GDP.MKTP.CD,market_size,1994,7374450549.45055
Saudi Arabia,SAU,GDP (current US$),NY.GDP.MKTP.CD,market_size,1994,135174899866.489
Turkiye,TUR,GDP (current US$),NY.GDP.MKTP.CD,market_size,1994,130650447499.071
United States,USA,GDP (current US$),NY.GDP.MKTP.CD,market_size,1994,7287236000000.0
World,WLD,GDP (current US$),NY.GDP.MKTP.CD,market_size,1994,28066274308784.1
United Arab Emirates,ARE,GDP (current US$),NY.GDP.MKTP.CD,market_size,1995,65743604965.7557
Australia,AUS,GDP (current US$),NY.GDP.MKTP.CD,market_size,1995,368725126225.126
Canada,CAN,GDP (current US$),NY.GDP.MKTP.CD,market_size,1995,605961090061.207
China,CHN,GDP (current US$),NY.GDP.MKTP.CD,market_size,1995,738190896227.55
Germany,DEU,GDP (current US$),NY.GDP.MKTP.CD,market_size,1995,2593053091306.13
"Egypt, Arab Rep.",EGY,GDP (current US$),NY.GDP.MKTP.CD,market_size,1995,60159245060.4541
Euro area,EMU,GDP (current US$),NY.GDP.MKTP.CD,market_size,1995,7553162009471.07
European Union,EUU,GDP (current US$),NY.GDP.MKTP.CD,market_size,1995,8292479629104.28
France,FRA,GDP (current US$),NY.GDP.MKTP.CD,market_size,1995,1595219345511.89
United Kingdom,GBR,GDP (current US$),NY.GDP.MKTP.CD,market_size,1995,1349094208616.06
Greece,GRC,GDP (current US$),NY.GDP.MKTP.CD,market_size,1995,134974613913.811
India,IND,GDP (current US$),NY.GDP.MKTP.CD,market_size,1995,360281909643.489
Iraq,IRQ,GDP (current US$),NY.GDP.MKTP.CD,market_size,1995,12894029888.1122
Italy,ITA,GDP (current US$),NY.GDP.MKTP.CD,market_size,1995,1177369428265.78
Jordan,JOR,GDP (current US$),NY.GDP.MKTP.CD,market_size,1995,6727597031.96347
Kuwait,KWT,GDP (current US$),NY.GDP.MKTP.CD,market_size,1995,27186980646.5448
Lebanon,LBN,GDP (current US$),NY.GDP.MKTP.CD,market_size,1995,11718795528.5556
Qatar,QAT,GDP (current US$),NY.GDP.MKTP.CD,market_size,1995,8137912087.91209
Saudi Arabia,SAU,GDP (current US$),NY.GDP.MKTP.CD,market_size,1995,143343124165.554
Turkiye,TUR,GDP (current US$),NY.GDP.MKTP.CD,market_size,1995,234699627004.035
United States,USA,GDP (current US$),NY.GDP.MKTP.CD,market_size,1995,7639749000000.0
World,WLD,GDP (current US$),NY.GDP.MKTP.CD,market_size,1995,31338014339198.1
United Arab Emirates,ARE,GDP (current US$),NY.GDP.MKTP.CD,market_size,1996,73571217376.7336
Australia,AUS,GDP (current US$),NY.GDP.MKTP.CD,market_size,1996,401962517479.122
Canada,CAN,GDP (current US$),NY.GDP.MKTP.CD,market_size,1996,630607994132.747
China,CHN,GDP (current US$),NY.GDP.MKTP.CD,market_size,1996,868523936530.083
Germany,DEU,GDP (current US$),NY.GDP.MKTP.CD,market_size,1996,2506576553158.31
"Egypt, Arab Rep.",EGY,GDP (current US$),NY.GDP.MKTP.CD,market_size,1996,67629716981.1321
Euro area,EMU,GDP (current US$),NY.GDP.MKTP.CD,market_size,1996,7635464160643.11
European Union,EUU,GDP (current US$),NY.GDP.MKTP.CD,market_size,1996,8427282888819.22
France,FRA,GDP (current US$),NY.GDP.MKTP.CD,market_size,1996,1598889216566.23
United Kingdom,GBR,GDP (current US$),NY.GDP.MKTP.CD,market_size,1996,1425287051482.06
Greece,GRC,GDP (current US$),NY.GDP.MKTP.CD,market_size,1996,142502984144.96
India,IND,GDP (current US$),NY.GDP.MKTP.CD,market_size,1996,392896866204.516
Iraq,IRQ,GDP (current US$),NY.GDP.MKTP.CD,market_size,1996,10433698621.3427
Italy,ITA,GDP (current US$),NY.GDP.MKTP.CD,market_size,1996,1314776508972.27
Jordan,JOR,GDP (current US$),NY.GDP.MKTP.CD,market_size,1996,6927503526.09309
Kuwait,KWT,GDP (current US$),NY.GDP.MKTP.CD,market_size,1996,31492373308.7516
Lebanon,LBN,GDP (current US$),NY.GDP.MKTP.CD,market_size,1996,13690217333.5879
Qatar,QAT,GDP (current US$),NY.GDP.MKTP.CD,market_size,1996,9059340659.34066
Saudi Arabia,SAU,GDP (current US$),NY.GDP.MKTP.CD,market_size,1996,158662483311.081
Turkiye,TUR,GDP (current US$),NY.GDP.MKTP.CD,market_size,1996,250366965174.129
United States,USA,GDP (current US$),NY.GDP.MKTP.CD,market_size,1996,8073122000000.0
World,WLD,GDP (current US$),NY.GDP.MKTP.CD,market_size,1996,32064860700885.1
United Arab Emirates,ARE,GDP (current US$),NY.GDP.MKTP.CD,market_size,1997,78838886862.1575
Australia,AUS,GDP (current US$),NY.GDP.MKTP.CD,market_size,1997,436321902767.408
Canada,CAN,GDP (current US$),NY.GDP.MKTP.CD,market_size,1997,654987722085.801
China,CHN,GDP (current US$),NY.GDP.MKTP.CD,market_size,1997,967753570434.667
Germany,DEU,GDP (current US$),NY.GDP.MKTP.CD,market_size,1997,2218790886532.82
"Egypt, Arab Rep.",EGY,GDP (current US$),NY.GDP.MKTP.CD,market_size,1997,78436578171.0914
Euro area,EMU,GDP (current US$),NY.GDP.MKTP.CD,market_size,1997,6983168724241.48
European Union,EUU,GDP (current US$),NY.GDP.MKTP.CD,market_size,1997,7730067215825.26
France,FRA,GDP (current US$),NY.GDP.MKTP.CD,market_size,1997,1449392222971.45
United Kingdom,GBR,GDP (current US$),NY.GDP.MKTP.CD,market_size,1997,1569317288801.57
Greece,GRC,GDP (current US$),NY.GDP.MKTP.CD,market_size,1997,138766067640.085
India,IND,GDP (current US$),NY.GDP.MKTP.CD,market_size,1997,415867563592.829
Iraq,IRQ,GDP (current US$),NY.GDP.MKTP.CD,market_size,1997,20764857056.3795
Italy,ITA,GDP (current US$),NY.GDP.MKTP.CD,market_size,1997,1244988176443.84
Jordan,JOR,GDP (current US$),NY.GDP.MKTP.CD,market_size,1997,7245839210.15515
Kuwait,KWT,GDP (current US$),NY.GDP.MKTP.CD,market_size,1997,30350190704.4361
Lebanon,LBN,GDP (current US$),NY.GDP.MKTP.CD,market_size,1997,15751867489.4446
Qatar,QAT,GDP (current US$),NY.GDP.MKTP.CD,market_size,1997,11297802197.8022
Saudi Arabia,SAU,GDP (current US$),NY.GDP.MKTP.CD,market_size,1997,165963684913.218
Turkiye,TUR,GDP (current US$),NY.GDP.MKTP.CD,market_size,1997,263817553748.395
United States,USA,GDP (current US$),NY.GDP.MKTP.CD,market_size,1997,8577552000000.0
World,WLD,GDP (current US$),NY.GDP.MKTP.CD,market_size,1997,31954804098164.9
United Arab Emirates,ARE,GDP (current US$),NY.GDP.MKTP.CD,market_size,1998,75674384204.7668
Australia,AUS,GDP (current US$),NY.GDP.MKTP.CD,market_size,1998,400361527504.578
Canada,CAN,GDP (current US$),NY.GDP.MKTP.CD,market_size,1998,633999325918.436
China,CHN,GDP (current US$),NY.GDP.MKTP.CD,market_size,1998,1037134141760.35
Germany,DEU,GDP (current US$),NY.GDP.MKTP.CD,market_size,1998,2247760364565.97
"Egypt, Arab Rep.",EGY,GDP (current US$),NY.GDP.MKTP.CD,market_size,1998,84828807556.0803
Euro area,EMU,GDP (current US$),NY.GDP.MKTP.CD,market_size,1998,7182324521394.46
European Union,EUU,GDP (current US$),NY.GDP.MKTP.CD,market_size,1998,7963038897258.0
France,FRA,GDP (current US$),NY.GDP.MKTP.CD,market_size,1998,1496906382032.47
United Kingdom,GBR,GDP (current US$),NY.GDP.MKTP.CD,market_size,1998,1660821464060.95
Greece,GRC,GDP (current US$),NY.GDP.MKTP.CD,market_size,1998,139612812175.718
India,IND,GDP (current US$),NY.GDP.MKTP.CD,market_size,1998,421351317224.941
Iraq,IRQ,GDP (current US$),NY.GDP.MKTP.CD,market_size,1998,20617405044.2425
Italy,ITA,GDP (current US$),NY.GDP.MKTP.CD,market_size,1998,1272729786996.77
Jordan,JOR,GDP (current US$),NY.GDP.MKTP.CD,market_size,1998,7912270803.94922
Kuwait,KWT,GDP (current US$),NY.GDP.MKTP.CD,market_size,1998,25943705784.2996
Lebanon,LBN,GDP (current US$),NY.GDP.MKTP.CD,market_size,1998,17247179005.5219
Qatar,QAT,GDP (current US$),NY.GDP.MKTP.CD,market_size,1998,10255494505.4945
Saudi Arabia,SAU,GDP (current US$),NY.GDP.MKTP.CD,market_size,1998,146775466666.667
Turkiye,TUR,GDP (current US$),NY.GDP.MKTP.CD,market_size,1998,276035372654.608
United States,USA,GDP (current US$),NY.GDP.MKTP.CD,market_size,1998,9062817000000.0
World,WLD,GDP (current US$),NY.GDP.MKTP.CD,market_size,1998,31780795899557.2
United Arab Emirates,ARE,GDP (current US$),NY.GDP.MKTP.CD,market_size,1999,84445399334.7235
Australia,AUS,GDP (current US$),NY.GDP.MKTP.CD,market_size,1999,390347787943.351
Canada,CAN,GDP (current US$),NY.GDP.MKTP.CD,market_size,1999,678414215521.303
China,CHN,GDP (current US$),NY.GDP.MKTP.CD,market_size,1999,1103843203575.64
Germany,DEU,GDP (current US$),NY.GDP.MKTP.CD,market_size,1999,2213873468586.88
"Egypt, Arab Rep.",EGY,GDP (current US$),NY.GDP.MKTP.CD,market_size,1999,90710704806.8416
Euro area,EMU,GDP (current US$),NY.GDP.MKTP.CD,market_size,1999,7152815111745.68
European Union,EUU,GDP (current US$),NY.GDP.MKTP.CD,market_size,1999,7926425566614.07
France,FRA,GDP (current US$),NY.GDP.MKTP.CD,market_size,1999,1486915879701.93
United Kingdom,GBR,GDP (current US$),NY.GDP.MKTP.CD,market_size,1999,1693458987218.9
Greece,GRC,GDP (current US$),NY.GDP.MKTP.CD,market_size,1999,137131371955.307
India,IND,GDP (current US$),NY.GDP.MKTP.CD,market_size,1999,458821052615.79
Iraq,IRQ,GDP (current US$),NY.GDP.MKTP.CD,market_size,1999,36881601583.8194
Italy,ITA,GDP (current US$),NY.GDP.MKTP.CD,market_size,1999,1255004736463.98
Jordan,JOR,GDP (current US$),NY.GDP.MKTP.CD,market_size,1999,8149929478.13822
Kuwait,KWT,GDP (current US$),NY.GDP.MKTP.CD,market_size,1999,30122365849.2518
Lebanon,LBN,GDP (current US$),NY.GDP.MKTP.CD,market_size,1999,17391056369.2265
Qatar,QAT,GDP (current US$),NY.GDP.MKTP.CD,market_size,1999,12393131868.1319
Saudi Arabia,SAU,GDP (current US$),NY.GDP.MKTP.CD,market_size,1999,161717066666.667
Turkiye,TUR,GDP (current US$),NY.GDP.MKTP.CD,market_size,1999,256673939247.773
United States,USA,GDP (current US$),NY.GDP.MKTP.CD,market_size,1999,9631172000000.0
World,WLD,GDP (current US$),NY.GDP.MKTP.CD,market_size,1999,32829035976968.2
United Arab Emirates,ARE,GDP (current US$),NY.GDP.MKTP.CD,market_size,2000,104337463730.167
Australia,AUS,GDP (current US$),NY.GDP.MKTP.CD,market_size,2000,416901962163.479
Canada,CAN,GDP (current US$),NY.GDP.MKTP.CD,market_size,2000,744773415931.587
China,CHN,GDP (current US$),NY.GDP.MKTP.CD,market_size,2000,1223754919971.05
Germany,DEU,GDP (current US$),NY.GDP.MKTP.CD,market_size,2000,1966980701145.1
"Egypt, Arab Rep.",EGY,GDP (current US$),NY.GDP.MKTP.CD,market_size,2000,99838543960.0763
Euro area,EMU,GDP (current US$),NY.GDP.MKTP.CD,market_size,2000,6533285976076.88
European Union,EUU,GDP (current US$),NY.GDP.MKTP.CD,market_size,2000,7279892216791.94
France,FRA,GDP (current US$),NY.GDP.MKTP.CD,market_size,2000,1360959069477.49
United Kingdom,GBR,GDP (current US$),NY.GDP.MKTP.CD,market_size,2000,1671597821152.97
Greece,GRC,GDP (current US$),NY.GDP.MKTP.CD,market_size,2000,125760166224.805
India,IND,GDP (current US$),NY.GDP.MKTP.CD,market_size,2000,468395521654.458
Iraq,IRQ,GDP (current US$),NY.GDP.MKTP.CD,market_size,2000,48364250943.9051
Italy,ITA,GDP (current US$),NY.GDP.MKTP.CD,market_size,2000,1149661363439.38
Jordan,JOR,GDP (current US$),NY.GDP.MKTP.CD,market_size,2000,8460789844.8519
Kuwait,KWT,GDP (current US$),NY.GDP.MKTP.CD,market_size,2000,37718743480.0751
Lebanon,LBN,GDP (current US$),NY.GDP.MKTP.CD,market_size,2000,17260364842.4544
Qatar,QAT,GDP (current US$),NY.GDP.MKTP.CD,market_size,2000,17759890109.8901
Saudi Arabia,SAU,GDP (current US$),NY.GDP.MKTP.CD,market_size,2000,189514933333.333
Turkiye,TUR,GDP (current US$),NY.GDP.MKTP.CD,market_size,2000,274748463178.502
United States,USA,GDP (current US$),NY.GDP.MKTP.CD,market_size,2000,10250952000000.0
World,WLD,GDP (current US$),NY.GDP.MKTP.CD,market_size,2000,33965806441911.9
United Arab Emirates,ARE,GDP (current US$),NY.GDP.MKTP.CD,market_size,2001,103311631797.329
Australia,AUS,GDP (current US$),NY.GDP.MKTP.CD,market_size,2001,380360222861.197
Canada,CAN,GDP (current US$),NY.GDP.MKTP.CD,market_size,2001,738981792355.372
China,CHN,GDP (current US$),NY.GDP.MKTP.CD,market_size,2001,1355036590251.52
Germany,DEU,GDP (current US$),NY.GDP.MKTP.CD,market_size,2001,1966381496641.73
"Egypt, Arab Rep.",EGY,GDP (current US$),NY.GDP.MKTP.CD,market_size,2001,96684636118.5984
Euro area,EMU,GDP (current US$),NY.GDP.MKTP.CD,market_size,2001,6636734730022.05
European Union,EUU,GDP (current US$),NY.GDP.MKTP.CD,market_size,2001,7398267811404.69
France,FRA,GDP (current US$),NY.GDP.MKTP.CD,market_size,2001,1370376677298.86
United Kingdom,GBR,GDP (current US$),NY.GDP.MKTP.CD,market_size,2001,1656171009068.66
Greece,GRC,GDP (current US$),NY.GDP.MKTP.CD,market_size,2001,132050474720.03
India,IND,GDP (current US$),NY.GDP.MKTP.CD,market_size,2001,485440139204.171
Iraq,IRQ,GDP (current US$),NY.GDP.MKTP.CD,market_size,2001,36176430128.8057
Italy,ITA,GDP (current US$),NY.GDP.MKTP.CD,market_size,2001,1172041488805.87
Jordan,JOR,GDP (current US$),NY.GDP.MKTP.CD,market_size,2001,8975814652.8196
Kuwait,KWT,GDP (current US$),NY.GDP.MKTP.CD,market_size,2001,34889559869.8326
Lebanon,LBN,GDP (current US$),NY.GDP.MKTP.CD,market_size,2001,17649751243.7811
Qatar,QAT,GDP (current US$),NY.GDP.MKTP.CD,market_size,2001,17538461538.4615
Saudi Arabia,SAU,GDP (current US$),NY.GDP.MKTP.CD,market_size,2001,184137600000.0
Turkiye,TUR,GDP (current US$),NY.GDP.MKTP.CD,market_size,2001,202195080239.036
United States,USA,GDP (current US$),NY.GDP.MKTP.CD,market_size,2001,10581929000000.0
World,WLD,GDP (current US$),NY.GDP.MKTP.CD,market_size,2001,33747838963540.0
United Arab Emirates,ARE,GDP (current US$),NY.GDP.MKTP.CD,market_size,2002,109816091078.603
Australia,AUS,GDP (current US$),NY.GDP.MKTP.CD,market_size,2002,396436967262.563
Canada,CAN,GDP (current US$),NY.GDP.MKTP.CD,market_size,2002,760650608551.583
China,CHN,GDP (current US$),NY.GDP.MKTP.CD,market_size,2002,1489821682050.54
Germany,DEU,GDP (current US$),NY.GDP.MKTP.CD,market_size,2002,2102350798305.89
"Egypt, Arab Rep.",EGY,GDP (current US$),NY.GDP.MKTP.CD,market_size,2002,85146067415.7303
Euro area,EMU,GDP (current US$),NY.GDP.MKTP.CD,market_size,2002,7247791094758.98
European Union,EUU,GDP (current US$),NY.GDP.MKTP.CD,market_size,2002,8089955515956.84
France,FRA,GDP (current US$),NY.GDP.MKTP.CD,market_size,2002,1492427756382.43
United Kingdom,GBR,GDP (current US$),NY.GDP.MKTP.CD,market_size,2002,1790536570743.41
Greece,GRC,GDP (current US$),NY.GDP.MKTP.CD,market_size,2002,150253800085.865
India,IND,GDP (current US$),NY.GDP.MKTP.CD,market_size,2002,514939140318.756
Iraq,IRQ,GDP (current US$),NY.GDP.MKTP.CD,market_size,2002,32928454672.4246
Italy,ITA,GDP (current US$),NY.GDP.MKTP.CD,market_size,2002,1281746271196.04
Jordan,JOR,GDP (current US$),NY.GDP.MKTP.CD,market_size,2002,9582510578.27927
Kuwait,KWT,GDP (current US$),NY.GDP.MKTP.CD,market_size,2002,38135788413.8276
Lebanon,LBN,GDP (current US$),NY.GDP.MKTP.CD,market_size,2002,19152238805.9701
Qatar,QAT,GDP (current US$),NY.GDP.MKTP.CD,market_size,2002,19363736263.7363
Saudi Arabia,SAU,GDP (current US$),NY.GDP.MKTP.CD,market_size,2002,189605866666.667
Turkiye,TUR,GDP (current US$),NY.GDP.MKTP.CD,market_size,2002,240778008473.845
United States,USA,GDP (current US$),NY.GDP.MKTP.CD,market_size,2002,10929108000000.0
World,WLD,GDP (current US$),NY.GDP.MKTP.CD,market_size,2002,35048255697763.3
United Arab Emirates,ARE,GDP (current US$),NY.GDP.MKTP.CD,market_size,2003,124346476180.46
Australia,AUS,GDP (current US$),NY.GDP.MKTP.CD,market_size,2003,468517181129.878
Canada,CAN,GDP (current US$),NY.GDP.MKTP.CD,market_size,2003,895542074084.648
China,CHN,GDP (current US$),NY.GDP.MKTP.CD,market_size,2003,1683903309843.85
Germany,DEU,GDP (current US$),NY.GDP.MKTP.CD,market_size,2003,2534715518349.01
"Egypt, Arab Rep.",EGY,GDP (current US$),NY.GDP.MKTP.CD,market_size,2003,80288461538.4615
Euro area,EMU,GDP (current US$),NY.GDP.MKTP.CD,market_size,2003,8929519218443.93
European Union,EUU,GDP (current US$),NY.GDP.MKTP.CD,market_size,2003,9944006859363.36
France,FRA,GDP (current US$),NY.GDP.MKTP.CD,market_size,2003,1835095983049.09
United Kingdom,GBR,GDP (current US$),NY.GDP.MKTP.CD,market_size,2003,2061227755102.04
Greece,GRC,GDP (current US$),NY.GDP.MKTP.CD,market_size,2003,196930509813.384
India,IND,GDP (current US$),NY.GDP.MKTP.CD,market_size,2003,607700687237.318
Iraq,IRQ,GDP (current US$),NY.GDP.MKTP.CD,market_size,2003,21921569478.8163
Italy,ITA,GDP (current US$),NY.GDP.MKTP.CD,market_size,2003,1582930016538.82
Jordan,JOR,GDP (current US$),NY.GDP.MKTP.CD,market_size,2003,10195627644.5698
Kuwait,KWT,GDP (current US$),NY.GDP.MKTP.CD,market_size,2003,47874582231.588
Lebanon,LBN,GDP (current US$),NY.GDP.MKTP.CD,market_size,2003,20082918739.6352
Qatar,QAT,GDP (current US$),NY.GDP.MKTP.CD,market_size,2003,23533791208.7912
Saudi Arabia,SAU,GDP (current US$),NY.GDP.MKTP.CD,market_size,2003,215807733333.333
Turkiye,TUR,GDP (current US$),NY.GDP.MKTP.CD,market_size,2003,315392899922.379
United States,USA,GDP (current US$),NY.GDP.MKTP.CD,market_size,2003,11456450000000.0
World,WLD,GDP (current US$),NY.GDP.MKTP.CD,market_size,2003,39288473726074.5
United Arab Emirates,ARE,GDP (current US$),NY.GDP.MKTP.CD,market_size,2004,147824249957.985
Australia,AUS,GDP (current US$),NY.GDP.MKTP.CD,market_size,2004,615643050220.515
Canada,CAN,GDP (current US$),NY.GDP.MKTP.CD,market_size,2004,1026691006917.76
China,CHN,GDP (current US$),NY.GDP.MKTP.CD,market_size,2004,1984196551300.44
Germany,DEU,GDP (current US$),NY.GDP.MKTP.CD,market_size,2004,2852317768061.78
"Egypt, Arab Rep.",EGY,GDP (current US$),NY.GDP.MKTP.CD,market_size,2004,78782467532.4675
Euro area,EMU,GDP (current US$),NY.GDP.MKTP.CD,market_size,2004,10242911187425.1
European Union,EUU,GDP (current US$),NY.GDP.MKTP.CD,market_size,2004,11434848361291.9
France,FRA,GDP (current US$),NY.GDP.MKTP.CD,market_size,2004,2109792297237.03
United Kingdom,GBR,GDP (current US$),NY.GDP.MKTP.CD,market_size,2004,2429774807762.72
Greece,GRC,GDP (current US$),NY.GDP.MKTP.CD,market_size,2004,234979615898.225
India,IND,GDP (current US$),NY.GDP.MKTP.CD,market_size,2004,709152728830.775
Iraq,IRQ,GDP (current US$),NY.GDP.MKTP.CD,market_size,2004,36633669269.3981
Italy,ITA,GDP (current US$),NY.GDP.MKTP.CD,market_size,2004,1812808753294.75
Jordan,JOR,GDP (current US$),NY.GDP.MKTP.CD,market_size,2004,11411706629.055
Kuwait,KWT,GDP (current US$),NY.GDP.MKTP.CD,market_size,2004,59439090600.6108
Lebanon,LBN,GDP (current US$),NY.GDP.MKTP.CD,market_size,2004,21159827992.0398
Qatar,QAT,GDP (current US$),NY.GDP.MKTP.CD,market_size,2004,31734065934.0659
Saudi Arabia,SAU,GDP (current US$),NY.GDP.MKTP.CD,market_size,2004,258742133333.333
Turkiye,TUR,GDP (current US$),NY.GDP.MKTP.CD,market_size,2004,410156784495.948
United States,USA,GDP (current US$),NY.GDP.MKTP.CD,market_size,2004,12217196000000.0
World,WLD,GDP (current US$),NY.GDP.MKTP.CD,market_size,2004,44264898214305.3
United Arab Emirates,ARE,GDP (current US$),NY.GDP.MKTP.CD,market_size,2005,180617467954.23
Australia,AUS,GDP (current US$),NY.GDP.MKTP.CD,market_size,2005,696811489612.816
Canada,CAN,GDP (current US$),NY.GDP.MKTP.CD,market_size,2005,1173118501402.87
China,CHN,GDP (current US$),NY.GDP.MKTP.CD,market_size,2005,2317551298052.05
Germany,DEU,GDP (current US$),NY.GDP.MKTP.CD,market_size,2005,2893393187361.87
"Egypt, Arab Rep.",EGY,GDP (current US$),NY.GDP.MKTP.CD,market_size,2005,89660339660.3397
Euro area,EMU,GDP (current US$),NY.GDP.MKTP.CD,market_size,2005,10627971366602.0
European Union,EUU,GDP (current US$),NY.GDP.MKTP.CD,market_size,2005,11940626626680.2
France,FRA,GDP (current US$),NY.GDP.MKTP.CD,market_size,2005,2192146403028.17
United Kingdom,GBR,GDP (current US$),NY.GDP.MKTP.CD,market_size,2005,2551361818181.82
Greece,GRC,GDP (current US$),NY.GDP.MKTP.CD,market_size,2005,242315668619.405
India,IND,GDP (current US$),NY.GDP.MKTP.CD,market_size,2005,820383763511.445
Iraq,IRQ,GDP (current US$),NY.GDP.MKTP.CD,market_size,2005,50065104667.8159
Italy,ITA,GDP (current US$),NY.GDP.MKTP.CD,market_size,2005,1864982261286.85
Jordan,JOR,GDP (current US$),NY.GDP.MKTP.CD,market_size,2005,12588998589.5628
Kuwait,KWT,GDP (current US$),NY.GDP.MKTP.CD,market_size,2005,80798630136.9863
Lebanon,LBN,GDP (current US$),NY.GDP.MKTP.CD,market_size,2005,21497336498.8391
Qatar,QAT,GDP (current US$),NY.GDP.MKTP.CD,market_size,2005,44530494505.4945
Saudi Arabia,SAU,GDP (current US$),NY.GDP.MKTP.CD,market_size,2005,328459608764.111
Turkiye,TUR,GDP (current US$),NY.GDP.MKTP.CD,market_size,2005,508314210212.544
United States,USA,GDP (current US$),NY.GDP.MKTP.CD,market_size,2005,13039197000000.0
World,WLD,GDP (current US$),NY.GDP.MKTP.CD,market_size,2005,47938461749088.8
United Arab Emirates,ARE,GDP (current US$),NY.GDP.MKTP.CD,market_size,2006,222116532963.026
Australia,AUS,GDP (current US$),NY.GDP.MKTP.CD,market_size,2006,749708370332.989
Canada,CAN,GDP (current US$),NY.GDP.MKTP.CD,market_size,2006,1319291255289.14
China,CHN,GDP (current US$),NY.GDP.MKTP.CD,market_size,2006,2791498472804.33
Germany,DEU,GDP (current US$),NY.GDP.MKTP.CD,market_size,2006,3046308753670.58
"Egypt, Arab Rep.",EGY,GDP (current US$),NY.GDP.MKTP.CD,market_size,2006,107426086956.522
Euro area,EMU,GDP (current US$),NY.GDP.MKTP.CD,market_size,2006,11309041991993.2
European Union,EUU,GDP (current US$),NY.GDP.MKTP.CD,market_size,2006,12754718274523.8
France,FRA,GDP (current US$),NY.GDP.MKTP.CD,market_size,2006,2317861544690.82
United Kingdom,GBR,GDP (current US$),NY.GDP.MKTP.CD,market_size,2006,2719558417663.29
Greece,GRC,GDP (current US$),NY.GDP.MKTP.CD,market_size,2006,269073415333.676
India,IND,GDP (current US$),NY.GDP.MKTP.CD,market_size,2006,940259888787.721
Iraq,IRQ,GDP (current US$),NY.GDP.MKTP.CD,market_size,2006,65147051918.0219
Italy,ITA,GDP (current US$),NY.GDP.MKTP.CD,market_size,2006,1958563654385.64
Jordan,JOR,GDP (current US$),NY.GDP.MKTP.CD,market_size,2006,15056981664.3159
Kuwait,KWT,GDP (current US$),NY.GDP.MKTP.CD,market_size,2006,101557330723.423
Lebanon,LBN,GDP (current US$),NY.GDP.MKTP.CD,market_size,2006,22022709851.4096
Qatar,QAT,GDP (current US$),NY.GDP.MKTP.CD,market_size,2006,60882142857.1429
Saudi Arabia,SAU,GDP (current US$),NY.GDP.MKTP.CD,market_size,2006,376900133511.348
Turkiye,TUR,GDP (current US$),NY.GDP.MKTP.CD,market_size,2006,559668118237.002
United States,USA,GDP (current US$),NY.GDP.MKTP.CD,market_size,2006,13815583000000.0
World,WLD,GDP (current US$),NY.GDP.MKTP.CD,market_size,2006,51965655998564.4
United Arab Emirates,ARE,GDP (current US$),NY.GDP.MKTP.CD,market_size,2007,257916148767.436
Australia,AUS,GDP (current US$),NY.GDP.MKTP.CD,market_size,2007,856603595823.192
Canada,CAN,GDP (current US$),NY.GDP.MKTP.CD,market_size,2007,1468820407783.26
China,CHN,GDP (current US$),NY.GDP.MKTP.CD,market_size,2007,3604055822571.63
Germany,DEU,GDP (current US$),NY.GDP.MKTP.CD,market_size,2007,3484056680854.91
"Egypt, Arab Rep.",EGY,GDP (current US$),NY.GDP.MKTP.CD,market_size,2007,130437828371.278
Euro area,EMU,GDP (current US$),NY.GDP.MKTP.CD,market_size,2007,13035176682196.7
European Union,EUU,GDP (current US$),NY.GDP.MKTP.CD,market_size,2007,14779905573599.5
France,FRA,GDP (current US$),NY.GDP.MKTP.CD,market_size,2007,2655816911866.56
United Kingdom,GBR,GDP (current US$),NY.GDP.MKTP.CD,market_size,2007,3104699879951.98
Greece,GRC,GDP (current US$),NY.GDP.MKTP.CD,market_size,2007,314226996944.108
India,IND,GDP (current US$),NY.GDP.MKTP.CD,market_size,2007,1216736438834.96
Iraq,IRQ,GDP (current US$),NY.GDP.MKTP.CD,market_size,2007,88837057319.5179
Italy,ITA,GDP (current US$),NY.GDP.MKTP.CD,market_size,2007,2222524108127.65
Jordan,JOR,GDP (current US$),NY.GDP.MKTP.CD,market_size,2007,17110437235.543
Kuwait,KWT,GDP (current US$),NY.GDP.MKTP.CD,market_size,2007,114634043361.692
Lebanon,LBN,GDP (current US$),NY.GDP.MKTP.CD,market_size,2007,24827355014.9254
Qatar,QAT,GDP (current US$),NY.GDP.MKTP.CD,market_size,2007,79711813186.8132
Saudi Arabia,SAU,GDP (current US$),NY.GDP.MKTP.CD,market_size,2007,415964509673.115
Turkiye,TUR,GDP (current US$),NY.GDP.MKTP.CD,market_size,2007,685228481017.03
United States,USA,GDP (current US$),NY.GDP.MKTP.CD,market_size,2007,14474228000000.0
World,WLD,GDP (current US$),NY.GDP.MKTP.CD,market_size,2007,58574302755950.8
United Arab Emirates,ARE,GDP (current US$),NY.GDP.MKTP.CD,market_size,2008,315474615741.223
Australia,AUS,GDP (current US$),NY.GDP.MKTP.CD,market_size,2008,1058448244063.77
Canada,CAN,GDP (current US$),NY.GDP.MKTP.CD,market_size,2008,1552993439550.14
China,CHN,GDP (current US$),NY.GDP.MKTP.CD,market_size,2008,4667346414521.95
Germany,DEU,GDP (current US$),NY.GDP.MKTP.CD,market_size,2008,3808197720125.0
"Egypt, Arab Rep.",EGY,GDP (current US$),NY.GDP.MKTP.CD,market_size,2008,162818181818.182
Euro area,EMU,GDP (current US$),NY.GDP.MKTP.CD,market_size,2008,14346208350010.2
European Union,EUU,GDP (current US$),NY.GDP.MKTP.CD,market_size,2008,16360464416206.0
France,FRA,GDP (current US$),NY.GDP.MKTP.CD,market_size,2008,2926802941585.86
United Kingdom,GBR,GDP (current US$),NY.GDP.MKTP.CD,market_size,2008,2945251838235.29
Greece,GRC,GDP (current US$),NY.GDP.MKTP.CD,market_size,2008,351121399546.485
India,IND,GDP (current US$),NY.GDP.MKTP.CD,market_size,2008,1198895139005.92
Iraq,IRQ,GDP (current US$),NY.GDP.MKTP.CD,market_size,2008,131614434153.505
Italy,ITA,GDP (current US$),NY.GDP.MKTP.CD,market_size,2008,2417508414187.19
Jordan,JOR,GDP (current US$),NY.GDP.MKTP.CD,market_size,2008,25651620830.6149
Kuwait,KWT,GDP (current US$),NY.GDP.MKTP.CD,market_size,2008,147379737229.753
Lebanon,LBN,GDP (current US$),NY.GDP.MKTP.CD,market_size,2008,29118916105.4726
Qatar,QAT,GDP (current US$),NY.GDP.MKTP.CD,market_size,2008,115269780219.78
Saudi Arabia,SAU,GDP (current US$),NY.GDP.MKTP.CD,market_size,2008,519796800000.0
Turkiye,TUR,GDP (current US$),NY.GDP.MKTP.CD,market_size,2008,775415944332.866
United States,USA,GDP (current US$),NY.GDP.MKTP.CD,market_size,2008,14769862000000.0
World,WLD,GDP (current US$),NY.GDP.MKTP.CD,market_size,2008,64378551514749.4
United Arab Emirates,ARE,GDP (current US$),NY.GDP.MKTP.CD,market_size,2009,253547358746.804
Australia,AUS,GDP (current US$),NY.GDP.MKTP.CD,market_size,2009,931761689770.843
Canada,CAN,GDP (current US$),NY.GDP.MKTP.CD,market_size,2009,1374627766599.6
China,CHN,GDP (current US$),NY.GDP.MKTP.CD,market_size,2009,5189577094997.58
Germany,DEU,GDP (current US$),NY.GDP.MKTP.CD,market_size,2009,3478545516683.59
"Egypt, Arab Rep.",EGY,GDP (current US$),NY.GDP.MKTP.CD,market_size,2009,189147005444.646
Euro area,EMU,GDP (current US$),NY.GDP.MKTP.CD,market_size,2009,13135138604358.3
European Union,EUU,GDP (current US$),NY.GDP.MKTP.CD,market_size,2009,14844850799682.2
France,FRA,GDP (current US$),NY.GDP.MKTP.CD,market_size,2009,2700075882518.98
United Kingdom,GBR,GDP (current US$),NY.GDP.MKTP.CD,market_size,2009,2429358155475.93
Greece,GRC,GDP (current US$),NY.GDP.MKTP.CD,market_size,2009,326829054686.306
India,IND,GDP (current US$),NY.GDP.MKTP.CD,market_size,2009,1341888016994.9
Iraq,IRQ,GDP (current US$),NY.GDP.MKTP.CD,market_size,2009,111657580326.315
Italy,ITA,GDP (current US$),NY.GDP.MKTP.CD,market_size,2009,2209484319012.65
Jordan,JOR,GDP (current US$),NY.GDP.MKTP.CD,market_size,2009,27462496197.1831
Kuwait,KWT,GDP (current US$),NY.GDP.MKTP.CD,market_size,2009,105968691905.415
Lebanon,LBN,GDP (current US$),NY.GDP.MKTP.CD,market_size,2009,35399582928.6899
Qatar,QAT,GDP (current US$),NY.GDP.MKTP.CD,market_size,2009,97798351648.3516
Saudi Arabia,SAU,GDP (current US$),NY.GDP.MKTP.CD,market_size,2009,429097866666.667
Turkiye,TUR,GDP (current US$),NY.GDP.MKTP.CD,market_size,2009,653894449921.288
United States,USA,GDP (current US$),NY.GDP.MKTP.CD,market_size,2009,14478067000000.0
World,WLD,GDP (current US$),NY.GDP.MKTP.CD,market_size,2009,61049315651690.3
United Arab Emirates,ARE,GDP (current US$),NY.GDP.MKTP.CD,market_size,2010,307736348527.33
Australia,AUS,GDP (current US$),NY.GDP.MKTP.CD,market_size,2010,1152566632022.13
Canada,CAN,GDP (current US$),NY.GDP.MKTP.CD,market_size,2010,1617349192091.46
China,CHN,GDP (current US$),NY.GDP.MKTP.CD,market_size,2010,6192564874453.29
Germany,DEU,GDP (current US$),NY.GDP.MKTP.CD,market_size,2010,3467093769666.67
"Egypt, Arab Rep.",EGY,GDP (current US$),NY.GDP.MKTP.CD,market_size,2010,218983666061.706
Euro area,EMU,GDP (current US$),NY.GDP.MKTP.CD,market_size,2010,12835436183865.7
European Union,EUU,GDP (current US$),NY.GDP.MKTP.CD,market_size,2010,14641776061063.4
France,FRA,GDP (current US$),NY.GDP.MKTP.CD,market_size,2010,2646230027988.34
United Kingdom,GBR,GDP (current US$),NY.GDP.MKTP.CD,market_size,2010,2496740681057.14
Greece,GRC,GDP (current US$),NY.GDP.MKTP.CD,market_size,2010,296417644404.034
India,IND,GDP (current US$),NY.GDP.MKTP.CD,market_size,2010,1675615519484.96
Iraq,IRQ,GDP (current US$),NY.GDP.MKTP.CD,market_size,2010,138516722649.573
Italy,ITA,GDP (current US$),NY.GDP.MKTP.CD,market_size,2010,2144936254535.0
Jordan,JOR,GDP (current US$),NY.GDP.MKTP.CD,market_size,2010,30202773521.1268
Kuwait,KWT,GDP (current US$),NY.GDP.MKTP.CD,market_size,2010,115416245241.742
Lebanon,LBN,GDP (current US$),NY.GDP.MKTP.CD,market_size,2010,38443907042.1227
Qatar,QAT,GDP (current US$),NY.GDP.MKTP.CD,market_size,2010,125122252747.253
Saudi Arabia,SAU,GDP (current US$),NY.GDP.MKTP.CD,market_size,2010,528207466666.667
Turkiye,TUR,GDP (current US$),NY.GDP.MKTP.CD,market_size,2010,782545664268.333
United States,USA,GDP (current US$),NY.GDP.MKTP.CD,market_size,2010,15048971000000.0
World,WLD,GDP (current US$),NY.GDP.MKTP.CD,market_size,2010,66893676131662.8
United Arab Emirates,ARE,GDP (current US$),NY.GDP.MKTP.CD,market_size,2011,368881033962.57
Australia,AUS,GDP (current US$),NY.GDP.MKTP.CD,market_size,2011,1402939868653.4
Canada,CAN,GDP (current US$),NY.GDP.MKTP.CD,market_size,2011,1793335727900.85
China,CHN,GDP (current US$),NY.GDP.MKTP.CD,market_size,2011,7671757207851.29
Germany,DEU,GDP (current US$),NY.GDP.MKTP.CD,market_size,2011,3823575803793.78
"Egypt, Arab Rep.",EGY,GDP (current US$),NY.GDP.MKTP.CD,market_size,2011,235989672977.625
Euro area,EMU,GDP (current US$),NY.GDP.MKTP.CD,market_size,2011,13866247656132.3
European Union,EUU,GDP (current US$),NY.GDP.MKTP.CD,market_size,2011,15874716537128.7
France,FRA,GDP (current US$),NY.GDP.MKTP.CD,market_size,2011,2870408553990.28
United Kingdom,GBR,GDP (current US$),NY.GDP.MKTP.CD,market_size,2011,2675590034128.66
Greece,GRC,GDP (current US$),NY.GDP.MKTP.CD,market_size,2011,283228079776.041
India,IND,GDP (current US$),NY.GDP.MKTP.CD,market_size,2011,1823051829894.55
Iraq,IRQ,GDP (current US$),NY.GDP.MKTP.CD,market_size,2011,185749664444.444
Italy,ITA,GDP (current US$),NY.GDP.MKTP.CD,market_size,2011,2306974020278.21
Jordan,JOR,GDP (current US$),NY.GDP.MKTP.CD,market_size,2011,32640291549.2958
Kuwait,KWT,GDP (current US$),NY.GDP.MKTP.CD,market_size,2011,154039231245.856
Lebanon,LBN,GDP (current US$),NY.GDP.MKTP.CD,market_size,2011,39927125961.5257
Qatar,QAT,GDP (current US$),NY.GDP.MKTP.CD,market_size,2011,167775274725.275
Saudi Arabia,SAU,GDP (current US$),NY.GDP.MKTP.CD,market_size,2011,680660800000.0
Turkiye,TUR,GDP (current US$),NY.GDP.MKTP.CD,market_size,2011,844192507380.795
United States,USA,GDP (current US$),NY.GDP.MKTP.CD,market_size,2011,15599732000000.0
World,WLD,GDP (current US$),NY.GDP.MKTP.CD,market_size,2011,74388644404622.5
United Arab Emirates,ARE,GDP (current US$),NY.GDP.MKTP.CD,market_size,2012,392793559050.783
Australia,AUS,GDP (current US$),NY.GDP.MKTP.CD,market_size,2012,1552728401401.58
Canada,CAN,GDP (current US$),NY.GDP.MKTP.CD,market_size,2012,1828359477071.97
China,CHN,GDP (current US$),NY.GDP.MKTP.CD,market_size,2012,8673664713189.24
Germany,DEU,GDP (current US$),NY.GDP.MKTP.CD,market_size,2012,3596483233406.25
"Egypt, Arab Rep.",EGY,GDP (current US$),NY.GDP.MKTP.CD,market_size,2012,279116666666.667
Euro area,EMU,GDP (current US$),NY.GDP.MKTP.CD,market_size,2012,12839246579840.9
European Union,EUU,GDP (current US$),NY.GDP.MKTP.CD,market_size,2012,14731878294328.4
France,FRA,GDP (current US$),NY.GDP.MKTP.CD,market_size,2012,2683007095787.23
United Kingdom,GBR,GDP (current US$),NY.GDP.MKTP.CD,market_size,2012,2719715961539.83
Greece,GRC,GDP (current US$),NY.GDP.MKTP.CD,market_size,2012,238841140018.233
India,IND,GDP (current US$),NY.GDP.MKTP.CD,market_size,2012,1827637590410.41
Iraq,IRQ,GDP (current US$),NY.GDP.MKTP.CD,market_size,2012,218002476129.472
Italy,ITA,GDP (current US$),NY.GDP.MKTP.CD,market_size,2012,2097929495121.68
Jordan,JOR,GDP (current US$),NY.GDP.MKTP.CD,market_size,2012,34854017887.3239
Kuwait,KWT,GDP (current US$),NY.GDP.MKTP.CD,market_size,2012,174047662680.041
Lebanon,LBN,GDP (current US$),NY.GDP.MKTP.CD,market_size,2012,44016799515.7546
Qatar,QAT,GDP (current US$),NY.GDP.MKTP.CD,market_size,2012,186833502362.637
Saudi Arabia,SAU,GDP (current US$),NY.GDP.MKTP.CD,market_size,2012,751921333333.333
Turkiye,TUR,GDP (current US$),NY.GDP.MKTP.CD,market_size,2012,885327622479.052
United States,USA,GDP (current US$),NY.GDP.MKTP.CD,market_size,2012,16253970000000.0
World,WLD,GDP (current US$),NY.GDP.MKTP.CD,market_size,2012,76055253368044.6
United Arab Emirates,ARE,GDP (current US$),NY.GDP.MKTP.CD,market_size,2013,409632574702.715
Australia,AUS,GDP (current US$),NY.GDP.MKTP.CD,market_size,2013,1583737461925.39
Canada,CAN,GDP (current US$),NY.GDP.MKTP.CD,market_size,2013,1846583831414.43
China,CHN,GDP (current US$),NY.GDP.MKTP.CD,market_size,2013,9743124247267.24
Germany,DEU,GDP (current US$),NY.GDP.MKTP.CD,market_size,2013,3807023797050.99
"Egypt, Arab Rep.",EGY,GDP (current US$),NY.GDP.MKTP.CD,market_size,2013,288434108527.132
Euro area,EMU,GDP (current US$),NY.GDP.MKTP.CD,market_size,2013,13413105856914.7
European Union,EUU,GDP (current US$),NY.GDP.MKTP.CD,market_size,2013,15398511081475.3
France,FRA,GDP (current US$),NY.GDP.MKTP.CD,market_size,2013,2816077607875.26
United Kingdom,GBR,GDP (current US$),NY.GDP.MKTP.CD,market_size,2013,2796908333283.39
Greece,GRC,GDP (current US$),NY.GDP.MKTP.CD,market_size,2013,236556279640.705
India,IND,GDP (current US$),NY.GDP.MKTP.CD,market_size,2013,1856721507621.58
Iraq,IRQ,GDP (current US$),NY.GDP.MKTP.CD,market_size,2013,234637675128.645
Italy,ITA,GDP (current US$),NY.GDP.MKTP.CD,market_size,2013,2153225581941.46
Jordan,JOR,GDP (current US$),NY.GDP.MKTP.CD,market_size,2013,37873362957.7465
Kuwait,KWT,GDP (current US$),NY.GDP.MKTP.CD,market_size,2013,174168116534.844
Lebanon,LBN,GDP (current US$),NY.GDP.MKTP.CD,market_size,2013,46880103080.597
Qatar,QAT,GDP (current US$),NY.GDP.MKTP.CD,market_size,2013,198727642967.033
Saudi Arabia,SAU,GDP (current US$),NY.GDP.MKTP.CD,market_size,2013,769755733333.333
Turkiye,TUR,GDP (current US$),NY.GDP.MKTP.CD,market_size,2013,962167643588.925
United States,USA,GDP (current US$),NY.GDP.MKTP.CD,market_size,2013,16880683000000.0
World,WLD,GDP (current US$),NY.GDP.MKTP.CD,market_size,2013,78171001460419.0
United Arab Emirates,ARE,GDP (current US$),NY.GDP.MKTP.CD,market_size,2014,424935834104.193
Australia,AUS,GDP (current US$),NY.GDP.MKTP.CD,market_size,2014,1474677007565.64
Canada,CAN,GDP (current US$),NY.GDP.MKTP.CD,market_size,2014,1805751688808.98
China,CHN,GDP (current US$),NY.GDP.MKTP.CD,market_size,2014,10674533168257.4
Germany,DEU,GDP (current US$),NY.GDP.MKTP.CD,market_size,2014,3964870735760.77
"Egypt, Arab Rep.",EGY,GDP (current US$),NY.GDP.MKTP.CD,market_size,2014,305595408895.265
Euro area,EMU,GDP (current US$),NY.GDP.MKTP.CD,market_size,2014,13739142693292.4
European Union,EUU,GDP (current US$),NY.GDP.MKTP.CD,market_size,2014,15763599531004.8
France,FRA,GDP (current US$),NY.GDP.MKTP.CD,market_size,2014,2861236112552.42
United Kingdom,GBR,GDP (current US$),NY.GDP.MKTP.CD,market_size,2014,3085362169410.29
Greece,GRC,GDP (current US$),NY.GDP.MKTP.CD,market_size,2014,233911581521.062
India,IND,GDP (current US$),NY.GDP.MKTP.CD,market_size,2014,2039126479154.52
Iraq,IRQ,GDP (current US$),NY.GDP.MKTP.CD,market_size,2014,228415656174.957
Italy,ITA,GDP (current US$),NY.GDP.MKTP.CD,market_size,2014,2173255507985.84
Jordan,JOR,GDP (current US$),NY.GDP.MKTP.CD,market_size,2014,40535098591.5493
Kuwait,KWT,GDP (current US$),NY.GDP.MKTP.CD,market_size,2014,162650450684.725
Lebanon,LBN,GDP (current US$),NY.GDP.MKTP.CD,market_size,2014,48095213746.6003
Qatar,QAT,GDP (current US$),NY.GDP.MKTP.CD,market_size,2014,206224598571.429
Saudi Arabia,SAU,GDP (current US$),NY.GDP.MKTP.CD,market_size,2014,787153066666.667
Turkiye,TUR,GDP (current US$),NY.GDP.MKTP.CD,market_size,2014,942343431928.654
United States,USA,GDP (current US$),NY.GDP.MKTP.CD,market_size,2014,17608138000000.0
World,WLD,GDP (current US$),NY.GDP.MKTP.CD,market_size,2014,80243543597078.9
United Arab Emirates,ARE,GDP (current US$),NY.GDP.MKTP.CD,market_size,2015,381973135513.065
Australia,AUS,GDP (current US$),NY.GDP.MKTP.CD,market_size,2015,1356805839935.9
Canada,CAN,GDP (current US$),NY.GDP.MKTP.CD,market_size,2015,1556510380200.23
China,CHN,GDP (current US$),NY.GDP.MKTP.CD,market_size,2015,11280814787468.9
Germany,DEU,GDP (current US$),NY.GDP.MKTP.CD,market_size,2015,3425099578746.09
"Egypt, Arab Rep.",EGY,GDP (current US$),NY.GDP.MKTP.CD,market_size,2015,329366576819.407
Euro area,EMU,GDP (current US$),NY.GDP.MKTP.CD,market_size,2015,11880603228444.5
European Union,EUU,GDP (current US$),NY.GDP.MKTP.CD,market_size,2015,13656255577702.6
France,FRA,GDP (current US$),NY.GDP.MKTP.CD,market_size,2015,2442483452642.5
United Kingdom,GBR,GDP (current US$),NY.GDP.MKTP.CD,market_size,2015,2945579890258.46
Greece,GRC,GDP (current US$),NY.GDP.MKTP.CD,market_size,2015,194567373678.099
India,IND,GDP (current US$),NY.GDP.MKTP.CD,market_size,2015,2103588360044.94
Iraq,IRQ,GDP (current US$),NY.GDP.MKTP.CD,market_size,2015,166774104959.102
Italy,ITA,GDP (current US$),NY.GDP.MKTP.CD,market_size,2015,1845428048839.1
Jordan,JOR,GDP (current US$),NY.GDP.MKTP.CD,market_size,2015,42394049295.7747
Kuwait,KWT,GDP (current US$),NY.GDP.MKTP.CD,market_size,2015,114585555688.511
Lebanon,LBN,GDP (current US$),NY.GDP.MKTP.CD,market_size,2015,49929337836.8159
Qatar,QAT,GDP (current US$),NY.GDP.MKTP.CD,market_size,2015,161739955576.923
Saudi Arabia,SAU,GDP (current US$),NY.GDP.MKTP.CD,market_size,2015,693414400000.0
Turkiye,TUR,GDP (current US$),NY.GDP.MKTP.CD,market_size,2015,865460050683.656
United States,USA,GDP (current US$),NY.GDP.MKTP.CD,market_size,2015,18295019000000.0
World,WLD,GDP (current US$),NY.GDP.MKTP.CD,market_size,2015,75839351828606.2
United Arab Emirates,ARE,GDP (current US$),NY.GDP.MKTP.CD,market_size,2016,381717208620.964
Australia,AUS,GDP (current US$),NY.GDP.MKTP.CD,market_size,2016,1211588128417.61
Canada,CAN,GDP (current US$),NY.GDP.MKTP.CD,market_size,2016,1527996250640.92
China,CHN,GDP (current US$),NY.GDP.MKTP.CD,market_size,2016,11456024084962.0
Germany,DEU,GDP (current US$),NY.GDP.MKTP.CD,market_size,2016,3536787895179.0
"Egypt, Arab Rep.",EGY,GDP (current US$),NY.GDP.MKTP.CD,market_size,2016,332441717791.411
Euro area,EMU,GDP (current US$),NY.GDP.MKTP.CD,market_size,2016,12177215800581.1
European Union,EUU,GDP (current US$),NY.GDP.MKTP.CD,market_size,2016,13988150566298.6
France,FRA,GDP (current US$),NY.GDP.MKTP.CD,market_size,2016,2470407619777.13
United Kingdom,GBR,GDP (current US$),NY.GDP.MKTP.CD,market_size,2016,2706807606538.73
Greece,GRC,GDP (current US$),NY.GDP.MKTP.CD,market_size,2016,193097239005.87
India,IND,GDP (current US$),NY.GDP.MKTP.CD,market_size,2016,2294796885663.16
Iraq,IRQ,GDP (current US$),NY.GDP.MKTP.CD,market_size,2016,166743557747.671
Italy,ITA,GDP (current US$),NY.GDP.MKTP.CD,market_size,2016,1887111188176.93
Jordan,JOR,GDP (current US$),NY.GDP.MKTP.CD,market_size,2016,43688498732.3944
Kuwait,KWT,GDP (current US$),NY.GDP.MKTP.CD,market_size,2016,109406674124.652
Lebanon,LBN,GDP (current US$),NY.GDP.MKTP.CD,market_size,2016,51147308774.1294
Qatar,QAT,GDP (current US$),NY.GDP.MKTP.CD,market_size,2016,151732181868.132
Saudi Arabia,SAU,GDP (current US$),NY.GDP.MKTP.CD,market_size,2016,689279466666.667
Turkiye,TUR,GDP (current US$),NY.GDP.MKTP.CD,market_size,2016,870818016909.84
United States,USA,GDP (current US$),NY.GDP.MKTP.CD,market_size,2016,18804913000000.0
World,WLD,GDP (current US$),NY.GDP.MKTP.CD,market_size,2016,77084966373474.0
United Arab Emirates,ARE,GDP (current US$),NY.GDP.MKTP.CD,market_size,2017,403365056078.846
Australia,AUS,GDP (current US$),NY.GDP.MKTP.CD,market_size,2017,1330890554614.09
Canada,CAN,GDP (current US$),NY.GDP.MKTP.CD,market_size,2017,1649269496514.62
China,CHN,GDP (current US$),NY.GDP.MKTP.CD,market_size,2017,12537559062282.9
Germany,DEU,GDP (current US$),NY.GDP.MKTP.CD,market_size,2017,3765351626105.89
"Egypt, Arab Rep.",EGY,GDP (current US$),NY.GDP.MKTP.CD,market_size,2017,248362771739.13
Euro area,EMU,GDP (current US$),NY.GDP.MKTP.CD,market_size,2017,12901130483442.4
European Union,EUU,GDP (current US$),NY.GDP.MKTP.CD,market_size,2017,14871316217995.7
France,FRA,GDP (current US$),NY.GDP.MKTP.CD,market_size,2017,2588868323334.71
United Kingdom,GBR,GDP (current US$),NY.GDP.MKTP.CD,market_size,2017,2699118387873.1
Greece,GRC,GDP (current US$),NY.GDP.MKTP.CD,market_size,2017,200381103984.298
India,IND,GDP (current US$),NY.GDP.MKTP.CD,market_size,2017,2651474262755.45
Iraq,IRQ,GDP (current US$),NY.GDP.MKTP.CD,market_size,2017,187217660050.676
Italy,ITA,GDP (current US$),NY.GDP.MKTP.CD,market_size,2017,1970720904584.71
Jordan,JOR,GDP (current US$),NY.GDP.MKTP.CD,market_size,2017,45535614366.1972
Kuwait,KWT,GDP (current US$),NY.GDP.MKTP.CD,market_size,2017,120687539805.505
Lebanon,LBN,GDP (current US$),NY.GDP.MKTP.CD,market_size,2017,53027680685.9038
Qatar,QAT,GDP (current US$),NY.GDP.MKTP.CD,market_size,2017,161099122225.275
Saudi Arabia,SAU,GDP (current US$),NY.GDP.MKTP.CD,market_size,2017,741266133333.333
Turkiye,TUR,GDP (current US$),NY.GDP.MKTP.CD,market_size,2017,863874522365.276
United States,USA,GDP (current US$),NY.GDP.MKTP.CD,market_size,2017,19612102000000.0
World,WLD,GDP (current US$),NY.GDP.MKTP.CD,market_size,2017,82110104984460.0
United Arab Emirates,ARE,GDP (current US$),NY.GDP.MKTP.CD,market_size,2018,440560003161.236
Australia,AUS,GDP (current US$),NY.GDP.MKTP.CD,market_size,2018,1433144978761.67
Canada,CAN,GDP (current US$),NY.GDP.MKTP.CD,market_size,2018,1725330736237.69
China,CHN,GDP (current US$),NY.GDP.MKTP.CD,market_size,2018,14147765772963.8
Germany,DEU,GDP (current US$),NY.GDP.MKTP.CD,market_size,2018,4055433215301.96
"Egypt, Arab Rep.",EGY,GDP (current US$),NY.GDP.MKTP.CD,market_size,2018,262588632526.73
Euro area,EMU,GDP (current US$),NY.GDP.MKTP.CD,market_size,2018,13937879176171.9
European Union,EUU,GDP (current US$),NY.GDP.MKTP.CD,market_size,2018,16092407006604.4
France,FRA,GDP (current US$),NY.GDP.MKTP.CD,market_size,2018,2781576320884.39
United Kingdom,GBR,GDP (current US$),NY.GDP.MKTP.CD,market_size,2018,2897028009916.05
Greece,GRC,GDP (current US$),NY.GDP.MKTP.CD,market_size,2018,213298873494.394
India,IND,GDP (current US$),NY.GDP.MKTP.CD,market_size,2018,2702929641648.74
Iraq,IRQ,GDP (current US$),NY.GDP.MKTP.CD,market_size,2018,227367469034.031
Italy,ITA,GDP (current US$),NY.GDP.MKTP.CD,market_size,2018,2099435266458.67
Jordan,JOR,GDP (current US$),NY.GDP.MKTP.CD,market_size,2018,47435850422.5352
Kuwait,KWT,GDP (current US$),NY.GDP.MKTP.CD,market_size,2018,138646316350.727
Lebanon,LBN,GDP (current US$),NY.GDP.MKTP.CD,market_size,2018,54901519155.5556
Qatar,QAT,GDP (current US$),NY.GDP.MKTP.CD,market_size,2018,183334953818.681
Saudi Arabia,SAU,GDP (current US$),NY.GDP.MKTP.CD,market_size,2018,886564800000.0
Turkiye,TUR,GDP (current US$),NY.GDP.MKTP.CD,market_size,2018,788356985773.667
United States,USA,GDP (current US$),NY.GDP.MKTP.CD,market_size,2018,20656516000000.0
World,WLD,GDP (current US$),NY.GDP.MKTP.CD,market_size,2018,87310840056717.8
United Arab Emirates,ARE,GDP (current US$),NY.GDP.MKTP.CD,market_size,2019,433926218686.108
Australia,AUS,GDP (current US$),NY.GDP.MKTP.CD,market_size,2019,1398349602956.35
Canada,CAN,GDP (current US$),NY.GDP.MKTP.CD,market_size,2019,1743728952156.85
China,CHN,GDP (current US$),NY.GDP.MKTP.CD,market_size,2019,14560167101283.4
Germany,DEU,GDP (current US$),NY.GDP.MKTP.CD,market_size,2019,3959894794039.21
"Egypt, Arab Rep.",EGY,GDP (current US$),NY.GDP.MKTP.CD,market_size,2019,318678815489.749
Euro area,EMU,GDP (current US$),NY.GDP.MKTP.CD,market_size,2019,13658286442179.9
European Union,EUU,GDP (current US$),NY.GDP.MKTP.CD,market_size,2019,15809077129406.2
France,FRA,GDP (current US$),NY.GDP.MKTP.CD,market_size,2019,2722793515171.76
United Kingdom,GBR,GDP (current US$),NY.GDP.MKTP.CD,market_size,2019,2875710080015.3
Greece,GRC,GDP (current US$),NY.GDP.MKTP.CD,market_size,2019,207305649887.019
India,IND,GDP (current US$),NY.GDP.MKTP.CD,market_size,2019,2835606256558.19
Iraq,IRQ,GDP (current US$),NY.GDP.MKTP.CD,market_size,2019,233636097800.338
Italy,ITA,GDP (current US$),NY.GDP.MKTP.CD,market_size,2019,2019606796583.53
Jordan,JOR,GDP (current US$),NY.GDP.MKTP.CD,market_size,2019,48640273802.8169
Kuwait,KWT,GDP (current US$),NY.GDP.MKTP.CD,market_size,2019,140856394860.529
Lebanon,LBN,GDP (current US$),NY.GDP.MKTP.CD,market_size,2019,51605959131.2741
Qatar,QAT,GDP (current US$),NY.GDP.MKTP.CD,market_size,2019,176371267692.308
Saudi Arabia,SAU,GDP (current US$),NY.GDP.MKTP.CD,market_size,2019,888890133333.333
Turkiye,TUR,GDP (current US$),NY.GDP.MKTP.CD,market_size,2019,775853144222.613
United States,USA,GDP (current US$),NY.GDP.MKTP.CD,market_size,2019,21539982000000.0
World,WLD,GDP (current US$),NY.GDP.MKTP.CD,market_size,2019,88796498078977.7
United Arab Emirates,ARE,GDP (current US$),NY.GDP.MKTP.CD,market_size,2020,357161776271.328
Australia,AUS,GDP (current US$),NY.GDP.MKTP.CD,market_size,2020,1333336461648.09
Canada,CAN,GDP (current US$),NY.GDP.MKTP.CD,market_size,2020,1655686966881.99
China,CHN,GDP (current US$),NY.GDP.MKTP.CD,market_size,2020,14996414166715.1
Germany,DEU,GDP (current US$),NY.GDP.MKTP.CD,market_size,2020,3941398957073.94
"Egypt, Arab Rep.",EGY,GDP (current US$),NY.GDP.MKTP.CD,market_size,2020,383817841547.099
Euro area,EMU,GDP (current US$),NY.GDP.MKTP.CD,market_size,2020,13338044901392.1
European Union,EUU,GDP (current US$),NY.GDP.MKTP.CD,market_size,2020,15504058553907.7
France,FRA,GDP (current US$),NY.GDP.MKTP.CD,market_size,2020,2647926055110.05
United Kingdom,GBR,GDP (current US$),NY.GDP.MKTP.CD,market_size,2020,2724001478304.59
Greece,GRC,GDP (current US$),NY.GDP.MKTP.CD,market_size,2020,191362985554.861
India,IND,GDP (current US$),NY.GDP.MKTP.CD,market_size,2020,2674851578587.27
Iraq,IRQ,GDP (current US$),NY.GDP.MKTP.CD,market_size,2020,180898797516.874
Italy,ITA,GDP (current US$),NY.GDP.MKTP.CD,market_size,2020,1907481094079.23
Jordan,JOR,GDP (current US$),NY.GDP.MKTP.CD,market_size,2020,47931770985.9155
Kuwait,KWT,GDP (current US$),NY.GDP.MKTP.CD,market_size,2020,111045470605.715
Lebanon,LBN,GDP (current US$),NY.GDP.MKTP.CD,market_size,2020,31712128253.7961
Qatar,QAT,GDP (current US$),NY.GDP.MKTP.CD,market_size,2020,144411363351.648
Saudi Arabia,SAU,GDP (current US$),NY.GDP.MKTP.CD,market_size,2020,767951200000.0
Turkiye,TUR,GDP (current US$),NY.GDP.MKTP.CD,market_size,2020,733628247119.077
United States,USA,GDP (current US$),NY.GDP.MKTP.CD,market_size,2020,21375281000000.0
World,WLD,GDP (current US$),NY.GDP.MKTP.CD,market_size,2020,86388502867289.2
United Arab Emirates,ARE,GDP (current US$),NY.GDP.MKTP.CD,market_size,2021,422441282436.237
Australia,AUS,GDP (current US$),NY.GDP.MKTP.CD,market_size,2021,1560617493202.69
Canada,CAN,GDP (current US$),NY.GDP.MKTP.CD,market_size,2021,2022377950896.78
China,CHN,GDP (current US$),NY.GDP.MKTP.CD,market_size,2021,18201698719564.0
Germany,DEU,GDP (current US$),NY.GDP.MKTP.CD,market_size,2021,4355251953410.78
"Egypt, Arab Rep.",EGY,GDP (current US$),NY.GDP.MKTP.CD,market_size,2021,424671765455.704
Euro area,EMU,GDP (current US$),NY.GDP.MKTP.CD,market_size,2021,15008955622791.4
European Union,EUU,GDP (current US$),NY.GDP.MKTP.CD,market_size,2021,17495257191725.6
France,FRA,GDP (current US$),NY.GDP.MKTP.CD,market_size,2021,2966433692008.09
United Kingdom,GBR,GDP (current US$),NY.GDP.MKTP.CD,market_size,2021,3194559188925.93
Greece,GRC,GDP (current US$),NY.GDP.MKTP.CD,market_size,2021,218303801895.326
India,IND,GDP (current US$),NY.GDP.MKTP.CD,market_size,2021,3167270623260.47
Iraq,IRQ,GDP (current US$),NY.GDP.MKTP.CD,market_size,2021,209691945713.103
Italy,ITA,GDP (current US$),NY.GDP.MKTP.CD,market_size,2021,2179207773596.09
Jordan,JOR,GDP (current US$),NY.GDP.MKTP.CD,market_size,2021,50702940985.9155
Kuwait,KWT,GDP (current US$),NY.GDP.MKTP.CD,market_size,2021,148350671489.144
Lebanon,LBN,GDP (current US$),NY.GDP.MKTP.CD,market_size,2021,23131941556.7843
Qatar,QAT,GDP (current US$),NY.GDP.MKTP.CD,market_size,2021,179732009560.44
Saudi Arabia,SAU,GDP (current US$),NY.GDP.MKTP.CD,market_size,2021,982661066666.667
Turkiye,TUR,GDP (current US$),NY.GDP.MKTP.CD,market_size,2021,839938668172.134
United States,USA,GDP (current US$),NY.GDP.MKTP.CD,market_size,2021,23725645000000.0
World,WLD,GDP (current US$),NY.GDP.MKTP.CD,market_size,2021,98780038374127.0
United Arab Emirates,ARE,GDP (current US$),NY.GDP.MKTP.CD,market_size,2022,511403404642.173
Australia,AUS,GDP (current US$),NY.GDP.MKTP.CD,market_size,2022,1695627535475.8
Canada,CAN,GDP (current US$),NY.GDP.MKTP.CD,market_size,2022,2200562785046.32
China,CHN,GDP (current US$),NY.GDP.MKTP.CD,market_size,2022,18316765021690.2
Germany,DEU,GDP (current US$),NY.GDP.MKTP.CD,market_size,2022,4201021706478.62
"Egypt, Arab Rep.",EGY,GDP (current US$),NY.GDP.MKTP.CD,market_size,2022,476747720364.742
Euro area,EMU,GDP (current US$),NY.GDP.MKTP.CD,market_size,2022,14578675912327.5
European Union,EUU,GDP (current US$),NY.GDP.MKTP.CD,market_size,2022,17023620598906.4
France,FRA,GDP (current US$),NY.GDP.MKTP.CD,market_size,2022,2794788137066.94
United Kingdom,GBR,GDP (current US$),NY.GDP.MKTP.CD,market_size,2022,3181244350465.41
Greece,GRC,GDP (current US$),NY.GDP.MKTP.CD,market_size,2022,217990189600.69
India,IND,GDP (current US$),NY.GDP.MKTP.CD,market_size,2022,3249938492013.47
Iraq,IRQ,GDP (current US$),NY.GDP.MKTP.CD,market_size,2022,287372232137.931
Italy,ITA,GDP (current US$),NY.GDP.MKTP.CD,market_size,2022,2104067630319.46
Jordan,JOR,GDP (current US$),NY.GDP.MKTP.CD,market_size,2022,53516930140.8451
Kuwait,KWT,GDP (current US$),NY.GDP.MKTP.CD,market_size,2022,183502046693.878
Lebanon,LBN,GDP (current US$),NY.GDP.MKTP.CD,market_size,2022,20992421948.8081
Qatar,QAT,GDP (current US$),NY.GDP.MKTP.CD,market_size,2022,235709325714.286
Saudi Arabia,SAU,GDP (current US$),NY.GDP.MKTP.CD,market_size,2022,1239075200000.0
Turkiye,TUR,GDP (current US$),NY.GDP.MKTP.CD,market_size,2022,926097476913.818
United States,USA,GDP (current US$),NY.GDP.MKTP.CD,market_size,2022,26054614000000.0
World,WLD,GDP (current US$),NY.GDP.MKTP.CD,market_size,2022,102862471365575.0
United Arab Emirates,ARE,GDP (current US$),NY.GDP.MKTP.CD,market_size,2023,522622268401.125
Australia,AUS,GDP (current US$),NY.GDP.MKTP.CD,market_size,2023,1734451264655.6
Canada,CAN,GDP (current US$),NY.GDP.MKTP.CD,market_size,2023,2196593836347.42
China,CHN,GDP (current US$),NY.GDP.MKTP.CD,market_size,2023,18270356654533.2
Germany,DEU,GDP (current US$),NY.GDP.MKTP.CD,market_size,2023,4562207532490.28
"Egypt, Arab Rep.",EGY,GDP (current US$),NY.GDP.MKTP.CD,market_size,2023,395926071447.591
Euro area,EMU,GDP (current US$),NY.GDP.MKTP.CD,market_size,2023,15957338405375.8
European Union,EUU,GDP (current US$),NY.GDP.MKTP.CD,market_size,2023,18659279022583.3
France,FRA,GDP (current US$),NY.GDP.MKTP.CD,market_size,2023,3056250648138.29
United Kingdom,GBR,GDP (current US$),NY.GDP.MKTP.CD,market_size,2023,3420796653789.08
Greece,GRC,GDP (current US$),NY.GDP.MKTP.CD,market_size,2023,242946187738.269
India,IND,GDP (current US$),NY.GDP.MKTP.CD,market_size,2023,3500906030644.76
Iraq,IRQ,GDP (current US$),NY.GDP.MKTP.CD,market_size,2023,268881051643.549
Italy,ITA,GDP (current US$),NY.GDP.MKTP.CD,market_size,2023,2316882296366.32
Jordan,JOR,GDP (current US$),NY.GDP.MKTP.CD,market_size,2023,56123472112.6761
Kuwait,KWT,GDP (current US$),NY.GDP.MKTP.CD,market_size,2023,165462656226.772
Lebanon,LBN,GDP (current US$),NY.GDP.MKTP.CD,market_size,2023,20078620356.9931
Qatar,QAT,GDP (current US$),NY.GDP.MKTP.CD,market_size,2023,213002809340.659
Saudi Arabia,SAU,GDP (current US$),NY.GDP.MKTP.CD,market_size,2023,1218584800000.0
Turkiye,TUR,GDP (current US$),NY.GDP.MKTP.CD,market_size,2023,1141242864657.45
United States,USA,GDP (current US$),NY.GDP.MKTP.CD,market_size,2023,27811517000000.0
World,WLD,GDP (current US$),NY.GDP.MKTP.CD,market_size,2023,107348614073350.0
United Arab Emirates,ARE,GDP (current US$),NY.GDP.MKTP.CD,market_size,2024,552324919095.872
Australia,AUS,GDP (current US$),NY.GDP.MKTP.CD,market_size,2024,1757022451652.83
Canada,CAN,GDP (current US$),NY.GDP.MKTP.CD,market_size,2024,2270076189683.46
China,CHN,GDP (current US$),NY.GDP.MKTP.CD,market_size,2024,18729668435848.0
Germany,DEU,GDP (current US$),NY.GDP.MKTP.CD,market_size,2024,4685592577804.69
"Egypt, Arab Rep.",EGY,GDP (current US$),NY.GDP.MKTP.CD,market_size,2024,389059910593.1
Euro area,EMU,GDP (current US$),NY.GDP.MKTP.CD,market_size,2024,16601464538082.4
European Union,EUU,GDP (current US$),NY.GDP.MKTP.CD,market_size,2024,19501078750999.4
France,FRA,GDP (current US$),NY.GDP.MKTP.CD,market_size,2024,3160442622465.08
United Kingdom,GBR,GDP (current US$),NY.GDP.MKTP.CD,market_size,2024,3695539513534.15
Greece,GRC,GDP (current US$),NY.GDP.MKTP.CD,market_size,2024,256238371778.118
India,IND,GDP (current US$),NY.GDP.MKTP.CD,market_size,2024,3760813470500.86
Iraq,IRQ,GDP (current US$),NY.GDP.MKTP.CD,market_size,2024,279641257615.385
Italy,ITA,GDP (current US$),NY.GDP.MKTP.CD,market_size,2024,2383435562458.12
Jordan,JOR,GDP (current US$),NY.GDP.MKTP.CD,market_size,2024,58618380563.3803
Kuwait,KWT,GDP (current US$),NY.GDP.MKTP.CD,market_size,2024,160903106639.233
Lebanon,LBN,GDP (current US$),NY.GDP.MKTP.CD,market_size,2024,25971643441.3408
Qatar,QAT,GDP (current US$),NY.GDP.MKTP.CD,market_size,2024,216294505494.505
Saudi Arabia,SAU,GDP (current US$),NY.GDP.MKTP.CD,market_size,2024,1254140800000.0
Turkiye,TUR,GDP (current US$),NY.GDP.MKTP.CD,market_size,2024,1359123768774.12
United States,USA,GDP (current US$),NY.GDP.MKTP.CD,market_size,2024,29298013000000.0
World,WLD,GDP (current US$),NY.GDP.MKTP.CD,market_size,2024,111669432109121.0
Australia,AUS,GDP (current US$),NY.GDP.MKTP.CD,market_size,2025,1798518933689.21
Canada,CAN,GDP (current US$),NY.GDP.MKTP.CD,market_size,2025,2319899772425.92
China,CHN,GDP (current US$),NY.GDP.MKTP.CD,market_size,2025,19498039388042.6
Germany,DEU,GDP (current US$),NY.GDP.MKTP.CD,market_size,2025,5050922925047.05
"Egypt, Arab Rep.",EGY,GDP (current US$),NY.GDP.MKTP.CD,market_size,2025,365254630179.737
Euro area,EMU,GDP (current US$),NY.GDP.MKTP.CD,market_size,2025,18010000307247.0
European Union,EUU,GDP (current US$),NY.GDP.MKTP.CD,market_size,2025,21243212570163.3
France,FRA,GDP (current US$),NY.GDP.MKTP.CD,market_size,2025,3366315927447.33
United Kingdom,GBR,GDP (current US$),NY.GDP.MKTP.CD,market_size,2025,4002587541846.01
Greece,GRC,GDP (current US$),NY.GDP.MKTP.CD,market_size,2025,280635521324.441
India,IND,GDP (current US$),NY.GDP.MKTP.CD,market_size,2025,3956067115771.63
Iraq,IRQ,GDP (current US$),NY.GDP.MKTP.CD,market_size,2025,254367293538.462
Italy,ITA,GDP (current US$),NY.GDP.MKTP.CD,market_size,2025,2551556954100.35
Jordan,JOR,GDP (current US$),NY.GDP.MKTP.CD,market_size,2025,61610052535.2113
Kuwait,KWT,GDP (current US$),NY.GDP.MKTP.CD,market_size,2025,157209026926.418
Qatar,QAT,GDP (current US$),NY.GDP.MKTP.CD,market_size,2025,215559615384.615
Saudi Arabia,SAU,GDP (current US$),NY.GDP.MKTP.CD,market_size,2025,1276942933333.33
Turkiye,TUR,GDP (current US$),NY.GDP.MKTP.CD,market_size,2025,1597293229287.0
United States,USA,GDP (current US$),NY.GDP.MKTP.CD,market_size,2025,30769700000000.0
World,WLD,GDP (current US$),NY.GDP.MKTP.CD,market_size,2025,118350166039396.0
Australia,AUS,GDP growth (annual %),NY.GDP.MKTP.KD.ZG,market_growth,1961,2.48085739405019
Canada,CAN,GDP growth (annual %),NY.GDP.MKTP.KD.ZG,market_growth,1961,3.16329173248933
China,CHN,GDP growth (annual %),NY.GDP.MKTP.KD.ZG,market_growth,1961,-27.2700000038883
Germany,DEU,GDP growth (annual %),NY.GDP.MKTP.KD.ZG,market_growth,1961,4.29843950975808
"Egypt, Arab Rep.",EGY,GDP growth (annual %),NY.GDP.MKTP.KD.ZG,market_growth,1961,5.16111414342448
Euro area,EMU,GDP growth (annual %),NY.GDP.MKTP.KD.ZG,market_growth,1961,5.74272236589715
European Union,EUU,GDP growth (annual %),NY.GDP.MKTP.KD.ZG,market_growth,1961,5.75030343368712
France,FRA,GDP growth (annual %),NY.GDP.MKTP.KD.ZG,market_growth,1961,4.94642545980355
United Kingdom,GBR,GDP growth (annual %),NY.GDP.MKTP.KD.ZG,market_growth,1961,2.70131421328257
Greece,GRC,GDP growth (annual %),NY.GDP.MKTP.KD.ZG,market_growth,1961,13.2038386052462
India,IND,GDP growth (annual %),NY.GDP.MKTP.KD.ZG,market_growth,1961,3.72274253269822
Iraq,IRQ,GDP growth (annual %),NY.GDP.MKTP.KD.ZG,market_growth,1961,7.32576806556308
Italy,ITA,GDP growth (annual %),NY.GDP.MKTP.KD.ZG,market_growth,1961,8.20724597589673
Saudi Arabia,SAU,GDP growth (annual %),NY.GDP.MKTP.KD.ZG,market_growth,1961,11.8768510783222
Turkiye,TUR,GDP growth (annual %),NY.GDP.MKTP.KD.ZG,market_growth,1961,1.15606938539699
United States,USA,GDP growth (annual %),NY.GDP.MKTP.KD.ZG,market_growth,1961,2.29999999989235
World,WLD,GDP growth (annual %),NY.GDP.MKTP.KD.ZG,market_growth,1961,3.91381807548518
Australia,AUS,GDP growth (annual %),NY.GDP.MKTP.KD.ZG,market_growth,1962,1.29693177230521
Canada,CAN,GDP growth (annual %),NY.GDP.MKTP.KD.ZG,market_growth,1962,7.42783725181209
China,CHN,GDP growth (annual %),NY.GDP.MKTP.KD.ZG,market_growth,1962,-5.57999999019671
Germany,DEU,GDP growth (annual %),NY.GDP.MKTP.KD.ZG,market_growth,1962,4.6234710102125
"Egypt, Arab Rep.",EGY,GDP growth (annual %),NY.GDP.MKTP.KD.ZG,market_growth,1962,3.87561672369634
Euro area,EMU,GDP growth (annual %),NY.GDP.MKTP.KD.ZG,market_growth,1962,5.76034991734835
European Union,EUU,GDP growth (annual %),NY.GDP.MKTP.KD.ZG,market_growth,1962,5.69395100608705
France,FRA,GDP growth (annual %),NY.GDP.MKTP.KD.ZG,market_growth,1962,6.85626464484753
United Kingdom,GBR,GDP growth (annual %),NY.GDP.MKTP.KD.ZG,market_growth,1962,1.0986962362898
Greece,GRC,GDP growth (annual %),NY.GDP.MKTP.KD.ZG,market_growth,1962,0.364812289877747
India,IND,GDP growth (annual %),NY.GDP.MKTP.KD.ZG,market_growth,1962,2.93112773665958
Iraq,IRQ,GDP growth (annual %),NY.GDP.MKTP.KD.ZG,market_growth,1962,4.60334575305544
Italy,ITA,GDP growth (annual %),NY.GDP.MKTP.KD.ZG,market_growth,1962,6.20365038538202
Saudi Arabia,SAU,GDP growth (annual %),NY.GDP.MKTP.KD.ZG,market_growth,1962,11.922659566413
Turkiye,TUR,GDP growth (annual %),NY.GDP.MKTP.KD.ZG,market_growth,1962,5.57142858180481
United States,USA,GDP growth (annual %),NY.GDP.MKTP.KD.ZG,market_growth,1962,6.100000008077
World,WLD,GDP growth (annual %),NY.GDP.MKTP.KD.ZG,market_growth,1962,5.32119155001325
Australia,AUS,GDP growth (annual %),NY.GDP.MKTP.KD.ZG,market_growth,1963,6.21437634985244
Canada,CAN,GDP growth (annual %),NY.GDP.MKTP.KD.ZG,market_growth,1963,5.29744007975117
China,CHN,GDP growth (annual %),NY.GDP.MKTP.KD.ZG,market_growth,1963,10.2999999963989
Germany,DEU,GDP growth (annual %),NY.GDP.MKTP.KD.ZG,market_growth,1963,2.73529643602564
"Egypt, Arab Rep.",EGY,GDP growth (annual %),NY.GDP.MKTP.KD.ZG,market_growth,1963,10.5180926173666
Euro area,EMU,GDP growth (annual %),NY.GDP.MKTP.KD.ZG,market_growth,1963,4.87497310584706
European Union,EUU,GDP growth (annual %),NY.GDP.MKTP.KD.ZG,market_growth,1963,4.78073535517052
France,FRA,GDP growth (annual %),NY.GDP.MKTP.KD.ZG,market_growth,1963,6.1033388581149
United Kingdom,GBR,GDP growth (annual %),NY.GDP.MKTP.KD.ZG,market_growth,1963,4.85954520244742
Greece,GRC,GDP growth (annual %),NY.GDP.MKTP.KD.ZG,market_growth,1963,11.8448666655957
India,IND,GDP growth (annual %),NY.GDP.MKTP.KD.ZG,market_growth,1963,5.99435326095178
Iraq,IRQ,GDP growth (annual %),NY.GDP.MKTP.KD.ZG,market_growth,1963,2.44770235047196
Italy,ITA,GDP growth (annual %),NY.GDP.MKTP.KD.ZG,market_growth,1963,5.60972790418452
Saudi Arabia,SAU,GDP growth (annual %),NY.GDP.MKTP.KD.ZG,market_growth,1963,8.69610923594517
Turkiye,TUR,GDP growth (annual %),NY.GDP.MKTP.KD.ZG,market_growth,1963,9.06630555240935
United States,USA,GDP growth (annual %),NY.GDP.MKTP.KD.ZG,market_growth,1963,4.40000000466181
World,WLD,GDP growth (annual %),NY.GDP.MKTP.KD.ZG,market_growth,1963,5.01948574251753
Australia,AUS,GDP growth (annual %),NY.GDP.MKTP.KD.ZG,market_growth,1964,6.97757189326991
Canada,CAN,GDP growth (annual %),NY.GDP.MKTP.KD.ZG,market_growth,1964,6.65599998250741
China,CHN,GDP growth (annual %),NY.GDP.MKTP.KD.ZG,market_growth,1964,18.1799999938203
Germany,DEU,GDP growth (annual %),NY.GDP.MKTP.KD.ZG,market_growth,1964,6.63946989651858
"Egypt, Arab Rep.",EGY,GDP growth (annual %),NY.GDP.MKTP.KD.ZG,market_growth,1964,11.5075774740325
Euro area,EMU,GDP growth (annual %),NY.GDP.MKTP.KD.ZG,market_growth,1964,5.86676511417907
European Union,EUU,GDP growth (annual %),NY.GDP.MKTP.KD.ZG,market_growth,1964,5.99245681317144
France,FRA,GDP growth (annual %),NY.GDP.MKTP.KD.ZG,market_growth,1964,6.58280685437494
United Kingdom,GBR,GDP growth (annual %),NY.GDP.MKTP.KD.ZG,market_growth,1964,5.59481105874345
Greece,GRC,GDP growth (annual %),NY.GDP.MKTP.KD.ZG,market_growth,1964,9.40967732368279
India,IND,GDP growth (annual %),NY.GDP.MKTP.KD.ZG,market_growth,1964,7.45295012232975
Iraq,IRQ,GDP growth (annual %),NY.GDP.MKTP.KD.ZG,market_growth,1964,14.8265142723807
Italy,ITA,GDP growth (annual %),NY.GDP.MKTP.KD.ZG,market_growth,1964,2.79770230068472
Saudi Arabia,SAU,GDP growth (annual %),NY.GDP.MKTP.KD.ZG,market_growth,1964,8.77678436346099
Turkiye,TUR,GDP growth (annual %),NY.GDP.MKTP.KD.ZG,market_growth,1964,5.45905679838043
United States,USA,GDP growth (annual %),NY.GDP.MKTP.KD.ZG,market_growth,1964,5.8000000040378
World,WLD,GDP growth (annual %),NY.GDP.MKTP.KD.ZG,market_growth,1964,6.62973289506179
Australia,AUS,GDP growth (annual %),NY.GDP.MKTP.KD.ZG,market_growth,1965,5.97750537090864
Canada,CAN,GDP growth (annual %),NY.GDP.MKTP.KD.ZG,market_growth,1965,6.31719994750095
China,CHN,GDP growth (annual %),NY.GDP.MKTP.KD.ZG,market_growth,1965,16.9500000038699
Germany,DEU,GDP growth (annual %),NY.GDP.MKTP.KD.ZG,market_growth,1965,5.24416402432635
"Egypt, Arab Rep.",EGY,GDP growth (annual %),NY.GDP.MKTP.KD.ZG,market_growth,1965,4.91404229223662
Euro area,EMU,GDP growth (annual %),NY.GDP.MKTP.KD.ZG,market_growth,1965,5.04487251870079
European Union,EUU,GDP growth (annual %),NY.GDP.MKTP.KD.ZG,market_growth,1965,5.24720045659537
France,FRA,GDP growth (annual %),NY.GDP.MKTP.KD.ZG,market_growth,1965,4.83875011249243
United Kingdom,GBR,GDP growth (annual %),NY.GDP.MKTP.KD.ZG,market_growth,1965,2.13033308666921
Greece,GRC,GDP growth (annual %),NY.GDP.MKTP.KD.ZG,market_growth,1965,10.7680109720411
India,IND,GDP growth (annual %),NY.GDP.MKTP.KD.ZG,market_growth,1965,-2.63577010985361
Iraq,IRQ,GDP growth (annual %),NY.GDP.MKTP.KD.ZG,market_growth,1965,10.763880165144
Italy,ITA,GDP growth (annual %),NY.GDP.MKTP.KD.ZG,market_growth,1965,3.26802365121867
Saudi Arabia,SAU,GDP growth (annual %),NY.GDP.MKTP.KD.ZG,market_growth,1965,12.136763975251
Turkiye,TUR,GDP growth (annual %),NY.GDP.MKTP.KD.ZG,market_growth,1965,2.82352954343872
United States,USA,GDP growth (annual %),NY.GDP.MKTP.KD.ZG,market_growth,1965,6.40000000107759
World,WLD,GDP growth (annual %),NY.GDP.MKTP.KD.ZG,market_growth,1965,5.63094784595984
Australia,AUS,GDP growth (annual %),NY.GDP.MKTP.KD.ZG,market_growth,1966,2.3810335009272
Canada,CAN,GDP growth (annual %),NY.GDP.MKTP.KD.ZG,market_growth,1966,6.75969011323785
China,CHN,GDP growth (annual %),NY.GDP.MKTP.KD.ZG,market_growth,1966,10.6499999984174
Germany,DEU,GDP growth (annual %),NY.GDP.MKTP.KD.ZG,market_growth,1966,2.81218130587229
"Egypt, Arab Rep.",EGY,GDP growth (annual %),NY.GDP.MKTP.KD.ZG,market_growth,1966,5.04640371248233
Euro area,EMU,GDP growth (annual %),NY.GDP.MKTP.KD.ZG,market_growth,1966,4.38855309655521
European Union,EUU,GDP growth (annual %),NY.GDP.MKTP.KD.ZG,market_growth,1966,4.27224611735801
France,FRA,GDP growth (annual %),NY.GDP.MKTP.KD.ZG,market_growth,1966,5.16354274190655
United Kingdom,GBR,GDP growth (annual %),NY.GDP.MKTP.KD.ZG,market_growth,1966,1.56744960482462
Greece,GRC,GDP growth (annual %),NY.GDP.MKTP.KD.ZG,market_growth,1966,6.49450138060494
India,IND,GDP growth (annual %),NY.GDP.MKTP.KD.ZG,market_growth,1966,-0.0553287698318314
Iraq,IRQ,GDP growth (annual %),NY.GDP.MKTP.KD.ZG,market_growth,1966,4.96287661149815
Italy,ITA,GDP growth (annual %),NY.GDP.MKTP.KD.ZG,market_growth,1966,5.98479421486059
Saudi Arabia,SAU,GDP growth (annual %),NY.GDP.MKTP.KD.ZG,market_growth,1966,8.18114543360564
Turkiye,TUR,GDP growth (annual %),NY.GDP.MKTP.KD.ZG,market_growth,1966,11.2128150353513
United States,USA,GDP growth (annual %),NY.GDP.MKTP.KD.ZG,market_growth,1966,6.50000000865072
World,WLD,GDP growth (annual %),NY.GDP.MKTP.KD.ZG,market_growth,1966,5.41888566542343
Australia,AUS,GDP growth (annual %),NY.GDP.MKTP.KD.ZG,market_growth,1967,6.30689948609215
Canada,CAN,GDP growth (annual %),NY.GDP.MKTP.KD.ZG,market_growth,1967,3.06542075476872
China,CHN,GDP growth (annual %),NY.GDP.MKTP.KD.ZG,market_growth,1967,-5.77000000405148
Germany,DEU,GDP growth (annual %),NY.GDP.MKTP.KD.ZG,market_growth,1967,-0.330256452713016
"Egypt, Arab Rep.",EGY,GDP growth (annual %),NY.GDP.MKTP.KD.ZG,market_growth,1967,0.805264127039209
Euro area,EMU,GDP growth (annual %),NY.GDP.MKTP.KD.ZG,market_growth,1967,3.44115723103846
European Union,EUU,GDP growth (annual %),NY.GDP.MKTP.KD.ZG,market_growth,1967,3.5458594455537
France,FRA,GDP growth (annual %),NY.GDP.MKTP.KD.ZG,market_growth,1967,4.80177080876672
United Kingdom,GBR,GDP growth (annual %),NY.GDP.MKTP.KD.ZG,market_growth,1967,2.77573771112216
Greece,GRC,GDP growth (annual %),NY.GDP.MKTP.KD.ZG,market_growth,1967,5.66948643356486
India,IND,GDP growth (annual %),NY.GDP.MKTP.KD.ZG,market_growth,1967,7.82596303033105
Iraq,IRQ,GDP growth (annual %),NY.GDP.MKTP.KD.ZG,market_growth,1967,-8.85681547611026
Italy,ITA,GDP growth (annual %),NY.GDP.MKTP.KD.ZG,market_growth,1967,7.17861243185169
Saudi Arabia,SAU,GDP growth (annual %),NY.GDP.MKTP.KD.ZG,market_growth,1967,8.9093833311003
Turkiye,TUR,GDP growth (annual %),NY.GDP.MKTP.KD.ZG,market_growth,1967,4.73251024393737
United States,USA,GDP growth (annual %),NY.GDP.MKTP.KD.ZG,market_growth,1967,2.49999999306594
World,WLD,GDP growth (annual %),NY.GDP.MKTP.KD.ZG,market_growth,1967,3.73806601134913
Australia,AUS,GDP growth (annual %),NY.GDP.MKTP.KD.ZG,market_growth,1968,5.09512980987455
Canada,CAN,GDP growth (annual %),NY.GDP.MKTP.KD.ZG,market_growth,1968,5.00827413057785
China,CHN,GDP growth (annual %),NY.GDP.MKTP.KD.ZG,market_growth,1968,-4.09999998647768
Germany,DEU,GDP growth (annual %),NY.GDP.MKTP.KD.ZG,market_growth,1968,5.66877310370654
"Egypt, Arab Rep.",EGY,GDP growth (annual %),NY.GDP.MKTP.KD.ZG,market_growth,1968,-1.60679234956356
Euro area,EMU,GDP growth (annual %),NY.GDP.MKTP.KD.ZG,market_growth,1968,5.67871703109088
European Union,EUU,GDP growth (annual %),NY.GDP.MKTP.KD.ZG,market_growth,1968,5.58877984682952
France,FRA,GDP growth (annual %),NY.GDP.MKTP.KD.ZG,market_growth,1968,4.54401821190027
United Kingdom,GBR,GDP growth (annual %),NY.GDP.MKTP.KD.ZG,market_growth,1968,5.47269310050385
Greece,GRC,GDP growth (annual %),NY.GDP.MKTP.KD.ZG,market_growth,1968,7.20371768036424
India,IND,GDP growth (annual %),NY.GDP.MKTP.KD.ZG,market_growth,1968,3.38792917600242
Iraq,IRQ,GDP growth (annual %),NY.GDP.MKTP.KD.ZG,market_growth,1968,19.5121002571341
Italy,ITA,GDP growth (annual %),NY.GDP.MKTP.KD.ZG,market_growth,1968,6.5445545873539
Saudi Arabia,SAU,GDP growth (annual %),NY.GDP.MKTP.KD.ZG,market_growth,1968,7.66012652552845
Turkiye,TUR,GDP growth (annual %),NY.GDP.MKTP.KD.ZG,market_growth,1968,6.77799601038105
United States,USA,GDP growth (annual %),NY.GDP.MKTP.KD.ZG,market_growth,1968,4.80000000278329
World,WLD,GDP growth (annual %),NY.GDP.MKTP.KD.ZG,market_growth,1968,5.94722298911074
Australia,AUS,GDP growth (annual %),NY.GDP.MKTP.KD.ZG,market_growth,1969,7.04760243224727
Canada,CAN,GDP growth (annual %),NY.GDP.MKTP.KD.ZG,market_growth,1969,5.06703238381456
China,CHN,GDP growth (annual %),NY.GDP.MKTP.KD.ZG,market_growth,1969,16.9399999960609
Germany,DEU,GDP growth (annual %),NY.GDP.MKTP.KD.ZG,market_growth,1969,7.41810273162662
"Egypt, Arab Rep.",EGY,GDP growth (annual %),NY.GDP.MKTP.KD.ZG,market_growth,1969,5.27951751357089
Euro area,EMU,GDP growth (annual %),NY.GDP.MKTP.KD.ZG,market_growth,1969,7.1307026547254
European Union,EUU,GDP growth (annual %),NY.GDP.MKTP.KD.ZG,market_growth,1969,7.03050522600735
France,FRA,GDP growth (annual %),NY.GDP.MKTP.KD.ZG,market_growth,1969,7.09364697994077
United Kingdom,GBR,GDP growth (annual %),NY.GDP.MKTP.KD.ZG,market_growth,1969,1.93913775370176
Greece,GRC,GDP growth (annual %),NY.GDP.MKTP.KD.ZG,market_growth,1969,11.5636684082563
India,IND,GDP growth (annual %),NY.GDP.MKTP.KD.ZG,market_growth,1969,6.53970029628042
Iraq,IRQ,GDP growth (annual %),NY.GDP.MKTP.KD.ZG,market_growth,1969,3.24418646059578
Italy,ITA,GDP growth (annual %),NY.GDP.MKTP.KD.ZG,market_growth,1969,6.09805993564241
Saudi Arabia,SAU,GDP growth (annual %),NY.GDP.MKTP.KD.ZG,market_growth,1969,6.03788654154391
Turkiye,TUR,GDP growth (annual %),NY.GDP.MKTP.KD.ZG,market_growth,1969,4.08114562089492
United States,USA,GDP growth (annual %),NY.GDP.MKTP.KD.ZG,market_growth,1969,3.09999999656958
World,WLD,GDP growth (annual %),NY.GDP.MKTP.KD.ZG,market_growth,1969,5.96131448055353
Australia,AUS,GDP growth (annual %),NY.GDP.MKTP.KD.ZG,market_growth,1970,7.17469983682571
Canada,CAN,GDP growth (annual %),NY.GDP.MKTP.KD.ZG,market_growth,1970,2.91871305007516
China,CHN,GDP growth (annual %),NY.GDP.MKTP.KD.ZG,market_growth,1970,19.2999999967022
Germany,DEU,GDP growth (annual %),NY.GDP.MKTP.KD.ZG,market_growth,1970,5.10314457629295
"Egypt, Arab Rep.",EGY,GDP growth (annual %),NY.GDP.MKTP.KD.ZG,market_growth,1970,5.59851503851672
Euro area,EMU,GDP growth (annual %),NY.GDP.MKTP.KD.ZG,market_growth,1970,5.6093297316649
European Union,EUU,GDP growth (annual %),NY.GDP.MKTP.KD.ZG,market_growth,1970,5.52996280307833
France,FRA,GDP growth (annual %),NY.GDP.MKTP.KD.ZG,market_growth,1970,6.20017438615466
United Kingdom,GBR,GDP growth (annual %),NY.GDP.MKTP.KD.ZG,market_growth,1970,2.70858148856038
Greece,GRC,GDP growth (annual %),NY.GDP.MKTP.KD.ZG,market_growth,1970,8.93058020025967
India,IND,GDP growth (annual %),NY.GDP.MKTP.KD.ZG,market_growth,1970,5.15722973608261
Iraq,IRQ,GDP growth (annual %),NY.GDP.MKTP.KD.ZG,market_growth,1970,4.54435706401779
Italy,ITA,GDP growth (annual %),NY.GDP.MKTP.KD.ZG,market_growth,1970,5.31050247643583
Saudi Arabia,SAU,GDP growth (annual %),NY.GDP.MKTP.KD.ZG,market_growth,1970,52.5920942005017
Turkiye,TUR,GDP growth (annual %),NY.GDP.MKTP.KD.ZG,market_growth,1970,3.23350897293227
United States,USA,GDP growth (annual %),NY.GDP.MKTP.KD.ZG,market_growth,1970,0.216606498143278
World,WLD,GDP growth (annual %),NY.GDP.MKTP.KD.ZG,market_growth,1970,3.76536422839344
United Arab Emirates,ARE,GDP growth (annual %),NY.GDP.MKTP.KD.ZG,market_growth,1971,36.6123778533091
Australia,AUS,GDP growth (annual %),NY.GDP.MKTP.KD.ZG,market_growth,1971,4.0009865700372
Canada,CAN,GDP growth (annual %),NY.GDP.MKTP.KD.ZG,market_growth,1971,4.01884505535331
China,CHN,GDP growth (annual %),NY.GDP.MKTP.KD.ZG,market_growth,1971,7.05999999853672
Germany,DEU,GDP growth (annual %),NY.GDP.MKTP.KD.ZG,market_growth,1971,3.13269976979846
"Egypt, Arab Rep.",EGY,GDP growth (annual %),NY.GDP.MKTP.KD.ZG,market_growth,1971,4.05734632653112
Euro area,EMU,GDP growth (annual %),NY.GDP.MKTP.KD.ZG,market_growth,1971,3.75772103299079
European Union,EUU,GDP growth (annual %),NY.GDP.MKTP.KD.ZG,market_growth,1971,3.65104544429215
France,FRA,GDP growth (annual %),NY.GDP.MKTP.KD.ZG,market_growth,1971,5.29344622836985
United Kingdom,GBR,GDP growth (annual %),NY.GDP.MKTP.KD.ZG,market_growth,1971,2.00453760135888
Greece,GRC,GDP growth (annual %),NY.GDP.MKTP.KD.ZG,market_growth,1971,7.84117657760304
India,IND,GDP growth (annual %),NY.GDP.MKTP.KD.ZG,market_growth,1971,1.64293038388766
Iraq,IRQ,GDP growth (annual %),NY.GDP.MKTP.KD.ZG,market_growth,1971,5.37455253303425
Italy,ITA,GDP growth (annual %),NY.GDP.MKTP.KD.ZG,market_growth,1971,1.81810794624113
Kuwait,KWT,GDP growth (annual %),NY.GDP.MKTP.KD.ZG,market_growth,1971,7.04368095489498
Qatar,QAT,GDP growth (annual %),NY.GDP.MKTP.KD.ZG,market_growth,1971,10.0078516626193
Saudi Arabia,SAU,GDP growth (annual %),NY.GDP.MKTP.KD.ZG,market_growth,1971,15.2291070662534
Turkiye,TUR,GDP growth (annual %),NY.GDP.MKTP.KD.ZG,market_growth,1971,5.56669450058796
United States,USA,GDP growth (annual %),NY.GDP.MKTP.KD.ZG,market_growth,1971,3.29272243899894
World,WLD,GDP growth (annual %),NY.GDP.MKTP.KD.ZG,market_growth,1971,4.1089784450586
United Arab Emirates,ARE,GDP growth (annual %),NY.GDP.MKTP.KD.ZG,market_growth,1972,39.0796375886669
Australia,AUS,GDP growth (annual %),NY.GDP.MKTP.KD.ZG,market_growth,1972,3.90697856876663
Canada,CAN,GDP growth (annual %),NY.GDP.MKTP.KD.ZG,market_growth,1972,5.51966992842571
China,CHN,GDP growth (annual %),NY.GDP.MKTP.KD.ZG,market_growth,1972,3.81000000021984
Germany,DEU,GDP growth (annual %),NY.GDP.MKTP.KD.ZG,market_growth,1972,4.30034129247663
"Egypt, Arab Rep.",EGY,GDP growth (annual %),NY.GDP.MKTP.KD.ZG,market_growth,1972,3.05568062514286
Euro area,EMU,GDP growth (annual %),NY.GDP.MKTP.KD.ZG,market_growth,1972,4.89280758208707
European Union,EUU,GDP growth (annual %),NY.GDP.MKTP.KD.ZG,market_growth,1972,4.77134652594529
France,FRA,GDP growth (annual %),NY.GDP.MKTP.KD.ZG,market_growth,1972,4.51410759995832
United Kingdom,GBR,GDP growth (annual %),NY.GDP.MKTP.KD.ZG,market_growth,1972,3.62637105743457
Greece,GRC,GDP growth (annual %),NY.GDP.MKTP.KD.ZG,market_growth,1972,10.1601515908652
India,IND,GDP growth (annual %),NY.GDP.MKTP.KD.ZG,market_growth,1972,-0.553301312377712
Iraq,IRQ,GDP growth (annual %),NY.GDP.MKTP.KD.ZG,market_growth,1972,3.73530378696596
Italy,ITA,GDP growth (annual %),NY.GDP.MKTP.KD.ZG,market_growth,1972,3.69048578366487
Kuwait,KWT,GDP growth (annual %),NY.GDP.MKTP.KD.ZG,market_growth,1972,3.90077636977662
Qatar,QAT,GDP growth (annual %),NY.GDP.MKTP.KD.ZG,market_growth,1972,11.0793894825657
Saudi Arabia,SAU,GDP growth (annual %),NY.GDP.MKTP.KD.ZG,market_growth,1972,18.7851174670799
Turkiye,TUR,GDP growth (annual %),NY.GDP.MKTP.KD.ZG,market_growth,1972,7.42578832564243
United States,USA,GDP growth (annual %),NY.GDP.MKTP.KD.ZG,market_growth,1972,5.25550197771585
World,WLD,GDP growth (annual %),NY.GDP.MKTP.KD.ZG,market_growth,1972,5.53776177849556
United Arab Emirates,ARE,GDP growth (annual %),NY.GDP.MKTP.KD.ZG,market_growth,1973,76.6201550367607
Australia,AUS,GDP growth (annual %),NY.GDP.MKTP.KD.ZG,market_growth,1973,2.6185458738897
Canada,CAN,GDP growth (annual %),NY.GDP.MKTP.KD.ZG,market_growth,1973,6.72864152445543
China,CHN,GDP growth (annual %),NY.GDP.MKTP.KD.ZG,market_growth,1973,7.76000000084325
Germany,DEU,GDP growth (annual %),NY.GDP.MKTP.KD.ZG,market_growth,1973,4.77748690945469
"Egypt, Arab Rep.",EGY,GDP growth (annual %),NY.GDP.MKTP.KD.ZG,market_growth,1973,3.50683016247268
Euro area,EMU,GDP growth (annual %),NY.GDP.MKTP.KD.ZG,market_growth,1973,6.11832631721319
European Union,EUU,GDP growth (annual %),NY.GDP.MKTP.KD.ZG,market_growth,1973,6.00493758000624
France,FRA,GDP growth (annual %),NY.GDP.MKTP.KD.ZG,market_growth,1973,6.19458406640176
United Kingdom,GBR,GDP growth (annual %),NY.GDP.MKTP.KD.ZG,market_growth,1973,7.31352424220155
Greece,GRC,GDP growth (annual %),NY.GDP.MKTP.KD.ZG,market_growth,1973,8.09237907118801
India,IND,GDP growth (annual %),NY.GDP.MKTP.KD.ZG,market_growth,1973,3.29552113522354
Iraq,IRQ,GDP growth (annual %),NY.GDP.MKTP.KD.ZG,market_growth,1973,4.41875556494567
Italy,ITA,GDP growth (annual %),NY.GDP.MKTP.KD.ZG,market_growth,1973,7.12586233109471
Kuwait,KWT,GDP growth (annual %),NY.GDP.MKTP.KD.ZG,market_growth,1973,-6.57007472476863
Qatar,QAT,GDP growth (annual %),NY.GDP.MKTP.KD.ZG,market_growth,1973,10.784895214101
Saudi Arabia,SAU,GDP growth (annual %),NY.GDP.MKTP.KD.ZG,market_growth,1973,22.495101661284
Turkiye,TUR,GDP growth (annual %),NY.GDP.MKTP.KD.ZG,market_growth,1973,3.26233451840494
United States,USA,GDP growth (annual %),NY.GDP.MKTP.KD.ZG,market_growth,1973,5.64567975951033
World,WLD,GDP growth (annual %),NY.GDP.MKTP.KD.ZG,market_growth,1973,6.45772701682566
United Arab Emirates,ARE,GDP growth (annual %),NY.GDP.MKTP.KD.ZG,market_growth,1974,14.4980412677649
Australia,AUS,GDP growth (annual %),NY.GDP.MKTP.KD.ZG,market_growth,1974,4.10661101328289
Canada,CAN,GDP growth (annual %),NY.GDP.MKTP.KD.ZG,market_growth,1974,3.35777594002199
China,CHN,GDP growth (annual %),NY.GDP.MKTP.KD.ZG,market_growth,1974,2.31000000294736
Germany,DEU,GDP growth (annual %),NY.GDP.MKTP.KD.ZG,market_growth,1974,0.890068699312494
"Egypt, Arab Rep.",EGY,GDP growth (annual %),NY.GDP.MKTP.KD.ZG,market_growth,1974,1.55893857170508
Euro area,EMU,GDP growth (annual %),NY.GDP.MKTP.KD.ZG,market_growth,1974,3.23081321468426
European Union,EUU,GDP growth (annual %),NY.GDP.MKTP.KD.ZG,market_growth,1974,3.14764848671194
France,FRA,GDP growth (annual %),NY.GDP.MKTP.KD.ZG,market_growth,1974,4.41471376407343
United Kingdom,GBR,GDP growth (annual %),NY.GDP.MKTP.KD.ZG,market_growth,1974,-1.67969792645223
Greece,GRC,GDP growth (annual %),NY.GDP.MKTP.KD.ZG,market_growth,1974,-6.43824057014004
India,IND,GDP growth (annual %),NY.GDP.MKTP.KD.ZG,market_growth,1974,1.18533626034039
Iraq,IRQ,GDP growth (annual %),NY.GDP.MKTP.KD.ZG,market_growth,1974,16.1133673454638
Italy,ITA,GDP growth (annual %),NY.GDP.MKTP.KD.ZG,market_growth,1974,5.50014109691006
Kuwait,KWT,GDP growth (annual %),NY.GDP.MKTP.KD.ZG,market_growth,1974,-12.9913196130423
Qatar,QAT,GDP growth (annual %),NY.GDP.MKTP.KD.ZG,market_growth,1974,5.9382528780129
Saudi Arabia,SAU,GDP growth (annual %),NY.GDP.MKTP.KD.ZG,market_growth,1974,16.0996752666363
Turkiye,TUR,GDP growth (annual %),NY.GDP.MKTP.KD.ZG,market_growth,1974,5.59447440269354
United States,USA,GDP growth (annual %),NY.GDP.MKTP.KD.ZG,market_growth,1974,-0.540550190362552
World,WLD,GDP growth (annual %),NY.GDP.MKTP.KD.ZG,market_growth,1974,1.99190710306105
United Arab Emirates,ARE,GDP growth (annual %),NY.GDP.MKTP.KD.ZG,market_growth,1975,6.22761090864789
Australia,AUS,GDP growth (annual %),NY.GDP.MKTP.KD.ZG,market_growth,1975,1.33870055771159
Canada,CAN,GDP growth (annual %),NY.GDP.MKTP.KD.ZG,market_growth,1975,1.5454033371204
China,CHN,GDP growth (annual %),NY.GDP.MKTP.KD.ZG,market_growth,1975,8.71999999747992
Germany,DEU,GDP growth (annual %),NY.GDP.MKTP.KD.ZG,market_growth,1975,-0.866738936529003
"Egypt, Arab Rep.",EGY,GDP growth (annual %),NY.GDP.MKTP.KD.ZG,market_growth,1975,8.93914715890884
Euro area,EMU,GDP growth (annual %),NY.GDP.MKTP.KD.ZG,market_growth,1975,-0.769016483624767
European Union,EUU,GDP growth (annual %),NY.GDP.MKTP.KD.ZG,market_growth,1975,-0.580296307403572
France,FRA,GDP growth (annual %),NY.GDP.MKTP.KD.ZG,market_growth,1975,-0.945609616912307
United Kingdom,GBR,GDP growth (annual %),NY.GDP.MKTP.KD.ZG,market_growth,1975,-0.676870194049812
Greece,GRC,GDP growth (annual %),NY.GDP.MKTP.KD.ZG,market_growth,1975,6.36680794602181
India,IND,GDP growth (annual %),NY.GDP.MKTP.KD.ZG,market_growth,1975,9.14991201480592
Iraq,IRQ,GDP growth (annual %),NY.GDP.MKTP.KD.ZG,market_growth,1975,12.4906646751304
Italy,ITA,GDP growth (annual %),NY.GDP.MKTP.KD.ZG,market_growth,1975,-2.09016289171086
Kuwait,KWT,GDP growth (annual %),NY.GDP.MKTP.KD.ZG,market_growth,1975,-12.2744086966918
Qatar,QAT,GDP growth (annual %),NY.GDP.MKTP.KD.ZG,market_growth,1975,5.87913245017711
Saudi Arabia,SAU,GDP growth (annual %),NY.GDP.MKTP.KD.ZG,market_growth,1975,-5.48816172961487
Turkiye,TUR,GDP growth (annual %),NY.GDP.MKTP.KD.ZG,market_growth,1975,7.17411268977115
United States,USA,GDP growth (annual %),NY.GDP.MKTP.KD.ZG,market_growth,1975,-0.205619191208058
World,WLD,GDP growth (annual %),NY.GDP.MKTP.KD.ZG,market_growth,1975,0.81448328160532
United Arab Emirates,ARE,GDP growth (annual %),NY.GDP.MKTP.KD.ZG,market_growth,1976,16.5266792179266
Australia,AUS,GDP growth (annual %),NY.GDP.MKTP.KD.ZG,market_growth,1976,2.58782205117312
Canada,CAN,GDP growth (annual %),NY.GDP.MKTP.KD.ZG,market_growth,1976,5.88927591475903
China,CHN,GDP growth (annual %),NY.GDP.MKTP.KD.ZG,market_growth,1976,-1.57000000165326
Germany,DEU,GDP growth (annual %),NY.GDP.MKTP.KD.ZG,market_growth,1976,4.94925843456397
"Egypt, Arab Rep.",EGY,GDP growth (annual %),NY.GDP.MKTP.KD.ZG,market_growth,1976,13.2796894430741
Euro area,EMU,GDP growth (annual %),NY.GDP.MKTP.KD.ZG,market_growth,1976,5.02555970333067
European Union,EUU,GDP growth (annual %),NY.GDP.MKTP.KD.ZG,market_growth,1976,4.87552131671103
France,FRA,GDP growth (annual %),NY.GDP.MKTP.KD.ZG,market_growth,1976,4.33755647481964
United Kingdom,GBR,GDP growth (annual %),NY.GDP.MKTP.KD.ZG,market_growth,1976,2.80465599545295
Greece,GRC,GDP growth (annual %),NY.GDP.MKTP.KD.ZG,market_growth,1976,6.85189869571943
India,IND,GDP growth (annual %),NY.GDP.MKTP.KD.ZG,market_growth,1976,1.66310363661279
Iraq,IRQ,GDP growth (annual %),NY.GDP.MKTP.KD.ZG,market_growth,1976,17.1751037344398
Italy,ITA,GDP growth (annual %),NY.GDP.MKTP.KD.ZG,market_growth,1976,7.12538510094043
Kuwait,KWT,GDP growth (annual %),NY.GDP.MKTP.KD.ZG,market_growth,1976,6.6061845107545
Qatar,QAT,GDP growth (annual %),NY.GDP.MKTP.KD.ZG,market_growth,1976,8.34891213463509
Saudi Arabia,SAU,GDP growth (annual %),NY.GDP.MKTP.KD.ZG,market_growth,1976,15.223556317013
Turkiye,TUR,GDP growth (annual %),NY.GDP.MKTP.KD.ZG,market_growth,1976,10.4611795563238
United States,USA,GDP growth (annual %),NY.GDP.MKTP.KD.ZG,market_growth,1976,5.38803390614694
World,WLD,GDP growth (annual %),NY.GDP.MKTP.KD.ZG,market_growth,1976,5.22120338591516
United Arab Emirates,ARE,GDP growth (annual %),NY.GDP.MKTP.KD.ZG,market_growth,1977,21.4396994717898
Australia,AUS,GDP growth (annual %),NY.GDP.MKTP.KD.ZG,market_growth,1977,3.59237581967973
Canada,CAN,GDP growth (annual %),NY.GDP.MKTP.KD.ZG,market_growth,1977,3.53482658557137
China,CHN,GDP growth (annual %),NY.GDP.MKTP.KD.ZG,market_growth,1977,7.57000000138403
Germany,DEU,GDP growth (annual %),NY.GDP.MKTP.KD.ZG,market_growth,1977,3.34721808033223
"Egypt, Arab Rep.",EGY,GDP growth (annual %),NY.GDP.MKTP.KD.ZG,market_growth,1977,9.00304426675032
Euro area,EMU,GDP growth (annual %),NY.GDP.MKTP.KD.ZG,market_growth,1977,3.10171838127036
European Union,EUU,GDP growth (annual %),NY.GDP.MKTP.KD.ZG,market_growth,1977,2.94611945683016
France,FRA,GDP growth (annual %),NY.GDP.MKTP.KD.ZG,market_growth,1977,3.55415568976466
United Kingdom,GBR,GDP growth (annual %),NY.GDP.MKTP.KD.ZG,market_growth,1977,2.36335094409922
Greece,GRC,GDP growth (annual %),NY.GDP.MKTP.KD.ZG,market_growth,1977,2.94100090620763
India,IND,GDP growth (annual %),NY.GDP.MKTP.KD.ZG,market_growth,1977,7.25476458583569
Iraq,IRQ,GDP growth (annual %),NY.GDP.MKTP.KD.ZG,market_growth,1977,1.89995939450607
Italy,ITA,GDP growth (annual %),NY.GDP.MKTP.KD.ZG,market_growth,1977,2.56050082604729
Jordan,JOR,GDP growth (annual %),NY.GDP.MKTP.KD.ZG,market_growth,1977,8.29840885389555
Kuwait,KWT,GDP growth (annual %),NY.GDP.MKTP.KD.ZG,market_growth,1977,-3.84753686100728
Qatar,QAT,GDP growth (annual %),NY.GDP.MKTP.KD.ZG,market_growth,1977,-7.30543318661847
Saudi Arabia,SAU,GDP growth (annual %),NY.GDP.MKTP.KD.ZG,market_growth,1977,5.89138331583297
Turkiye,TUR,GDP growth (annual %),NY.GDP.MKTP.KD.ZG,market_growth,1977,3.40666980449136
United States,USA,GDP growth (annual %),NY.GDP.MKTP.KD.ZG,market_growth,1977,4.62418650079432
World,WLD,GDP growth (annual %),NY.GDP.MKTP.KD.ZG,market_growth,1977,3.94144875757631
United Arab Emirates,ARE,GDP growth (annual %),NY.GDP.MKTP.KD.ZG,market_growth,1978,-1.58961937418947
Australia,AUS,GDP growth (annual %),NY.GDP.MKTP.KD.ZG,market_growth,1978,0.895363440295682
Canada,CAN,GDP growth (annual %),NY.GDP.MKTP.KD.ZG,market_growth,1978,3.73597640512338
China,CHN,GDP growth (annual %),NY.GDP.MKTP.KD.ZG,market_growth,1978,11.3269542129809
Germany,DEU,GDP growth (annual %),NY.GDP.MKTP.KD.ZG,market_growth,1978,3.00849288842491
"Egypt, Arab Rep.",EGY,GDP growth (annual %),NY.GDP.MKTP.KD.ZG,market_growth,1978,8.62876764493188
Euro area,EMU,GDP growth (annual %),NY.GDP.MKTP.KD.ZG,market_growth,1978,3.11205157455316
European Union,EUU,GDP growth (annual %),NY.GDP.MKTP.KD.ZG,market_growth,1978,3.06052835163457
France,FRA,GDP growth (annual %),NY.GDP.MKTP.KD.ZG,market_growth,1978,3.94936216342872
United Kingdom,GBR,GDP growth (annual %),NY.GDP.MKTP.KD.ZG,market_growth,1978,3.40337382855367
Greece,GRC,GDP growth (annual %),NY.GDP.MKTP.KD.ZG,market_growth,1978,7.24686397906468
India,IND,GDP growth (annual %),NY.GDP.MKTP.KD.ZG,market_growth,1978,5.71253208900188
Iraq,IRQ,GDP growth (annual %),NY.GDP.MKTP.KD.ZG,market_growth,1978,17.0569646646714
Italy,ITA,GDP growth (annual %),NY.GDP.MKTP.KD.ZG,market_growth,1978,3.24013978059317
Jordan,JOR,GDP growth (annual %),NY.GDP.MKTP.KD.ZG,market_growth,1978,14.6795660169677
Kuwait,KWT,GDP growth (annual %),NY.GDP.MKTP.KD.ZG,market_growth,1978,7.35477437313764
Qatar,QAT,GDP growth (annual %),NY.GDP.MKTP.KD.ZG,market_growth,1978,8.86336633607512
Saudi Arabia,SAU,GDP growth (annual %),NY.GDP.MKTP.KD.ZG,market_growth,1978,0.172375715780035
Turkiye,TUR,GDP growth (annual %),NY.GDP.MKTP.KD.ZG,market_growth,1978,1.50293301122338
United States,USA,GDP growth (annual %),NY.GDP.MKTP.KD.ZG,market_growth,1978,5.53520648057204
World,WLD,GDP growth (annual %),NY.GDP.MKTP.KD.ZG,market_growth,1978,4.13711682010359
United Arab Emirates,ARE,GDP growth (annual %),NY.GDP.MKTP.KD.ZG,market_growth,1979,20.9234874935804
Australia,AUS,GDP growth (annual %),NY.GDP.MKTP.KD.ZG,market_growth,1979,4.05155094854514
Canada,CAN,GDP growth (annual %),NY.GDP.MKTP.KD.ZG,market_growth,1979,3.72519945403704
China,CHN,GDP growth (annual %),NY.GDP.MKTP.KD.ZG,market_growth,1979,7.59480175999998
Germany,DEU,GDP growth (annual %),NY.GDP.MKTP.KD.ZG,market_growth,1979,4.15036333786591
"Egypt, Arab Rep.",EGY,GDP growth (annual %),NY.GDP.MKTP.KD.ZG,market_growth,1979,4.54768962839718
Euro area,EMU,GDP growth (annual %),NY.GDP.MKTP.KD.ZG,market_growth,1979,3.90271272905294
European Union,EUU,GDP growth (annual %),NY.GDP.MKTP.KD.ZG,market_growth,1979,3.88936482688256
France,FRA,GDP growth (annual %),NY.GDP.MKTP.KD.ZG,market_growth,1979,3.69531078677157
United Kingdom,GBR,GDP growth (annual %),NY.GDP.MKTP.KD.ZG,market_growth,1979,2.74677219709527
Greece,GRC,GDP growth (annual %),NY.GDP.MKTP.KD.ZG,market_growth,1979,3.28207958853159
India,IND,GDP growth (annual %),NY.GDP.MKTP.KD.ZG,market_growth,1979,-5.2381827027895
Iraq,IRQ,GDP growth (annual %),NY.GDP.MKTP.KD.ZG,market_growth,1979,20.8692554328465
Italy,ITA,GDP growth (annual %),NY.GDP.MKTP.KD.ZG,market_growth,1979,5.95915952688955
Jordan,JOR,GDP growth (annual %),NY.GDP.MKTP.KD.ZG,market_growth,1979,20.8029092647021
Kuwait,KWT,GDP growth (annual %),NY.GDP.MKTP.KD.ZG,market_growth,1979,13.8992104051842
Qatar,QAT,GDP growth (annual %),NY.GDP.MKTP.KD.ZG,market_growth,1979,5.22773574019952
Saudi Arabia,SAU,GDP growth (annual %),NY.GDP.MKTP.KD.ZG,market_growth,1979,10.963914559319
Turkiye,TUR,GDP growth (annual %),NY.GDP.MKTP.KD.ZG,market_growth,1979,-0.62411357022269
United States,USA,GDP growth (annual %),NY.GDP.MKTP.KD.ZG,market_growth,1979,3.16598822512103
World,WLD,GDP growth (annual %),NY.GDP.MKTP.KD.ZG,market_growth,1979,4.14087732068609
United Arab Emirates,ARE,GDP growth (annual %),NY.GDP.MKTP.KD.ZG,market_growth,1980,23.8745793877479
Australia,AUS,GDP growth (annual %),NY.GDP.MKTP.KD.ZG,market_growth,1980,3.03453508064058
Canada,CAN,GDP growth (annual %),NY.GDP.MKTP.KD.ZG,market_growth,1980,2.17719922747995
China,CHN,GDP growth (annual %),NY.GDP.MKTP.KD.ZG,market_growth,1980,7.84141706847441
Germany,DEU,GDP growth (annual %),NY.GDP.MKTP.KD.ZG,market_growth,1980,1.40882864441943
"Egypt, Arab Rep.",EGY,GDP growth (annual %),NY.GDP.MKTP.KD.ZG,market_growth,1980,10.0113290379907
Euro area,EMU,GDP growth (annual %),NY.GDP.MKTP.KD.ZG,market_growth,1980,2.18187173719868
European Union,EUU,GDP growth (annual %),NY.GDP.MKTP.KD.ZG,market_growth,1980,2.06693329350863
France,FRA,GDP growth (annual %),NY.GDP.MKTP.KD.ZG,market_growth,1980,1.67641337198611
United Kingdom,GBR,GDP growth (annual %),NY.GDP.MKTP.KD.ZG,market_growth,1980,-2.17910220206564
Greece,GRC,GDP growth (annual %),NY.GDP.MKTP.KD.ZG,market_growth,1980,0.67713140669585
India,IND,GDP growth (annual %),NY.GDP.MKTP.KD.ZG,market_growth,1980,6.7358215279985
Iraq,IRQ,GDP growth (annual %),NY.GDP.MKTP.KD.ZG,market_growth,1980,24.7537268463936
Italy,ITA,GDP growth (annual %),NY.GDP.MKTP.KD.ZG,market_growth,1980,3.43001634618649
Jordan,JOR,GDP growth (annual %),NY.GDP.MKTP.KD.ZG,market_growth,1980,11.1848464618953
Kuwait,KWT,GDP growth (annual %),NY.GDP.MKTP.KD.ZG,market_growth,1980,-19.4107452350066
Qatar,QAT,GDP growth (annual %),NY.GDP.MKTP.KD.ZG,market_growth,1980,-1.01642177991283
Saudi Arabia,SAU,GDP growth (annual %),NY.GDP.MKTP.KD.ZG,market_growth,1980,5.79761134177146
Turkiye,TUR,GDP growth (annual %),NY.GDP.MKTP.KD.ZG,market_growth,1980,-2.44735042580159
United States,USA,GDP growth (annual %),NY.GDP.MKTP.KD.ZG,market_growth,1980,-0.256775739391401
World,WLD,GDP growth (annual %),NY.GDP.MKTP.KD.ZG,market_growth,1980,1.81532833044595
United Arab Emirates,ARE,GDP growth (annual %),NY.GDP.MKTP.KD.ZG,market_growth,1981,4.65936415296406
Australia,AUS,GDP growth (annual %),NY.GDP.MKTP.KD.ZG,market_growth,1981,3.34242019351289
Canada,CAN,GDP growth (annual %),NY.GDP.MKTP.KD.ZG,market_growth,1981,3.41506517464589
China,CHN,GDP growth (annual %),NY.GDP.MKTP.KD.ZG,market_growth,1981,5.11486309071954
Germany,DEU,GDP growth (annual %),NY.GDP.MKTP.KD.ZG,market_growth,1981,0.529240541969116
"Egypt, Arab Rep.",EGY,GDP growth (annual %),NY.GDP.MKTP.KD.ZG,market_growth,1981,7.3485538963286
Euro area,EMU,GDP growth (annual %),NY.GDP.MKTP.KD.ZG,market_growth,1981,0.566632872166565
European Union,EUU,GDP growth (annual %),NY.GDP.MKTP.KD.ZG,market_growth,1981,0.55839812960221
France,FRA,GDP growth (annual %),NY.GDP.MKTP.KD.ZG,market_growth,1981,1.18831474293866
United Kingdom,GBR,GDP growth (annual %),NY.GDP.MKTP.KD.ZG,market_growth,1981,-1.3234581733779
Greece,GRC,GDP growth (annual %),NY.GDP.MKTP.KD.ZG,market_growth,1981,-1.55372126905196
India,IND,GDP growth (annual %),NY.GDP.MKTP.KD.ZG,market_growth,1981,6.00620362381767
Iraq,IRQ,GDP growth (annual %),NY.GDP.MKTP.KD.ZG,market_growth,1981,-0.728727509463553
Italy,ITA,GDP growth (annual %),NY.GDP.MKTP.KD.ZG,market_growth,1981,0.844227628121416
Jordan,JOR,GDP growth (annual %),NY.GDP.MKTP.KD.ZG,market_growth,1981,17.1787174397624
Kuwait,KWT,GDP growth (annual %),NY.GDP.MKTP.KD.ZG,market_growth,1981,-18.9247311849823
Qatar,QAT,GDP growth (annual %),NY.GDP.MKTP.KD.ZG,market_growth,1981,0.900972101477819
Saudi Arabia,SAU,GDP growth (annual %),NY.GDP.MKTP.KD.ZG,market_growth,1981,2.9827447321309
Turkiye,TUR,GDP growth (annual %),NY.GDP.MKTP.KD.ZG,market_growth,1981,4.85664876652028
United States,USA,GDP growth (annual %),NY.GDP.MKTP.KD.ZG,market_growth,1981,2.53770127042986
World,WLD,GDP growth (annual %),NY.GDP.MKTP.KD.ZG,market_growth,1981,1.88817492087733
United Arab Emirates,ARE,GDP growth (annual %),NY.GDP.MKTP.KD.ZG,market_growth,1982,-6.71914478677678
Australia,AUS,GDP growth (annual %),NY.GDP.MKTP.KD.ZG,market_growth,1982,3.32864998005238
Canada,CAN,GDP growth (annual %),NY.GDP.MKTP.KD.ZG,market_growth,1982,-3.16615029457148
China,CHN,GDP growth (annual %),NY.GDP.MKTP.KD.ZG,market_growth,1982,9.02434347373044
Germany,DEU,GDP growth (annual %),NY.GDP.MKTP.KD.ZG,market_growth,1982,-0.394840735634787
"Egypt, Arab Rep.",EGY,GDP growth (annual %),NY.GDP.MKTP.KD.ZG,market_growth,1982,9.90717113397825
Euro area,EMU,GDP growth (annual %),NY.GDP.MKTP.KD.ZG,market_growth,1982,0.697140510392387
European Union,EUU,GDP growth (annual %),NY.GDP.MKTP.KD.ZG,market_growth,1982,0.819366976451178
France,FRA,GDP growth (annual %),NY.GDP.MKTP.KD.ZG,market_growth,1982,2.44251268690125
United Kingdom,GBR,GDP growth (annual %),NY.GDP.MKTP.KD.ZG,market_growth,1982,2.09306886432368
Greece,GRC,GDP growth (annual %),NY.GDP.MKTP.KD.ZG,market_growth,1982,-1.13264739051145
India,IND,GDP growth (annual %),NY.GDP.MKTP.KD.ZG,market_growth,1982,3.47573324031237
Iraq,IRQ,GDP growth (annual %),NY.GDP.MKTP.KD.ZG,market_growth,1982,3.43397803057938
Italy,ITA,GDP growth (annual %),NY.GDP.MKTP.KD.ZG,market_growth,1982,0.413585694308892
Jordan,JOR,GDP growth (annual %),NY.GDP.MKTP.KD.ZG,market_growth,1982,7.025943387032
Kuwait,KWT,GDP growth (annual %),NY.GDP.MKTP.KD.ZG,market_growth,1982,-11.7491028182833
Qatar,QAT,GDP growth (annual %),NY.GDP.MKTP.KD.ZG,market_growth,1982,-6.87449413853426
Saudi Arabia,SAU,GDP growth (annual %),NY.GDP.MKTP.KD.ZG,market_growth,1982,-16.1090907190854
Turkiye,TUR,GDP growth (annual %),NY.GDP.MKTP.KD.ZG,market_growth,1982,3.56322781218334
United States,USA,GDP growth (annual %),NY.GDP.MKTP.KD.ZG,market_growth,1982,-1.80301377321203
World,WLD,GDP growth (annual %),NY.GDP.MKTP.KD.ZG,market_growth,1982,0.411099684969287
United Arab Emirates,ARE,GDP growth (annual %),NY.GDP.MKTP.KD.ZG,market_growth,1983,-4.74606970328497
Australia,AUS,GDP growth (annual %),NY.GDP.MKTP.KD.ZG,market_growth,1983,-2.22582353017135
Canada,CAN,GDP growth (annual %),NY.GDP.MKTP.KD.ZG,market_growth,1983,2.56225365883793
China,CHN,GDP growth (annual %),NY.GDP.MKTP.KD.ZG,market_growth,1983,10.7718383060041
Germany,DEU,GDP growth (annual %),NY.GDP.MKTP.KD.ZG,market_growth,1983,1.57241014192158
"Egypt, Arab Rep.",EGY,GDP growth (annual %),NY.GDP.MKTP.KD.ZG,market_growth,1983,5.09440684048046
Euro area,EMU,GDP growth (annual %),NY.GDP.MKTP.KD.ZG,market_growth,1983,1.40601225766872
European Union,EUU,GDP growth (annual %),NY.GDP.MKTP.KD.ZG,market_growth,1983,1.44602874095294
France,FRA,GDP growth (annual %),NY.GDP.MKTP.KD.ZG,market_growth,1983,1.26205761797051
United Kingdom,GBR,GDP growth (annual %),NY.GDP.MKTP.KD.ZG,market_growth,1983,3.62434641923983
Greece,GRC,GDP growth (annual %),NY.GDP.MKTP.KD.ZG,market_growth,1983,-1.07862273931177
India,IND,GDP growth (annual %),NY.GDP.MKTP.KD.ZG,market_growth,1983,7.28889290124586
Iraq,IRQ,GDP growth (annual %),NY.GDP.MKTP.KD.ZG,market_growth,1983,-13.0733124034891
Italy,ITA,GDP growth (annual %),NY.GDP.MKTP.KD.ZG,market_growth,1983,1.16920342741862
Jordan,JOR,GDP growth (annual %),NY.GDP.MKTP.KD.ZG,market_growth,1983,-2.219738554459
Kuwait,KWT,GDP growth (annual %),NY.GDP.MKTP.KD.ZG,market_growth,1983,7.93847241856736
Qatar,QAT,GDP growth (annual %),NY.GDP.MKTP.KD.ZG,market_growth,1983,-1.82516541437688
Saudi Arabia,SAU,GDP growth (annual %),NY.GDP.MKTP.KD.ZG,market_growth,1983,-10.9934407584828
Turkiye,TUR,GDP growth (annual %),NY.GDP.MKTP.KD.ZG,market_growth,1983,4.97108077727097
United States,USA,GDP growth (annual %),NY.GDP.MKTP.KD.ZG,market_growth,1983,4.58379096944093
World,WLD,GDP growth (annual %),NY.GDP.MKTP.KD.ZG,market_growth,1983,2.57687545199074
United Arab Emirates,ARE,GDP growth (annual %),NY.GDP.MKTP.KD.ZG,market_growth,1984,4.01713802979486
Australia,AUS,GDP growth (annual %),NY.GDP.MKTP.KD.ZG,market_growth,1984,4.5644786594345
Canada,CAN,GDP growth (annual %),NY.GDP.MKTP.KD.ZG,market_growth,1984,5.89856946503677
China,CHN,GDP growth (annual %),NY.GDP.MKTP.KD.ZG,market_growth,1984,15.1921349118079
Germany,DEU,GDP growth (annual %),NY.GDP.MKTP.KD.ZG,market_growth,1984,2.82294783585535
"Egypt, Arab Rep.",EGY,GDP growth (annual %),NY.GDP.MKTP.KD.ZG,market_growth,1984,9.74576271171259
Euro area,EMU,GDP growth (annual %),NY.GDP.MKTP.KD.ZG,market_growth,1984,2.40979029247559
European Union,EUU,GDP growth (annual %),NY.GDP.MKTP.KD.ZG,market_growth,1984,2.5265791472908
France,FRA,GDP growth (annual %),NY.GDP.MKTP.KD.ZG,market_growth,1984,1.60947146551595
United Kingdom,GBR,GDP growth (annual %),NY.GDP.MKTP.KD.ZG,market_growth,1984,2.67092491032817
Greece,GRC,GDP growth (annual %),NY.GDP.MKTP.KD.ZG,market_growth,1984,2.01058093704644
India,IND,GDP growth (annual %),NY.GDP.MKTP.KD.ZG,market_growth,1984,3.8207378559735
Iraq,IRQ,GDP growth (annual %),NY.GDP.MKTP.KD.ZG,market_growth,1984,-1.48524169735188
Italy,ITA,GDP growth (annual %),NY.GDP.MKTP.KD.ZG,market_growth,1984,3.22585239030356
Jordan,JOR,GDP growth (annual %),NY.GDP.MKTP.KD.ZG,market_growth,1984,4.29168776522472
Kuwait,KWT,GDP growth (annual %),NY.GDP.MKTP.KD.ZG,market_growth,1984,5.241605241467
Qatar,QAT,GDP growth (annual %),NY.GDP.MKTP.KD.ZG,market_growth,1984,4.65773767027437
Saudi Arabia,SAU,GDP growth (annual %),NY.GDP.MKTP.KD.ZG,market_growth,1984,-4.00750444885617
Turkiye,TUR,GDP growth (annual %),NY.GDP.MKTP.KD.ZG,market_growth,1984,6.71201571206028
United States,USA,GDP growth (annual %),NY.GDP.MKTP.KD.ZG,market_growth,1984,7.2364531665454
World,WLD,GDP growth (annual %),NY.GDP.MKTP.KD.ZG,market_growth,1984,4.72811948188732
United Arab Emirates,ARE,GDP growth (annual %),NY.GDP.MKTP.KD.ZG,market_growth,1985,-3.59486680248725
Australia,AUS,GDP growth (annual %),NY.GDP.MKTP.KD.ZG,market_growth,1985,5.28169814609451
Canada,CAN,GDP growth (annual %),NY.GDP.MKTP.KD.ZG,market_growth,1985,4.73768071614444
China,CHN,GDP growth (annual %),NY.GDP.MKTP.KD.ZG,market_growth,1985,13.4284820016509
Germany,DEU,GDP growth (annual %),NY.GDP.MKTP.KD.ZG,market_growth,1985,2.32793520067574
"Egypt, Arab Rep.",EGY,GDP growth (annual %),NY.GDP.MKTP.KD.ZG,market_growth,1985,5.79150579142357
Euro area,EMU,GDP growth (annual %),NY.GDP.MKTP.KD.ZG,market_growth,1985,2.30676757298254
European Union,EUU,GDP growth (annual %),NY.GDP.MKTP.KD.ZG,market_growth,1985,2.31656039096589
France,FRA,GDP growth (annual %),NY.GDP.MKTP.KD.ZG,market_growth,1985,1.56907436604108
United Kingdom,GBR,GDP growth (annual %),NY.GDP.MKTP.KD.ZG,market_growth,1985,3.59938143817158
Greece,GRC,GDP growth (annual %),NY.GDP.MKTP.KD.ZG,market_growth,1985,2.50955640237393
India,IND,GDP growth (annual %),NY.GDP.MKTP.KD.ZG,market_growth,1985,5.25429922330889
Iraq,IRQ,GDP growth (annual %),NY.GDP.MKTP.KD.ZG,market_growth,1985,1.45389626285959
Italy,ITA,GDP growth (annual %),NY.GDP.MKTP.KD.ZG,market_growth,1985,2.79808575480784
Jordan,JOR,GDP growth (annual %),NY.GDP.MKTP.KD.ZG,market_growth,1985,-2.70694716427701
Kuwait,KWT,GDP growth (annual %),NY.GDP.MKTP.KD.ZG,market_growth,1985,-4.26459143817853
Qatar,QAT,GDP growth (annual %),NY.GDP.MKTP.KD.ZG,market_growth,1985,-2.12017026850029
Saudi Arabia,SAU,GDP growth (annual %),NY.GDP.MKTP.KD.ZG,market_growth,1985,-7.2118044747188
Turkiye,TUR,GDP growth (annual %),NY.GDP.MKTP.KD.ZG,market_growth,1985,4.24133571639942
United States,USA,GDP growth (annual %),NY.GDP.MKTP.KD.ZG,market_growth,1985,4.16957535422245
World,WLD,GDP growth (annual %),NY.GDP.MKTP.KD.ZG,market_growth,1985,3.65992562860681
United Arab Emirates,ARE,GDP growth (annual %),NY.GDP.MKTP.KD.ZG,market_growth,1986,-14.9577718663836
Australia,AUS,GDP growth (annual %),NY.GDP.MKTP.KD.ZG,market_growth,1986,3.96976309787884
Canada,CAN,GDP growth (annual %),NY.GDP.MKTP.KD.ZG,market_growth,1986,2.12148088392294
China,CHN,GDP growth (annual %),NY.GDP.MKTP.KD.ZG,market_growth,1986,8.9437463904392
Germany,DEU,GDP growth (annual %),NY.GDP.MKTP.KD.ZG,market_growth,1986,2.28733925852798
"Egypt, Arab Rep.",EGY,GDP growth (annual %),NY.GDP.MKTP.KD.ZG,market_growth,1986,4.74452554738158
Euro area,EMU,GDP growth (annual %),NY.GDP.MKTP.KD.ZG,market_growth,1986,2.52839415150781
European Union,EUU,GDP growth (annual %),NY.GDP.MKTP.KD.ZG,market_growth,1986,2.57930466748826
France,FRA,GDP growth (annual %),NY.GDP.MKTP.KD.ZG,market_growth,1986,2.38953554470334
United Kingdom,GBR,GDP growth (annual %),NY.GDP.MKTP.KD.ZG,market_growth,1986,4.01232987098167
Greece,GRC,GDP growth (annual %),NY.GDP.MKTP.KD.ZG,market_growth,1986,0.517660006338886
India,IND,GDP growth (annual %),NY.GDP.MKTP.KD.ZG,market_growth,1986,4.77656417048946
Iraq,IRQ,GDP growth (annual %),NY.GDP.MKTP.KD.ZG,market_growth,1986,4.64759057416617
Italy,ITA,GDP growth (annual %),NY.GDP.MKTP.KD.ZG,market_growth,1986,2.85997186889063
Jordan,JOR,GDP growth (annual %),NY.GDP.MKTP.KD.ZG,market_growth,1986,5.50463424186405
Kuwait,KWT,GDP growth (annual %),NY.GDP.MKTP.KD.ZG,market_growth,1986,8.56771256493248
Qatar,QAT,GDP growth (annual %),NY.GDP.MKTP.KD.ZG,market_growth,1986,5.33578656853717
Saudi Arabia,SAU,GDP growth (annual %),NY.GDP.MKTP.KD.ZG,market_growth,1986,1.00815274394004
Turkiye,TUR,GDP growth (annual %),NY.GDP.MKTP.KD.ZG,market_growth,1986,7.01203111054394
United States,USA,GDP growth (annual %),NY.GDP.MKTP.KD.ZG,market_growth,1986,3.46265504522061
World,WLD,GDP growth (annual %),NY.GDP.MKTP.KD.ZG,market_growth,1986,3.30504727863539
United Arab Emirates,ARE,GDP growth (annual %),NY.GDP.MKTP.KD.ZG,market_growth,1987,3.38145065154107
Australia,AUS,GDP growth (annual %),NY.GDP.MKTP.KD.ZG,market_growth,1987,2.5567680273608
Canada,CAN,GDP growth (annual %),NY.GDP.MKTP.KD.ZG,market_growth,1987,4.07201567327779
China,CHN,GDP growth (annual %),NY.GDP.MKTP.KD.ZG,market_growth,1987,11.6552658383921
Germany,DEU,GDP growth (annual %),NY.GDP.MKTP.KD.ZG,market_growth,1987,1.4021515883601
"Egypt, Arab Rep.",EGY,GDP growth (annual %),NY.GDP.MKTP.KD.ZG,market_growth,1987,3.83275261319132
Euro area,EMU,GDP growth (annual %),NY.GDP.MKTP.KD.ZG,market_growth,1987,2.55163155946553
European Union,EUU,GDP growth (annual %),NY.GDP.MKTP.KD.ZG,market_growth,1987,2.54387969152141
France,FRA,GDP growth (annual %),NY.GDP.MKTP.KD.ZG,market_growth,1987,2.55274621143047
United Kingdom,GBR,GDP growth (annual %),NY.GDP.MKTP.KD.ZG,market_growth,1987,4.56208082572655
Greece,GRC,GDP growth (annual %),NY.GDP.MKTP.KD.ZG,market_growth,1987,-2.25886322369171
India,IND,GDP growth (annual %),NY.GDP.MKTP.KD.ZG,market_growth,1987,3.96535563390576
Iraq,IRQ,GDP growth (annual %),NY.GDP.MKTP.KD.ZG,market_growth,1987,9.3052813911243
Italy,ITA,GDP growth (annual %),NY.GDP.MKTP.KD.ZG,market_growth,1987,3.19196062140115
Jordan,JOR,GDP growth (annual %),NY.GDP.MKTP.KD.ZG,market_growth,1987,2.32327437695257
Kuwait,KWT,GDP growth (annual %),NY.GDP.MKTP.KD.ZG,market_growth,1987,8.14615154374816
Qatar,QAT,GDP growth (annual %),NY.GDP.MKTP.KD.ZG,market_growth,1987,0.0449913987032176
Saudi Arabia,SAU,GDP growth (annual %),NY.GDP.MKTP.KD.ZG,market_growth,1987,-3.13303335653811
Turkiye,TUR,GDP growth (annual %),NY.GDP.MKTP.KD.ZG,market_growth,1987,9.48553884246728
United States,USA,GDP growth (annual %),NY.GDP.MKTP.KD.ZG,market_growth,1987,3.45462966441372
World,WLD,GDP growth (annual %),NY.GDP.MKTP.KD.ZG,market_growth,1987,3.75140720504533
United Arab Emirates,ARE,GDP growth (annual %),NY.GDP.MKTP.KD.ZG,market_growth,1988,-2.61905367759613
Australia,AUS,GDP growth (annual %),NY.GDP.MKTP.KD.ZG,market_growth,1988,5.76137011855324
Canada,CAN,GDP growth (annual %),NY.GDP.MKTP.KD.ZG,market_growth,1988,4.41083906453277
China,CHN,GDP growth (annual %),NY.GDP.MKTP.KD.ZG,market_growth,1988,11.2209115803492
Germany,DEU,GDP growth (annual %),NY.GDP.MKTP.KD.ZG,market_growth,1988,3.70723567991882
"Egypt, Arab Rep.",EGY,GDP growth (annual %),NY.GDP.MKTP.KD.ZG,market_growth,1988,5.46132049551341
Euro area,EMU,GDP growth (annual %),NY.GDP.MKTP.KD.ZG,market_growth,1988,4.35548720992394
European Union,EUU,GDP growth (annual %),NY.GDP.MKTP.KD.ZG,market_growth,1988,4.13015666038351
France,FRA,GDP growth (annual %),NY.GDP.MKTP.KD.ZG,market_growth,1988,4.81422400170246
United Kingdom,GBR,GDP growth (annual %),NY.GDP.MKTP.KD.ZG,market_growth,1988,5.0321018040183
Greece,GRC,GDP growth (annual %),NY.GDP.MKTP.KD.ZG,market_growth,1988,4.28786172851761
India,IND,GDP growth (annual %),NY.GDP.MKTP.KD.ZG,market_growth,1988,9.62778291984834
Iraq,IRQ,GDP growth (annual %),NY.GDP.MKTP.KD.ZG,market_growth,1988,-0.0190369368025927
Italy,ITA,GDP growth (annual %),NY.GDP.MKTP.KD.ZG,market_growth,1988,4.19437725054567
Jordan,JOR,GDP growth (annual %),NY.GDP.MKTP.KD.ZG,market_growth,1988,1.46216981660774
Kuwait,KWT,GDP growth (annual %),NY.GDP.MKTP.KD.ZG,market_growth,1988,-10.0526170080749
Qatar,QAT,GDP growth (annual %),NY.GDP.MKTP.KD.ZG,market_growth,1988,5.90444950002646
Saudi Arabia,SAU,GDP growth (annual %),NY.GDP.MKTP.KD.ZG,market_growth,1988,6.60034126267189
Turkiye,TUR,GDP growth (annual %),NY.GDP.MKTP.KD.ZG,market_growth,1988,2.32073679394847
United States,USA,GDP growth (annual %),NY.GDP.MKTP.KD.ZG,market_growth,1988,4.17698239478443
World,WLD,GDP growth (annual %),NY.GDP.MKTP.KD.ZG,market_growth,1988,4.52917512483202
United Arab Emirates,ARE,GDP growth (annual %),NY.GDP.MKTP.KD.ZG,market_growth,1989,12.3383708731218
Australia,AUS,GDP growth (annual %),NY.GDP.MKTP.KD.ZG,market_growth,1989,3.87901779350344
Canada,CAN,GDP growth (annual %),NY.GDP.MKTP.KD.ZG,market_growth,1989,2.33732982035617
China,CHN,GDP growth (annual %),NY.GDP.MKTP.KD.ZG,market_growth,1989,4.20785693658392
Germany,DEU,GDP growth (annual %),NY.GDP.MKTP.KD.ZG,market_growth,1989,3.89655170553733
"Egypt, Arab Rep.",EGY,GDP growth (annual %),NY.GDP.MKTP.KD.ZG,market_growth,1989,4.92086860390228
Euro area,EMU,GDP growth (annual %),NY.GDP.MKTP.KD.ZG,market_growth,1989,4.06697760912078
European Union,EUU,GDP growth (annual %),NY.GDP.MKTP.KD.ZG,market_growth,1989,3.89308768601373
France,FRA,GDP growth (annual %),NY.GDP.MKTP.KD.ZG,market_growth,1989,4.40516927190527
United Kingdom,GBR,GDP growth (annual %),NY.GDP.MKTP.KD.ZG,market_growth,1989,2.28144671930745
Greece,GRC,GDP growth (annual %),NY.GDP.MKTP.KD.ZG,market_growth,1989,3.79999995287797
India,IND,GDP growth (annual %),NY.GDP.MKTP.KD.ZG,market_growth,1989,5.94734332826503
Iraq,IRQ,GDP growth (annual %),NY.GDP.MKTP.KD.ZG,market_growth,1989,-3.1185352147467
Italy,ITA,GDP growth (annual %),NY.GDP.MKTP.KD.ZG,market_growth,1989,3.38838350504491
Jordan,JOR,GDP growth (annual %),NY.GDP.MKTP.KD.ZG,market_growth,1989,-10.7292192804856
Kuwait,KWT,GDP growth (annual %),NY.GDP.MKTP.KD.ZG,market_growth,1989,25.8928571450524
Lebanon,LBN,GDP growth (annual %),NY.GDP.MKTP.KD.ZG,market_growth,1989,-42.4511182157698
Qatar,QAT,GDP growth (annual %),NY.GDP.MKTP.KD.ZG,market_growth,1989,6.2222111205475
Saudi Arabia,SAU,GDP growth (annual %),NY.GDP.MKTP.KD.ZG,market_growth,1989,0.415193428012302
Turkiye,TUR,GDP growth (annual %),NY.GDP.MKTP.KD.ZG,market_growth,1989,0.2902440687796
United States,USA,GDP growth (annual %),NY.GDP.MKTP.KD.ZG,market_growth,1989,3.67223784138015
World,WLD,GDP growth (annual %),NY.GDP.MKTP.KD.ZG,market_growth,1989,3.63824326258279
United Arab Emirates,ARE,GDP growth (annual %),NY.GDP.MKTP.KD.ZG,market_growth,1990,18.327722868088
Australia,AUS,GDP growth (annual %),NY.GDP.MKTP.KD.ZG,market_growth,1990,3.57297569098456
Canada,CAN,GDP growth (annual %),NY.GDP.MKTP.KD.ZG,market_growth,1990,0.202947848289654
China,CHN,GDP growth (annual %),NY.GDP.MKTP.KD.ZG,market_growth,1990,3.9225195692421
Germany,DEU,GDP growth (annual %),NY.GDP.MKTP.KD.ZG,market_growth,1990,5.25500610110028
"Egypt, Arab Rep.",EGY,GDP growth (annual %),NY.GDP.MKTP.KD.ZG,market_growth,1990,5.66702915715818
Euro area,EMU,GDP growth (annual %),NY.GDP.MKTP.KD.ZG,market_growth,1990,3.52081468589162
European Union,EUU,GDP growth (annual %),NY.GDP.MKTP.KD.ZG,market_growth,1990,3.29743821318812
France,FRA,GDP growth (annual %),NY.GDP.MKTP.KD.ZG,market_growth,1990,2.82962715326478
United Kingdom,GBR,GDP growth (annual %),NY.GDP.MKTP.KD.ZG,market_growth,1990,0.779266119883417
Greece,GRC,GDP growth (annual %),NY.GDP.MKTP.KD.ZG,market_growth,1990,0.0
India,IND,GDP growth (annual %),NY.GDP.MKTP.KD.ZG,market_growth,1990,5.53345456306495
Iraq,IRQ,GDP growth (annual %),NY.GDP.MKTP.KD.ZG,market_growth,1990,57.8178283456035
Italy,ITA,GDP growth (annual %),NY.GDP.MKTP.KD.ZG,market_growth,1990,1.98577491758405
Jordan,JOR,GDP growth (annual %),NY.GDP.MKTP.KD.ZG,market_growth,1990,-0.275903907591626
Kuwait,KWT,GDP growth (annual %),NY.GDP.MKTP.KD.ZG,market_growth,1990,-26.2288925207873
Lebanon,LBN,GDP growth (annual %),NY.GDP.MKTP.KD.ZG,market_growth,1990,26.5331600932491
Qatar,QAT,GDP growth (annual %),NY.GDP.MKTP.KD.ZG,market_growth,1990,3.41446208112872
Saudi Arabia,SAU,GDP growth (annual %),NY.GDP.MKTP.KD.ZG,market_growth,1990,9.4260985412794
Turkiye,TUR,GDP growth (annual %),NY.GDP.MKTP.KD.ZG,market_growth,1990,9.26614667149315
United States,USA,GDP growth (annual %),NY.GDP.MKTP.KD.ZG,market_growth,1990,1.88596557755378
World,WLD,GDP growth (annual %),NY.GDP.MKTP.KD.ZG,market_growth,1990,2.70835661034906
United Arab Emirates,ARE,GDP growth (annual %),NY.GDP.MKTP.KD.ZG,market_growth,1991,0.860104327799661
Australia,AUS,GDP growth (annual %),NY.GDP.MKTP.KD.ZG,market_growth,1991,-0.384631357046658
Canada,CAN,GDP growth (annual %),NY.GDP.MKTP.KD.ZG,market_growth,1991,-2.09105516498515
China,CHN,GDP growth (annual %),NY.GDP.MKTP.KD.ZG,market_growth,1991,9.37563237902144
Germany,DEU,GDP growth (annual %),NY.GDP.MKTP.KD.ZG,market_growth,1991,5.10826150190911
"Egypt, Arab Rep.",EGY,GDP growth (annual %),NY.GDP.MKTP.KD.ZG,market_growth,1991,1.12540459520747
Euro area,EMU,GDP growth (annual %),NY.GDP.MKTP.KD.ZG,market_growth,1991,2.31199775321149
European Union,EUU,GDP growth (annual %),NY.GDP.MKTP.KD.ZG,market_growth,1991,1.46033479003636
France,FRA,GDP growth (annual %),NY.GDP.MKTP.KD.ZG,market_growth,1991,1.23666248297356
United Kingdom,GBR,GDP growth (annual %),NY.GDP.MKTP.KD.ZG,market_growth,1991,-1.29243974751705
Greece,GRC,GDP growth (annual %),NY.GDP.MKTP.KD.ZG,market_growth,1991,3.09999970633838
India,IND,GDP growth (annual %),NY.GDP.MKTP.KD.ZG,market_growth,1991,1.05683143296179
Iraq,IRQ,GDP growth (annual %),NY.GDP.MKTP.KD.ZG,market_growth,1991,-64.047106973488
Italy,ITA,GDP growth (annual %),NY.GDP.MKTP.KD.ZG,market_growth,1991,1.53844759206665
Jordan,JOR,GDP growth (annual %),NY.GDP.MKTP.KD.ZG,market_growth,1991,1.60853107260195
Kuwait,KWT,GDP growth (annual %),NY.GDP.MKTP.KD.ZG,market_growth,1991,-41.007790668086
Lebanon,LBN,GDP growth (annual %),NY.GDP.MKTP.KD.ZG,market_growth,1991,49.4473791849141
Qatar,QAT,GDP growth (annual %),NY.GDP.MKTP.KD.ZG,market_growth,1991,-1.66223257584981
Saudi Arabia,SAU,GDP growth (annual %),NY.GDP.MKTP.KD.ZG,market_growth,1991,8.22077074524385
Turkiye,TUR,GDP growth (annual %),NY.GDP.MKTP.KD.ZG,market_growth,1991,0.720279039109613
United States,USA,GDP growth (annual %),NY.GDP.MKTP.KD.ZG,market_growth,1991,-0.108312873733027
World,WLD,GDP growth (annual %),NY.GDP.MKTP.KD.ZG,market_growth,1991,1.22518126757618
United Arab Emirates,ARE,GDP growth (annual %),NY.GDP.MKTP.KD.ZG,market_growth,1992,3.34528166209122
Australia,AUS,GDP growth (annual %),NY.GDP.MKTP.KD.ZG,market_growth,1992,0.433065864126704
Canada,CAN,GDP growth (annual %),NY.GDP.MKTP.KD.ZG,market_growth,1992,0.890466243956382
China,CHN,GDP growth (annual %),NY.GDP.MKTP.KD.ZG,market_growth,1992,14.2976226152779
Germany,DEU,GDP growth (annual %),NY.GDP.MKTP.KD.ZG,market_growth,1992,2.01361340926105
"Egypt, Arab Rep.",EGY,GDP growth (annual %),NY.GDP.MKTP.KD.ZG,market_growth,1992,4.47285918408184
Euro area,EMU,GDP growth (annual %),NY.GDP.MKTP.KD.ZG,market_growth,1992,1.08636971676552
European Union,EUU,GDP growth (annual %),NY.GDP.MKTP.KD.ZG,market_growth,1992,0.901655774788622
France,FRA,GDP growth (annual %),NY.GDP.MKTP.KD.ZG,market_growth,1992,1.5160611169627
United Kingdom,GBR,GDP growth (annual %),NY.GDP.MKTP.KD.ZG,market_growth,1992,1.29472849604493
Greece,GRC,GDP growth (annual %),NY.GDP.MKTP.KD.ZG,market_growth,1992,0.700000337119789
India,IND,GDP growth (annual %),NY.GDP.MKTP.KD.ZG,market_growth,1992,5.48239602167003
Iraq,IRQ,GDP growth (annual %),NY.GDP.MKTP.KD.ZG,market_growth,1992,32.5922111964051
Italy,ITA,GDP growth (annual %),NY.GDP.MKTP.KD.ZG,market_growth,1992,0.834275417393798
Jordan,JOR,GDP growth (annual %),NY.GDP.MKTP.KD.ZG,market_growth,1992,14.3497760596895
Kuwait,KWT,GDP growth (annual %),NY.GDP.MKTP.KD.ZG,market_growth,1992,82.8093290262528
Lebanon,LBN,GDP growth (annual %),NY.GDP.MKTP.KD.ZG,market_growth,1992,16.4383457045728
Qatar,QAT,GDP growth (annual %),NY.GDP.MKTP.KD.ZG,market_growth,1992,11.3305277401187
Saudi Arabia,SAU,GDP growth (annual %),NY.GDP.MKTP.KD.ZG,market_growth,1992,4.58058206179402
Turkiye,TUR,GDP growth (annual %),NY.GDP.MKTP.KD.ZG,market_growth,1992,5.03563493261181
United States,USA,GDP growth (annual %),NY.GDP.MKTP.KD.ZG,market_growth,1992,3.52249717254271
World,WLD,GDP growth (annual %),NY.GDP.MKTP.KD.ZG,market_growth,1992,2.06322489260802
United Arab Emirates,ARE,GDP growth (annual %),NY.GDP.MKTP.KD.ZG,market_growth,1993,1.26109792945728
Australia,AUS,GDP growth (annual %),NY.GDP.MKTP.KD.ZG,market_growth,1993,4.04583374101011
Canada,CAN,GDP growth (annual %),NY.GDP.MKTP.KD.ZG,market_growth,1993,2.65770683842972
China,CHN,GDP growth (annual %),NY.GDP.MKTP.KD.ZG,market_growth,1993,13.9261028311995
Germany,DEU,GDP growth (annual %),NY.GDP.MKTP.KD.ZG,market_growth,1993,-0.973033082340891
"Egypt, Arab Rep.",EGY,GDP growth (annual %),NY.GDP.MKTP.KD.ZG,market_growth,1993,2.90079079959442
Euro area,EMU,GDP growth (annual %),NY.GDP.MKTP.KD.ZG,market_growth,1993,-0.685794729393407
European Union,EUU,GDP growth (annual %),NY.GDP.MKTP.KD.ZG,market_growth,1993,-0.596024578382611
France,FRA,GDP growth (annual %),NY.GDP.MKTP.KD.ZG,market_growth,1993,-0.35899781051468
United Kingdom,GBR,GDP growth (annual %),NY.GDP.MKTP.KD.ZG,market_growth,1993,3.49048744653493
Greece,GRC,GDP growth (annual %),NY.GDP.MKTP.KD.ZG,market_growth,1993,-1.60000002186294
India,IND,GDP growth (annual %),NY.GDP.MKTP.KD.ZG,market_growth,1993,4.7507762195799
Iraq,IRQ,GDP growth (annual %),NY.GDP.MKTP.KD.ZG,market_growth,1993,30.289829491298
Italy,ITA,GDP growth (annual %),NY.GDP.MKTP.KD.ZG,market_growth,1993,-0.852805731913904
Jordan,JOR,GDP growth (annual %),NY.GDP.MKTP.KD.ZG,market_growth,1993,4.48698977985747
Kuwait,KWT,GDP growth (annual %),NY.GDP.MKTP.KD.ZG,market_growth,1993,33.9904675559008
Lebanon,LBN,GDP growth (annual %),NY.GDP.MKTP.KD.ZG,market_growth,1993,10.7656697971889
Qatar,QAT,GDP growth (annual %),NY.GDP.MKTP.KD.ZG,market_growth,1993,-1.32513607105912
Saudi Arabia,SAU,GDP growth (annual %),NY.GDP.MKTP.KD.ZG,market_growth,1993,0.379835927354492
Turkiye,TUR,GDP growth (annual %),NY.GDP.MKTP.KD.ZG,market_growth,1993,7.65126520761324
United States,USA,GDP growth (annual %),NY.GDP.MKTP.KD.ZG,market_growth,1993,2.75179586314481
World,WLD,GDP growth (annual %),NY.GDP.MKTP.KD.ZG,market_growth,1993,1.85802699127092
United Arab Emirates,ARE,GDP growth (annual %),NY.GDP.MKTP.KD.ZG,market_growth,1994,6.89607573397633
Australia,AUS,GDP growth (annual %),NY.GDP.MKTP.KD.ZG,market_growth,1994,3.97884434177331
Canada,CAN,GDP growth (annual %),NY.GDP.MKTP.KD.ZG,market_growth,1994,4.49404933882288
China,CHN,GDP growth (annual %),NY.GDP.MKTP.KD.ZG,market_growth,1994,13.0827122987906
Germany,DEU,GDP growth (annual %),NY.GDP.MKTP.KD.ZG,market_growth,1994,2.59685569693275
"Egypt, Arab Rep.",EGY,GDP growth (annual %),NY.GDP.MKTP.KD.ZG,market_growth,1994,3.97317218034541
Euro area,EMU,GDP growth (annual %),NY.GDP.MKTP.KD.ZG,market_growth,1994,2.51257216412849
European Union,EUU,GDP growth (annual %),NY.GDP.MKTP.KD.ZG,market_growth,1994,2.70140207093823
France,FRA,GDP growth (annual %),NY.GDP.MKTP.KD.ZG,market_growth,1994,2.38366086110145
United Kingdom,GBR,GDP growth (annual %),NY.GDP.MKTP.KD.ZG,market_growth,1994,4.95341092800692
Greece,GRC,GDP growth (annual %),NY.GDP.MKTP.KD.ZG,market_growth,1994,1.99999984724822
India,IND,GDP growth (annual %),NY.GDP.MKTP.KD.ZG,market_growth,1994,6.65892406747307
Iraq,IRQ,GDP growth (annual %),NY.GDP.MKTP.KD.ZG,market_growth,1994,3.85453244895318
Italy,ITA,GDP growth (annual %),NY.GDP.MKTP.KD.ZG,market_growth,1994,2.15102367074849
Jordan,JOR,GDP growth (annual %),NY.GDP.MKTP.KD.ZG,market_growth,1994,4.9714766996471
Kuwait,KWT,GDP growth (annual %),NY.GDP.MKTP.KD.ZG,market_growth,1994,8.43616564472201
Lebanon,LBN,GDP growth (annual %),NY.GDP.MKTP.KD.ZG,market_growth,1994,8.10524197734502
Qatar,QAT,GDP growth (annual %),NY.GDP.MKTP.KD.ZG,market_growth,1994,1.41870838953481
Saudi Arabia,SAU,GDP growth (annual %),NY.GDP.MKTP.KD.ZG,market_growth,1994,0.952965973086691
Turkiye,TUR,GDP growth (annual %),NY.GDP.MKTP.KD.ZG,market_growth,1994,-4.66814736735584
United States,USA,GDP growth (annual %),NY.GDP.MKTP.KD.ZG,market_growth,1994,4.02902272637739
World,WLD,GDP growth (annual %),NY.GDP.MKTP.KD.ZG,market_growth,1994,3.41622758531712
United Arab Emirates,ARE,GDP growth (annual %),NY.GDP.MKTP.KD.ZG,market_growth,1995,6.68766930139498
Australia,AUS,GDP growth (annual %),NY.GDP.MKTP.KD.ZG,market_growth,1995,3.89017188961647
Canada,CAN,GDP growth (annual %),NY.GDP.MKTP.KD.ZG,market_growth,1995,2.68232826962129
China,CHN,GDP growth (annual %),NY.GDP.MKTP.KD.ZG,market_growth,1995,11.0154136659719
Germany,DEU,GDP growth (annual %),NY.GDP.MKTP.KD.ZG,market_growth,1995,1.50499384201356
"Egypt, Arab Rep.",EGY,GDP growth (annual %),NY.GDP.MKTP.KD.ZG,market_growth,1995,4.64245877240639
Euro area,EMU,GDP growth (annual %),NY.GDP.MKTP.KD.ZG,market_growth,1995,2.47104932313979
European Union,EUU,GDP growth (annual %),NY.GDP.MKTP.KD.ZG,market_growth,1995,2.72469448193173
France,FRA,GDP growth (annual %),NY.GDP.MKTP.KD.ZG,market_growth,1995,2.30479278392259
United Kingdom,GBR,GDP growth (annual %),NY.GDP.MKTP.KD.ZG,market_growth,1995,3.53339096338078
Greece,GRC,GDP growth (annual %),NY.GDP.MKTP.KD.ZG,market_growth,1995,2.09971953235275
India,IND,GDP growth (annual %),NY.GDP.MKTP.KD.ZG,market_growth,1995,7.57449184027195
Iraq,IRQ,GDP growth (annual %),NY.GDP.MKTP.KD.ZG,market_growth,1995,2.12002149763362
Italy,ITA,GDP growth (annual %),NY.GDP.MKTP.KD.ZG,market_growth,1995,2.88683671925843
Jordan,JOR,GDP growth (annual %),NY.GDP.MKTP.KD.ZG,market_growth,1995,6.20087444373824
Kuwait,KWT,GDP growth (annual %),NY.GDP.MKTP.KD.ZG,market_growth,1995,4.85829125202741
Lebanon,LBN,GDP growth (annual %),NY.GDP.MKTP.KD.ZG,market_growth,1995,6.44886256985258
Qatar,QAT,GDP growth (annual %),NY.GDP.MKTP.KD.ZG,market_growth,1995,2.3992362961452
Saudi Arabia,SAU,GDP growth (annual %),NY.GDP.MKTP.KD.ZG,market_growth,1995,0.311708028499027
Turkiye,TUR,GDP growth (annual %),NY.GDP.MKTP.KD.ZG,market_growth,1995,7.878266878218
United States,USA,GDP growth (annual %),NY.GDP.MKTP.KD.ZG,market_growth,1995,2.68443073970295
World,WLD,GDP growth (annual %),NY.GDP.MKTP.KD.ZG,market_growth,1995,3.17807321635462
United Arab Emirates,ARE,GDP growth (annual %),NY.GDP.MKTP.KD.ZG,market_growth,1996,5.79855087420329
Australia,AUS,GDP growth (annual %),NY.GDP.MKTP.KD.ZG,market_growth,1996,3.86567479160071
Canada,CAN,GDP growth (annual %),NY.GDP.MKTP.KD.ZG,market_growth,1996,1.68896122145787
China,CHN,GDP growth (annual %),NY.GDP.MKTP.KD.ZG,market_growth,1996,9.97328781228394
Germany,DEU,GDP growth (annual %),NY.GDP.MKTP.KD.ZG,market_growth,1996,1.0378755674358
"Egypt, Arab Rep.",EGY,GDP growth (annual %),NY.GDP.MKTP.KD.ZG,market_growth,1996,4.98873056512208
Euro area,EMU,GDP growth (annual %),NY.GDP.MKTP.KD.ZG,market_growth,1996,1.75618481429734
European Union,EUU,GDP growth (annual %),NY.GDP.MKTP.KD.ZG,market_growth,1996,1.91608376216652
France,FRA,GDP growth (annual %),NY.GDP.MKTP.KD.ZG,market_growth,1996,1.39707987198881
United Kingdom,GBR,GDP growth (annual %),NY.GDP.MKTP.KD.ZG,market_growth,1996,2.61491606949487
Greece,GRC,GDP growth (annual %),NY.GDP.MKTP.KD.ZG,market_growth,1996,1.38247057325857
India,IND,GDP growth (annual %),NY.GDP.MKTP.KD.ZG,market_growth,1996,7.54952224888829
Iraq,IRQ,GDP growth (annual %),NY.GDP.MKTP.KD.ZG,market_growth,1996,11.0207856442117
Italy,ITA,GDP growth (annual %),NY.GDP.MKTP.KD.ZG,market_growth,1996,1.34558477192847
Jordan,JOR,GDP growth (annual %),NY.GDP.MKTP.KD.ZG,market_growth,1996,2.08702078168048
Kuwait,KWT,GDP growth (annual %),NY.GDP.MKTP.KD.ZG,market_growth,1996,0.605127158807079
Lebanon,LBN,GDP growth (annual %),NY.GDP.MKTP.KD.ZG,market_growth,1996,11.2859357161668
Qatar,QAT,GDP growth (annual %),NY.GDP.MKTP.KD.ZG,market_growth,1996,4.3739105695453
Saudi Arabia,SAU,GDP growth (annual %),NY.GDP.MKTP.KD.ZG,market_growth,1996,3.30468254228352
Turkiye,TUR,GDP growth (annual %),NY.GDP.MKTP.KD.ZG,market_growth,1996,7.15779847930847
United States,USA,GDP growth (annual %),NY.GDP.MKTP.KD.ZG,market_growth,1996,3.77277269047364
World,WLD,GDP growth (annual %),NY.GDP.MKTP.KD.ZG,market_growth,1996,3.58623401800118
United Arab Emirates,ARE,GDP growth (annual %),NY.GDP.MKTP.KD.ZG,market_growth,1997,8.19026264308846
Australia,AUS,GDP growth (annual %),NY.GDP.MKTP.KD.ZG,market_growth,1997,3.91795814771731
Canada,CAN,GDP growth (annual %),NY.GDP.MKTP.KD.ZG,market_growth,1997,4.28016680422402
China,CHN,GDP growth (annual %),NY.GDP.MKTP.KD.ZG,market_growth,1997,9.29759460595947
Germany,DEU,GDP growth (annual %),NY.GDP.MKTP.KD.ZG,market_growth,1997,1.85432238398302
"Egypt, Arab Rep.",EGY,GDP growth (annual %),NY.GDP.MKTP.KD.ZG,market_growth,1997,5.49235474302942
Euro area,EMU,GDP growth (annual %),NY.GDP.MKTP.KD.ZG,market_growth,1997,2.6964567975082
European Union,EUU,GDP growth (annual %),NY.GDP.MKTP.KD.ZG,market_growth,1997,2.68448701191966
France,FRA,GDP growth (annual %),NY.GDP.MKTP.KD.ZG,market_growth,1997,2.5270616339357
United Kingdom,GBR,GDP growth (annual %),NY.GDP.MKTP.KD.ZG,market_growth,1997,4.8799853038024
Greece,GRC,GDP growth (annual %),NY.GDP.MKTP.KD.ZG,market_growth,1997,3.60288326516122
India,IND,GDP growth (annual %),NY.GDP.MKTP.KD.ZG,market_growth,1997,4.04982084902483
Iraq,IRQ,GDP growth (annual %),NY.GDP.MKTP.KD.ZG,market_growth,1997,21.2379361287918
Italy,ITA,GDP growth (annual %),NY.GDP.MKTP.KD.ZG,market_growth,1997,1.92572122608527
Jordan,JOR,GDP growth (annual %),NY.GDP.MKTP.KD.ZG,market_growth,1997,3.30847538304697
Kuwait,KWT,GDP growth (annual %),NY.GDP.MKTP.KD.ZG,market_growth,1997,2.47332525804084
Lebanon,LBN,GDP growth (annual %),NY.GDP.MKTP.KD.ZG,market_growth,1997,1.05496666740667
Qatar,QAT,GDP growth (annual %),NY.GDP.MKTP.KD.ZG,market_growth,1997,30.0120397093796
Saudi Arabia,SAU,GDP growth (annual %),NY.GDP.MKTP.KD.ZG,market_growth,1997,2.64731939948642
Turkiye,TUR,GDP growth (annual %),NY.GDP.MKTP.KD.ZG,market_growth,1997,7.3578623747848
United States,USA,GDP growth (annual %),NY.GDP.MKTP.KD.ZG,market_growth,1997,4.44712793442667
World,WLD,GDP growth (annual %),NY.GDP.MKTP.KD.ZG,market_growth,1997,3.99678915639295
United Arab Emirates,ARE,GDP growth (annual %),NY.GDP.MKTP.KD.ZG,market_growth,1998,0.292226494694063
Australia,AUS,GDP growth (annual %),NY.GDP.MKTP.KD.ZG,market_growth,1998,4.67681373479508
Canada,CAN,GDP growth (annual %),NY.GDP.MKTP.KD.ZG,market_growth,1998,3.89288658501088
China,CHN,GDP growth (annual %),NY.GDP.MKTP.KD.ZG,market_growth,1998,7.92354535108497
Germany,DEU,GDP growth (annual %),NY.GDP.MKTP.KD.ZG,market_growth,1998,2.09561231172233
"Egypt, Arab Rep.",EGY,GDP growth (annual %),NY.GDP.MKTP.KD.ZG,market_growth,1998,5.575497460986
Euro area,EMU,GDP growth (annual %),NY.GDP.MKTP.KD.ZG,market_growth,1998,3.00309976675726
European Union,EUU,GDP growth (annual %),NY.GDP.MKTP.KD.ZG,market_growth,1998,2.98141228097397
France,FRA,GDP growth (annual %),NY.GDP.MKTP.KD.ZG,market_growth,1998,3.45259434279616
United Kingdom,GBR,GDP growth (annual %),NY.GDP.MKTP.KD.ZG,market_growth,1998,3.24631482881618
Greece,GRC,GDP growth (annual %),NY.GDP.MKTP.KD.ZG,market_growth,1998,3.43693579661333
India,IND,GDP growth (annual %),NY.GDP.MKTP.KD.ZG,market_growth,1998,6.18441582080355
Iraq,IRQ,GDP growth (annual %),NY.GDP.MKTP.KD.ZG,market_growth,1998,35.0009676191703
Italy,ITA,GDP growth (annual %),NY.GDP.MKTP.KD.ZG,market_growth,1998,1.8043732818638
Jordan,JOR,GDP growth (annual %),NY.GDP.MKTP.KD.ZG,market_growth,1998,3.0121726904659
Kuwait,KWT,GDP growth (annual %),NY.GDP.MKTP.KD.ZG,market_growth,1998,3.66205472795443
Lebanon,LBN,GDP growth (annual %),NY.GDP.MKTP.KD.ZG,market_growth,1998,3.66572378505683
Qatar,QAT,GDP growth (annual %),NY.GDP.MKTP.KD.ZG,market_growth,1998,11.2186524616371
Saudi Arabia,SAU,GDP growth (annual %),NY.GDP.MKTP.KD.ZG,market_growth,1998,2.80381183998992
Turkiye,TUR,GDP growth (annual %),NY.GDP.MKTP.KD.ZG,market_growth,1998,1.90857064345151
United States,USA,GDP growth (annual %),NY.GDP.MKTP.KD.ZG,market_growth,1998,4.48313335499124
World,WLD,GDP growth (annual %),NY.GDP.MKTP.KD.ZG,market_growth,1998,2.78125282205437
United Arab Emirates,ARE,GDP growth (annual %),NY.GDP.MKTP.KD.ZG,market_growth,1999,2.90205341564509
Australia,AUS,GDP growth (annual %),NY.GDP.MKTP.KD.ZG,market_growth,1999,5.02822035850596
Canada,CAN,GDP growth (annual %),NY.GDP.MKTP.KD.ZG,market_growth,1999,5.14100348449622
China,CHN,GDP growth (annual %),NY.GDP.MKTP.KD.ZG,market_growth,1999,7.74123827728161
Germany,DEU,GDP growth (annual %),NY.GDP.MKTP.KD.ZG,market_growth,1999,2.12957016297766
"Egypt, Arab Rep.",EGY,GDP growth (annual %),NY.GDP.MKTP.KD.ZG,market_growth,1999,6.05343878467555
Euro area,EMU,GDP growth (annual %),NY.GDP.MKTP.KD.ZG,market_growth,1999,2.97156201295246
European Union,EUU,GDP growth (annual %),NY.GDP.MKTP.KD.ZG,market_growth,1999,3.00374383215321
France,FRA,GDP growth (annual %),NY.GDP.MKTP.KD.ZG,market_growth,1999,3.39930808809441
United Kingdom,GBR,GDP growth (annual %),NY.GDP.MKTP.KD.ZG,market_growth,1999,2.94445869854798
Greece,GRC,GDP growth (annual %),NY.GDP.MKTP.KD.ZG,market_growth,1999,2.65878562321184
India,IND,GDP growth (annual %),NY.GDP.MKTP.KD.ZG,market_growth,1999,8.84575556114116
Iraq,IRQ,GDP growth (annual %),NY.GDP.MKTP.KD.ZG,market_growth,1999,17.5801703743879
Italy,ITA,GDP growth (annual %),NY.GDP.MKTP.KD.ZG,market_growth,1999,1.67799157943422
Jordan,JOR,GDP growth (annual %),NY.GDP.MKTP.KD.ZG,market_growth,1999,3.38953079405096
Kuwait,KWT,GDP growth (annual %),NY.GDP.MKTP.KD.ZG,market_growth,1999,-1.78900912450079
Lebanon,LBN,GDP growth (annual %),NY.GDP.MKTP.KD.ZG,market_growth,1999,-0.525584634783087
Qatar,QAT,GDP growth (annual %),NY.GDP.MKTP.KD.ZG,market_growth,1999,4.28406436325426
Saudi Arabia,SAU,GDP growth (annual %),NY.GDP.MKTP.KD.ZG,market_growth,1999,-0.633393640920247
Turkiye,TUR,GDP growth (annual %),NY.GDP.MKTP.KD.ZG,market_growth,1999,-3.05277055759434
United States,USA,GDP growth (annual %),NY.GDP.MKTP.KD.ZG,market_growth,1999,4.78842504836746
World,WLD,GDP growth (annual %),NY.GDP.MKTP.KD.ZG,market_growth,1999,3.57856819120765
United Arab Emirates,ARE,GDP growth (annual %),NY.GDP.MKTP.KD.ZG,market_growth,2000,10.852837927302
Australia,AUS,GDP growth (annual %),NY.GDP.MKTP.KD.ZG,market_growth,2000,3.9160574881715
Canada,CAN,GDP growth (annual %),NY.GDP.MKTP.KD.ZG,market_growth,2000,5.13853918994158
China,CHN,GDP growth (annual %),NY.GDP.MKTP.KD.ZG,market_growth,2000,8.57357328926101
Germany,DEU,GDP growth (annual %),NY.GDP.MKTP.KD.ZG,market_growth,2000,2.8765231247659
"Egypt, Arab Rep.",EGY,GDP growth (annual %),NY.GDP.MKTP.KD.ZG,market_growth,2000,6.37000382991766
Euro area,EMU,GDP growth (annual %),NY.GDP.MKTP.KD.ZG,market_growth,2000,3.90347314568078
European Union,EUU,GDP growth (annual %),NY.GDP.MKTP.KD.ZG,market_growth,2000,3.93358559614036
France,FRA,GDP growth (annual %),NY.GDP.MKTP.KD.ZG,market_growth,2000,4.14099996402915
United Kingdom,GBR,GDP growth (annual %),NY.GDP.MKTP.KD.ZG,market_growth,2000,4.52438074810904
Greece,GRC,GDP growth (annual %),NY.GDP.MKTP.KD.ZG,market_growth,2000,4.13782699405849
India,IND,GDP growth (annual %),NY.GDP.MKTP.KD.ZG,market_growth,2000,3.84099115686554
Iraq,IRQ,GDP growth (annual %),NY.GDP.MKTP.KD.ZG,market_growth,2000,16.7961344439661
Italy,ITA,GDP growth (annual %),NY.GDP.MKTP.KD.ZG,market_growth,2000,3.88209885062652
Jordan,JOR,GDP growth (annual %),NY.GDP.MKTP.KD.ZG,market_growth,2000,4.24571192079151
Kuwait,KWT,GDP growth (annual %),NY.GDP.MKTP.KD.ZG,market_growth,2000,4.69458187079211
Lebanon,LBN,GDP growth (annual %),NY.GDP.MKTP.KD.ZG,market_growth,2000,1.34187161970405
Qatar,QAT,GDP growth (annual %),NY.GDP.MKTP.KD.ZG,market_growth,2000,8.02812548837973
Saudi Arabia,SAU,GDP growth (annual %),NY.GDP.MKTP.KD.ZG,market_growth,2000,4.71813422138024
Turkiye,TUR,GDP growth (annual %),NY.GDP.MKTP.KD.ZG,market_growth,2000,6.98528697817062
United States,USA,GDP growth (annual %),NY.GDP.MKTP.KD.ZG,market_growth,2000,4.07758575997799
World,WLD,GDP growth (annual %),NY.GDP.MKTP.KD.ZG,market_growth,2000,4.56720186018067
United Arab Emirates,ARE,GDP growth (annual %),NY.GDP.MKTP.KD.ZG,market_growth,2001,1.39892161061073
Australia,AUS,GDP growth (annual %),NY.GDP.MKTP.KD.ZG,market_growth,2001,2.03145880248898
Canada,CAN,GDP growth (annual %),NY.GDP.MKTP.KD.ZG,market_growth,2001,1.87509813099847
China,CHN,GDP growth (annual %),NY.GDP.MKTP.KD.ZG,market_growth,2001,8.32404695347056
Germany,DEU,GDP growth (annual %),NY.GDP.MKTP.KD.ZG,market_growth,2001,1.63614170690956
"Egypt, Arab Rep.",EGY,GDP growth (annual %),NY.GDP.MKTP.KD.ZG,market_growth,2001,3.53525197391507
Euro area,EMU,GDP growth (annual %),NY.GDP.MKTP.KD.ZG,market_growth,2001,2.19003494343926
European Union,EUU,GDP growth (annual %),NY.GDP.MKTP.KD.ZG,market_growth,2001,2.1611431481209
France,FRA,GDP growth (annual %),NY.GDP.MKTP.KD.ZG,market_growth,2001,1.89946701186636
United Kingdom,GBR,GDP growth (annual %),NY.GDP.MKTP.KD.ZG,market_growth,2001,2.39102229602824
Greece,GRC,GDP growth (annual %),NY.GDP.MKTP.KD.ZG,market_growth,2001,4.65041459442163
India,IND,GDP growth (annual %),NY.GDP.MKTP.KD.ZG,market_growth,2001,4.82396626397303
Iraq,IRQ,GDP growth (annual %),NY.GDP.MKTP.KD.ZG,market_growth,2001,1.76660876568174
Italy,ITA,GDP growth (annual %),NY.GDP.MKTP.KD.ZG,market_growth,2001,2.00643329837733
Jordan,JOR,GDP growth (annual %),NY.GDP.MKTP.KD.ZG,market_growth,2001,5.26995757513606
Kuwait,KWT,GDP growth (annual %),NY.GDP.MKTP.KD.ZG,market_growth,2001,0.213332576499354
Lebanon,LBN,GDP growth (annual %),NY.GDP.MKTP.KD.ZG,market_growth,2001,3.83966927702973
Qatar,QAT,GDP growth (annual %),NY.GDP.MKTP.KD.ZG,market_growth,2001,3.89814748805541
Saudi Arabia,SAU,GDP growth (annual %),NY.GDP.MKTP.KD.ZG,market_growth,2001,0.344593196175438
Turkiye,TUR,GDP growth (annual %),NY.GDP.MKTP.KD.ZG,market_growth,2001,-5.45940838563062
United States,USA,GDP growth (annual %),NY.GDP.MKTP.KD.ZG,market_growth,2001,0.955538337599847
World,WLD,GDP growth (annual %),NY.GDP.MKTP.KD.ZG,market_growth,2001,2.02994447591411
United Arab Emirates,ARE,GDP growth (annual %),NY.GDP.MKTP.KD.ZG,market_growth,2002,2.43337487237925
Australia,AUS,GDP growth (annual %),NY.GDP.MKTP.KD.ZG,market_growth,2002,3.94980535772942
Canada,CAN,GDP growth (annual %),NY.GDP.MKTP.KD.ZG,market_growth,2002,2.99925533832644
China,CHN,GDP growth (annual %),NY.GDP.MKTP.KD.ZG,market_growth,2002,9.23604870383861
Germany,DEU,GDP growth (annual %),NY.GDP.MKTP.KD.ZG,market_growth,2002,-0.228255715793637
"Egypt, Arab Rep.",EGY,GDP growth (annual %),NY.GDP.MKTP.KD.ZG,market_growth,2002,2.39020402675627
Euro area,EMU,GDP growth (annual %),NY.GDP.MKTP.KD.ZG,market_growth,2002,0.961839553423374
European Union,EUU,GDP growth (annual %),NY.GDP.MKTP.KD.ZG,market_growth,2002,1.09769181928139
France,FRA,GDP growth (annual %),NY.GDP.MKTP.KD.ZG,market_growth,2002,1.06775027069419
United Kingdom,GBR,GDP growth (annual %),NY.GDP.MKTP.KD.ZG,market_growth,2002,1.70902736258567
Greece,GRC,GDP growth (annual %),NY.GDP.MKTP.KD.ZG,market_growth,2002,4.68313727063017
India,IND,GDP growth (annual %),NY.GDP.MKTP.KD.ZG,market_growth,2002,3.80397532120038
Iraq,IRQ,GDP growth (annual %),NY.GDP.MKTP.KD.ZG,market_growth,2002,-8.20370481187175
Italy,ITA,GDP growth (annual %),NY.GDP.MKTP.KD.ZG,market_growth,2002,0.26992966378873
Jordan,JOR,GDP growth (annual %),NY.GDP.MKTP.KD.ZG,market_growth,2002,5.78380792679309
Kuwait,KWT,GDP growth (annual %),NY.GDP.MKTP.KD.ZG,market_growth,2002,3.01428315192251
Lebanon,LBN,GDP growth (annual %),NY.GDP.MKTP.KD.ZG,market_growth,2002,3.42314982843781
Qatar,QAT,GDP growth (annual %),NY.GDP.MKTP.KD.ZG,market_growth,2002,7.18252331136711
Saudi Arabia,SAU,GDP growth (annual %),NY.GDP.MKTP.KD.ZG,market_growth,2002,-0.688390130317757
Turkiye,TUR,GDP growth (annual %),NY.GDP.MKTP.KD.ZG,market_growth,2002,6.43550883793114
United States,USA,GDP growth (annual %),NY.GDP.MKTP.KD.ZG,market_growth,2002,1.70044733078285
World,WLD,GDP growth (annual %),NY.GDP.MKTP.KD.ZG,market_growth,2002,2.31891535273219
United Arab Emirates,ARE,GDP growth (annual %),NY.GDP.MKTP.KD.ZG,market_growth,2003,8.80057809996346
Australia,AUS,GDP growth (annual %),NY.GDP.MKTP.KD.ZG,market_growth,2003,3.0912800997751
Canada,CAN,GDP growth (annual %),NY.GDP.MKTP.KD.ZG,market_growth,2003,1.8063851195103
China,CHN,GDP growth (annual %),NY.GDP.MKTP.KD.ZG,market_growth,2003,10.1138119025242
Germany,DEU,GDP growth (annual %),NY.GDP.MKTP.KD.ZG,market_growth,2003,-0.529801394291297
"Egypt, Arab Rep.",EGY,GDP growth (annual %),NY.GDP.MKTP.KD.ZG,market_growth,2003,3.19345473756772
Euro area,EMU,GDP growth (annual %),NY.GDP.MKTP.KD.ZG,market_growth,2003,0.767586747443971
European Union,EUU,GDP growth (annual %),NY.GDP.MKTP.KD.ZG,market_growth,2003,0.936973000922009
France,FRA,GDP growth (annual %),NY.GDP.MKTP.KD.ZG,market_growth,2003,0.967827182558352
United Kingdom,GBR,GDP growth (annual %),NY.GDP.MKTP.KD.ZG,market_growth,2003,3.21851612669614
Greece,GRC,GDP growth (annual %),NY.GDP.MKTP.KD.ZG,market_growth,2003,5.79682274294369
India,IND,GDP growth (annual %),NY.GDP.MKTP.KD.ZG,market_growth,2003,7.86038147545045
Iraq,IRQ,GDP growth (annual %),NY.GDP.MKTP.KD.ZG,market_growth,2003,-36.6567804383165
Italy,ITA,GDP growth (annual %),NY.GDP.MKTP.KD.ZG,market_growth,2003,0.0665538088732092
Jordan,JOR,GDP growth (annual %),NY.GDP.MKTP.KD.ZG,market_growth,2003,4.16166755544363
Kuwait,KWT,GDP growth (annual %),NY.GDP.MKTP.KD.ZG,market_growth,2003,17.3260204175143
Lebanon,LBN,GDP growth (annual %),NY.GDP.MKTP.KD.ZG,market_growth,2003,3.22709826879041
Qatar,QAT,GDP growth (annual %),NY.GDP.MKTP.KD.ZG,market_growth,2003,3.7199194981967
Saudi Arabia,SAU,GDP growth (annual %),NY.GDP.MKTP.KD.ZG,market_growth,2003,8.76873381743964
Turkiye,TUR,GDP growth (annual %),NY.GDP.MKTP.KD.ZG,market_growth,2003,5.79909321038525
United States,USA,GDP growth (annual %),NY.GDP.MKTP.KD.ZG,market_growth,2003,2.79560596378604
World,WLD,GDP growth (annual %),NY.GDP.MKTP.KD.ZG,market_growth,2003,3.07416318395302
United Arab Emirates,ARE,GDP growth (annual %),NY.GDP.MKTP.KD.ZG,market_growth,2004,9.56652626277928
Australia,AUS,GDP growth (annual %),NY.GDP.MKTP.KD.ZG,market_growth,2004,4.21894147547516
Canada,CAN,GDP growth (annual %),NY.GDP.MKTP.KD.ZG,market_growth,2004,3.09236381038156
China,CHN,GDP growth (annual %),NY.GDP.MKTP.KD.ZG,market_growth,2004,10.1404291872206
Germany,DEU,GDP growth (annual %),NY.GDP.MKTP.KD.ZG,market_growth,2004,1.16208684507278
"Egypt, Arab Rep.",EGY,GDP growth (annual %),NY.GDP.MKTP.KD.ZG,market_growth,2004,4.09207161019908
Euro area,EMU,GDP growth (annual %),NY.GDP.MKTP.KD.ZG,market_growth,2004,2.32594393008132
European Union,EUU,GDP growth (annual %),NY.GDP.MKTP.KD.ZG,market_growth,2004,2.59990360700064
France,FRA,GDP growth (annual %),NY.GDP.MKTP.KD.ZG,market_growth,2004,2.86825052501032
United Kingdom,GBR,GDP growth (annual %),NY.GDP.MKTP.KD.ZG,market_growth,2004,2.32601853325993
Greece,GRC,GDP growth (annual %),NY.GDP.MKTP.KD.ZG,market_growth,2004,5.37786634595851
India,IND,GDP growth (annual %),NY.GDP.MKTP.KD.ZG,market_growth,2004,7.92293661307978
Iraq,IRQ,GDP growth (annual %),NY.GDP.MKTP.KD.ZG,market_growth,2004,53.3855472887501
Italy,ITA,GDP growth (annual %),NY.GDP.MKTP.KD.ZG,market_growth,2004,1.4740217064723
Jordan,JOR,GDP growth (annual %),NY.GDP.MKTP.KD.ZG,market_growth,2004,8.56721424236906
Kuwait,KWT,GDP growth (annual %),NY.GDP.MKTP.KD.ZG,market_growth,2004,10.2402980586354
Lebanon,LBN,GDP growth (annual %),NY.GDP.MKTP.KD.ZG,market_growth,2004,6.67944461641103
Qatar,QAT,GDP growth (annual %),NY.GDP.MKTP.KD.ZG,market_growth,2004,19.2185032411244
Saudi Arabia,SAU,GDP growth (annual %),NY.GDP.MKTP.KD.ZG,market_growth,2004,8.63100545880309
Turkiye,TUR,GDP growth (annual %),NY.GDP.MKTP.KD.ZG,market_growth,2004,9.92540551918624
United States,USA,GDP growth (annual %),NY.GDP.MKTP.KD.ZG,market_growth,2004,3.84777169267127
World,WLD,GDP growth (annual %),NY.GDP.MKTP.KD.ZG,market_growth,2004,4.49537859755031
United Arab Emirates,ARE,GDP growth (annual %),NY.GDP.MKTP.KD.ZG,market_growth,2005,4.85513657996815
Australia,AUS,GDP growth (annual %),NY.GDP.MKTP.KD.ZG,market_growth,2005,3.15548121323168
Canada,CAN,GDP growth (annual %),NY.GDP.MKTP.KD.ZG,market_growth,2005,3.21045441502793
China,CHN,GDP growth (annual %),NY.GDP.MKTP.KD.ZG,market_growth,2005,11.4535130030645
Germany,DEU,GDP growth (annual %),NY.GDP.MKTP.KD.ZG,market_growth,2005,0.885485292551564
"Egypt, Arab Rep.",EGY,GDP growth (annual %),NY.GDP.MKTP.KD.ZG,market_growth,2005,4.4717444710621
Euro area,EMU,GDP growth (annual %),NY.GDP.MKTP.KD.ZG,market_growth,2005,1.79011534612007
European Union,EUU,GDP growth (annual %),NY.GDP.MKTP.KD.ZG,market_growth,2005,1.98358585869511
France,FRA,GDP growth (annual %),NY.GDP.MKTP.KD.ZG,market_growth,2005,1.88856584109286
United Kingdom,GBR,GDP growth (annual %),NY.GDP.MKTP.KD.ZG,market_growth,2005,2.7906547174688
Greece,GRC,GDP growth (annual %),NY.GDP.MKTP.KD.ZG,market_growth,2005,1.18350635493289
India,IND,GDP growth (annual %),NY.GDP.MKTP.KD.ZG,market_growth,2005,7.92343062131789
Iraq,IRQ,GDP growth (annual %),NY.GDP.MKTP.KD.ZG,market_growth,2005,1.67522863586828
Italy,ITA,GDP growth (annual %),NY.GDP.MKTP.KD.ZG,market_growth,2005,0.762410677306491
Jordan,JOR,GDP growth (annual %),NY.GDP.MKTP.KD.ZG,market_growth,2005,8.1465948107994
Kuwait,KWT,GDP growth (annual %),NY.GDP.MKTP.KD.ZG,market_growth,2005,10.6090449840228
Lebanon,LBN,GDP growth (annual %),NY.GDP.MKTP.KD.ZG,market_growth,2005,2.68577931016345
Qatar,QAT,GDP growth (annual %),NY.GDP.MKTP.KD.ZG,market_growth,2005,7.49272803754515
Saudi Arabia,SAU,GDP growth (annual %),NY.GDP.MKTP.KD.ZG,market_growth,2005,5.94489623934835
Turkiye,TUR,GDP growth (annual %),NY.GDP.MKTP.KD.ZG,market_growth,2005,9.11157745861635
United States,USA,GDP growth (annual %),NY.GDP.MKTP.KD.ZG,market_growth,2005,3.48354993710312
World,WLD,GDP growth (annual %),NY.GDP.MKTP.KD.ZG,market_growth,2005,4.0591513939051
United Arab Emirates,ARE,GDP growth (annual %),NY.GDP.MKTP.KD.ZG,market_growth,2006,9.83727922860218
Australia,AUS,GDP growth (annual %),NY.GDP.MKTP.KD.ZG,market_growth,2006,2.7709261737475
Canada,CAN,GDP growth (annual %),NY.GDP.MKTP.KD.ZG,market_growth,2006,2.63794375302722
China,CHN,GDP growth (annual %),NY.GDP.MKTP.KD.ZG,market_growth,2006,12.6752842281595
Germany,DEU,GDP growth (annual %),NY.GDP.MKTP.KD.ZG,market_growth,2006,3.86668241523209
"Egypt, Arab Rep.",EGY,GDP growth (annual %),NY.GDP.MKTP.KD.ZG,market_growth,2006,6.84383819369884
Euro area,EMU,GDP growth (annual %),NY.GDP.MKTP.KD.ZG,market_growth,2006,3.33733486627055
European Union,EUU,GDP growth (annual %),NY.GDP.MKTP.KD.ZG,market_growth,2006,3.56754016308207
France,FRA,GDP growth (annual %),NY.GDP.MKTP.KD.ZG,market_growth,2006,2.71406448755236
United Kingdom,GBR,GDP growth (annual %),NY.GDP.MKTP.KD.ZG,market_growth,2006,2.18982132415704
Greece,GRC,GDP growth (annual %),NY.GDP.MKTP.KD.ZG,market_growth,2006,6.44339762487436
India,IND,GDP growth (annual %),NY.GDP.MKTP.KD.ZG,market_growth,2006,8.06073257305057
Iraq,IRQ,GDP growth (annual %),NY.GDP.MKTP.KD.ZG,market_growth,2006,5.63829915220637
Italy,ITA,GDP growth (annual %),NY.GDP.MKTP.KD.ZG,market_growth,2006,1.79947992234244
Jordan,JOR,GDP growth (annual %),NY.GDP.MKTP.KD.ZG,market_growth,2006,8.09297527811921
Kuwait,KWT,GDP growth (annual %),NY.GDP.MKTP.KD.ZG,market_growth,2006,7.51477300024021
Lebanon,LBN,GDP growth (annual %),NY.GDP.MKTP.KD.ZG,market_growth,2006,1.54951500083213
Qatar,QAT,GDP growth (annual %),NY.GDP.MKTP.KD.ZG,market_growth,2006,26.17039955781
Saudi Arabia,SAU,GDP growth (annual %),NY.GDP.MKTP.KD.ZG,market_growth,2006,3.31348473625901
Turkiye,TUR,GDP growth (annual %),NY.GDP.MKTP.KD.ZG,market_growth,2006,7.06762607623939
United States,USA,GDP growth (annual %),NY.GDP.MKTP.KD.ZG,market_growth,2006,2.78453963674239
World,WLD,GDP growth (annual %),NY.GDP.MKTP.KD.ZG,market_growth,2006,4.48913510541222
United Arab Emirates,ARE,GDP growth (annual %),NY.GDP.MKTP.KD.ZG,market_growth,2007,3.18441281459761
Australia,AUS,GDP growth (annual %),NY.GDP.MKTP.KD.ZG,market_growth,2007,3.78947119882653
Canada,CAN,GDP growth (annual %),NY.GDP.MKTP.KD.ZG,market_growth,2007,2.04990459443619
China,CHN,GDP growth (annual %),NY.GDP.MKTP.KD.ZG,market_growth,2007,14.1507710506103
Germany,DEU,GDP growth (annual %),NY.GDP.MKTP.KD.ZG,market_growth,2007,2.8891174138025
"Egypt, Arab Rep.",EGY,GDP growth (annual %),NY.GDP.MKTP.KD.ZG,market_growth,2007,7.08782742675582
Euro area,EMU,GDP growth (annual %),NY.GDP.MKTP.KD.ZG,market_growth,2007,3.02499371345013
European Union,EUU,GDP growth (annual %),NY.GDP.MKTP.KD.ZG,market_growth,2007,3.14184136141643
France,FRA,GDP growth (annual %),NY.GDP.MKTP.KD.ZG,market_growth,2007,2.53048188351066
United Kingdom,GBR,GDP growth (annual %),NY.GDP.MKTP.KD.ZG,market_growth,2007,2.93091133582351
Greece,GRC,GDP growth (annual %),NY.GDP.MKTP.KD.ZG,market_growth,2007,3.50686976639459
India,IND,GDP growth (annual %),NY.GDP.MKTP.KD.ZG,market_growth,2007,7.66081506510766
Iraq,IRQ,GDP growth (annual %),NY.GDP.MKTP.KD.ZG,market_growth,2007,1.88853936243953
Italy,ITA,GDP growth (annual %),NY.GDP.MKTP.KD.ZG,market_growth,2007,1.46229205289291
Jordan,JOR,GDP growth (annual %),NY.GDP.MKTP.KD.ZG,market_growth,2007,8.17616995204655
Kuwait,KWT,GDP growth (annual %),NY.GDP.MKTP.KD.ZG,market_growth,2007,5.99157551059315
Lebanon,LBN,GDP growth (annual %),NY.GDP.MKTP.KD.ZG,market_growth,2007,9.31062252641144
Qatar,QAT,GDP growth (annual %),NY.GDP.MKTP.KD.ZG,market_growth,2007,17.9852165615129
Saudi Arabia,SAU,GDP growth (annual %),NY.GDP.MKTP.KD.ZG,market_growth,2007,2.21365396372528
Turkiye,TUR,GDP growth (annual %),NY.GDP.MKTP.KD.ZG,market_growth,2007,5.10818513903604
United States,USA,GDP growth (annual %),NY.GDP.MKTP.KD.ZG,market_growth,2007,2.0038583039496
World,WLD,GDP growth (annual %),NY.GDP.MKTP.KD.ZG,market_growth,2007,4.43123376835285
United Arab Emirates,ARE,GDP growth (annual %),NY.GDP.MKTP.KD.ZG,market_growth,2008,3.19181235452885
Australia,AUS,GDP growth (annual %),NY.GDP.MKTP.KD.ZG,market_growth,2008,3.62398503565633
Canada,CAN,GDP growth (annual %),NY.GDP.MKTP.KD.ZG,market_growth,2008,0.995406371264522
China,CHN,GDP growth (annual %),NY.GDP.MKTP.KD.ZG,market_growth,2008,9.66877608164454
Germany,DEU,GDP growth (annual %),NY.GDP.MKTP.KD.ZG,market_growth,2008,0.887902330743628
"Egypt, Arab Rep.",EGY,GDP growth (annual %),NY.GDP.MKTP.KD.ZG,market_growth,2008,7.15628356711522
Euro area,EMU,GDP growth (annual %),NY.GDP.MKTP.KD.ZG,market_growth,2008,0.432969401075084
European Union,EUU,GDP growth (annual %),NY.GDP.MKTP.KD.ZG,market_growth,2008,0.617970690465611
France,FRA,GDP growth (annual %),NY.GDP.MKTP.KD.ZG,market_growth,2008,0.380171435849121
United Kingdom,GBR,GDP growth (annual %),NY.GDP.MKTP.KD.ZG,market_growth,2008,-0.0494116727402769
Greece,GRC,GDP growth (annual %),NY.GDP.MKTP.KD.ZG,market_growth,2008,0.0574740238200775
India,IND,GDP growth (annual %),NY.GDP.MKTP.KD.ZG,market_growth,2008,3.08669805950082
Iraq,IRQ,GDP growth (annual %),NY.GDP.MKTP.KD.ZG,market_growth,2008,8.22810710383277
Italy,ITA,GDP growth (annual %),NY.GDP.MKTP.KD.ZG,market_growth,2008,-1.02313851177097
Jordan,JOR,GDP growth (annual %),NY.GDP.MKTP.KD.ZG,market_growth,2008,7.22038637280149
Kuwait,KWT,GDP growth (annual %),NY.GDP.MKTP.KD.ZG,market_growth,2008,2.47975694278544
Lebanon,LBN,GDP growth (annual %),NY.GDP.MKTP.KD.ZG,market_growth,2008,9.06912826789082
Qatar,QAT,GDP growth (annual %),NY.GDP.MKTP.KD.ZG,market_growth,2008,17.6630346842674
Saudi Arabia,SAU,GDP growth (annual %),NY.GDP.MKTP.KD.ZG,market_growth,2008,6.2379875365458
Turkiye,TUR,GDP growth (annual %),NY.GDP.MKTP.KD.ZG,market_growth,2008,0.920118221365883
United States,USA,GDP growth (annual %),NY.GDP.MKTP.KD.ZG,market_growth,2008,0.113587247501258
World,WLD,GDP growth (annual %),NY.GDP.MKTP.KD.ZG,market_growth,2008,2.0916044806491
United Arab Emirates,ARE,GDP growth (annual %),NY.GDP.MKTP.KD.ZG,market_growth,2009,-5.2429219073683
Australia,AUS,GDP growth (annual %),NY.GDP.MKTP.KD.ZG,market_growth,2009,1.95484826298522
Canada,CAN,GDP growth (annual %),NY.GDP.MKTP.KD.ZG,market_growth,2009,-2.91508627059555
China,CHN,GDP growth (annual %),NY.GDP.MKTP.KD.ZG,market_growth,2009,9.40610014336416
Germany,DEU,GDP growth (annual %),NY.GDP.MKTP.KD.ZG,market_growth,2009,-5.54455451920674
"Egypt, Arab Rep.",EGY,GDP growth (annual %),NY.GDP.MKTP.KD.ZG,market_growth,2009,4.67359980000663
Euro area,EMU,GDP growth (annual %),NY.GDP.MKTP.KD.ZG,market_growth,2009,-4.47805035961746
European Union,EUU,GDP growth (annual %),NY.GDP.MKTP.KD.ZG,market_growth,2009,-4.31208500171391
France,FRA,GDP growth (annual %),NY.GDP.MKTP.KD.ZG,market_growth,2009,-2.82455153714783
United Kingdom,GBR,GDP growth (annual %),NY.GDP.MKTP.KD.ZG,market_growth,2009,-4.58740819226323
Greece,GRC,GDP growth (annual %),NY.GDP.MKTP.KD.ZG,market_growth,2009,-4.11927606715011
India,IND,GDP growth (annual %),NY.GDP.MKTP.KD.ZG,market_growth,2009,7.8618888330338
Iraq,IRQ,GDP growth (annual %),NY.GDP.MKTP.KD.ZG,market_growth,2009,3.37929909442771
Italy,ITA,GDP growth (annual %),NY.GDP.MKTP.KD.ZG,market_growth,2009,-5.30515401233991
Jordan,JOR,GDP growth (annual %),NY.GDP.MKTP.KD.ZG,market_growth,2009,5.11667226950634
Kuwait,KWT,GDP growth (annual %),NY.GDP.MKTP.KD.ZG,market_growth,2009,-7.07605643073411
Lebanon,LBN,GDP growth (annual %),NY.GDP.MKTP.KD.ZG,market_growth,2009,10.232155577776
Qatar,QAT,GDP growth (annual %),NY.GDP.MKTP.KD.ZG,market_growth,2009,11.9575512911227
Saudi Arabia,SAU,GDP growth (annual %),NY.GDP.MKTP.KD.ZG,market_growth,2009,-1.06671711240203
Turkiye,TUR,GDP growth (annual %),NY.GDP.MKTP.KD.ZG,market_growth,2009,-4.88269401706633
United States,USA,GDP growth (annual %),NY.GDP.MKTP.KD.ZG,market_growth,2009,-2.5765002366652
World,WLD,GDP growth (annual %),NY.GDP.MKTP.KD.ZG,market_growth,2009,-1.33303814192499
United Arab Emirates,ARE,GDP growth (annual %),NY.GDP.MKTP.KD.ZG,market_growth,2010,1.60285004336325
Australia,AUS,GDP growth (annual %),NY.GDP.MKTP.KD.ZG,market_growth,2010,2.21004795300735
Canada,CAN,GDP growth (annual %),NY.GDP.MKTP.KD.ZG,market_growth,2010,3.09080633744851
China,CHN,GDP growth (annual %),NY.GDP.MKTP.KD.ZG,market_growth,2010,10.5916903885704
Germany,DEU,GDP growth (annual %),NY.GDP.MKTP.KD.ZG,market_growth,2010,4.13463778522758
"Egypt, Arab Rep.",EGY,GDP growth (annual %),NY.GDP.MKTP.KD.ZG,market_growth,2010,5.14723485746742
Euro area,EMU,GDP growth (annual %),NY.GDP.MKTP.KD.ZG,market_growth,2010,2.1158694775215
European Union,EUU,GDP growth (annual %),NY.GDP.MKTP.KD.ZG,market_growth,2010,2.1818021924601
France,FRA,GDP growth (annual %),NY.GDP.MKTP.KD.ZG,market_growth,2010,2.00032476039051
United Kingdom,GBR,GDP growth (annual %),NY.GDP.MKTP.KD.ZG,market_growth,2010,2.26054460931586
Greece,GRC,GDP growth (annual %),NY.GDP.MKTP.KD.ZG,market_growth,2010,-5.6937412158003
India,IND,GDP growth (annual %),NY.GDP.MKTP.KD.ZG,market_growth,2010,8.49758470165625
Iraq,IRQ,GDP growth (annual %),NY.GDP.MKTP.KD.ZG,market_growth,2010,6.40256484471193
Italy,ITA,GDP growth (annual %),NY.GDP.MKTP.KD.ZG,market_growth,2010,1.52910573247101
Jordan,JOR,GDP growth (annual %),NY.GDP.MKTP.KD.ZG,market_growth,2010,2.6377158262256
Kuwait,KWT,GDP growth (annual %),NY.GDP.MKTP.KD.ZG,market_growth,2010,-2.37054804425912
Lebanon,LBN,GDP growth (annual %),NY.GDP.MKTP.KD.ZG,market_growth,2010,7.97513555844932
Qatar,QAT,GDP growth (annual %),NY.GDP.MKTP.KD.ZG,market_growth,2010,16.7315558489187
Saudi Arabia,SAU,GDP growth (annual %),NY.GDP.MKTP.KD.ZG,market_growth,2010,5.0395150823517
Turkiye,TUR,GDP growth (annual %),NY.GDP.MKTP.KD.ZG,market_growth,2010,8.54219848467686
United States,USA,GDP growth (annual %),NY.GDP.MKTP.KD.ZG,market_growth,2010,2.69519258673525
World,WLD,GDP growth (annual %),NY.GDP.MKTP.KD.ZG,market_growth,2010,4.52085213873784
United Arab Emirates,ARE,GDP growth (annual %),NY.GDP.MKTP.KD.ZG,market_growth,2011,6.73651167897515
Australia,AUS,GDP growth (annual %),NY.GDP.MKTP.KD.ZG,market_growth,2011,2.39473494330615
Canada,CAN,GDP growth (annual %),NY.GDP.MKTP.KD.ZG,market_growth,2011,3.1371944343876
China,CHN,GDP growth (annual %),NY.GDP.MKTP.KD.ZG,market_growth,2011,9.46205248298186
Germany,DEU,GDP growth (annual %),NY.GDP.MKTP.KD.ZG,market_growth,2011,3.75796884489337
"Egypt, Arab Rep.",EGY,GDP growth (annual %),NY.GDP.MKTP.KD.ZG,market_growth,2011,1.76457194806041
Euro area,EMU,GDP growth (annual %),NY.GDP.MKTP.KD.ZG,market_growth,2011,1.77884441456963
European Union,EUU,GDP growth (annual %),NY.GDP.MKTP.KD.ZG,market_growth,2011,1.96059583488466
France,FRA,GDP growth (annual %),NY.GDP.MKTP.KD.ZG,market_growth,2011,2.43757653729007
United Kingdom,GBR,GDP growth (annual %),NY.GDP.MKTP.KD.ZG,market_growth,2011,0.851437739020326
Greece,GRC,GDP growth (annual %),NY.GDP.MKTP.KD.ZG,market_growth,2011,-9.87677875300243
India,IND,GDP growth (annual %),NY.GDP.MKTP.KD.ZG,market_growth,2011,5.24131620024293
Iraq,IRQ,GDP growth (annual %),NY.GDP.MKTP.KD.ZG,market_growth,2011,7.546471200426
Italy,ITA,GDP growth (annual %),NY.GDP.MKTP.KD.ZG,market_growth,2011,0.695463154440176
Jordan,JOR,GDP growth (annual %),NY.GDP.MKTP.KD.ZG,market_growth,2011,2.90729315392207
Kuwait,KWT,GDP growth (annual %),NY.GDP.MKTP.KD.ZG,market_growth,2011,9.62863419534361
Lebanon,LBN,GDP growth (annual %),NY.GDP.MKTP.KD.ZG,market_growth,2011,0.86733987855277
Qatar,QAT,GDP growth (annual %),NY.GDP.MKTP.KD.ZG,market_growth,2011,13.0214050496923
Saudi Arabia,SAU,GDP growth (annual %),NY.GDP.MKTP.KD.ZG,market_growth,2011,11.758820686671
Turkiye,TUR,GDP growth (annual %),NY.GDP.MKTP.KD.ZG,market_growth,2011,10.9799625273598
United States,USA,GDP growth (annual %),NY.GDP.MKTP.KD.ZG,market_growth,2011,1.56440685205419
World,WLD,GDP growth (annual %),NY.GDP.MKTP.KD.ZG,market_growth,2011,3.31431839310667
United Arab Emirates,ARE,GDP growth (annual %),NY.GDP.MKTP.KD.ZG,market_growth,2012,4.68325642918792
Australia,AUS,GDP growth (annual %),NY.GDP.MKTP.KD.ZG,market_growth,2012,3.95247138119184
Canada,CAN,GDP growth (annual %),NY.GDP.MKTP.KD.ZG,market_growth,2012,1.75566133205234
China,CHN,GDP growth (annual %),NY.GDP.MKTP.KD.ZG,market_growth,2012,7.8578201481217
Germany,DEU,GDP growth (annual %),NY.GDP.MKTP.KD.ZG,market_growth,2012,0.463512036709204
"Egypt, Arab Rep.",EGY,GDP growth (annual %),NY.GDP.MKTP.KD.ZG,market_growth,2012,2.22619979818487
Euro area,EMU,GDP growth (annual %),NY.GDP.MKTP.KD.ZG,market_growth,2012,-0.913859085753131
European Union,EUU,GDP growth (annual %),NY.GDP.MKTP.KD.ZG,market_growth,2012,-0.764412939041037
France,FRA,GDP growth (annual %),NY.GDP.MKTP.KD.ZG,market_growth,2012,0.183835264973013
United Kingdom,GBR,GDP growth (annual %),NY.GDP.MKTP.KD.ZG,market_growth,2012,1.52826034721852
Greece,GRC,GDP growth (annual %),NY.GDP.MKTP.KD.ZG,market_growth,2012,-8.33113421099992
India,IND,GDP growth (annual %),NY.GDP.MKTP.KD.ZG,market_growth,2012,5.45638755164772
Iraq,IRQ,GDP growth (annual %),NY.GDP.MKTP.KD.ZG,market_growth,2012,13.9364301737537
Italy,ITA,GDP growth (annual %),NY.GDP.MKTP.KD.ZG,market_growth,2012,-3.12523877282996
Jordan,JOR,GDP growth (annual %),NY.GDP.MKTP.KD.ZG,market_growth,2012,2.40465716535539
Kuwait,KWT,GDP growth (annual %),NY.GDP.MKTP.KD.ZG,market_growth,2012,6.62587485078971
Lebanon,LBN,GDP growth (annual %),NY.GDP.MKTP.KD.ZG,market_growth,2012,2.56479133680038
Qatar,QAT,GDP growth (annual %),NY.GDP.MKTP.KD.ZG,market_growth,2012,4.62623675511804
Saudi Arabia,SAU,GDP growth (annual %),NY.GDP.MKTP.KD.ZG,market_growth,2012,5.76157382270968
Turkiye,TUR,GDP growth (annual %),NY.GDP.MKTP.KD.ZG,market_growth,2012,4.80762696633448
United States,USA,GDP growth (annual %),NY.GDP.MKTP.KD.ZG,market_growth,2012,2.28911339009767
World,WLD,GDP growth (annual %),NY.GDP.MKTP.KD.ZG,market_growth,2012,2.74743359443485
United Arab Emirates,ARE,GDP growth (annual %),NY.GDP.MKTP.KD.ZG,market_growth,2013,4.9184505919085
Australia,AUS,GDP growth (annual %),NY.GDP.MKTP.KD.ZG,market_growth,2013,2.65445302592404
Canada,CAN,GDP growth (annual %),NY.GDP.MKTP.KD.ZG,market_growth,2013,2.32581356612762
China,CHN,GDP growth (annual %),NY.GDP.MKTP.KD.ZG,market_growth,2013,7.77842954757257
Germany,DEU,GDP growth (annual %),NY.GDP.MKTP.KD.ZG,market_growth,2013,0.396995583779145
"Egypt, Arab Rep.",EGY,GDP growth (annual %),NY.GDP.MKTP.KD.ZG,market_growth,2013,2.18546605363386
Euro area,EMU,GDP growth (annual %),NY.GDP.MKTP.KD.ZG,market_growth,2013,-0.168322337087545
European Union,EUU,GDP growth (annual %),NY.GDP.MKTP.KD.ZG,market_growth,2013,-0.0330372559639187
France,FRA,GDP growth (annual %),NY.GDP.MKTP.KD.ZG,market_growth,2013,0.781756446231
United Kingdom,GBR,GDP growth (annual %),NY.GDP.MKTP.KD.ZG,market_growth,2013,1.71846961308464
Greece,GRC,GDP growth (annual %),NY.GDP.MKTP.KD.ZG,market_growth,2013,-2.27211699888024
India,IND,GDP growth (annual %),NY.GDP.MKTP.KD.ZG,market_growth,2013,6.38610640091713
Iraq,IRQ,GDP growth (annual %),NY.GDP.MKTP.KD.ZG,market_growth,2013,7.62828592298754
Italy,ITA,GDP growth (annual %),NY.GDP.MKTP.KD.ZG,market_growth,2013,-1.81802510749792
Jordan,JOR,GDP growth (annual %),NY.GDP.MKTP.KD.ZG,market_growth,2013,2.72311205964112
Kuwait,KWT,GDP growth (annual %),NY.GDP.MKTP.KD.ZG,market_growth,2013,1.14946552780648
Lebanon,LBN,GDP growth (annual %),NY.GDP.MKTP.KD.ZG,market_growth,2013,3.8278734986016
Qatar,QAT,GDP growth (annual %),NY.GDP.MKTP.KD.ZG,market_growth,2013,4.43070196521455
Saudi Arabia,SAU,GDP growth (annual %),NY.GDP.MKTP.KD.ZG,market_growth,2013,2.94563789152025
Turkiye,TUR,GDP growth (annual %),NY.GDP.MKTP.KD.ZG,market_growth,2013,8.48825689298511
United States,USA,GDP growth (annual %),NY.GDP.MKTP.KD.ZG,market_growth,2013,2.11783009443471
World,WLD,GDP growth (annual %),NY.GDP.MKTP.KD.ZG,market_growth,2013,2.88974765617324
United Arab Emirates,ARE,GDP growth (annual %),NY.GDP.MKTP.KD.ZG,market_growth,2014,4.63291785879667
Australia,AUS,GDP growth (annual %),NY.GDP.MKTP.KD.ZG,market_growth,2014,2.60118978187332
Canada,CAN,GDP growth (annual %),NY.GDP.MKTP.KD.ZG,market_growth,2014,2.87346675579731
China,CHN,GDP growth (annual %),NY.GDP.MKTP.KD.ZG,market_growth,2014,7.46100735778161
Germany,DEU,GDP growth (annual %),NY.GDP.MKTP.KD.ZG,market_growth,2014,2.18018602168017
"Egypt, Arab Rep.",EGY,GDP growth (annual %),NY.GDP.MKTP.KD.ZG,market_growth,2014,2.91591188052836
Euro area,EMU,GDP growth (annual %),NY.GDP.MKTP.KD.ZG,market_growth,2014,1.45371535311074
European Union,EUU,GDP growth (annual %),NY.GDP.MKTP.KD.ZG,market_growth,2014,1.63271198328248
France,FRA,GDP growth (annual %),NY.GDP.MKTP.KD.ZG,market_growth,2014,0.997832947295251
United Kingdom,GBR,GDP growth (annual %),NY.GDP.MKTP.KD.ZG,market_growth,2014,3.16017351468152
Greece,GRC,GDP growth (annual %),NY.GDP.MKTP.KD.ZG,market_growth,2014,0.792225060962835
India,IND,GDP growth (annual %),NY.GDP.MKTP.KD.ZG,market_growth,2014,7.41022760516977
Iraq,IRQ,GDP growth (annual %),NY.GDP.MKTP.KD.ZG,market_growth,2014,2.26368817563613
Italy,ITA,GDP growth (annual %),NY.GDP.MKTP.KD.ZG,market_growth,2014,-0.0013876173045446
Jordan,JOR,GDP growth (annual %),NY.GDP.MKTP.KD.ZG,market_growth,2014,3.32287328047509
Kuwait,KWT,GDP growth (annual %),NY.GDP.MKTP.KD.ZG,market_growth,2014,0.500914669444924
Lebanon,LBN,GDP growth (annual %),NY.GDP.MKTP.KD.ZG,market_growth,2014,2.48406010500743
Qatar,QAT,GDP growth (annual %),NY.GDP.MKTP.KD.ZG,market_growth,2014,4.11911527912761
Saudi Arabia,SAU,GDP growth (annual %),NY.GDP.MKTP.KD.ZG,market_growth,2014,4.02467158380668
Turkiye,TUR,GDP growth (annual %),NY.GDP.MKTP.KD.ZG,market_growth,2014,4.60079447270559
United States,USA,GDP growth (annual %),NY.GDP.MKTP.KD.ZG,market_growth,2014,2.52381981757846
World,WLD,GDP growth (annual %),NY.GDP.MKTP.KD.ZG,market_growth,2014,3.16849193058366
United Arab Emirates,ARE,GDP growth (annual %),NY.GDP.MKTP.KD.ZG,market_growth,2015,7.08766622657654
Australia,AUS,GDP growth (annual %),NY.GDP.MKTP.KD.ZG,market_growth,2015,2.16434780647852
Canada,CAN,GDP growth (annual %),NY.GDP.MKTP.KD.ZG,market_growth,2015,0.64997101491096
China,CHN,GDP growth (annual %),NY.GDP.MKTP.KD.ZG,market_growth,2015,6.98162255562367
Germany,DEU,GDP growth (annual %),NY.GDP.MKTP.KD.ZG,market_growth,2015,1.66300602334775
"Egypt, Arab Rep.",EGY,GDP growth (annual %),NY.GDP.MKTP.KD.ZG,market_growth,2015,4.37201907781687
Euro area,EMU,GDP growth (annual %),NY.GDP.MKTP.KD.ZG,market_growth,2015,2.14894477032594
European Union,EUU,GDP growth (annual %),NY.GDP.MKTP.KD.ZG,market_growth,2015,2.37195113797821
France,FRA,GDP growth (annual %),NY.GDP.MKTP.KD.ZG,market_growth,2015,1.06675474783462
United Kingdom,GBR,GDP growth (annual %),NY.GDP.MKTP.KD.ZG,market_growth,2015,2.14040560033371
Greece,GRC,GDP growth (annual %),NY.GDP.MKTP.KD.ZG,market_growth,2015,-0.228301892172851
India,IND,GDP growth (annual %),NY.GDP.MKTP.KD.ZG,market_growth,2015,7.99625378567987
Iraq,IRQ,GDP growth (annual %),NY.GDP.MKTP.KD.ZG,market_growth,2015,2.60676642939541
Italy,ITA,GDP growth (annual %),NY.GDP.MKTP.KD.ZG,market_growth,2015,0.885667635240807
Jordan,JOR,GDP growth (annual %),NY.GDP.MKTP.KD.ZG,market_growth,2015,2.52261671092148
Kuwait,KWT,GDP growth (annual %),NY.GDP.MKTP.KD.ZG,market_growth,2015,0.592770817217982
Lebanon,LBN,GDP growth (annual %),NY.GDP.MKTP.KD.ZG,market_growth,2015,0.462320792597581
Qatar,QAT,GDP growth (annual %),NY.GDP.MKTP.KD.ZG,market_growth,2015,4.75334572438737
Saudi Arabia,SAU,GDP growth (annual %),NY.GDP.MKTP.KD.ZG,market_growth,2015,4.65512316652699
Turkiye,TUR,GDP growth (annual %),NY.GDP.MKTP.KD.ZG,market_growth,2015,5.80557386628684
United States,USA,GDP growth (annual %),NY.GDP.MKTP.KD.ZG,market_growth,2015,2.94555045227337
World,WLD,GDP growth (annual %),NY.GDP.MKTP.KD.ZG,market_growth,2015,3.12721325699906
United Arab Emirates,ARE,GDP growth (annual %),NY.GDP.MKTP.KD.ZG,market_growth,2016,5.65790147196586
Australia,AUS,GDP growth (annual %),NY.GDP.MKTP.KD.ZG,market_growth,2016,2.75564065529868
Canada,CAN,GDP growth (annual %),NY.GDP.MKTP.KD.ZG,market_growth,2016,1.03855091989323
China,CHN,GDP growth (annual %),NY.GDP.MKTP.KD.ZG,market_growth,2016,6.7736886867727
Germany,DEU,GDP growth (annual %),NY.GDP.MKTP.KD.ZG,market_growth,2016,2.22222216259371
"Egypt, Arab Rep.",EGY,GDP growth (annual %),NY.GDP.MKTP.KD.ZG,market_growth,2016,4.34664345601914
Euro area,EMU,GDP growth (annual %),NY.GDP.MKTP.KD.ZG,market_growth,2016,1.80681433573471
European Union,EUU,GDP growth (annual %),NY.GDP.MKTP.KD.ZG,market_growth,2016,1.91997902907598
France,FRA,GDP growth (annual %),NY.GDP.MKTP.KD.ZG,market_growth,2016,0.860031075424033
United Kingdom,GBR,GDP growth (annual %),NY.GDP.MKTP.KD.ZG,market_growth,2016,2.20652020635357
Greece,GRC,GDP growth (annual %),NY.GDP.MKTP.KD.ZG,market_growth,2016,-0.0317947678412054
India,IND,GDP growth (annual %),NY.GDP.MKTP.KD.ZG,market_growth,2016,8.25630550176662
Iraq,IRQ,GDP growth (annual %),NY.GDP.MKTP.KD.ZG,market_growth,2016,13.7873730187089
Italy,ITA,GDP growth (annual %),NY.GDP.MKTP.KD.ZG,market_growth,2016,1.23622108511661
Jordan,JOR,GDP growth (annual %),NY.GDP.MKTP.KD.ZG,market_growth,2016,2.11166806967252
Kuwait,KWT,GDP growth (annual %),NY.GDP.MKTP.KD.ZG,market_growth,2016,2.92607584256388
Lebanon,LBN,GDP growth (annual %),NY.GDP.MKTP.KD.ZG,market_growth,2016,1.55454940856943
Qatar,QAT,GDP growth (annual %),NY.GDP.MKTP.KD.ZG,market_growth,2016,3.06419188430156
Saudi Arabia,SAU,GDP growth (annual %),NY.GDP.MKTP.KD.ZG,market_growth,2016,1.70404739202878
Turkiye,TUR,GDP growth (annual %),NY.GDP.MKTP.KD.ZG,market_growth,2016,3.32366508200445
United States,USA,GDP growth (annual %),NY.GDP.MKTP.KD.ZG,market_growth,2016,1.81945147909089
World,WLD,GDP growth (annual %),NY.GDP.MKTP.KD.ZG,market_growth,2016,2.78974074234593
United Arab Emirates,ARE,GDP growth (annual %),NY.GDP.MKTP.KD.ZG,market_growth,2017,-1.06137114472548
Australia,AUS,GDP growth (annual %),NY.GDP.MKTP.KD.ZG,market_growth,2017,2.29331030192918
Canada,CAN,GDP growth (annual %),NY.GDP.MKTP.KD.ZG,market_growth,2017,3.03383491841392
China,CHN,GDP growth (annual %),NY.GDP.MKTP.KD.ZG,market_growth,2017,6.89123916636191
Germany,DEU,GDP growth (annual %),NY.GDP.MKTP.KD.ZG,market_growth,2017,2.797906720551
"Egypt, Arab Rep.",EGY,GDP growth (annual %),NY.GDP.MKTP.KD.ZG,market_growth,2017,4.18122099961562
Euro area,EMU,GDP growth (annual %),NY.GDP.MKTP.KD.ZG,market_growth,2017,2.62315671239708
European Union,EUU,GDP growth (annual %),NY.GDP.MKTP.KD.ZG,market_growth,2017,2.81810835521954
France,FRA,GDP growth (annual %),NY.GDP.MKTP.KD.ZG,market_growth,2017,2.08361485997399
United Kingdom,GBR,GDP growth (annual %),NY.GDP.MKTP.KD.ZG,market_growth,2017,3.02322219840339
Greece,GRC,GDP growth (annual %),NY.GDP.MKTP.KD.ZG,market_growth,2017,1.47312472702352
India,IND,GDP growth (annual %),NY.GDP.MKTP.KD.ZG,market_growth,2017,6.79538341902422
Iraq,IRQ,GDP growth (annual %),NY.GDP.MKTP.KD.ZG,market_growth,2017,-1.81975035118309
Italy,ITA,GDP growth (annual %),NY.GDP.MKTP.KD.ZG,market_growth,2017,1.60369995294101
Jordan,JOR,GDP growth (annual %),NY.GDP.MKTP.KD.ZG,market_growth,2017,2.50770398070352
Kuwait,KWT,GDP growth (annual %),NY.GDP.MKTP.KD.ZG,market_growth,2017,-4.71222270495362
Lebanon,LBN,GDP growth (annual %),NY.GDP.MKTP.KD.ZG,market_growth,2017,0.903028464073813
Qatar,QAT,GDP growth (annual %),NY.GDP.MKTP.KD.ZG,market_growth,2017,-1.49760470227838
Saudi Arabia,SAU,GDP growth (annual %),NY.GDP.MKTP.KD.ZG,market_growth,2017,1.18210705878283
Turkiye,TUR,GDP growth (annual %),NY.GDP.MKTP.KD.ZG,market_growth,2017,7.82585730002594
United States,USA,GDP growth (annual %),NY.GDP.MKTP.KD.ZG,market_growth,2017,2.45762230126449
World,WLD,GDP growth (annual %),NY.GDP.MKTP.KD.ZG,market_growth,2017,3.44658623167955
United Arab Emirates,ARE,GDP growth (annual %),NY.GDP.MKTP.KD.ZG,market_growth,2018,1.53720634021511
Australia,AUS,GDP growth (annual %),NY.GDP.MKTP.KD.ZG,market_growth,2018,2.87417039499501
Canada,CAN,GDP growth (annual %),NY.GDP.MKTP.KD.ZG,market_growth,2018,2.74296341402246
China,CHN,GDP growth (annual %),NY.GDP.MKTP.KD.ZG,market_growth,2018,6.757806142324
Germany,DEU,GDP growth (annual %),NY.GDP.MKTP.KD.ZG,market_growth,2018,1.13569604599849
"Egypt, Arab Rep.",EGY,GDP growth (annual %),NY.GDP.MKTP.KD.ZG,market_growth,2018,5.33110861887155
Euro area,EMU,GDP growth (annual %),NY.GDP.MKTP.KD.ZG,market_growth,2018,1.78229304985051
European Union,EUU,GDP growth (annual %),NY.GDP.MKTP.KD.ZG,market_growth,2018,2.04641967934145
France,FRA,GDP growth (annual %),NY.GDP.MKTP.KD.ZG,market_growth,2018,1.64590872395887
United Kingdom,GBR,GDP growth (annual %),NY.GDP.MKTP.KD.ZG,market_growth,2018,1.55133095078786
Greece,GRC,GDP growth (annual %),NY.GDP.MKTP.KD.ZG,market_growth,2018,2.06467207892409
India,IND,GDP growth (annual %),NY.GDP.MKTP.KD.ZG,market_growth,2018,6.45385134495295
Iraq,IRQ,GDP growth (annual %),NY.GDP.MKTP.KD.ZG,market_growth,2018,2.63385099105624
Italy,ITA,GDP growth (annual %),NY.GDP.MKTP.KD.ZG,market_growth,2018,0.826646712344115
Jordan,JOR,GDP growth (annual %),NY.GDP.MKTP.KD.ZG,market_growth,2018,1.85383415616927
Kuwait,KWT,GDP growth (annual %),NY.GDP.MKTP.KD.ZG,market_growth,2018,2.74333045031415
Lebanon,LBN,GDP growth (annual %),NY.GDP.MKTP.KD.ZG,market_growth,2018,-1.88470575631651
Qatar,QAT,GDP growth (annual %),NY.GDP.MKTP.KD.ZG,market_growth,2018,1.23487220191065
Saudi Arabia,SAU,GDP growth (annual %),NY.GDP.MKTP.KD.ZG,market_growth,2018,3.2269508901591
Turkiye,TUR,GDP growth (annual %),NY.GDP.MKTP.KD.ZG,market_growth,2018,3.46815306092219
United States,USA,GDP growth (annual %),NY.GDP.MKTP.KD.ZG,market_growth,2018,2.96650506701943
World,WLD,GDP growth (annual %),NY.GDP.MKTP.KD.ZG,market_growth,2018,3.28663086462807
United Arab Emirates,ARE,GDP growth (annual %),NY.GDP.MKTP.KD.ZG,market_growth,2019,1.27129120536284
Australia,AUS,GDP growth (annual %),NY.GDP.MKTP.KD.ZG,market_growth,2019,2.19401703622717
Canada,CAN,GDP growth (annual %),NY.GDP.MKTP.KD.ZG,market_growth,2019,1.90843193887251
China,CHN,GDP growth (annual %),NY.GDP.MKTP.KD.ZG,market_growth,2019,6.06737806333672
Germany,DEU,GDP growth (annual %),NY.GDP.MKTP.KD.ZG,market_growth,2019,0.977734697038784
"Egypt, Arab Rep.",EGY,GDP growth (annual %),NY.GDP.MKTP.KD.ZG,market_growth,2019,5.55209307084222
Euro area,EMU,GDP growth (annual %),NY.GDP.MKTP.KD.ZG,market_growth,2019,1.63208944796722
European Union,EUU,GDP growth (annual %),NY.GDP.MKTP.KD.ZG,market_growth,2019,1.87525498889181
France,FRA,GDP growth (annual %),NY.GDP.MKTP.KD.ZG,market_growth,2019,2.02744646419237
United Kingdom,GBR,GDP growth (annual %),NY.GDP.MKTP.KD.ZG,market_growth,2019,1.25629899760824
Greece,GRC,GDP growth (annual %),NY.GDP.MKTP.KD.ZG,market_growth,2019,2.27718065334808
India,IND,GDP growth (annual %),NY.GDP.MKTP.KD.ZG,market_growth,2019,3.87143694070524
Iraq,IRQ,GDP growth (annual %),NY.GDP.MKTP.KD.ZG,market_growth,2019,5.5137905789381
Italy,ITA,GDP growth (annual %),NY.GDP.MKTP.KD.ZG,market_growth,2019,0.429162533780342
Jordan,JOR,GDP growth (annual %),NY.GDP.MKTP.KD.ZG,market_growth,2019,1.85633006592765
Kuwait,KWT,GDP growth (annual %),NY.GDP.MKTP.KD.ZG,market_growth,2019,2.26381706595791
Lebanon,LBN,GDP growth (annual %),NY.GDP.MKTP.KD.ZG,market_growth,2019,-6.91492472851026
Qatar,QAT,GDP growth (annual %),NY.GDP.MKTP.KD.ZG,market_growth,2019,0.688240954592672
Saudi Arabia,SAU,GDP growth (annual %),NY.GDP.MKTP.KD.ZG,market_growth,2019,1.65158925617395
Turkiye,TUR,GDP growth (annual %),NY.GDP.MKTP.KD.ZG,market_growth,2019,1.30162365464503
United States,USA,GDP growth (annual %),NY.GDP.MKTP.KD.ZG,market_growth,2019,2.58382533052225
World,WLD,GDP growth (annual %),NY.GDP.MKTP.KD.ZG,market_growth,2019,2.680308747553
United Arab Emirates,ARE,GDP growth (annual %),NY.GDP.MKTP.KD.ZG,market_growth,2020,-8.69343363776639
Australia,AUS,GDP growth (annual %),NY.GDP.MKTP.KD.ZG,market_growth,2020,-0.133531904304775
Canada,CAN,GDP growth (annual %),NY.GDP.MKTP.KD.ZG,market_growth,2020,-5.03823342794087
China,CHN,GDP growth (annual %),NY.GDP.MKTP.KD.ZG,market_growth,2020,2.33950385203023
Germany,DEU,GDP growth (annual %),NY.GDP.MKTP.KD.ZG,market_growth,2020,-4.13191443239947
"Egypt, Arab Rep.",EGY,GDP growth (annual %),NY.GDP.MKTP.KD.ZG,market_growth,2020,3.55016483883115
Euro area,EMU,GDP growth (annual %),NY.GDP.MKTP.KD.ZG,market_growth,2020,-6.04374915754508
European Union,EUU,GDP growth (annual %),NY.GDP.MKTP.KD.ZG,market_growth,2020,-5.57888122067428
France,FRA,GDP growth (annual %),NY.GDP.MKTP.KD.ZG,market_growth,2020,-7.44064589948231
United Kingdom,GBR,GDP growth (annual %),NY.GDP.MKTP.KD.ZG,market_growth,2020,-10.047896637362
Greece,GRC,GDP growth (annual %),NY.GDP.MKTP.KD.ZG,market_growth,2020,-9.19623149726978
India,IND,GDP growth (annual %),NY.GDP.MKTP.KD.ZG,market_growth,2020,-5.77772470687303
Iraq,IRQ,GDP growth (annual %),NY.GDP.MKTP.KD.ZG,market_growth,2020,-12.0367930960454
Italy,ITA,GDP growth (annual %),NY.GDP.MKTP.KD.ZG,market_growth,2020,-8.86822122185345
Jordan,JOR,GDP growth (annual %),NY.GDP.MKTP.KD.ZG,market_growth,2020,-1.15257534158022
Kuwait,KWT,GDP growth (annual %),NY.GDP.MKTP.KD.ZG,market_growth,2020,-4.81731593381585
Lebanon,LBN,GDP growth (annual %),NY.GDP.MKTP.KD.ZG,market_growth,2020,-21.3998996914321
Qatar,QAT,GDP growth (annual %),NY.GDP.MKTP.KD.ZG,market_growth,2020,-3.5576039896784
Saudi Arabia,SAU,GDP growth (annual %),NY.GDP.MKTP.KD.ZG,market_growth,2020,-3.80478901996312
Turkiye,TUR,GDP growth (annual %),NY.GDP.MKTP.KD.ZG,market_growth,2020,1.80306247087255
United States,USA,GDP growth (annual %),NY.GDP.MKTP.KD.ZG,market_growth,2020,-2.081375977796
World,WLD,GDP growth (annual %),NY.GDP.MKTP.KD.ZG,market_growth,2020,-2.88621185457086
United Arab Emirates,ARE,GDP growth (annual %),NY.GDP.MKTP.KD.ZG,market_growth,2021,4.55280140106356
Australia,AUS,GDP growth (annual %),NY.GDP.MKTP.KD.ZG,market_growth,2021,2.00694844335034
Canada,CAN,GDP growth (annual %),NY.GDP.MKTP.KD.ZG,market_growth,2021,5.95052804984759
China,CHN,GDP growth (annual %),NY.GDP.MKTP.KD.ZG,market_growth,2021,8.57038414981781
Germany,DEU,GDP growth (annual %),NY.GDP.MKTP.KD.ZG,market_growth,2021,3.90999994204108
"Egypt, Arab Rep.",EGY,GDP growth (annual %),NY.GDP.MKTP.KD.ZG,market_growth,2021,3.29064601193245
Euro area,EMU,GDP growth (annual %),NY.GDP.MKTP.KD.ZG,market_growth,2021,6.44349747359811
European Union,EUU,GDP growth (annual %),NY.GDP.MKTP.KD.ZG,market_growth,2021,6.37773717070797
France,FRA,GDP growth (annual %),NY.GDP.MKTP.KD.ZG,market_growth,2021,6.88233783360239
United Kingdom,GBR,GDP growth (annual %),NY.GDP.MKTP.KD.ZG,market_growth,2021,8.5431118453255
Greece,GRC,GDP growth (annual %),NY.GDP.MKTP.KD.ZG,market_growth,2021,8.65449786002131
India,IND,GDP growth (annual %),NY.GDP.MKTP.KD.ZG,market_growth,2021,9.68959249191741
Iraq,IRQ,GDP growth (annual %),NY.GDP.MKTP.KD.ZG,market_growth,2021,1.5021807095434
Italy,ITA,GDP growth (annual %),NY.GDP.MKTP.KD.ZG,market_growth,2021,8.93106210800055
Jordan,JOR,GDP growth (annual %),NY.GDP.MKTP.KD.ZG,market_growth,2021,3.75201276755828
Kuwait,KWT,GDP growth (annual %),NY.GDP.MKTP.KD.ZG,market_growth,2021,1.67213054307859
Lebanon,LBN,GDP growth (annual %),NY.GDP.MKTP.KD.ZG,market_growth,2021,-7.00123862514116
Qatar,QAT,GDP growth (annual %),NY.GDP.MKTP.KD.ZG,market_growth,2021,1.62684671918775
Saudi Arabia,SAU,GDP growth (annual %),NY.GDP.MKTP.KD.ZG,market_growth,2021,6.51959698325419
Turkiye,TUR,GDP growth (annual %),NY.GDP.MKTP.KD.ZG,market_growth,2021,11.811094450607
United States,USA,GDP growth (annual %),NY.GDP.MKTP.KD.ZG,market_growth,2021,6.15202247867526
World,WLD,GDP growth (annual %),NY.GDP.MKTP.KD.ZG,market_growth,2021,6.48508887596752
United Arab Emirates,ARE,GDP growth (annual %),NY.GDP.MKTP.KD.ZG,market_growth,2022,7.51452414254605
Australia,AUS,GDP growth (annual %),NY.GDP.MKTP.KD.ZG,market_growth,2022,4.25304559238732
Canada,CAN,GDP growth (annual %),NY.GDP.MKTP.KD.ZG,market_growth,2022,4.69541985045903
China,CHN,GDP growth (annual %),NY.GDP.MKTP.KD.ZG,market_growth,2022,3.13385438394069
Germany,DEU,GDP growth (annual %),NY.GDP.MKTP.KD.ZG,market_growth,2022,1.8092581243061
"Egypt, Arab Rep.",EGY,GDP growth (annual %),NY.GDP.MKTP.KD.ZG,market_growth,2022,6.58784560870467
Euro area,EMU,GDP growth (annual %),NY.GDP.MKTP.KD.ZG,market_growth,2022,3.66468497532753
European Union,EUU,GDP growth (annual %),NY.GDP.MKTP.KD.ZG,market_growth,2022,3.56455510630462
France,FRA,GDP growth (annual %),NY.GDP.MKTP.KD.ZG,market_growth,2022,2.71676264185913
United Kingdom,GBR,GDP growth (annual %),NY.GDP.MKTP.KD.ZG,market_growth,2022,5.14970388522993
Greece,GRC,GDP growth (annual %),NY.GDP.MKTP.KD.ZG,market_growth,2022,5.52198580589408
India,IND,GDP growth (annual %),NY.GDP.MKTP.KD.ZG,market_growth,2022,7.6093649776932
Iraq,IRQ,GDP growth (annual %),NY.GDP.MKTP.KD.ZG,market_growth,2022,7.95904804990212
Italy,ITA,GDP growth (annual %),NY.GDP.MKTP.KD.ZG,market_growth,2022,4.82117669913565
Jordan,JOR,GDP growth (annual %),NY.GDP.MKTP.KD.ZG,market_growth,2022,2.7468615450031
Kuwait,KWT,GDP growth (annual %),NY.GDP.MKTP.KD.ZG,market_growth,2022,6.75866711966617
Lebanon,LBN,GDP growth (annual %),NY.GDP.MKTP.KD.ZG,market_growth,2022,-0.621678970663112
Qatar,QAT,GDP growth (annual %),NY.GDP.MKTP.KD.ZG,market_growth,2022,4.18500970982862
Saudi Arabia,SAU,GDP growth (annual %),NY.GDP.MKTP.KD.ZG,market_growth,2022,12.0005874752929
Turkiye,TUR,GDP growth (annual %),NY.GDP.MKTP.KD.ZG,market_growth,2022,5.44122511322401
United States,USA,GDP growth (annual %),NY.GDP.MKTP.KD.ZG,market_growth,2022,2.52421385073222
World,WLD,GDP growth (annual %),NY.GDP.MKTP.KD.ZG,market_growth,2022,3.44001097265647
United Arab Emirates,ARE,GDP growth (annual %),NY.GDP.MKTP.KD.ZG,market_growth,2023,4.30113648499413
Australia,AUS,GDP growth (annual %),NY.GDP.MKTP.KD.ZG,market_growth,2023,3.58382100798981
Canada,CAN,GDP growth (annual %),NY.GDP.MKTP.KD.ZG,market_growth,2023,1.95308552199025
China,CHN,GDP growth (annual %),NY.GDP.MKTP.KD.ZG,market_growth,2023,5.41600334492955
Germany,DEU,GDP growth (annual %),NY.GDP.MKTP.KD.ZG,market_growth,2023,-0.869647578573321
"Egypt, Arab Rep.",EGY,GDP growth (annual %),NY.GDP.MKTP.KD.ZG,market_growth,2023,3.76028052279247
Euro area,EMU,GDP growth (annual %),NY.GDP.MKTP.KD.ZG,market_growth,2023,0.460070365687699
European Union,EUU,GDP growth (annual %),NY.GDP.MKTP.KD.ZG,market_growth,2023,0.4380089249495
France,FRA,GDP growth (annual %),NY.GDP.MKTP.KD.ZG,market_growth,2023,1.43921494437743
United Kingdom,GBR,GDP growth (annual %),NY.GDP.MKTP.KD.ZG,market_growth,2023,0.271650048355255
Greece,GRC,GDP growth (annual %),NY.GDP.MKTP.KD.ZG,market_growth,2023,2.13591131996631
India,IND,GDP growth (annual %),NY.GDP.MKTP.KD.ZG,market_growth,2023,7.210224629335
Iraq,IRQ,GDP growth (annual %),NY.GDP.MKTP.KD.ZG,market_growth,2023,0.517705525140073
Italy,ITA,GDP growth (annual %),NY.GDP.MKTP.KD.ZG,market_growth,2023,0.922796543670316
Jordan,JOR,GDP growth (annual %),NY.GDP.MKTP.KD.ZG,market_growth,2023,3.12900102017251
Kuwait,KWT,GDP growth (annual %),NY.GDP.MKTP.KD.ZG,market_growth,2023,-1.64087799968877
Lebanon,LBN,GDP growth (annual %),NY.GDP.MKTP.KD.ZG,market_growth,2023,-0.760584470257314
Qatar,QAT,GDP growth (annual %),NY.GDP.MKTP.KD.ZG,market_growth,2023,1.18715991623776
Saudi Arabia,SAU,GDP growth (annual %),NY.GDP.MKTP.KD.ZG,market_growth,2023,0.542592439393161
Turkiye,TUR,GDP growth (annual %),NY.GDP.MKTP.KD.ZG,market_growth,2023,5.04512369812289
United States,USA,GDP growth (annual %),NY.GDP.MKTP.KD.ZG,market_growth,2023,2.93436322440155
World,WLD,GDP growth (annual %),NY.GDP.MKTP.KD.ZG,market_growth,2023,2.85938493335973
United Arab Emirates,ARE,GDP growth (annual %),NY.GDP.MKTP.KD.ZG,market_growth,2024,3.99181200361831
Australia,AUS,GDP growth (annual %),NY.GDP.MKTP.KD.ZG,market_growth,2024,1.37340773365975
Canada,CAN,GDP growth (annual %),NY.GDP.MKTP.KD.ZG,market_growth,2024,2.04626605401701
China,CHN,GDP growth (annual %),NY.GDP.MKTP.KD.ZG,market_growth,2024,4.95830378788091
Germany,DEU,GDP growth (annual %),NY.GDP.MKTP.KD.ZG,market_growth,2024,-0.495851897260366
"Egypt, Arab Rep.",EGY,GDP growth (annual %),NY.GDP.MKTP.KD.ZG,market_growth,2024,2.3991692678251
Euro area,EMU,GDP growth (annual %),NY.GDP.MKTP.KD.ZG,market_growth,2024,0.938707263867073
European Union,EUU,GDP growth (annual %),NY.GDP.MKTP.KD.ZG,market_growth,2024,1.08657885620458
France,FRA,GDP growth (annual %),NY.GDP.MKTP.KD.ZG,market_growth,2024,1.19046798275883
United Kingdom,GBR,GDP growth (annual %),NY.GDP.MKTP.KD.ZG,market_growth,2024,1.08027716858781
Greece,GRC,GDP growth (annual %),NY.GDP.MKTP.KD.ZG,market_growth,2024,2.0865743380603
India,IND,GDP growth (annual %),NY.GDP.MKTP.KD.ZG,market_growth,2024,7.09927893176518
Iraq,IRQ,GDP growth (annual %),NY.GDP.MKTP.KD.ZG,market_growth,2024,-1.54525198319173
Italy,ITA,GDP growth (annual %),NY.GDP.MKTP.KD.ZG,market_growth,2024,0.783039135276795
Jordan,JOR,GDP growth (annual %),NY.GDP.MKTP.KD.ZG,market_growth,2024,2.55605891810194
Kuwait,KWT,GDP growth (annual %),NY.GDP.MKTP.KD.ZG,market_growth,2024,-1.47401818168846
Lebanon,LBN,GDP growth (annual %),NY.GDP.MKTP.KD.ZG,market_growth,2024,-7.07989192861814
Qatar,QAT,GDP growth (annual %),NY.GDP.MKTP.KD.ZG,market_growth,2024,3.10963283242745
Saudi Arabia,SAU,GDP growth (annual %),NY.GDP.MKTP.KD.ZG,market_growth,2024,2.64893068308965
Turkiye,TUR,GDP growth (annual %),NY.GDP.MKTP.KD.ZG,market_growth,2024,3.3276230893799
United States,USA,GDP growth (annual %),NY.GDP.MKTP.KD.ZG,market_growth,2024,2.79318715363841
World,WLD,GDP growth (annual %),NY.GDP.MKTP.KD.ZG,market_growth,2024,2.90001340156714
Australia,AUS,GDP growth (annual %),NY.GDP.MKTP.KD.ZG,market_growth,2025,1.35039785076631
Canada,CAN,GDP growth (annual %),NY.GDP.MKTP.KD.ZG,market_growth,2025,1.74268536175708
China,CHN,GDP growth (annual %),NY.GDP.MKTP.KD.ZG,market_growth,2025,4.95994886240992
Germany,DEU,GDP growth (annual %),NY.GDP.MKTP.KD.ZG,market_growth,2025,0.239578342117881
"Egypt, Arab Rep.",EGY,GDP growth (annual %),NY.GDP.MKTP.KD.ZG,market_growth,2025,4.39201068570188
Euro area,EMU,GDP growth (annual %),NY.GDP.MKTP.KD.ZG,market_growth,2025,1.41107242318353
European Union,EUU,GDP growth (annual %),NY.GDP.MKTP.KD.ZG,market_growth,2025,1.53795434836212
France,FRA,GDP growth (annual %),NY.GDP.MKTP.KD.ZG,market_growth,2025,0.840949955479587
United Kingdom,GBR,GDP growth (annual %),NY.GDP.MKTP.KD.ZG,market_growth,2025,1.38844207858726
Greece,GRC,GDP growth (annual %),NY.GDP.MKTP.KD.ZG,market_growth,2025,2.07306882481713
India,IND,GDP growth (annual %),NY.GDP.MKTP.KD.ZG,market_growth,2025,7.56666179284244
Iraq,IRQ,GDP growth (annual %),NY.GDP.MKTP.KD.ZG,market_growth,2025,-2.15574219066178
Italy,ITA,GDP growth (annual %),NY.GDP.MKTP.KD.ZG,market_growth,2025,0.539583636778445
Jordan,JOR,GDP growth (annual %),NY.GDP.MKTP.KD.ZG,market_growth,2025,2.82660839845745
Kuwait,KWT,GDP growth (annual %),NY.GDP.MKTP.KD.ZG,market_growth,2025,2.731825804492
Qatar,QAT,GDP growth (annual %),NY.GDP.MKTP.KD.ZG,market_growth,2025,2.90166036660493
Saudi Arabia,SAU,GDP growth (annual %),NY.GDP.MKTP.KD.ZG,market_growth,2025,4.50246560191663
Turkiye,TUR,GDP growth (annual %),NY.GDP.MKTP.KD.ZG,market_growth,2025,3.60462514082589
United States,USA,GDP growth (annual %),NY.GDP.MKTP.KD.ZG,market_growth,2025,2.16138195623856
World,WLD,GDP growth (annual %),NY.GDP.MKTP.KD.ZG,market_growth,2025,2.92127318539153
United Arab Emirates,ARE,"Population, total",SP.POP.TOTL,market_size,1960,131334.0
Australia,AUS,"Population, total",SP.POP.TOTL,market_size,1960,10276477.0
Canada,CAN,"Population, total",SP.POP.TOTL,market_size,1960,17909356.0
China,CHN,"Population, total",SP.POP.TOTL,market_size,1960,667070000.0
Germany,DEU,"Population, total",SP.POP.TOTL,market_size,1960,72814900.0
"Egypt, Arab Rep.",EGY,"Population, total",SP.POP.TOTL,market_size,1960,26896479.0
Euro area,EMU,"Population, total",SP.POP.TOTL,market_size,1960,278016344.0
European Union,EUU,"Population, total",SP.POP.TOTL,market_size,1960,357710476.0
France,FRA,"Population, total",SP.POP.TOTL,market_size,1960,47412964.0
United Kingdom,GBR,"Population, total",SP.POP.TOTL,market_size,1960,52400000.0
Greece,GRC,"Population, total",SP.POP.TOTL,market_size,1960,8331725.0
India,IND,"Population, total",SP.POP.TOTL,market_size,1960,435990338.0
Iraq,IRQ,"Population, total",SP.POP.TOTL,market_size,1960,7022052.0
Italy,ITA,"Population, total",SP.POP.TOTL,market_size,1960,50199700.0
Jordan,JOR,"Population, total",SP.POP.TOTL,market_size,1960,853471.0
Kuwait,KWT,"Population, total",SP.POP.TOTL,market_size,1960,311060.0
Lebanon,LBN,"Population, total",SP.POP.TOTL,market_size,1960,1794406.0
Qatar,QAT,"Population, total",SP.POP.TOTL,market_size,1960,36010.0
Saudi Arabia,SAU,"Population, total",SP.POP.TOTL,market_size,1960,2435403.0
Turkiye,TUR,"Population, total",SP.POP.TOTL,market_size,1960,28329898.0
United States,USA,"Population, total",SP.POP.TOTL,market_size,1960,180671000.0
World,WLD,"Population, total",SP.POP.TOTL,market_size,1960,3021512598.0
United Arab Emirates,ARE,"Population, total",SP.POP.TOTL,market_size,1961,137989.0
Australia,AUS,"Population, total",SP.POP.TOTL,market_size,1961,10483000.0
Canada,CAN,"Population, total",SP.POP.TOTL,market_size,1961,18271000.0
China,CHN,"Population, total",SP.POP.TOTL,market_size,1961,660330000.0
Germany,DEU,"Population, total",SP.POP.TOTL,market_size,1961,73377632.0
"Egypt, Arab Rep.",EGY,"Population, total",SP.POP.TOTL,market_size,1961,27600898.0
Euro area,EMU,"Population, total",SP.POP.TOTL,market_size,1961,280416069.0
European Union,EUU,"Population, total",SP.POP.TOTL,market_size,1961,360681613.0
France,FRA,"Population, total",SP.POP.TOTL,market_size,1961,47905982.0
United Kingdom,GBR,"Population, total",SP.POP.TOTL,market_size,1961,52800000.0
Greece,GRC,"Population, total",SP.POP.TOTL,market_size,1961,8398050.0
India,IND,"Population, total",SP.POP.TOTL,market_size,1961,446564729.0
Iraq,IRQ,"Population, total",SP.POP.TOTL,market_size,1961,7194553.0
Italy,ITA,"Population, total",SP.POP.TOTL,market_size,1961,50536350.0
Jordan,JOR,"Population, total",SP.POP.TOTL,market_size,1961,897591.0
Kuwait,KWT,"Population, total",SP.POP.TOTL,market_size,1961,345945.0
Lebanon,LBN,"Population, total",SP.POP.TOTL,market_size,1961,1850084.0
Qatar,QAT,"Population, total",SP.POP.TOTL,market_size,1961,39680.0
Saudi Arabia,SAU,"Population, total",SP.POP.TOTL,market_size,1961,2526347.0
Turkiye,TUR,"Population, total",SP.POP.TOTL,market_size,1961,29119238.0
United States,USA,"Population, total",SP.POP.TOTL,market_size,1961,183691000.0
World,WLD,"Population, total",SP.POP.TOTL,market_size,1961,3062768116.0
United Arab Emirates,ARE,"Population, total",SP.POP.TOTL,market_size,1962,144946.0
Australia,AUS,"Population, total",SP.POP.TOTL,market_size,1962,10742000.0
Canada,CAN,"Population, total",SP.POP.TOTL,market_size,1962,18614000.0
China,CHN,"Population, total",SP.POP.TOTL,market_size,1962,665770000.0
Germany,DEU,"Population, total",SP.POP.TOTL,market_size,1962,74025784.0
"Egypt, Arab Rep.",EGY,"Population, total",SP.POP.TOTL,market_size,1962,28337013.0
Euro area,EMU,"Population, total",SP.POP.TOTL,market_size,1962,282828128.0
European Union,EUU,"Population, total",SP.POP.TOTL,market_size,1962,363707978.0
France,FRA,"Population, total",SP.POP.TOTL,market_size,1962,48389516.0
United Kingdom,GBR,"Population, total",SP.POP.TOTL,market_size,1962,53250000.0
Greece,GRC,"Population, total",SP.POP.TOTL,market_size,1962,8448233.0
India,IND,"Population, total",SP.POP.TOTL,market_size,1962,457283090.0
Iraq,IRQ,"Population, total",SP.POP.TOTL,market_size,1962,7413875.0
Italy,ITA,"Population, total",SP.POP.TOTL,market_size,1962,50879450.0
Jordan,JOR,"Population, total",SP.POP.TOTL,market_size,1962,940554.0
Kuwait,KWT,"Population, total",SP.POP.TOTL,market_size,1962,384995.0
Lebanon,LBN,"Population, total",SP.POP.TOTL,market_size,1962,1909578.0
Qatar,QAT,"Population, total",SP.POP.TOTL,market_size,1962,44630.0
Saudi Arabia,SAU,"Population, total",SP.POP.TOTL,market_size,1962,2620910.0
Turkiye,TUR,"Population, total",SP.POP.TOTL,market_size,1962,29916147.0
United States,USA,"Population, total",SP.POP.TOTL,market_size,1962,186538000.0
World,WLD,"Population, total",SP.POP.TOTL,market_size,1962,3117372187.0
United Arab Emirates,ARE,"Population, total",SP.POP.TOTL,market_size,1963,152211.0
Australia,AUS,"Population, total",SP.POP.TOTL,market_size,1963,10950000.0
Canada,CAN,"Population, total",SP.POP.TOTL,market_size,1963,18964000.0
China,CHN,"Population, total",SP.POP.TOTL,market_size,1963,682335000.0
Germany,DEU,"Population, total",SP.POP.TOTL,market_size,1963,74714353.0
"Egypt, Arab Rep.",EGY,"Population, total",SP.POP.TOTL,market_size,1963,29091869.0
Euro area,EMU,"Population, total",SP.POP.TOTL,market_size,1963,285283493.0
European Union,EUU,"Population, total",SP.POP.TOTL,market_size,1963,366840786.0
France,FRA,"Population, total",SP.POP.TOTL,market_size,1963,48877567.0
United Kingdom,GBR,"Population, total",SP.POP.TOTL,market_size,1963,53650000.0
Greece,GRC,"Population, total",SP.POP.TOTL,market_size,1963,8479625.0
India,IND,"Population, total",SP.POP.TOTL,market_size,1963,468138575.0
Iraq,IRQ,"Population, total",SP.POP.TOTL,market_size,1963,7667928.0
Italy,ITA,"Population, total",SP.POP.TOTL,market_size,1963,51252000.0
Jordan,JOR,"Population, total",SP.POP.TOTL,market_size,1963,984714.0
Kuwait,KWT,"Population, total",SP.POP.TOTL,market_size,1963,427694.0
Lebanon,LBN,"Population, total",SP.POP.TOTL,market_size,1963,1970316.0
Qatar,QAT,"Population, total",SP.POP.TOTL,market_size,1963,50380.0
Saudi Arabia,SAU,"Population, total",SP.POP.TOTL,market_size,1963,2719341.0
Turkiye,TUR,"Population, total",SP.POP.TOTL,market_size,1963,30726841.0
United States,USA,"Population, total",SP.POP.TOTL,market_size,1963,189242000.0
World,WLD,"Population, total",SP.POP.TOTL,market_size,1963,3184063049.0
United Arab Emirates,ARE,"Population, total",SP.POP.TOTL,market_size,1964,159692.0
Australia,AUS,"Population, total",SP.POP.TOTL,market_size,1964,11167000.0
Canada,CAN,"Population, total",SP.POP.TOTL,market_size,1964,19325000.0
China,CHN,"Population, total",SP.POP.TOTL,market_size,1964,698355000.0
Germany,DEU,"Population, total",SP.POP.TOTL,market_size,1964,75318337.0
"Egypt, Arab Rep.",EGY,"Population, total",SP.POP.TOTL,market_size,1964,29858922.0
Euro area,EMU,"Population, total",SP.POP.TOTL,market_size,1964,287765396.0
European Union,EUU,"Population, total",SP.POP.TOTL,market_size,1964,370055037.0
France,FRA,"Population, total",SP.POP.TOTL,market_size,1964,49401492.0
United Kingdom,GBR,"Population, total",SP.POP.TOTL,market_size,1964,54000000.0
Greece,GRC,"Population, total",SP.POP.TOTL,market_size,1964,8510429.0
India,IND,"Population, total",SP.POP.TOTL,market_size,1964,479229598.0
Iraq,IRQ,"Population, total",SP.POP.TOTL,market_size,1964,7929566.0
Italy,ITA,"Population, total",SP.POP.TOTL,market_size,1964,51675350.0
Jordan,JOR,"Population, total",SP.POP.TOTL,market_size,1964,1035640.0
Kuwait,KWT,"Population, total",SP.POP.TOTL,market_size,1964,473115.0
Lebanon,LBN,"Population, total",SP.POP.TOTL,market_size,1964,2030543.0
Qatar,QAT,"Population, total",SP.POP.TOTL,market_size,1964,56867.0
Saudi Arabia,SAU,"Population, total",SP.POP.TOTL,market_size,1964,2821968.0
Turkiye,TUR,"Population, total",SP.POP.TOTL,market_size,1964,31543072.0
United States,USA,"Population, total",SP.POP.TOTL,market_size,1964,191889000.0
World,WLD,"Population, total",SP.POP.TOTL,market_size,1964,3251249170.0
United Arab Emirates,ARE,"Population, total",SP.POP.TOTL,market_size,1965,167103.0
Australia,AUS,"Population, total",SP.POP.TOTL,market_size,1965,11388000.0
Canada,CAN,"Population, total",SP.POP.TOTL,market_size,1965,19678000.0
China,CHN,"Population, total",SP.POP.TOTL,market_size,1965,715185000.0
Germany,DEU,"Population, total",SP.POP.TOTL,market_size,1965,75963695.0
"Egypt, Arab Rep.",EGY,"Population, total",SP.POP.TOTL,market_size,1965,30629174.0
Euro area,EMU,"Population, total",SP.POP.TOTL,market_size,1965,290232515.0
European Union,EUU,"Population, total",SP.POP.TOTL,market_size,1965,373129199.0
France,FRA,"Population, total",SP.POP.TOTL,market_size,1965,49877725.0
United Kingdom,GBR,"Population, total",SP.POP.TOTL,market_size,1965,54348050.0
Greece,GRC,"Population, total",SP.POP.TOTL,market_size,1965,8550333.0
India,IND,"Population, total",SP.POP.TOTL,market_size,1965,490140146.0
Iraq,IRQ,"Population, total",SP.POP.TOTL,market_size,1965,8202140.0
Italy,ITA,"Population, total",SP.POP.TOTL,market_size,1965,52112350.0
Jordan,JOR,"Population, total",SP.POP.TOTL,market_size,1965,1099440.0
Kuwait,KWT,"Population, total",SP.POP.TOTL,market_size,1965,521174.0
Lebanon,LBN,"Population, total",SP.POP.TOTL,market_size,1965,2088831.0
Qatar,QAT,"Population, total",SP.POP.TOTL,market_size,1965,64065.0
Saudi Arabia,SAU,"Population, total",SP.POP.TOTL,market_size,1965,2928771.0
Turkiye,TUR,"Population, total",SP.POP.TOTL,market_size,1965,32345220.0
United States,USA,"Population, total",SP.POP.TOTL,market_size,1965,194303000.0
World,WLD,"Population, total",SP.POP.TOTL,market_size,1965,3318979339.0
United Arab Emirates,ARE,"Population, total",SP.POP.TOTL,market_size,1966,173976.0
Australia,AUS,"Population, total",SP.POP.TOTL,market_size,1966,11651000.0
Canada,CAN,"Population, total",SP.POP.TOTL,market_size,1966,20048000.0
China,CHN,"Population, total",SP.POP.TOTL,market_size,1966,735400000.0
Germany,DEU,"Population, total",SP.POP.TOTL,market_size,1966,76600311.0
"Egypt, Arab Rep.",EGY,"Population, total",SP.POP.TOTL,market_size,1966,31406541.0
Euro area,EMU,"Population, total",SP.POP.TOTL,market_size,1966,292557254.0
European Union,EUU,"Population, total",SP.POP.TOTL,market_size,1966,376058575.0
France,FRA,"Population, total",SP.POP.TOTL,market_size,1966,50311637.0
United Kingdom,GBR,"Population, total",SP.POP.TOTL,market_size,1966,54648500.0
Greece,GRC,"Population, total",SP.POP.TOTL,market_size,1966,8613651.0
India,IND,"Population, total",SP.POP.TOTL,market_size,1966,500740247.0
Iraq,IRQ,"Population, total",SP.POP.TOTL,market_size,1966,8485104.0
Italy,ITA,"Population, total",SP.POP.TOTL,market_size,1966,52519000.0
Jordan,JOR,"Population, total",SP.POP.TOTL,market_size,1966,1178360.0
Kuwait,KWT,"Population, total",SP.POP.TOTL,market_size,1966,572590.0
Lebanon,LBN,"Population, total",SP.POP.TOTL,market_size,1966,2148260.0
Qatar,QAT,"Population, total",SP.POP.TOTL,market_size,1966,72192.0
Saudi Arabia,SAU,"Population, total",SP.POP.TOTL,market_size,1966,3039887.0
Turkiye,TUR,"Population, total",SP.POP.TOTL,market_size,1966,33177672.0
United States,USA,"Population, total",SP.POP.TOTL,market_size,1966,196560000.0
World,WLD,"Population, total",SP.POP.TOTL,market_size,1966,3389042165.0
United Arab Emirates,ARE,"Population, total",SP.POP.TOTL,market_size,1967,179700.0
Australia,AUS,"Population, total",SP.POP.TOTL,market_size,1967,11799000.0
Canada,CAN,"Population, total",SP.POP.TOTL,market_size,1967,20412000.0
China,CHN,"Population, total",SP.POP.TOTL,market_size,1967,754550000.0
Germany,DEU,"Population, total",SP.POP.TOTL,market_size,1967,76951336.0
"Egypt, Arab Rep.",EGY,"Population, total",SP.POP.TOTL,market_size,1967,32196360.0
Euro area,EMU,"Population, total",SP.POP.TOTL,market_size,1967,294608732.0
European Union,EUU,"Population, total",SP.POP.TOTL,market_size,1967,378902917.0
France,FRA,"Population, total",SP.POP.TOTL,market_size,1967,50722791.0
United Kingdom,GBR,"Population, total",SP.POP.TOTL,market_size,1967,54943600.0
Greece,GRC,"Population, total",SP.POP.TOTL,market_size,1967,8684088.0
India,IND,"Population, total",SP.POP.TOTL,market_size,1967,511606372.0
Iraq,IRQ,"Population, total",SP.POP.TOTL,market_size,1967,8778869.0
Italy,ITA,"Population, total",SP.POP.TOTL,market_size,1967,52900500.0
Jordan,JOR,"Population, total",SP.POP.TOTL,market_size,1967,1271183.0
Kuwait,KWT,"Population, total",SP.POP.TOTL,market_size,1967,628089.0
Lebanon,LBN,"Population, total",SP.POP.TOTL,market_size,1967,2206731.0
Qatar,QAT,"Population, total",SP.POP.TOTL,market_size,1967,81439.0
Saudi Arabia,SAU,"Population, total",SP.POP.TOTL,market_size,1967,3157242.0
Turkiye,TUR,"Population, total",SP.POP.TOTL,market_size,1967,34050421.0
United States,USA,"Population, total",SP.POP.TOTL,market_size,1967,198712000.0
World,WLD,"Population, total",SP.POP.TOTL,market_size,1967,3458932230.0
United Arab Emirates,ARE,"Population, total",SP.POP.TOTL,market_size,1968,199416.0
Australia,AUS,"Population, total",SP.POP.TOTL,market_size,1968,12009000.0
Canada,CAN,"Population, total",SP.POP.TOTL,market_size,1968,20744000.0
China,CHN,"Population, total",SP.POP.TOTL,market_size,1968,774510000.0
Germany,DEU,"Population, total",SP.POP.TOTL,market_size,1968,77294314.0
"Egypt, Arab Rep.",EGY,"Population, total",SP.POP.TOTL,market_size,1968,32998319.0
Euro area,EMU,"Population, total",SP.POP.TOTL,market_size,1968,296575774.0
European Union,EUU,"Population, total",SP.POP.TOTL,market_size,1968,381579577.0
France,FRA,"Population, total",SP.POP.TOTL,market_size,1968,51112980.0
United Kingdom,GBR,"Population, total",SP.POP.TOTL,market_size,1968,55211700.0
Greece,GRC,"Population, total",SP.POP.TOTL,market_size,1968,8740765.0
India,IND,"Population, total",SP.POP.TOTL,market_size,1968,522716889.0
Iraq,IRQ,"Population, total",SP.POP.TOTL,market_size,1968,9085016.0
Italy,ITA,"Population, total",SP.POP.TOTL,market_size,1968,53235750.0
Jordan,JOR,"Population, total",SP.POP.TOTL,market_size,1968,1372460.0
Kuwait,KWT,"Population, total",SP.POP.TOTL,market_size,1968,687716.0
Lebanon,LBN,"Population, total",SP.POP.TOTL,market_size,1968,2266368.0
Qatar,QAT,"Population, total",SP.POP.TOTL,market_size,1968,91749.0
Saudi Arabia,SAU,"Population, total",SP.POP.TOTL,market_size,1968,3282711.0
Turkiye,TUR,"Population, total",SP.POP.TOTL,market_size,1968,34921684.0
United States,USA,"Population, total",SP.POP.TOTL,market_size,1968,200706000.0
World,WLD,"Population, total",SP.POP.TOTL,market_size,1968,3530576858.0
United Arab Emirates,ARE,"Population, total",SP.POP.TOTL,market_size,1969,239660.0
Australia,AUS,"Population, total",SP.POP.TOTL,market_size,1969,12263000.0
Canada,CAN,"Population, total",SP.POP.TOTL,market_size,1969,21028000.0
China,CHN,"Population, total",SP.POP.TOTL,market_size,1969,796025000.0
Germany,DEU,"Population, total",SP.POP.TOTL,market_size,1969,77909682.0
"Egypt, Arab Rep.",EGY,"Population, total",SP.POP.TOTL,market_size,1969,33811615.0
Euro area,EMU,"Population, total",SP.POP.TOTL,market_size,1969,298613550.0
European Union,EUU,"Population, total",SP.POP.TOTL,market_size,1969,384226226.0
France,FRA,"Population, total",SP.POP.TOTL,market_size,1969,51536014.0
United Kingdom,GBR,"Population, total",SP.POP.TOTL,market_size,1969,55441750.0
Greece,GRC,"Population, total",SP.POP.TOTL,market_size,1969,8772764.0
India,IND,"Population, total",SP.POP.TOTL,market_size,1969,533880544.0
Iraq,IRQ,"Population, total",SP.POP.TOTL,market_size,1969,9403356.0
Italy,ITA,"Population, total",SP.POP.TOTL,market_size,1969,53537950.0
Jordan,JOR,"Population, total",SP.POP.TOTL,market_size,1969,1473100.0
Kuwait,KWT,"Population, total",SP.POP.TOTL,market_size,1969,749452.0
Lebanon,LBN,"Population, total",SP.POP.TOTL,market_size,1969,2328159.0
Qatar,QAT,"Population, total",SP.POP.TOTL,market_size,1969,103025.0
Saudi Arabia,SAU,"Population, total",SP.POP.TOTL,market_size,1969,3417114.0
Turkiye,TUR,"Population, total",SP.POP.TOTL,market_size,1969,35787774.0
United States,USA,"Population, total",SP.POP.TOTL,market_size,1969,202677000.0
World,WLD,"Population, total",SP.POP.TOTL,market_size,1969,3604694154.0
United Arab Emirates,ARE,"Population, total",SP.POP.TOTL,market_size,1970,286536.0
Australia,AUS,"Population, total",SP.POP.TOTL,market_size,1970,12507000.0
Canada,CAN,"Population, total",SP.POP.TOTL,market_size,1970,21324000.0
China,CHN,"Population, total",SP.POP.TOTL,market_size,1970,818315000.0
Germany,DEU,"Population, total",SP.POP.TOTL,market_size,1970,78169289.0
"Egypt, Arab Rep.",EGY,"Population, total",SP.POP.TOTL,market_size,1970,34623990.0
Euro area,EMU,"Population, total",SP.POP.TOTL,market_size,1970,300323930.0
European Union,EUU,"Population, total",SP.POP.TOTL,market_size,1970,386406167.0
France,FRA,"Population, total",SP.POP.TOTL,market_size,1970,52007169.0
United Kingdom,GBR,"Population, total",SP.POP.TOTL,market_size,1970,55663250.0
Greece,GRC,"Population, total",SP.POP.TOTL,market_size,1970,8792806.0
India,IND,"Population, total",SP.POP.TOTL,market_size,1970,545864268.0
Iraq,IRQ,"Population, total",SP.POP.TOTL,market_size,1970,9735611.0
Italy,ITA,"Population, total",SP.POP.TOTL,market_size,1970,53821850.0
Jordan,JOR,"Population, total",SP.POP.TOTL,market_size,1970,1565163.0
Kuwait,KWT,"Population, total",SP.POP.TOTL,market_size,1970,809114.0
Lebanon,LBN,"Population, total",SP.POP.TOTL,market_size,1970,2386114.0
Qatar,QAT,"Population, total",SP.POP.TOTL,market_size,1970,116350.0
Saudi Arabia,SAU,"Population, total",SP.POP.TOTL,market_size,1970,3562470.0
Turkiye,TUR,"Population, total",SP.POP.TOTL,market_size,1970,36638465.0
United States,USA,"Population, total",SP.POP.TOTL,market_size,1970,205052000.0
World,WLD,"Population, total",SP.POP.TOTL,market_size,1970,3680493750.0
United Arab Emirates,ARE,"Population, total",SP.POP.TOTL,market_size,1971,335027.0
Australia,AUS,"Population, total",SP.POP.TOTL,market_size,1971,12937000.0
Canada,CAN,"Population, total",SP.POP.TOTL,market_size,1971,21962032.0
China,CHN,"Population, total",SP.POP.TOTL,market_size,1971,841105000.0
Germany,DEU,"Population, total",SP.POP.TOTL,market_size,1971,78312842.0
"Egypt, Arab Rep.",EGY,"Population, total",SP.POP.TOTL,market_size,1971,35433368.0
Euro area,EMU,"Population, total",SP.POP.TOTL,market_size,1971,302052492.0
European Union,EUU,"Population, total",SP.POP.TOTL,market_size,1971,388553371.0
France,FRA,"Population, total",SP.POP.TOTL,market_size,1971,52499553.0
United Kingdom,GBR,"Population, total",SP.POP.TOTL,market_size,1971,55896223.0
Greece,GRC,"Population, total",SP.POP.TOTL,market_size,1971,8831036.0
India,IND,"Population, total",SP.POP.TOTL,market_size,1971,558096387.0
Iraq,IRQ,"Population, total",SP.POP.TOTL,market_size,1971,10077809.0
Italy,ITA,"Population, total",SP.POP.TOTL,market_size,1971,54073490.0
Jordan,JOR,"Population, total",SP.POP.TOTL,market_size,1971,1645145.0
Kuwait,KWT,"Population, total",SP.POP.TOTL,market_size,1971,865076.0
Lebanon,LBN,"Population, total",SP.POP.TOTL,market_size,1971,2446314.0
Qatar,QAT,"Population, total",SP.POP.TOTL,market_size,1971,131346.0
Saudi Arabia,SAU,"Population, total",SP.POP.TOTL,market_size,1971,3724031.0
Turkiye,TUR,"Population, total",SP.POP.TOTL,market_size,1971,37518611.0
United States,USA,"Population, total",SP.POP.TOTL,market_size,1971,207661000.0
World,WLD,"Population, total",SP.POP.TOTL,market_size,1971,3758515396.0
United Arab Emirates,ARE,"Population, total",SP.POP.TOTL,market_size,1972,385014.0
Australia,AUS,"Population, total",SP.POP.TOTL,market_size,1972,13177000.0
Canada,CAN,"Population, total",SP.POP.TOTL,market_size,1972,22218463.0
China,CHN,"Population, total",SP.POP.TOTL,market_size,1972,862030000.0
Germany,DEU,"Population, total",SP.POP.TOTL,market_size,1972,78688452.0
"Egypt, Arab Rep.",EGY,"Population, total",SP.POP.TOTL,market_size,1972,36258328.0
Euro area,EMU,"Population, total",SP.POP.TOTL,market_size,1972,304103642.0
European Union,EUU,"Population, total",SP.POP.TOTL,market_size,1972,391197266.0
France,FRA,"Population, total",SP.POP.TOTL,market_size,1972,52962356.0
United Kingdom,GBR,"Population, total",SP.POP.TOTL,market_size,1972,56086065.0
Greece,GRC,"Population, total",SP.POP.TOTL,market_size,1972,8888628.0
India,IND,"Population, total",SP.POP.TOTL,market_size,1972,570482142.0
Iraq,IRQ,"Population, total",SP.POP.TOTL,market_size,1972,10430164.0
Italy,ITA,"Population, total",SP.POP.TOTL,market_size,1972,54381345.0
Jordan,JOR,"Population, total",SP.POP.TOTL,market_size,1972,1714555.0
Kuwait,KWT,"Population, total",SP.POP.TOTL,market_size,1972,920352.0
Lebanon,LBN,"Population, total",SP.POP.TOTL,market_size,1972,2509729.0
Qatar,QAT,"Population, total",SP.POP.TOTL,market_size,1972,146506.0
Saudi Arabia,SAU,"Population, total",SP.POP.TOTL,market_size,1972,3905722.0
Turkiye,TUR,"Population, total",SP.POP.TOTL,market_size,1972,38430221.0
United States,USA,"Population, total",SP.POP.TOTL,market_size,1972,209896000.0
World,WLD,"Population, total",SP.POP.TOTL,market_size,1972,3834345191.0
United Arab Emirates,ARE,"Population, total",SP.POP.TOTL,market_size,1973,436399.0
Australia,AUS,"Population, total",SP.POP.TOTL,market_size,1973,13380000.0
Canada,CAN,"Population, total",SP.POP.TOTL,market_size,1973,22491777.0
China,CHN,"Population, total",SP.POP.TOTL,market_size,1973,881940000.0
Germany,DEU,"Population, total",SP.POP.TOTL,market_size,1973,78936666.0
"Egypt, Arab Rep.",EGY,"Population, total",SP.POP.TOTL,market_size,1973,37102043.0
Euro area,EMU,"Population, total",SP.POP.TOTL,market_size,1973,306034619.0
European Union,EUU,"Population, total",SP.POP.TOTL,market_size,1973,393739994.0
France,FRA,"Population, total",SP.POP.TOTL,market_size,1973,53392161.0
United Kingdom,GBR,"Population, total",SP.POP.TOTL,market_size,1973,56194527.0
Greece,GRC,"Population, total",SP.POP.TOTL,market_size,1973,8929086.0
India,IND,"Population, total",SP.POP.TOTL,market_size,1973,583465598.0
Iraq,IRQ,"Population, total",SP.POP.TOTL,market_size,1973,10795869.0
Italy,ITA,"Population, total",SP.POP.TOTL,market_size,1973,54751406.0
Jordan,JOR,"Population, total",SP.POP.TOTL,market_size,1973,1778094.0
Kuwait,KWT,"Population, total",SP.POP.TOTL,market_size,1973,977654.0
Lebanon,LBN,"Population, total",SP.POP.TOTL,market_size,1973,2572935.0
Qatar,QAT,"Population, total",SP.POP.TOTL,market_size,1973,161841.0
Saudi Arabia,SAU,"Population, total",SP.POP.TOTL,market_size,1973,4106344.0
Turkiye,TUR,"Population, total",SP.POP.TOTL,market_size,1973,39329533.0
United States,USA,"Population, total",SP.POP.TOTL,market_size,1973,211909000.0
World,WLD,"Population, total",SP.POP.TOTL,market_size,1973,3910964219.0
United Arab Emirates,ARE,"Population, total",SP.POP.TOTL,market_size,1974,489087.0
Australia,AUS,"Population, total",SP.POP.TOTL,market_size,1974,13723000.0
Canada,CAN,"Population, total",SP.POP.TOTL,market_size,1974,22807969.0
China,CHN,"Population, total",SP.POP.TOTL,market_size,1974,900350000.0
Germany,DEU,"Population, total",SP.POP.TOTL,market_size,1974,78967433.0
"Egypt, Arab Rep.",EGY,"Population, total",SP.POP.TOTL,market_size,1974,37969667.0
Euro area,EMU,"Population, total",SP.POP.TOTL,market_size,1974,307743890.0
European Union,EUU,"Population, total",SP.POP.TOTL,market_size,1974,396124649.0
France,FRA,"Population, total",SP.POP.TOTL,market_size,1974,53746571.0
United Kingdom,GBR,"Population, total",SP.POP.TOTL,market_size,1974,56229974.0
Greece,GRC,"Population, total",SP.POP.TOTL,market_size,1974,8962022.0
India,IND,"Population, total",SP.POP.TOTL,market_size,1974,597041391.0
Iraq,IRQ,"Population, total",SP.POP.TOTL,market_size,1974,11167761.0
Italy,ITA,"Population, total",SP.POP.TOTL,market_size,1974,55110868.0
Jordan,JOR,"Population, total",SP.POP.TOTL,market_size,1974,1839182.0
Kuwait,KWT,"Population, total",SP.POP.TOTL,market_size,1974,1038346.0
Lebanon,LBN,"Population, total",SP.POP.TOTL,market_size,1974,2635185.0
Qatar,QAT,"Population, total",SP.POP.TOTL,market_size,1974,177362.0
Saudi Arabia,SAU,"Population, total",SP.POP.TOTL,market_size,1974,4323632.0
Turkiye,TUR,"Population, total",SP.POP.TOTL,market_size,1974,40210234.0
United States,USA,"Population, total",SP.POP.TOTL,market_size,1974,213854000.0
World,WLD,"Population, total",SP.POP.TOTL,market_size,1974,3987186772.0
United Arab Emirates,ARE,"Population, total",SP.POP.TOTL,market_size,1975,542856.0
Australia,AUS,"Population, total",SP.POP.TOTL,market_size,1975,13893000.0
Canada,CAN,"Population, total",SP.POP.TOTL,market_size,1975,23143275.0
China,CHN,"Population, total",SP.POP.TOTL,market_size,1975,916395000.0
Germany,DEU,"Population, total",SP.POP.TOTL,market_size,1975,78673554.0
"Egypt, Arab Rep.",EGY,"Population, total",SP.POP.TOTL,market_size,1975,38875327.0
Euro area,EMU,"Population, total",SP.POP.TOTL,market_size,1975,309237468.0
European Union,EUU,"Population, total",SP.POP.TOTL,market_size,1975,398397694.0
France,FRA,"Population, total",SP.POP.TOTL,market_size,1975,54002853.0
United Kingdom,GBR,"Population, total",SP.POP.TOTL,market_size,1975,56225800.0
Greece,GRC,"Population, total",SP.POP.TOTL,market_size,1975,9046541.0
India,IND,"Population, total",SP.POP.TOTL,market_size,1975,611309535.0
Iraq,IRQ,"Population, total",SP.POP.TOTL,market_size,1975,11543639.0
Italy,ITA,"Population, total",SP.POP.TOTL,market_size,1975,55441001.0
Jordan,JOR,"Population, total",SP.POP.TOTL,market_size,1975,1899055.0
Kuwait,KWT,"Population, total",SP.POP.TOTL,market_size,1975,1104863.0
Lebanon,LBN,"Population, total",SP.POP.TOTL,market_size,1975,2693191.0
Qatar,QAT,"Population, total",SP.POP.TOTL,market_size,1975,193087.0
Saudi Arabia,SAU,"Population, total",SP.POP.TOTL,market_size,1975,4556287.0
Turkiye,TUR,"Population, total",SP.POP.TOTL,market_size,1975,41053126.0
United States,USA,"Population, total",SP.POP.TOTL,market_size,1975,215973000.0
World,WLD,"Population, total",SP.POP.TOTL,market_size,1975,4061959945.0
United Arab Emirates,ARE,"Population, total",SP.POP.TOTL,market_size,1976,615866.0
Australia,AUS,"Population, total",SP.POP.TOTL,market_size,1976,14033000.0
Canada,CAN,"Population, total",SP.POP.TOTL,market_size,1976,23449808.0
China,CHN,"Population, total",SP.POP.TOTL,market_size,1976,930685000.0
Germany,DEU,"Population, total",SP.POP.TOTL,market_size,1976,78336950.0
"Egypt, Arab Rep.",EGY,"Population, total",SP.POP.TOTL,market_size,1976,39795557.0
Euro area,EMU,"Population, total",SP.POP.TOTL,market_size,1976,310562923.0
European Union,EUU,"Population, total",SP.POP.TOTL,market_size,1976,400490355.0
France,FRA,"Population, total",SP.POP.TOTL,market_size,1976,54232383.0
United Kingdom,GBR,"Population, total",SP.POP.TOTL,market_size,1976,56211968.0
Greece,GRC,"Population, total",SP.POP.TOTL,market_size,1976,9188150.0
India,IND,"Population, total",SP.POP.TOTL,market_size,1976,625861883.0
Iraq,IRQ,"Population, total",SP.POP.TOTL,market_size,1976,11927651.0
Italy,ITA,"Population, total",SP.POP.TOTL,market_size,1976,55718260.0
Jordan,JOR,"Population, total",SP.POP.TOTL,market_size,1976,1958177.0
Kuwait,KWT,"Population, total",SP.POP.TOTL,market_size,1976,1178711.0
Lebanon,LBN,"Population, total",SP.POP.TOTL,market_size,1976,2726469.0
Qatar,QAT,"Population, total",SP.POP.TOTL,market_size,1976,209052.0
Saudi Arabia,SAU,"Population, total",SP.POP.TOTL,market_size,1976,4807933.0
Turkiye,TUR,"Population, total",SP.POP.TOTL,market_size,1976,41899984.0
United States,USA,"Population, total",SP.POP.TOTL,market_size,1976,218035000.0
World,WLD,"Population, total",SP.POP.TOTL,market_size,1976,4135644231.0
United Arab Emirates,ARE,"Population, total",SP.POP.TOTL,market_size,1977,710209.0
Australia,AUS,"Population, total",SP.POP.TOTL,market_size,1977,14192000.0
Canada,CAN,"Population, total",SP.POP.TOTL,market_size,1977,23725843.0
China,CHN,"Population, total",SP.POP.TOTL,market_size,1977,943455000.0
Germany,DEU,"Population, total",SP.POP.TOTL,market_size,1977,78159814.0
"Egypt, Arab Rep.",EGY,"Population, total",SP.POP.TOTL,market_size,1977,40748870.0
Euro area,EMU,"Population, total",SP.POP.TOTL,market_size,1977,311825940.0
European Union,EUU,"Population, total",SP.POP.TOTL,market_size,1977,402445831.0
France,FRA,"Population, total",SP.POP.TOTL,market_size,1977,54486467.0
United Kingdom,GBR,"Population, total",SP.POP.TOTL,market_size,1977,56193492.0
Greece,GRC,"Population, total",SP.POP.TOTL,market_size,1977,9308479.0
India,IND,"Population, total",SP.POP.TOTL,market_size,1977,640801103.0
Iraq,IRQ,"Population, total",SP.POP.TOTL,market_size,1977,12331046.0
Italy,ITA,"Population, total",SP.POP.TOTL,market_size,1977,55955411.0
Jordan,JOR,"Population, total",SP.POP.TOTL,market_size,1977,2019002.0
Kuwait,KWT,"Population, total",SP.POP.TOTL,market_size,1977,1258023.0
Lebanon,LBN,"Population, total",SP.POP.TOTL,market_size,1977,2762155.0
Qatar,QAT,"Population, total",SP.POP.TOTL,market_size,1977,225285.0
Saudi Arabia,SAU,"Population, total",SP.POP.TOTL,market_size,1977,5083048.0
Turkiye,TUR,"Population, total",SP.POP.TOTL,market_size,1977,42773298.0
United States,USA,"Population, total",SP.POP.TOTL,market_size,1977,220239000.0
World,WLD,"Population, total",SP.POP.TOTL,market_size,1977,4208840894.0
United Arab Emirates,ARE,"Population, total",SP.POP.TOTL,market_size,1978,809274.0
Australia,AUS,"Population, total",SP.POP.TOTL,market_size,1978,14358000.0
Canada,CAN,"Population, total",SP.POP.TOTL,market_size,1978,23963203.0
China,CHN,"Population, total",SP.POP.TOTL,market_size,1978,956165000.0
Germany,DEU,"Population, total",SP.POP.TOTL,market_size,1978,78091820.0
"Egypt, Arab Rep.",EGY,"Population, total",SP.POP.TOTL,market_size,1978,41761431.0
Euro area,EMU,"Population, total",SP.POP.TOTL,market_size,1978,313089118.0
European Union,EUU,"Population, total",SP.POP.TOTL,market_size,1978,404312949.0
France,FRA,"Population, total",SP.POP.TOTL,market_size,1978,54734030.0
United Kingdom,GBR,"Population, total",SP.POP.TOTL,market_size,1978,56196504.0
Greece,GRC,"Population, total",SP.POP.TOTL,market_size,1978,9429959.0
India,IND,"Population, total",SP.POP.TOTL,market_size,1978,655728229.0
Iraq,IRQ,"Population, total",SP.POP.TOTL,market_size,1978,12753355.0
Italy,ITA,"Population, total",SP.POP.TOTL,market_size,1978,56155143.0
Jordan,JOR,"Population, total",SP.POP.TOTL,market_size,1978,2083595.0
Kuwait,KWT,"Population, total",SP.POP.TOTL,market_size,1978,1340319.0
Lebanon,LBN,"Population, total",SP.POP.TOTL,market_size,1978,2822682.0
Qatar,QAT,"Population, total",SP.POP.TOTL,market_size,1978,241808.0
Saudi Arabia,SAU,"Population, total",SP.POP.TOTL,market_size,1978,5381902.0
Turkiye,TUR,"Population, total",SP.POP.TOTL,market_size,1978,43645306.0
United States,USA,"Population, total",SP.POP.TOTL,market_size,1978,222585000.0
World,WLD,"Population, total",SP.POP.TOTL,market_size,1978,4283309396.0
United Arab Emirates,ARE,"Population, total",SP.POP.TOTL,market_size,1979,912010.0
Australia,AUS,"Population, total",SP.POP.TOTL,market_size,1979,14514000.0
Canada,CAN,"Population, total",SP.POP.TOTL,market_size,1979,24201544.0
China,CHN,"Population, total",SP.POP.TOTL,market_size,1979,969005000.0
Germany,DEU,"Population, total",SP.POP.TOTL,market_size,1979,78126350.0
"Egypt, Arab Rep.",EGY,"Population, total",SP.POP.TOTL,market_size,1979,42818628.0
Euro area,EMU,"Population, total",SP.POP.TOTL,market_size,1979,314367485.0
European Union,EUU,"Population, total",SP.POP.TOTL,market_size,1979,406112162.0
France,FRA,"Population, total",SP.POP.TOTL,market_size,1979,54979851.0
United Kingdom,GBR,"Population, total",SP.POP.TOTL,market_size,1979,56246951.0
Greece,GRC,"Population, total",SP.POP.TOTL,market_size,1979,9548258.0
India,IND,"Population, total",SP.POP.TOTL,market_size,1979,671155747.0
Iraq,IRQ,"Population, total",SP.POP.TOTL,market_size,1979,13170365.0
Italy,ITA,"Population, total",SP.POP.TOTL,market_size,1979,56317749.0
Jordan,JOR,"Population, total",SP.POP.TOTL,market_size,1979,2153882.0
Kuwait,KWT,"Population, total",SP.POP.TOTL,market_size,1979,1423514.0
Lebanon,LBN,"Population, total",SP.POP.TOTL,market_size,1979,2882635.0
Qatar,QAT,"Population, total",SP.POP.TOTL,market_size,1979,258670.0
Saudi Arabia,SAU,"Population, total",SP.POP.TOTL,market_size,1979,5703698.0
Turkiye,TUR,"Population, total",SP.POP.TOTL,market_size,1979,44510429.0
United States,USA,"Population, total",SP.POP.TOTL,market_size,1979,225055000.0
World,WLD,"Population, total",SP.POP.TOTL,market_size,1979,4359930896.0
United Arab Emirates,ARE,"Population, total",SP.POP.TOTL,market_size,1980,1015700.0
Australia,AUS,"Population, total",SP.POP.TOTL,market_size,1980,14692000.0
Canada,CAN,"Population, total",SP.POP.TOTL,market_size,1980,24515667.0
China,CHN,"Population, total",SP.POP.TOTL,market_size,1980,981235000.0
Germany,DEU,"Population, total",SP.POP.TOTL,market_size,1980,78288576.0
"Egypt, Arab Rep.",EGY,"Population, total",SP.POP.TOTL,market_size,1980,43950413.0
Euro area,EMU,"Population, total",SP.POP.TOTL,market_size,1980,315755875.0
European Union,EUU,"Population, total",SP.POP.TOTL,market_size,1980,407986180.0
France,FRA,"Population, total",SP.POP.TOTL,market_size,1980,55274184.0
United Kingdom,GBR,"Population, total",SP.POP.TOTL,market_size,1980,56314216.0
Greece,GRC,"Population, total",SP.POP.TOTL,market_size,1980,9642505.0
India,IND,"Population, total",SP.POP.TOTL,market_size,1980,687354025.0
Iraq,IRQ,"Population, total",SP.POP.TOTL,market_size,1980,13591992.0
Italy,ITA,"Population, total",SP.POP.TOTL,market_size,1980,56433883.0
Jordan,JOR,"Population, total",SP.POP.TOTL,market_size,1980,2234186.0
Kuwait,KWT,"Population, total",SP.POP.TOTL,market_size,1980,1504782.0
Lebanon,LBN,"Population, total",SP.POP.TOTL,market_size,1980,2944763.0
Qatar,QAT,"Population, total",SP.POP.TOTL,market_size,1980,275913.0
Saudi Arabia,SAU,"Population, total",SP.POP.TOTL,market_size,1980,6047997.0
Turkiye,TUR,"Population, total",SP.POP.TOTL,market_size,1980,45408815.0
United States,USA,"Population, total",SP.POP.TOTL,market_size,1980,227225000.0
World,WLD,"Population, total",SP.POP.TOTL,market_size,1980,4437473406.0
United Arab Emirates,ARE,"Population, total",SP.POP.TOTL,market_size,1981,1099855.0
Australia,AUS,"Population, total",SP.POP.TOTL,market_size,1981,14923260.0
Canada,CAN,"Population, total",SP.POP.TOTL,market_size,1981,24819915.0
China,CHN,"Population, total",SP.POP.TOTL,market_size,1981,993885000.0
Germany,DEU,"Population, total",SP.POP.TOTL,market_size,1981,78407907.0
"Egypt, Arab Rep.",EGY,"Population, total",SP.POP.TOTL,market_size,1981,45147224.0
Euro area,EMU,"Population, total",SP.POP.TOTL,market_size,1981,317018538.0
European Union,EUU,"Population, total",SP.POP.TOTL,market_size,1981,409724709.0
France,FRA,"Population, total",SP.POP.TOTL,market_size,1981,55603353.0
United Kingdom,GBR,"Population, total",SP.POP.TOTL,market_size,1981,56333829.0
Greece,GRC,"Population, total",SP.POP.TOTL,market_size,1981,9729350.0
India,IND,"Population, total",SP.POP.TOTL,market_size,1981,703696250.0
Iraq,IRQ,"Population, total",SP.POP.TOTL,market_size,1981,14006381.0
Italy,ITA,"Population, total",SP.POP.TOTL,market_size,1981,56501675.0
Jordan,JOR,"Population, total",SP.POP.TOTL,market_size,1981,2325517.0
Kuwait,KWT,"Population, total",SP.POP.TOTL,market_size,1981,1583426.0
Lebanon,LBN,"Population, total",SP.POP.TOTL,market_size,1981,3008981.0
Qatar,QAT,"Population, total",SP.POP.TOTL,market_size,1981,293553.0
Saudi Arabia,SAU,"Population, total",SP.POP.TOTL,market_size,1981,6420551.0
Turkiye,TUR,"Population, total",SP.POP.TOTL,market_size,1981,46321190.0
United States,USA,"Population, total",SP.POP.TOTL,market_size,1981,229466000.0
World,WLD,"Population, total",SP.POP.TOTL,market_size,1981,4516792587.0
United Arab Emirates,ARE,"Population, total",SP.POP.TOTL,market_size,1982,1166370.0
Australia,AUS,"Population, total",SP.POP.TOTL,market_size,1982,15184247.0
Canada,CAN,"Population, total",SP.POP.TOTL,market_size,1982,25116942.0
China,CHN,"Population, total",SP.POP.TOTL,market_size,1982,1008630000.0
Germany,DEU,"Population, total",SP.POP.TOTL,market_size,1982,78333366.0
"Egypt, Arab Rep.",EGY,"Population, total",SP.POP.TOTL,market_size,1982,46407611.0
Euro area,EMU,"Population, total",SP.POP.TOTL,market_size,1982,317818582.0
European Union,EUU,"Population, total",SP.POP.TOTL,market_size,1982,410988238.0
France,FRA,"Population, total",SP.POP.TOTL,market_size,1982,55806789.0
United Kingdom,GBR,"Population, total",SP.POP.TOTL,market_size,1982,56313641.0
Greece,GRC,"Population, total",SP.POP.TOTL,market_size,1982,9789513.0
India,IND,"Population, total",SP.POP.TOTL,market_size,1982,720313473.0
Iraq,IRQ,"Population, total",SP.POP.TOTL,market_size,1982,14406083.0
Italy,ITA,"Population, total",SP.POP.TOTL,market_size,1982,56543548.0
Jordan,JOR,"Population, total",SP.POP.TOTL,market_size,1982,2426927.0
Kuwait,KWT,"Population, total",SP.POP.TOTL,market_size,1982,1662480.0
Lebanon,LBN,"Population, total",SP.POP.TOTL,market_size,1982,3054931.0
Qatar,QAT,"Population, total",SP.POP.TOTL,market_size,1982,311537.0
Saudi Arabia,SAU,"Population, total",SP.POP.TOTL,market_size,1982,6824486.0
Turkiye,TUR,"Population, total",SP.POP.TOTL,market_size,1982,47322096.0
United States,USA,"Population, total",SP.POP.TOTL,market_size,1982,231664000.0
World,WLD,"Population, total",SP.POP.TOTL,market_size,1982,4599385851.0
United Arab Emirates,ARE,"Population, total",SP.POP.TOTL,market_size,1983,1235305.0
Australia,AUS,"Population, total",SP.POP.TOTL,market_size,1983,15393472.0
Canada,CAN,"Population, total",SP.POP.TOTL,market_size,1983,25366451.0
China,CHN,"Population, total",SP.POP.TOTL,market_size,1983,1023310000.0
Germany,DEU,"Population, total",SP.POP.TOTL,market_size,1983,78128282.0
"Egypt, Arab Rep.",EGY,"Population, total",SP.POP.TOTL,market_size,1983,47786402.0
Euro area,EMU,"Population, total",SP.POP.TOTL,market_size,1983,318483193.0
European Union,EUU,"Population, total",SP.POP.TOTL,market_size,1983,412072128.0
France,FRA,"Population, total",SP.POP.TOTL,market_size,1983,56108330.0
United Kingdom,GBR,"Population, total",SP.POP.TOTL,market_size,1983,56332848.0
Greece,GRC,"Population, total",SP.POP.TOTL,market_size,1983,9846627.0
India,IND,"Population, total",SP.POP.TOTL,market_size,1983,737372681.0
Iraq,IRQ,"Population, total",SP.POP.TOTL,market_size,1983,14840555.0
Italy,ITA,"Population, total",SP.POP.TOTL,market_size,1983,56564074.0
Jordan,JOR,"Population, total",SP.POP.TOTL,market_size,1983,2537307.0
Kuwait,KWT,"Population, total",SP.POP.TOTL,market_size,1983,1744295.0
Lebanon,LBN,"Population, total",SP.POP.TOTL,market_size,1983,3094996.0
Qatar,QAT,"Population, total",SP.POP.TOTL,market_size,1983,329709.0
Saudi Arabia,SAU,"Population, total",SP.POP.TOTL,market_size,1983,7252941.0
Turkiye,TUR,"Population, total",SP.POP.TOTL,market_size,1983,48447410.0
United States,USA,"Population, total",SP.POP.TOTL,market_size,1983,233792000.0
World,WLD,"Population, total",SP.POP.TOTL,market_size,1983,4682734714.0
United Arab Emirates,ARE,"Population, total",SP.POP.TOTL,market_size,1984,1305996.0
Australia,AUS,"Population, total",SP.POP.TOTL,market_size,1984,15579391.0
Canada,CAN,"Population, total",SP.POP.TOTL,market_size,1984,25607053.0
China,CHN,"Population, total",SP.POP.TOTL,market_size,1984,1036825000.0
Germany,DEU,"Population, total",SP.POP.TOTL,market_size,1984,77858685.0
"Egypt, Arab Rep.",EGY,"Population, total",SP.POP.TOTL,market_size,1984,49247334.0
Euro area,EMU,"Population, total",SP.POP.TOTL,market_size,1984,319007137.0
European Union,EUU,"Population, total",SP.POP.TOTL,market_size,1984,412998350.0
France,FRA,"Population, total",SP.POP.TOTL,market_size,1984,56383085.0
United Kingdom,GBR,"Population, total",SP.POP.TOTL,market_size,1984,56422072.0
Greece,GRC,"Population, total",SP.POP.TOTL,market_size,1984,9895801.0
India,IND,"Population, total",SP.POP.TOTL,market_size,1984,754875449.0
Iraq,IRQ,"Population, total",SP.POP.TOTL,market_size,1984,15310733.0
Italy,ITA,"Population, total",SP.POP.TOTL,market_size,1984,56576718.0
Jordan,JOR,"Population, total",SP.POP.TOTL,market_size,1984,2654688.0
Kuwait,KWT,"Population, total",SP.POP.TOTL,market_size,1984,1820688.0
Lebanon,LBN,"Population, total",SP.POP.TOTL,market_size,1984,3152744.0
Qatar,QAT,"Population, total",SP.POP.TOTL,market_size,1984,347878.0
Saudi Arabia,SAU,"Population, total",SP.POP.TOTL,market_size,1984,7697307.0
Turkiye,TUR,"Population, total",SP.POP.TOTL,market_size,1984,49574069.0
United States,USA,"Population, total",SP.POP.TOTL,market_size,1984,235825000.0
World,WLD,"Population, total",SP.POP.TOTL,market_size,1984,4765813206.0
United Arab Emirates,ARE,"Population, total",SP.POP.TOTL,market_size,1985,1377911.0
Australia,AUS,"Population, total",SP.POP.TOTL,market_size,1985,15788312.0
Canada,CAN,"Population, total",SP.POP.TOTL,market_size,1985,25842116.0
China,CHN,"Population, total",SP.POP.TOTL,market_size,1985,1051040000.0
Germany,DEU,"Population, total",SP.POP.TOTL,market_size,1985,77684873.0
"Egypt, Arab Rep.",EGY,"Population, total",SP.POP.TOTL,market_size,1985,50734968.0
Euro area,EMU,"Population, total",SP.POP.TOTL,market_size,1985,319578206.0
European Union,EUU,"Population, total",SP.POP.TOTL,market_size,1985,413962998.0
France,FRA,"Population, total",SP.POP.TOTL,market_size,1985,56665619.0
United Kingdom,GBR,"Population, total",SP.POP.TOTL,market_size,1985,56550268.0
Greece,GRC,"Population, total",SP.POP.TOTL,market_size,1985,9934300.0
India,IND,"Population, total",SP.POP.TOTL,market_size,1985,772647793.0
Iraq,IRQ,"Population, total",SP.POP.TOTL,market_size,1985,15683430.0
Italy,ITA,"Population, total",SP.POP.TOTL,market_size,1985,56593071.0
Jordan,JOR,"Population, total",SP.POP.TOTL,market_size,1985,2778810.0
Kuwait,KWT,"Population, total",SP.POP.TOTL,market_size,1985,1894242.0
Lebanon,LBN,"Population, total",SP.POP.TOTL,market_size,1985,3217376.0
Qatar,QAT,"Population, total",SP.POP.TOTL,market_size,1985,365940.0
Saudi Arabia,SAU,"Population, total",SP.POP.TOTL,market_size,1985,8151779.0
Turkiye,TUR,"Population, total",SP.POP.TOTL,market_size,1985,50687115.0
United States,USA,"Population, total",SP.POP.TOTL,market_size,1985,237924000.0
World,WLD,"Population, total",SP.POP.TOTL,market_size,1985,4850494238.0
United Arab Emirates,ARE,"Population, total",SP.POP.TOTL,market_size,1986,1467383.0
Australia,AUS,"Population, total",SP.POP.TOTL,market_size,1986,16018350.0
Canada,CAN,"Population, total",SP.POP.TOTL,market_size,1986,26100278.0
China,CHN,"Population, total",SP.POP.TOTL,market_size,1986,1066790000.0
Germany,DEU,"Population, total",SP.POP.TOTL,market_size,1986,77720436.0
"Egypt, Arab Rep.",EGY,"Population, total",SP.POP.TOTL,market_size,1986,52206295.0
Euro area,EMU,"Population, total",SP.POP.TOTL,market_size,1986,320330899.0
European Union,EUU,"Population, total",SP.POP.TOTL,market_size,1986,415087013.0
France,FRA,"Population, total",SP.POP.TOTL,market_size,1986,56956002.0
United Kingdom,GBR,"Population, total",SP.POP.TOTL,market_size,1986,56681396.0
Greece,GRC,"Population, total",SP.POP.TOTL,market_size,1986,9967213.0
India,IND,"Population, total",SP.POP.TOTL,market_size,1986,790689978.0
Iraq,IRQ,"Population, total",SP.POP.TOTL,market_size,1986,16074145.0
Italy,ITA,"Population, total",SP.POP.TOTL,market_size,1986,56596155.0
Jordan,JOR,"Population, total",SP.POP.TOTL,market_size,1986,2909887.0
Kuwait,KWT,"Population, total",SP.POP.TOTL,market_size,1986,1972520.0
Lebanon,LBN,"Population, total",SP.POP.TOTL,market_size,1986,3300365.0
Qatar,QAT,"Population, total",SP.POP.TOTL,market_size,1986,382422.0
Saudi Arabia,SAU,"Population, total",SP.POP.TOTL,market_size,1986,8628639.0
Turkiye,TUR,"Population, total",SP.POP.TOTL,market_size,1986,51777772.0
United States,USA,"Population, total",SP.POP.TOTL,market_size,1986,240133000.0
World,WLD,"Population, total",SP.POP.TOTL,market_size,1986,4937459951.0
United Arab Emirates,ARE,"Population, total",SP.POP.TOTL,market_size,1987,1574244.0
Australia,AUS,"Population, total",SP.POP.TOTL,market_size,1987,16263874.0
Canada,CAN,"Population, total",SP.POP.TOTL,market_size,1987,26446601.0
China,CHN,"Population, total",SP.POP.TOTL,market_size,1987,1084035000.0
Germany,DEU,"Population, total",SP.POP.TOTL,market_size,1987,77839920.0
"Egypt, Arab Rep.",EGY,"Population, total",SP.POP.TOTL,market_size,1987,53674435.0
Euro area,EMU,"Population, total",SP.POP.TOTL,market_size,1987,321194407.0
European Union,EUU,"Population, total",SP.POP.TOTL,market_size,1987,416296769.0
France,FRA,"Population, total",SP.POP.TOTL,market_size,1987,57266167.0
United Kingdom,GBR,"Population, total",SP.POP.TOTL,market_size,1987,56802050.0
Greece,GRC,"Population, total",SP.POP.TOTL,market_size,1987,10000595.0
India,IND,"Population, total",SP.POP.TOTL,market_size,1987,808931270.0
Iraq,IRQ,"Population, total",SP.POP.TOTL,market_size,1987,16521049.0
Italy,ITA,"Population, total",SP.POP.TOTL,market_size,1987,56601931.0
Jordan,JOR,"Population, total",SP.POP.TOTL,market_size,1987,3047634.0
Kuwait,KWT,"Population, total",SP.POP.TOTL,market_size,1987,2052994.0
Lebanon,LBN,"Population, total",SP.POP.TOTL,market_size,1987,3385555.0
Qatar,QAT,"Population, total",SP.POP.TOTL,market_size,1987,397005.0
Saudi Arabia,SAU,"Population, total",SP.POP.TOTL,market_size,1987,9130194.0
Turkiye,TUR,"Population, total",SP.POP.TOTL,market_size,1987,52843670.0
United States,USA,"Population, total",SP.POP.TOTL,market_size,1987,242289000.0
World,WLD,"Population, total",SP.POP.TOTL,market_size,1987,5026770385.0
United Arab Emirates,ARE,"Population, total",SP.POP.TOTL,market_size,1988,1681788.0
Australia,AUS,"Population, total",SP.POP.TOTL,market_size,1988,16532164.0
Canada,CAN,"Population, total",SP.POP.TOTL,market_size,1988,26791747.0
China,CHN,"Population, total",SP.POP.TOTL,market_size,1988,1101630000.0
Germany,DEU,"Population, total",SP.POP.TOTL,market_size,1988,78144619.0
"Egypt, Arab Rep.",EGY,"Population, total",SP.POP.TOTL,market_size,1988,55187681.0
Euro area,EMU,"Population, total",SP.POP.TOTL,market_size,1988,322253968.0
European Union,EUU,"Population, total",SP.POP.TOTL,market_size,1988,417653885.0
France,FRA,"Population, total",SP.POP.TOTL,market_size,1988,57598186.0
United Kingdom,GBR,"Population, total",SP.POP.TOTL,market_size,1988,56928327.0
Greece,GRC,"Population, total",SP.POP.TOTL,market_size,1988,10036983.0
India,IND,"Population, total",SP.POP.TOTL,market_size,1988,827342990.0
Iraq,IRQ,"Population, total",SP.POP.TOTL,market_size,1988,16908819.0
Italy,ITA,"Population, total",SP.POP.TOTL,market_size,1988,56629288.0
Jordan,JOR,"Population, total",SP.POP.TOTL,market_size,1988,3193039.0
Kuwait,KWT,"Population, total",SP.POP.TOTL,market_size,1988,2134707.0
Lebanon,LBN,"Population, total",SP.POP.TOTL,market_size,1988,3454649.0
Qatar,QAT,"Population, total",SP.POP.TOTL,market_size,1988,411264.0
Saudi Arabia,SAU,"Population, total",SP.POP.TOTL,market_size,1988,9629165.0
Turkiye,TUR,"Population, total",SP.POP.TOTL,market_size,1988,53909626.0
United States,USA,"Population, total",SP.POP.TOTL,market_size,1988,244499000.0
World,WLD,"Population, total",SP.POP.TOTL,market_size,1988,5116898810.0
United Arab Emirates,ARE,"Population, total",SP.POP.TOTL,market_size,1989,1789851.0
Australia,AUS,"Population, total",SP.POP.TOTL,market_size,1989,16814416.0
Canada,CAN,"Population, total",SP.POP.TOTL,market_size,1989,27276781.0
China,CHN,"Population, total",SP.POP.TOTL,market_size,1989,1118650000.0
Germany,DEU,"Population, total",SP.POP.TOTL,market_size,1989,78751283.0
"Egypt, Arab Rep.",EGY,"Population, total",SP.POP.TOTL,market_size,1989,56710642.0
Euro area,EMU,"Population, total",SP.POP.TOTL,market_size,1989,323511047.0
European Union,EUU,"Population, total",SP.POP.TOTL,market_size,1989,419102379.0
France,FRA,"Population, total",SP.POP.TOTL,market_size,1989,57943062.0
United Kingdom,GBR,"Population, total",SP.POP.TOTL,market_size,1989,57076711.0
Greece,GRC,"Population, total",SP.POP.TOTL,market_size,1989,10089498.0
India,IND,"Population, total",SP.POP.TOTL,market_size,1989,846039529.0
Iraq,IRQ,"Population, total",SP.POP.TOTL,market_size,1989,17364542.0
Italy,ITA,"Population, total",SP.POP.TOTL,market_size,1989,56671781.0
Jordan,JOR,"Population, total",SP.POP.TOTL,market_size,1989,3349627.0
Kuwait,KWT,"Population, total",SP.POP.TOTL,market_size,1989,2217468.0
Lebanon,LBN,"Population, total",SP.POP.TOTL,market_size,1989,3525285.0
Qatar,QAT,"Population, total",SP.POP.TOTL,market_size,1989,425646.0
Saudi Arabia,SAU,"Population, total",SP.POP.TOTL,market_size,1989,10128394.0
Turkiye,TUR,"Population, total",SP.POP.TOTL,market_size,1989,54976723.0
United States,USA,"Population, total",SP.POP.TOTL,market_size,1989,246819000.0
World,WLD,"Population, total",SP.POP.TOTL,market_size,1989,5207378374.0
United Arab Emirates,ARE,"Population, total",SP.POP.TOTL,market_size,1990,1898220.0
Australia,AUS,"Population, total",SP.POP.TOTL,market_size,1990,17065128.0
Canada,CAN,"Population, total",SP.POP.TOTL,market_size,1990,27691138.0
China,CHN,"Population, total",SP.POP.TOTL,market_size,1990,1135185000.0
Germany,DEU,"Population, total",SP.POP.TOTL,market_size,1990,79433029.0
"Egypt, Arab Rep.",EGY,"Population, total",SP.POP.TOTL,market_size,1990,58396618.0
Euro area,EMU,"Population, total",SP.POP.TOTL,market_size,1990,324805296.0
European Union,EUU,"Population, total",SP.POP.TOTL,market_size,1990,420525030.0
France,FRA,"Population, total",SP.POP.TOTL,market_size,1990,58261012.0
United Kingdom,GBR,"Population, total",SP.POP.TOTL,market_size,1990,57247586.0
Greece,GRC,"Population, total",SP.POP.TOTL,market_size,1990,10196792.0
India,IND,"Population, total",SP.POP.TOTL,market_size,1990,864972221.0
Iraq,IRQ,"Population, total",SP.POP.TOTL,market_size,1990,17581206.0
Italy,ITA,"Population, total",SP.POP.TOTL,market_size,1990,56719240.0
Jordan,JOR,"Population, total",SP.POP.TOTL,market_size,1990,3621908.0
Kuwait,KWT,"Population, total",SP.POP.TOTL,market_size,1990,1684819.0
Lebanon,LBN,"Population, total",SP.POP.TOTL,market_size,1990,3595175.0
Qatar,QAT,"Population, total",SP.POP.TOTL,market_size,1990,440175.0
Saudi Arabia,SAU,"Population, total",SP.POP.TOTL,market_size,1990,10640691.0
Turkiye,TUR,"Population, total",SP.POP.TOTL,market_size,1990,56015628.0
United States,USA,"Population, total",SP.POP.TOTL,market_size,1990,249623000.0
World,WLD,"Population, total",SP.POP.TOTL,market_size,1990,5298962018.0
United Arab Emirates,ARE,"Population, total",SP.POP.TOTL,market_size,1991,2006626.0
Australia,AUS,"Population, total",SP.POP.TOTL,market_size,1991,17284036.0
Canada,CAN,"Population, total",SP.POP.TOTL,market_size,1991,28037420.0
China,CHN,"Population, total",SP.POP.TOTL,market_size,1991,1150780000.0
Germany,DEU,"Population, total",SP.POP.TOTL,market_size,1991,80013896.0
"Egypt, Arab Rep.",EGY,"Population, total",SP.POP.TOTL,market_size,1991,60028997.0
Euro area,EMU,"Population, total",SP.POP.TOTL,market_size,1991,326040277.0
European Union,EUU,"Population, total",SP.POP.TOTL,market_size,1991,421741276.0
France,FRA,"Population, total",SP.POP.TOTL,market_size,1991,58554242.0
United Kingdom,GBR,"Population, total",SP.POP.TOTL,market_size,1991,57424897.0
Greece,GRC,"Population, total",SP.POP.TOTL,market_size,1991,10319927.0
India,IND,"Population, total",SP.POP.TOTL,market_size,1991,883927600.0
Iraq,IRQ,"Population, total",SP.POP.TOTL,market_size,1991,17767253.0
Italy,ITA,"Population, total",SP.POP.TOTL,market_size,1991,56758521.0
Jordan,JOR,"Population, total",SP.POP.TOTL,market_size,1991,3915149.0
Kuwait,KWT,"Population, total",SP.POP.TOTL,market_size,1991,1351399.0
Lebanon,LBN,"Population, total",SP.POP.TOTL,market_size,1991,3668912.0
Qatar,QAT,"Population, total",SP.POP.TOTL,market_size,1991,454853.0
Saudi Arabia,SAU,"Population, total",SP.POP.TOTL,market_size,1991,11160744.0
Turkiye,TUR,"Population, total",SP.POP.TOTL,market_size,1991,57009887.0
United States,USA,"Population, total",SP.POP.TOTL,market_size,1991,252981000.0
World,WLD,"Population, total",SP.POP.TOTL,market_size,1991,5388203305.0
United Arab Emirates,ARE,"Population, total",SP.POP.TOTL,market_size,1992,2114730.0
Australia,AUS,"Population, total",SP.POP.TOTL,market_size,1992,17478635.0
Canada,CAN,"Population, total",SP.POP.TOTL,market_size,1992,28371264.0
China,CHN,"Population, total",SP.POP.TOTL,market_size,1992,1164970000.0
Germany,DEU,"Population, total",SP.POP.TOTL,market_size,1992,80624598.0
"Egypt, Arab Rep.",EGY,"Population, total",SP.POP.TOTL,market_size,1992,61480660.0
Euro area,EMU,"Population, total",SP.POP.TOTL,market_size,1992,327283137.0
European Union,EUU,"Population, total",SP.POP.TOTL,market_size,1992,422968989.0
France,FRA,"Population, total",SP.POP.TOTL,market_size,1992,58846584.0
United Kingdom,GBR,"Population, total",SP.POP.TOTL,market_size,1992,57580402.0
Greece,GRC,"Population, total",SP.POP.TOTL,market_size,1992,10399061.0
India,IND,"Population, total",SP.POP.TOTL,market_size,1992,902957070.0
Iraq,IRQ,"Population, total",SP.POP.TOTL,market_size,1992,18300845.0
Italy,ITA,"Population, total",SP.POP.TOTL,market_size,1992,56797087.0
Jordan,JOR,"Population, total",SP.POP.TOTL,market_size,1992,4127693.0
Kuwait,KWT,"Population, total",SP.POP.TOTL,market_size,1992,1634961.0
Lebanon,LBN,"Population, total",SP.POP.TOTL,market_size,1992,3747371.0
Qatar,QAT,"Population, total",SP.POP.TOTL,market_size,1992,469657.0
Saudi Arabia,SAU,"Population, total",SP.POP.TOTL,market_size,1992,11686676.0
Turkiye,TUR,"Population, total",SP.POP.TOTL,market_size,1992,57990118.0
United States,USA,"Population, total",SP.POP.TOTL,market_size,1992,256514000.0
World,WLD,"Population, total",SP.POP.TOTL,market_size,1992,5476822930.0
United Arab Emirates,ARE,"Population, total",SP.POP.TOTL,market_size,1993,2222093.0
Australia,AUS,"Population, total",SP.POP.TOTL,market_size,1993,17634808.0
Canada,CAN,"Population, total",SP.POP.TOTL,market_size,1993,28684764.0
China,CHN,"Population, total",SP.POP.TOTL,market_size,1993,1178440000.0
Germany,DEU,"Population, total",SP.POP.TOTL,market_size,1993,81156363.0
"Egypt, Arab Rep.",EGY,"Population, total",SP.POP.TOTL,market_size,1993,62915681.0
Euro area,EMU,"Population, total",SP.POP.TOTL,market_size,1993,328525489.0
European Union,EUU,"Population, total",SP.POP.TOTL,market_size,1993,424344744.0
France,FRA,"Population, total",SP.POP.TOTL,market_size,1993,59103094.0
United Kingdom,GBR,"Population, total",SP.POP.TOTL,market_size,1993,57718614.0
Greece,GRC,"Population, total",SP.POP.TOTL,market_size,1993,10460415.0
India,IND,"Population, total",SP.POP.TOTL,market_size,1993,922118387.0
Iraq,IRQ,"Population, total",SP.POP.TOTL,market_size,1993,19201195.0
Italy,ITA,"Population, total",SP.POP.TOTL,market_size,1993,56831821.0
Jordan,JOR,"Population, total",SP.POP.TOTL,market_size,1993,4348020.0
Kuwait,KWT,"Population, total",SP.POP.TOTL,market_size,1993,1672151.0
Lebanon,LBN,"Population, total",SP.POP.TOTL,market_size,1993,3820647.0
Qatar,QAT,"Population, total",SP.POP.TOTL,market_size,1993,484545.0
Saudi Arabia,SAU,"Population, total",SP.POP.TOTL,market_size,1993,12215862.0
Turkiye,TUR,"Population, total",SP.POP.TOTL,market_size,1993,58999167.0
United States,USA,"Population, total",SP.POP.TOTL,market_size,1993,259919000.0
World,WLD,"Population, total",SP.POP.TOTL,market_size,1993,5564459142.0
United Arab Emirates,ARE,"Population, total",SP.POP.TOTL,market_size,1994,2328188.0
Australia,AUS,"Population, total",SP.POP.TOTL,market_size,1994,17805468.0
Canada,CAN,"Population, total",SP.POP.TOTL,market_size,1994,29000663.0
China,CHN,"Population, total",SP.POP.TOTL,market_size,1994,1191835000.0
Germany,DEU,"Population, total",SP.POP.TOTL,market_size,1994,81438348.0
"Egypt, Arab Rep.",EGY,"Population, total",SP.POP.TOTL,market_size,1994,64285589.0
Euro area,EMU,"Population, total",SP.POP.TOTL,market_size,1994,329467622.0
European Union,EUU,"Population, total",SP.POP.TOTL,market_size,1994,425404352.0
France,FRA,"Population, total",SP.POP.TOTL,market_size,1994,59324863.0
United Kingdom,GBR,"Population, total",SP.POP.TOTL,market_size,1994,57865745.0
Greece,GRC,"Population, total",SP.POP.TOTL,market_size,1994,10512922.0
India,IND,"Population, total",SP.POP.TOTL,market_size,1994,941163767.0
Iraq,IRQ,"Population, total",SP.POP.TOTL,market_size,1994,20139807.0
Italy,ITA,"Population, total",SP.POP.TOTL,market_size,1994,56843400.0
Jordan,JOR,"Population, total",SP.POP.TOTL,market_size,1994,4561406.0
Kuwait,KWT,"Population, total",SP.POP.TOTL,market_size,1994,1664361.0
Lebanon,LBN,"Population, total",SP.POP.TOTL,market_size,1994,3889799.0
Qatar,QAT,"Population, total",SP.POP.TOTL,market_size,1994,499459.0
Saudi Arabia,SAU,"Population, total",SP.POP.TOTL,market_size,1994,12750040.0
Turkiye,TUR,"Population, total",SP.POP.TOTL,market_size,1994,60033836.0
United States,USA,"Population, total",SP.POP.TOTL,market_size,1994,263126000.0
World,WLD,"Population, total",SP.POP.TOTL,market_size,1994,5650534421.0
United Arab Emirates,ARE,"Population, total",SP.POP.TOTL,market_size,1995,2434662.0
Australia,AUS,"Population, total",SP.POP.TOTL,market_size,1995,18004882.0
Canada,CAN,"Population, total",SP.POP.TOTL,market_size,1995,29302311.0
China,CHN,"Population, total",SP.POP.TOTL,market_size,1995,1204855000.0
Germany,DEU,"Population, total",SP.POP.TOTL,market_size,1995,81678051.0
"Egypt, Arab Rep.",EGY,"Population, total",SP.POP.TOTL,market_size,1995,65652622.0
Euro area,EMU,"Population, total",SP.POP.TOTL,market_size,1995,330214252.0
European Union,EUU,"Population, total",SP.POP.TOTL,market_size,1995,426210050.0
France,FRA,"Population, total",SP.POP.TOTL,market_size,1995,59541294.0
United Kingdom,GBR,"Population, total",SP.POP.TOTL,market_size,1995,58019030.0
Greece,GRC,"Population, total",SP.POP.TOTL,market_size,1995,10562153.0
India,IND,"Population, total",SP.POP.TOTL,market_size,1995,960301044.0
Iraq,IRQ,"Population, total",SP.POP.TOTL,market_size,1995,20825860.0
Italy,ITA,"Population, total",SP.POP.TOTL,market_size,1995,56844303.0
Jordan,JOR,"Population, total",SP.POP.TOTL,market_size,1995,4752096.0
Kuwait,KWT,"Population, total",SP.POP.TOTL,market_size,1995,1681513.0
Lebanon,LBN,"Population, total",SP.POP.TOTL,market_size,1995,3960735.0
Qatar,QAT,"Population, total",SP.POP.TOTL,market_size,1995,514325.0
Saudi Arabia,SAU,"Population, total",SP.POP.TOTL,market_size,1995,13289245.0
Turkiye,TUR,"Population, total",SP.POP.TOTL,market_size,1995,61024503.0
United States,USA,"Population, total",SP.POP.TOTL,market_size,1995,266278000.0
World,WLD,"Population, total",SP.POP.TOTL,market_size,1995,5736205135.0
United Arab Emirates,ARE,"Population, total",SP.POP.TOTL,market_size,1996,2597564.0
Australia,AUS,"Population, total",SP.POP.TOTL,market_size,1996,18224767.0
Canada,CAN,"Population, total",SP.POP.TOTL,market_size,1996,29610218.0
China,CHN,"Population, total",SP.POP.TOTL,market_size,1996,1217550000.0
Germany,DEU,"Population, total",SP.POP.TOTL,market_size,1996,81914831.0
"Egypt, Arab Rep.",EGY,"Population, total",SP.POP.TOTL,market_size,1996,67028048.0
Euro area,EMU,"Population, total",SP.POP.TOTL,market_size,1996,330931209.0
European Union,EUU,"Population, total",SP.POP.TOTL,market_size,1996,426905134.0
France,FRA,"Population, total",SP.POP.TOTL,market_size,1996,59754504.0
United Kingdom,GBR,"Population, total",SP.POP.TOTL,market_size,1996,58166950.0
Greece,GRC,"Population, total",SP.POP.TOTL,market_size,1996,10608800.0
India,IND,"Population, total",SP.POP.TOTL,market_size,1996,979678458.0
Iraq,IRQ,"Population, total",SP.POP.TOTL,market_size,1996,21501321.0
Italy,ITA,"Population, total",SP.POP.TOTL,market_size,1996,56860281.0
Jordan,JOR,"Population, total",SP.POP.TOTL,market_size,1996,4912516.0
Kuwait,KWT,"Population, total",SP.POP.TOTL,market_size,1996,1730246.0
Lebanon,LBN,"Population, total",SP.POP.TOTL,market_size,1996,4034781.0
Qatar,QAT,"Population, total",SP.POP.TOTL,market_size,1996,529019.0
Saudi Arabia,SAU,"Population, total",SP.POP.TOTL,market_size,1996,13831009.0
Turkiye,TUR,"Population, total",SP.POP.TOTL,market_size,1996,61951134.0
United States,USA,"Population, total",SP.POP.TOTL,market_size,1996,269394000.0
World,WLD,"Population, total",SP.POP.TOTL,market_size,1996,5822327903.0
United Arab Emirates,ARE,"Population, total",SP.POP.TOTL,market_size,1997,2817410.0
Australia,AUS,"Population, total",SP.POP.TOTL,market_size,1997,18423037.0
Canada,CAN,"Population, total",SP.POP.TOTL,market_size,1997,29905948.0
China,CHN,"Population, total",SP.POP.TOTL,market_size,1997,1230075000.0
Germany,DEU,"Population, total",SP.POP.TOTL,market_size,1997,82034771.0
"Egypt, Arab Rep.",EGY,"Population, total",SP.POP.TOTL,market_size,1997,68431740.0
Euro area,EMU,"Population, total",SP.POP.TOTL,market_size,1997,331618343.0
European Union,EUU,"Population, total",SP.POP.TOTL,market_size,1997,427547651.0
France,FRA,"Population, total",SP.POP.TOTL,market_size,1997,59968066.0
United Kingdom,GBR,"Population, total",SP.POP.TOTL,market_size,1997,58316954.0
Greece,GRC,"Population, total",SP.POP.TOTL,market_size,1997,10661259.0
India,IND,"Population, total",SP.POP.TOTL,market_size,1997,999133762.0
Iraq,IRQ,"Population, total",SP.POP.TOTL,market_size,1997,22176593.0
Italy,ITA,"Population, total",SP.POP.TOTL,market_size,1997,56890372.0
Jordan,JOR,"Population, total",SP.POP.TOTL,market_size,1997,5046285.0
Kuwait,KWT,"Population, total",SP.POP.TOTL,market_size,1997,1787683.0
Lebanon,LBN,"Population, total",SP.POP.TOTL,market_size,1997,4108405.0
Qatar,QAT,"Population, total",SP.POP.TOTL,market_size,1997,550500.0
Saudi Arabia,SAU,"Population, total",SP.POP.TOTL,market_size,1997,14374943.0
Turkiye,TUR,"Population, total",SP.POP.TOTL,market_size,1997,62852966.0
United States,USA,"Population, total",SP.POP.TOTL,market_size,1997,272657000.0
World,WLD,"Population, total",SP.POP.TOTL,market_size,1997,5908180322.0
United Arab Emirates,ARE,"Population, total",SP.POP.TOTL,market_size,1998,3040421.0
Australia,AUS,"Population, total",SP.POP.TOTL,market_size,1998,18607584.0
Canada,CAN,"Population, total",SP.POP.TOTL,market_size,1998,30155173.0
China,CHN,"Population, total",SP.POP.TOTL,market_size,1998,1241935000.0
Germany,DEU,"Population, total",SP.POP.TOTL,market_size,1998,82047195.0
"Egypt, Arab Rep.",EGY,"Population, total",SP.POP.TOTL,market_size,1998,69943294.0
Euro area,EMU,"Population, total",SP.POP.TOTL,market_size,1998,332233144.0
European Union,EUU,"Population, total",SP.POP.TOTL,market_size,1998,428120105.0
France,FRA,"Population, total",SP.POP.TOTL,market_size,1998,60190684.0
United Kingdom,GBR,"Population, total",SP.POP.TOTL,market_size,1998,58487141.0
Greece,GRC,"Population, total",SP.POP.TOTL,market_size,1998,10720509.0
India,IND,"Population, total",SP.POP.TOTL,market_size,1998,1018665080.0
Iraq,IRQ,"Population, total",SP.POP.TOTL,market_size,1998,22884399.0
Italy,ITA,"Population, total",SP.POP.TOTL,market_size,1998,56906744.0
Jordan,JOR,"Population, total",SP.POP.TOTL,market_size,1998,5164284.0
Kuwait,KWT,"Population, total",SP.POP.TOTL,market_size,1998,1844302.0
Lebanon,LBN,"Population, total",SP.POP.TOTL,market_size,1998,4181281.0
Qatar,QAT,"Population, total",SP.POP.TOTL,market_size,1998,580540.0
Saudi Arabia,SAU,"Population, total",SP.POP.TOTL,market_size,1998,14922185.0
Turkiye,TUR,"Population, total",SP.POP.TOTL,market_size,1998,63734383.0
United States,USA,"Population, total",SP.POP.TOTL,market_size,1998,275854000.0
World,WLD,"Population, total",SP.POP.TOTL,market_size,1998,5993730786.0
United Arab Emirates,ARE,"Population, total",SP.POP.TOTL,market_size,1999,3266009.0
Australia,AUS,"Population, total",SP.POP.TOTL,market_size,1999,18812264.0
Canada,CAN,"Population, total",SP.POP.TOTL,market_size,1999,30401286.0
China,CHN,"Population, total",SP.POP.TOTL,market_size,1999,1252735000.0
Germany,DEU,"Population, total",SP.POP.TOTL,market_size,1999,82100243.0
"Egypt, Arab Rep.",EGY,"Population, total",SP.POP.TOTL,market_size,1999,71520954.0
Euro area,EMU,"Population, total",SP.POP.TOTL,market_size,1999,332992575.0
European Union,EUU,"Population, total",SP.POP.TOTL,market_size,1999,428825949.0
France,FRA,"Population, total",SP.POP.TOTL,market_size,1999,60501986.0
United Kingdom,GBR,"Population, total",SP.POP.TOTL,market_size,1999,58682466.0
Greece,GRC,"Population, total",SP.POP.TOTL,market_size,1999,10761698.0
India,IND,"Population, total",SP.POP.TOTL,market_size,1999,1038225823.0
Iraq,IRQ,"Population, total",SP.POP.TOTL,market_size,1999,23636527.0
Italy,ITA,"Population, total",SP.POP.TOTL,market_size,1999,56916317.0
Jordan,JOR,"Population, total",SP.POP.TOTL,market_size,1999,5276444.0
Kuwait,KWT,"Population, total",SP.POP.TOTL,market_size,1999,1900030.0
Lebanon,LBN,"Population, total",SP.POP.TOTL,market_size,1999,4255277.0
Qatar,QAT,"Population, total",SP.POP.TOTL,market_size,1999,612500.0
Saudi Arabia,SAU,"Population, total",SP.POP.TOTL,market_size,1999,15472075.0
Turkiye,TUR,"Population, total",SP.POP.TOTL,market_size,1999,64591923.0
United States,USA,"Population, total",SP.POP.TOTL,market_size,1999,279040000.0
World,WLD,"Population, total",SP.POP.TOTL,market_size,1999,6078069822.0
United Arab Emirates,ARE,"Population, total",SP.POP.TOTL,market_size,2000,3493575.0
Australia,AUS,"Population, total",SP.POP.TOTL,market_size,2000,19028802.0
Canada,CAN,"Population, total",SP.POP.TOTL,market_size,2000,30685730.0
China,CHN,"Population, total",SP.POP.TOTL,market_size,2000,1262645000.0
Germany,DEU,"Population, total",SP.POP.TOTL,market_size,2000,82211508.0
"Egypt, Arab Rep.",EGY,"Population, total",SP.POP.TOTL,market_size,2000,73083284.0
Euro area,EMU,"Population, total",SP.POP.TOTL,market_size,2000,333959803.0
European Union,EUU,"Population, total",SP.POP.TOTL,market_size,2000,429339162.0
France,FRA,"Population, total",SP.POP.TOTL,market_size,2000,60918661.0
United Kingdom,GBR,"Population, total",SP.POP.TOTL,market_size,2000,58892514.0
Greece,GRC,"Population, total",SP.POP.TOTL,market_size,2000,10805808.0
India,IND,"Population, total",SP.POP.TOTL,market_size,2000,1057922733.0
Iraq,IRQ,"Population, total",SP.POP.TOTL,market_size,2000,24424056.0
Italy,ITA,"Population, total",SP.POP.TOTL,market_size,2000,56942108.0
Jordan,JOR,"Population, total",SP.POP.TOTL,market_size,2000,5386945.0
Kuwait,KWT,"Population, total",SP.POP.TOTL,market_size,2000,1954709.0
Lebanon,LBN,"Population, total",SP.POP.TOTL,market_size,2000,4329340.0
Qatar,QAT,"Population, total",SP.POP.TOTL,market_size,2000,644989.0
Saudi Arabia,SAU,"Population, total",SP.POP.TOTL,market_size,2000,16177722.0
Turkiye,TUR,"Population, total",SP.POP.TOTL,market_size,2000,65425961.0
United States,USA,"Population, total",SP.POP.TOTL,market_size,2000,282162411.0
World,WLD,"Population, total",SP.POP.TOTL,market_size,2000,6161528496.0
United Arab Emirates,ARE,"Population, total",SP.POP.TOTL,market_size,2001,3723590.0
Australia,AUS,"Population, total",SP.POP.TOTL,market_size,2001,19274701.0
Canada,CAN,"Population, total",SP.POP.TOTL,market_size,2001,31020855.0
China,CHN,"Population, total",SP.POP.TOTL,market_size,2001,1271850000.0
Germany,DEU,"Population, total",SP.POP.TOTL,market_size,2001,82349925.0
"Egypt, Arab Rep.",EGY,"Population, total",SP.POP.TOTL,market_size,2001,74652029.0
Euro area,EMU,"Population, total",SP.POP.TOTL,market_size,2001,334870337.0
European Union,EUU,"Population, total",SP.POP.TOTL,market_size,2001,429909307.0
France,FRA,"Population, total",SP.POP.TOTL,market_size,2001,61364377.0
United Kingdom,GBR,"Population, total",SP.POP.TOTL,market_size,2001,59119673.0
Greece,GRC,"Population, total",SP.POP.TOTL,market_size,2001,10862132.0
India,IND,"Population, total",SP.POP.TOTL,market_size,2001,1077898575.0
Iraq,IRQ,"Population, total",SP.POP.TOTL,market_size,2001,25197840.0
Italy,ITA,"Population, total",SP.POP.TOTL,market_size,2001,56976981.0
Jordan,JOR,"Population, total",SP.POP.TOTL,market_size,2001,5498894.0
Kuwait,KWT,"Population, total",SP.POP.TOTL,market_size,2001,2008121.0
Lebanon,LBN,"Population, total",SP.POP.TOTL,market_size,2001,4401918.0
Qatar,QAT,"Population, total",SP.POP.TOTL,market_size,2001,677925.0
Saudi Arabia,SAU,"Population, total",SP.POP.TOTL,market_size,2001,17041397.0
Turkiye,TUR,"Population, total",SP.POP.TOTL,market_size,2001,66245128.0
United States,USA,"Population, total",SP.POP.TOTL,market_size,2001,284968955.0
World,WLD,"Population, total",SP.POP.TOTL,market_size,2001,6244739668.0
United Arab Emirates,ARE,"Population, total",SP.POP.TOTL,market_size,2002,3956826.0
Australia,AUS,"Population, total",SP.POP.TOTL,market_size,2002,19495210.0
Canada,CAN,"Population, total",SP.POP.TOTL,market_size,2002,31359199.0
China,CHN,"Population, total",SP.POP.TOTL,market_size,2002,1280400000.0
Germany,DEU,"Population, total",SP.POP.TOTL,market_size,2002,82488495.0
"Egypt, Arab Rep.",EGY,"Population, total",SP.POP.TOTL,market_size,2002,76239137.0
Euro area,EMU,"Population, total",SP.POP.TOTL,market_size,2002,336306839.0
European Union,EUU,"Population, total",SP.POP.TOTL,market_size,2002,430924112.0
France,FRA,"Population, total",SP.POP.TOTL,market_size,2002,61812142.0
United Kingdom,GBR,"Population, total",SP.POP.TOTL,market_size,2002,59370479.0
Greece,GRC,"Population, total",SP.POP.TOTL,market_size,2002,10902022.0
India,IND,"Population, total",SP.POP.TOTL,market_size,2002,1097600380.0
Iraq,IRQ,"Population, total",SP.POP.TOTL,market_size,2002,26006559.0
Italy,ITA,"Population, total",SP.POP.TOTL,market_size,2002,57089824.0
Jordan,JOR,"Population, total",SP.POP.TOTL,market_size,2002,5616066.0
Kuwait,KWT,"Population, total",SP.POP.TOTL,market_size,2002,2059974.0
Lebanon,LBN,"Population, total",SP.POP.TOTL,market_size,2002,4463504.0
Qatar,QAT,"Population, total",SP.POP.TOTL,market_size,2002,711205.0
Saudi Arabia,SAU,"Population, total",SP.POP.TOTL,market_size,2002,17910910.0
Turkiye,TUR,"Population, total",SP.POP.TOTL,market_size,2002,67048795.0
United States,USA,"Population, total",SP.POP.TOTL,market_size,2002,287625193.0
World,WLD,"Population, total",SP.POP.TOTL,market_size,2002,6327171255.0
United Arab Emirates,ARE,"Population, total",SP.POP.TOTL,market_size,2003,4192457.0
Australia,AUS,"Population, total",SP.POP.TOTL,market_size,2003,19720737.0
Canada,CAN,"Population, total",SP.POP.TOTL,market_size,2003,31642461.0
China,CHN,"Population, total",SP.POP.TOTL,market_size,2003,1288400000.0
Germany,DEU,"Population, total",SP.POP.TOTL,market_size,2003,82534176.0
"Egypt, Arab Rep.",EGY,"Population, total",SP.POP.TOTL,market_size,2003,77853548.0
Euro area,EMU,"Population, total",SP.POP.TOTL,market_size,2003,338061667.0
European Union,EUU,"Population, total",SP.POP.TOTL,market_size,2003,432512916.0
France,FRA,"Population, total",SP.POP.TOTL,market_size,2003,62249855.0
United Kingdom,GBR,"Population, total",SP.POP.TOTL,market_size,2003,59647577.0
Greece,GRC,"Population, total",SP.POP.TOTL,market_size,2003,10928070.0
India,IND,"Population, total",SP.POP.TOTL,market_size,2003,1116803006.0
Iraq,IRQ,"Population, total",SP.POP.TOTL,market_size,2003,26802659.0
Italy,ITA,"Population, total",SP.POP.TOTL,market_size,2003,57399184.0
Jordan,JOR,"Population, total",SP.POP.TOTL,market_size,2003,5741828.0
Kuwait,KWT,"Population, total",SP.POP.TOTL,market_size,2003,2109881.0
Lebanon,LBN,"Population, total",SP.POP.TOTL,market_size,2003,4525508.0
Qatar,QAT,"Population, total",SP.POP.TOTL,market_size,2003,744682.0
Saudi Arabia,SAU,"Population, total",SP.POP.TOTL,market_size,2003,18786767.0
Turkiye,TUR,"Population, total",SP.POP.TOTL,market_size,2003,67831730.0
United States,USA,"Population, total",SP.POP.TOTL,market_size,2003,290107933.0
World,WLD,"Population, total",SP.POP.TOTL,market_size,2003,6409352386.0
United Arab Emirates,ARE,"Population, total",SP.POP.TOTL,market_size,2004,4428967.0
Australia,AUS,"Population, total",SP.POP.TOTL,market_size,2004,19932722.0
Canada,CAN,"Population, total",SP.POP.TOTL,market_size,2004,31938807.0
China,CHN,"Population, total",SP.POP.TOTL,market_size,2004,1296075000.0
Germany,DEU,"Population, total",SP.POP.TOTL,market_size,2004,82516260.0
"Egypt, Arab Rep.",EGY,"Population, total",SP.POP.TOTL,market_size,2004,79477443.0
Euro area,EMU,"Population, total",SP.POP.TOTL,market_size,2004,339856977.0
European Union,EUU,"Population, total",SP.POP.TOTL,market_size,2004,434193248.0
France,FRA,"Population, total",SP.POP.TOTL,market_size,2004,62707588.0
United Kingdom,GBR,"Population, total",SP.POP.TOTL,market_size,2004,59987905.0
Greece,GRC,"Population, total",SP.POP.TOTL,market_size,2004,10955141.0
India,IND,"Population, total",SP.POP.TOTL,market_size,2004,1135991513.0
Iraq,IRQ,"Population, total",SP.POP.TOTL,market_size,2004,27577878.0
Italy,ITA,"Population, total",SP.POP.TOTL,market_size,2004,57828179.0
Jordan,JOR,"Population, total",SP.POP.TOTL,market_size,2004,5882061.0
Kuwait,KWT,"Population, total",SP.POP.TOTL,market_size,2004,2157320.0
Lebanon,LBN,"Population, total",SP.POP.TOTL,market_size,2004,4599279.0
Qatar,QAT,"Population, total",SP.POP.TOTL,market_size,2004,773332.0
Saudi Arabia,SAU,"Population, total",SP.POP.TOTL,market_size,2004,19669480.0
Turkiye,TUR,"Population, total",SP.POP.TOTL,market_size,2004,68592617.0
United States,USA,"Population, total",SP.POP.TOTL,market_size,2004,292805298.0
World,WLD,"Population, total",SP.POP.TOTL,market_size,2004,6492354627.0
United Arab Emirates,ARE,"Population, total",SP.POP.TOTL,market_size,2005,4664790.0
Australia,AUS,"Population, total",SP.POP.TOTL,market_size,2005,20176844.0
Canada,CAN,"Population, total",SP.POP.TOTL,market_size,2005,32242732.0
China,CHN,"Population, total",SP.POP.TOTL,market_size,2005,1303720000.0
Germany,DEU,"Population, total",SP.POP.TOTL,market_size,2005,82469422.0
"Egypt, Arab Rep.",EGY,"Population, total",SP.POP.TOTL,market_size,2005,81101004.0
Euro area,EMU,"Population, total",SP.POP.TOTL,market_size,2005,341556724.0
European Union,EUU,"Population, total",SP.POP.TOTL,market_size,2005,435789139.0
France,FRA,"Population, total",SP.POP.TOTL,market_size,2005,63180854.0
United Kingdom,GBR,"Population, total",SP.POP.TOTL,market_size,2005,60401206.0
Greece,GRC,"Population, total",SP.POP.TOTL,market_size,2005,10987314.0
India,IND,"Population, total",SP.POP.TOTL,market_size,2005,1154676322.0
Iraq,IRQ,"Population, total",SP.POP.TOTL,market_size,2005,28407448.0
Italy,ITA,"Population, total",SP.POP.TOTL,market_size,2005,58166682.0
Jordan,JOR,"Population, total",SP.POP.TOTL,market_size,2005,6029587.0
Kuwait,KWT,"Population, total",SP.POP.TOTL,market_size,2005,2236788.0
Lebanon,LBN,"Population, total",SP.POP.TOTL,market_size,2005,4671102.0
Qatar,QAT,"Population, total",SP.POP.TOTL,market_size,2005,825408.0
Saudi Arabia,SAU,"Population, total",SP.POP.TOTL,market_size,2005,20559890.0
Turkiye,TUR,"Population, total",SP.POP.TOTL,market_size,2005,69329557.0
United States,USA,"Population, total",SP.POP.TOTL,market_size,2005,295516599.0
World,WLD,"Population, total",SP.POP.TOTL,market_size,2005,6575410029.0
United Arab Emirates,ARE,"Population, total",SP.POP.TOTL,market_size,2006,5009100.0
Australia,AUS,"Population, total",SP.POP.TOTL,market_size,2006,20450966.0
Canada,CAN,"Population, total",SP.POP.TOTL,market_size,2006,32571193.0
China,CHN,"Population, total",SP.POP.TOTL,market_size,2006,1311020000.0
Germany,DEU,"Population, total",SP.POP.TOTL,market_size,2006,82376451.0
"Egypt, Arab Rep.",EGY,"Population, total",SP.POP.TOTL,market_size,2006,82700403.0
Euro area,EMU,"Population, total",SP.POP.TOTL,market_size,2006,343100724.0
European Union,EUU,"Population, total",SP.POP.TOTL,market_size,2006,437263803.0
France,FRA,"Population, total",SP.POP.TOTL,market_size,2006,63622342.0
United Kingdom,GBR,"Population, total",SP.POP.TOTL,market_size,2006,60846820.0
Greece,GRC,"Population, total",SP.POP.TOTL,market_size,2006,11020362.0
India,IND,"Population, total",SP.POP.TOTL,market_size,2006,1172878890.0
Iraq,IRQ,"Population, total",SP.POP.TOTL,market_size,2006,28616515.0
Italy,ITA,"Population, total",SP.POP.TOTL,market_size,2006,58399861.0
Jordan,JOR,"Population, total",SP.POP.TOTL,market_size,2006,6427371.0
Kuwait,KWT,"Population, total",SP.POP.TOTL,market_size,2006,2364733.0
Lebanon,LBN,"Population, total",SP.POP.TOTL,market_size,2006,4751136.0
Qatar,QAT,"Population, total",SP.POP.TOTL,market_size,2006,972831.0
Saudi Arabia,SAU,"Population, total",SP.POP.TOTL,market_size,2006,21459144.0
Turkiye,TUR,"Population, total",SP.POP.TOTL,market_size,2006,70045349.0
United States,USA,"Population, total",SP.POP.TOTL,market_size,2006,298379912.0
World,WLD,"Population, total",SP.POP.TOTL,market_size,2006,6659536021.0
United Arab Emirates,ARE,"Population, total",SP.POP.TOTL,market_size,2007,5624635.0
Australia,AUS,"Population, total",SP.POP.TOTL,market_size,2007,20827622.0
Canada,CAN,"Population, total",SP.POP.TOTL,market_size,2007,32888886.0
China,CHN,"Population, total",SP.POP.TOTL,market_size,2007,1317885000.0
Germany,DEU,"Population, total",SP.POP.TOTL,market_size,2007,82266372.0
"Egypt, Arab Rep.",EGY,"Population, total",SP.POP.TOTL,market_size,2007,84276225.0
Euro area,EMU,"Population, total",SP.POP.TOTL,market_size,2007,344828323.0
European Union,EUU,"Population, total",SP.POP.TOTL,market_size,2007,438796003.0
France,FRA,"Population, total",SP.POP.TOTL,market_size,2007,64016890.0
United Kingdom,GBR,"Population, total",SP.POP.TOTL,market_size,2007,61322463.0
Greece,GRC,"Population, total",SP.POP.TOTL,market_size,2007,11048473.0
India,IND,"Population, total",SP.POP.TOTL,market_size,2007,1190676021.0
Iraq,IRQ,"Population, total",SP.POP.TOTL,market_size,2007,28391607.0
Italy,ITA,"Population, total",SP.POP.TOTL,market_size,2007,58756247.0
Jordan,JOR,"Population, total",SP.POP.TOTL,market_size,2007,6827227.0
Kuwait,KWT,"Population, total",SP.POP.TOTL,market_size,2007,2507887.0
Lebanon,LBN,"Population, total",SP.POP.TOTL,market_size,2007,4844118.0
Qatar,QAT,"Population, total",SP.POP.TOTL,market_size,2007,1208595.0
Saudi Arabia,SAU,"Population, total",SP.POP.TOTL,market_size,2007,22368313.0
Turkiye,TUR,"Population, total",SP.POP.TOTL,market_size,2007,70158112.0
United States,USA,"Population, total",SP.POP.TOTL,market_size,2007,301231207.0
World,WLD,"Population, total",SP.POP.TOTL,market_size,2007,6744049498.0
United Arab Emirates,ARE,"Population, total",SP.POP.TOTL,market_size,2008,6302664.0
Australia,AUS,"Population, total",SP.POP.TOTL,market_size,2008,21249199.0
Canada,CAN,"Population, total",SP.POP.TOTL,market_size,2008,33247298.0
China,CHN,"Population, total",SP.POP.TOTL,market_size,2008,1324655000.0
Germany,DEU,"Population, total",SP.POP.TOTL,market_size,2008,82110097.0
"Egypt, Arab Rep.",EGY,"Population, total",SP.POP.TOTL,market_size,2008,85864789.0
Euro area,EMU,"Population, total",SP.POP.TOTL,market_size,2008,346471036.0
European Union,EUU,"Population, total",SP.POP.TOTL,market_size,2008,440270719.0
France,FRA,"Population, total",SP.POP.TOTL,market_size,2008,64375116.0
United Kingdom,GBR,"Population, total",SP.POP.TOTL,market_size,2008,61806995.0
Greece,GRC,"Population, total",SP.POP.TOTL,market_size,2008,11077841.0
India,IND,"Population, total",SP.POP.TOTL,market_size,2008,1207930964.0
Iraq,IRQ,"Population, total",SP.POP.TOTL,market_size,2008,28971036.0
Italy,ITA,"Population, total",SP.POP.TOTL,market_size,2008,59211181.0
Jordan,JOR,"Population, total",SP.POP.TOTL,market_size,2008,6989866.0
Kuwait,KWT,"Population, total",SP.POP.TOTL,market_size,2008,2651421.0
Lebanon,LBN,"Population, total",SP.POP.TOTL,market_size,2008,4925354.0
Qatar,QAT,"Population, total",SP.POP.TOTL,market_size,2008,1426938.0
Saudi Arabia,SAU,"Population, total",SP.POP.TOTL,market_size,2008,23287877.0
Turkiye,TUR,"Population, total",SP.POP.TOTL,market_size,2008,71051678.0
United States,USA,"Population, total",SP.POP.TOTL,market_size,2008,304093966.0
World,WLD,"Population, total",SP.POP.TOTL,market_size,2008,6830080867.0
United Arab Emirates,ARE,"Population, total",SP.POP.TOTL,market_size,2009,6707058.0
Australia,AUS,"Population, total",SP.POP.TOTL,market_size,2009,21691653.0
Canada,CAN,"Population, total",SP.POP.TOTL,market_size,2009,33630069.0
China,CHN,"Population, total",SP.POP.TOTL,market_size,2009,1331260000.0
Germany,DEU,"Population, total",SP.POP.TOTL,market_size,2009,81902307.0
"Egypt, Arab Rep.",EGY,"Population, total",SP.POP.TOTL,market_size,2009,87501636.0
Euro area,EMU,"Population, total",SP.POP.TOTL,market_size,2009,347581287.0
European Union,EUU,"Population, total",SP.POP.TOTL,market_size,2009,441388573.0
France,FRA,"Population, total",SP.POP.TOTL,market_size,2009,64706436.0
United Kingdom,GBR,"Population, total",SP.POP.TOTL,market_size,2009,62276270.0
Greece,GRC,"Population, total",SP.POP.TOTL,market_size,2009,11107017.0
India,IND,"Population, total",SP.POP.TOTL,market_size,2009,1225524753.0
Iraq,IRQ,"Population, total",SP.POP.TOTL,market_size,2009,30058206.0
Italy,ITA,"Population, total",SP.POP.TOTL,market_size,2009,59555454.0
Jordan,JOR,"Population, total",SP.POP.TOTL,market_size,2009,7141753.0
Kuwait,KWT,"Population, total",SP.POP.TOTL,market_size,2009,2795484.0
Lebanon,LBN,"Population, total",SP.POP.TOTL,market_size,2009,4992287.0
Qatar,QAT,"Population, total",SP.POP.TOTL,market_size,2009,1608903.0
Saudi Arabia,SAU,"Population, total",SP.POP.TOTL,market_size,2009,24217654.0
Turkiye,TUR,"Population, total",SP.POP.TOTL,market_size,2009,72039206.0
United States,USA,"Population, total",SP.POP.TOTL,market_size,2009,306771529.0
World,WLD,"Population, total",SP.POP.TOTL,market_size,2009,6916168196.0
United Arab Emirates,ARE,"Population, total",SP.POP.TOTL,market_size,2010,6869838.0
Australia,AUS,"Population, total",SP.POP.TOTL,market_size,2010,22031750.0
Canada,CAN,"Population, total",SP.POP.TOTL,market_size,2010,34005902.0
China,CHN,"Population, total",SP.POP.TOTL,market_size,2010,1337705000.0
Germany,DEU,"Population, total",SP.POP.TOTL,market_size,2010,81776930.0
"Egypt, Arab Rep.",EGY,"Population, total",SP.POP.TOTL,market_size,2010,89196072.0
Euro area,EMU,"Population, total",SP.POP.TOTL,market_size,2010,348398403.0
European Union,EUU,"Population, total",SP.POP.TOTL,market_size,2010,442088310.0
France,FRA,"Population, total",SP.POP.TOTL,market_size,2010,65026211.0
United Kingdom,GBR,"Population, total",SP.POP.TOTL,market_size,2010,62766365.0
Greece,GRC,"Population, total",SP.POP.TOTL,market_size,2010,11121341.0
India,IND,"Population, total",SP.POP.TOTL,market_size,2010,1243481564.0
Iraq,IRQ,"Population, total",SP.POP.TOTL,market_size,2010,31045366.0
Italy,ITA,"Population, total",SP.POP.TOTL,market_size,2010,59819407.0
Jordan,JOR,"Population, total",SP.POP.TOTL,market_size,2010,7297043.0
Kuwait,KWT,"Population, total",SP.POP.TOTL,market_size,2010,2943372.0
Lebanon,LBN,"Population, total",SP.POP.TOTL,market_size,2010,5041288.0
Qatar,QAT,"Population, total",SP.POP.TOTL,market_size,2010,1616832.0
Saudi Arabia,SAU,"Population, total",SP.POP.TOTL,market_size,2010,23978487.0
Turkiye,TUR,"Population, total",SP.POP.TOTL,market_size,2010,73142150.0
United States,USA,"Population, total",SP.POP.TOTL,market_size,2010,309378227.0
World,WLD,"Population, total",SP.POP.TOTL,market_size,2010,7000860073.0
United Arab Emirates,ARE,"Population, total",SP.POP.TOTL,market_size,2011,7104538.0
Australia,AUS,"Population, total",SP.POP.TOTL,market_size,2011,22340024.0
Canada,CAN,"Population, total",SP.POP.TOTL,market_size,2011,34339221.0
China,CHN,"Population, total",SP.POP.TOTL,market_size,2011,1345035000.0
Germany,DEU,"Population, total",SP.POP.TOTL,market_size,2011,80274983.0
"Egypt, Arab Rep.",EGY,"Population, total",SP.POP.TOTL,market_size,2011,91093059.0
Euro area,EMU,"Population, total",SP.POP.TOTL,market_size,2011,347715695.0
European Union,EUU,"Population, total",SP.POP.TOTL,market_size,2011,441414078.0
France,FRA,"Population, total",SP.POP.TOTL,market_size,2011,65340830.0
United Kingdom,GBR,"Population, total",SP.POP.TOTL,market_size,2011,63258810.0
Greece,GRC,"Population, total",SP.POP.TOTL,market_size,2011,11104899.0
India,IND,"Population, total",SP.POP.TOTL,market_size,2011,1261224954.0
Iraq,IRQ,"Population, total",SP.POP.TOTL,market_size,2011,32161424.0
Italy,ITA,"Population, total",SP.POP.TOTL,market_size,2011,60026841.0
Jordan,JOR,"Population, total",SP.POP.TOTL,market_size,2011,7480424.0
Kuwait,KWT,"Population, total",SP.POP.TOTL,market_size,2011,3132814.0
Lebanon,LBN,"Population, total",SP.POP.TOTL,market_size,2011,5096020.0
Qatar,QAT,"Population, total",SP.POP.TOTL,market_size,2011,1624761.0
Saudi Arabia,SAU,"Population, total",SP.POP.TOTL,market_size,2011,25091867.0
Turkiye,TUR,"Population, total",SP.POP.TOTL,market_size,2011,74223629.0
United States,USA,"Population, total",SP.POP.TOTL,market_size,2011,311839461.0
World,WLD,"Population, total",SP.POP.TOTL,market_size,2011,7086704141.0
United Arab Emirates,ARE,"Population, total",SP.POP.TOTL,market_size,2012,7391448.0
Australia,AUS,"Population, total",SP.POP.TOTL,market_size,2012,22733465.0
Canada,CAN,"Population, total",SP.POP.TOTL,market_size,2012,34713395.0
China,CHN,"Population, total",SP.POP.TOTL,market_size,2012,1354190000.0
Germany,DEU,"Population, total",SP.POP.TOTL,market_size,2012,80425823.0
"Egypt, Arab Rep.",EGY,"Population, total",SP.POP.TOTL,market_size,2012,93161001.0
Euro area,EMU,"Population, total",SP.POP.TOTL,market_size,2012,348406547.0
European Union,EUU,"Population, total",SP.POP.TOTL,market_size,2012,442069839.0
France,FRA,"Population, total",SP.POP.TOTL,market_size,2012,65657659.0
United Kingdom,GBR,"Population, total",SP.POP.TOTL,market_size,2012,63711000.0
Greece,GRC,"Population, total",SP.POP.TOTL,market_size,2012,11045011.0
India,IND,"Population, total",SP.POP.TOTL,market_size,2012,1278674502.0
Iraq,IRQ,"Population, total",SP.POP.TOTL,market_size,2012,33654842.0
Italy,ITA,"Population, total",SP.POP.TOTL,market_size,2012,60191247.0
Jordan,JOR,"Population, total",SP.POP.TOTL,market_size,2012,7587127.0
Kuwait,KWT,"Population, total",SP.POP.TOTL,market_size,2012,3337109.0
Lebanon,LBN,"Population, total",SP.POP.TOTL,market_size,2012,5235742.0
Qatar,QAT,"Population, total",SP.POP.TOTL,market_size,2012,1722438.0
Saudi Arabia,SAU,"Population, total",SP.POP.TOTL,market_size,2012,26168861.0
Turkiye,TUR,"Population, total",SP.POP.TOTL,market_size,2012,75175827.0
United States,USA,"Population, total",SP.POP.TOTL,market_size,2012,314339099.0
World,WLD,"Population, total",SP.POP.TOTL,market_size,2012,7176482165.0
United Arab Emirates,ARE,"Population, total",SP.POP.TOTL,market_size,2013,7693031.0
Australia,AUS,"Population, total",SP.POP.TOTL,market_size,2013,23128129.0
Canada,CAN,"Population, total",SP.POP.TOTL,market_size,2013,35080992.0
China,CHN,"Population, total",SP.POP.TOTL,market_size,2013,1363240000.0
Germany,DEU,"Population, total",SP.POP.TOTL,market_size,2013,80645605.0
"Egypt, Arab Rep.",EGY,"Population, total",SP.POP.TOTL,market_size,2013,95333553.0
Euro area,EMU,"Population, total",SP.POP.TOTL,market_size,2013,348799535.0
European Union,EUU,"Population, total",SP.POP.TOTL,market_size,2013,442425741.0
France,FRA,"Population, total",SP.POP.TOTL,market_size,2013,65997932.0
United Kingdom,GBR,"Population, total",SP.POP.TOTL,market_size,2013,64138000.0
Greece,GRC,"Population, total",SP.POP.TOTL,market_size,2013,10965211.0
India,IND,"Population, total",SP.POP.TOTL,market_size,2013,1295829511.0
Iraq,IRQ,"Population, total",SP.POP.TOTL,market_size,2013,35281989.0
Italy,ITA,"Population, total",SP.POP.TOTL,market_size,2013,60311613.0
Jordan,JOR,"Population, total",SP.POP.TOTL,market_size,2013,7991809.0
Kuwait,KWT,"Population, total",SP.POP.TOTL,market_size,2013,3507844.0
Lebanon,LBN,"Population, total",SP.POP.TOTL,market_size,2013,5743436.0
Qatar,QAT,"Population, total",SP.POP.TOTL,market_size,2013,1916426.0
Saudi Arabia,SAU,"Population, total",SP.POP.TOTL,market_size,2013,27624004.0
Turkiye,TUR,"Population, total",SP.POP.TOTL,market_size,2013,76147624.0
United States,USA,"Population, total",SP.POP.TOTL,market_size,2013,316726282.0
World,WLD,"Population, total",SP.POP.TOTL,market_size,2013,7265404737.0
United Arab Emirates,ARE,"Population, total",SP.POP.TOTL,market_size,2014,8059440.0
Australia,AUS,"Population, total",SP.POP.TOTL,market_size,2014,23475686.0
Canada,CAN,"Population, total",SP.POP.TOTL,market_size,2014,35434066.0
China,CHN,"Population, total",SP.POP.TOTL,market_size,2014,1371860000.0
Germany,DEU,"Population, total",SP.POP.TOTL,market_size,2014,80982500.0
"Egypt, Arab Rep.",EGY,"Population, total",SP.POP.TOTL,market_size,2014,97528654.0
Euro area,EMU,"Population, total",SP.POP.TOTL,market_size,2014,349302135.0
European Union,EUU,"Population, total",SP.POP.TOTL,market_size,2014,442920819.0
France,FRA,"Population, total",SP.POP.TOTL,market_size,2014,66312067.0
United Kingdom,GBR,"Population, total",SP.POP.TOTL,market_size,2014,64619000.0
Greece,GRC,"Population, total",SP.POP.TOTL,market_size,2014,10892413.0
India,IND,"Population, total",SP.POP.TOTL,market_size,2014,1312277191.0
Iraq,IRQ,"Population, total",SP.POP.TOTL,market_size,2014,36550059.0
Italy,ITA,"Population, total",SP.POP.TOTL,market_size,2014,60320707.0
Jordan,JOR,"Population, total",SP.POP.TOTL,market_size,2014,8791710.0
Kuwait,KWT,"Population, total",SP.POP.TOTL,market_size,2014,3665876.0
Lebanon,LBN,"Population, total",SP.POP.TOTL,market_size,2014,6346990.0
Qatar,QAT,"Population, total",SP.POP.TOTL,market_size,2014,2151745.0
Saudi Arabia,SAU,"Population, total",SP.POP.TOTL,market_size,2014,28309273.0
Turkiye,TUR,"Population, total",SP.POP.TOTL,market_size,2014,77181884.0
United States,USA,"Population, total",SP.POP.TOTL,market_size,2014,319257560.0
World,WLD,"Population, total",SP.POP.TOTL,market_size,2014,7353532223.0
United Arab Emirates,ARE,"Population, total",SP.POP.TOTL,market_size,2015,8505237.0
Australia,AUS,"Population, total",SP.POP.TOTL,market_size,2015,23815995.0
Canada,CAN,"Population, total",SP.POP.TOTL,market_size,2015,35704498.0
China,CHN,"Population, total",SP.POP.TOTL,market_size,2015,1379860000.0
Germany,DEU,"Population, total",SP.POP.TOTL,market_size,2015,81686611.0
"Egypt, Arab Rep.",EGY,"Population, total",SP.POP.TOTL,market_size,2015,99597342.0
Euro area,EMU,"Population, total",SP.POP.TOTL,market_size,2015,350164707.0
European Union,EUU,"Population, total",SP.POP.TOTL,market_size,2015,443793218.0
France,FRA,"Population, total",SP.POP.TOTL,market_size,2015,66548272.0
United Kingdom,GBR,"Population, total",SP.POP.TOTL,market_size,2015,65087000.0
Greece,GRC,"Population, total",SP.POP.TOTL,market_size,2015,10820883.0
India,IND,"Population, total",SP.POP.TOTL,market_size,2015,1328024498.0
Iraq,IRQ,"Population, total",SP.POP.TOTL,market_size,2015,37560535.0
Italy,ITA,"Population, total",SP.POP.TOTL,market_size,2015,60229605.0
Jordan,JOR,"Population, total",SP.POP.TOTL,market_size,2015,9544729.0
Kuwait,KWT,"Population, total",SP.POP.TOTL,market_size,2015,3834574.0
Lebanon,LBN,"Population, total",SP.POP.TOTL,market_size,2015,6472469.0
Qatar,QAT,"Population, total",SP.POP.TOTL,market_size,2015,2344557.0
Saudi Arabia,SAU,"Population, total",SP.POP.TOTL,market_size,2015,29816382.0
Turkiye,TUR,"Population, total",SP.POP.TOTL,market_size,2015,78218479.0
United States,USA,"Population, total",SP.POP.TOTL,market_size,2015,321815121.0
World,WLD,"Population, total",SP.POP.TOTL,market_size,2015,7441084771.0
United Arab Emirates,ARE,"Population, total",SP.POP.TOTL,market_size,2016,8935095.0
Australia,AUS,"Population, total",SP.POP.TOTL,market_size,2016,24190907.0
Canada,CAN,"Population, total",SP.POP.TOTL,market_size,2016,36110803.0
China,CHN,"Population, total",SP.POP.TOTL,market_size,2016,1387790000.0
Germany,DEU,"Population, total",SP.POP.TOTL,market_size,2016,82348669.0
"Egypt, Arab Rep.",EGY,"Population, total",SP.POP.TOTL,market_size,2016,101644589.0
Euro area,EMU,"Population, total",SP.POP.TOTL,market_size,2016,351027116.0
European Union,EUU,"Population, total",SP.POP.TOTL,market_size,2016,444676652.0
France,FRA,"Population, total",SP.POP.TOTL,market_size,2016,66724104.0
United Kingdom,GBR,"Population, total",SP.POP.TOTL,market_size,2016,65606000.0
Greece,GRC,"Population, total",SP.POP.TOTL,market_size,2016,10775971.0
India,IND,"Population, total",SP.POP.TOTL,market_size,2016,1343944296.0
Iraq,IRQ,"Population, total",SP.POP.TOTL,market_size,2016,38469627.0
Italy,ITA,"Population, total",SP.POP.TOTL,market_size,2016,60115223.0
Jordan,JOR,"Population, total",SP.POP.TOTL,market_size,2016,10006367.0
Kuwait,KWT,"Population, total",SP.POP.TOTL,market_size,2016,4004096.0
Lebanon,LBN,"Population, total",SP.POP.TOTL,market_size,2016,6323060.0
Qatar,QAT,"Population, total",SP.POP.TOTL,market_size,2016,2477113.0
Saudi Arabia,SAU,"Population, total",SP.POP.TOTL,market_size,2016,30954198.0
Turkiye,TUR,"Population, total",SP.POP.TOTL,market_size,2016,79277962.0
United States,USA,"Population, total",SP.POP.TOTL,market_size,2016,324353340.0
World,WLD,"Population, total",SP.POP.TOTL,market_size,2016,7528221579.0
United Arab Emirates,ARE,"Population, total",SP.POP.TOTL,market_size,2017,9223225.0
Australia,AUS,"Population, total",SP.POP.TOTL,market_size,2017,24592588.0
Canada,CAN,"Population, total",SP.POP.TOTL,market_size,2017,36545075.0
China,CHN,"Population, total",SP.POP.TOTL,market_size,2017,1396215000.0
Germany,DEU,"Population, total",SP.POP.TOTL,market_size,2017,82657002.0
"Egypt, Arab Rep.",EGY,"Population, total",SP.POP.TOTL,market_size,2017,103696057.0
Euro area,EMU,"Population, total",SP.POP.TOTL,market_size,2017,351613647.0
European Union,EUU,"Population, total",SP.POP.TOTL,market_size,2017,445321060.0
France,FRA,"Population, total",SP.POP.TOTL,market_size,2017,66918020.0
United Kingdom,GBR,"Population, total",SP.POP.TOTL,market_size,2017,65964000.0
Greece,GRC,"Population, total",SP.POP.TOTL,market_size,2017,10754679.0
India,IND,"Population, total",SP.POP.TOTL,market_size,2017,1359657400.0
Iraq,IRQ,"Population, total",SP.POP.TOTL,market_size,2017,39337353.0
Italy,ITA,"Population, total",SP.POP.TOTL,market_size,2017,60002252.0
Jordan,JOR,"Population, total",SP.POP.TOTL,market_size,2017,10234226.0
Kuwait,KWT,"Population, total",SP.POP.TOTL,market_size,2017,4154812.0
Lebanon,LBN,"Population, total",SP.POP.TOTL,market_size,2017,6160128.0
Qatar,QAT,"Population, total",SP.POP.TOTL,market_size,2017,2545820.0
Saudi Arabia,SAU,"Population, total",SP.POP.TOTL,market_size,2017,30977355.0
Turkiye,TUR,"Population, total",SP.POP.TOTL,market_size,2017,80312698.0
United States,USA,"Population, total",SP.POP.TOTL,market_size,2017,326608609.0
World,WLD,"Population, total",SP.POP.TOTL,market_size,2017,7613788655.0
United Arab Emirates,ARE,"Population, total",SP.POP.TOTL,market_size,2018,9346701.0
Australia,AUS,"Population, total",SP.POP.TOTL,market_size,2018,24963258.0
Canada,CAN,"Population, total",SP.POP.TOTL,market_size,2018,37072620.0
China,CHN,"Population, total",SP.POP.TOTL,market_size,2018,1402760000.0
Germany,DEU,"Population, total",SP.POP.TOTL,market_size,2018,82905782.0
"Egypt, Arab Rep.",EGY,"Population, total",SP.POP.TOTL,market_size,2018,105682094.0
Euro area,EMU,"Population, total",SP.POP.TOTL,market_size,2018,352303991.0
European Union,EUU,"Population, total",SP.POP.TOTL,market_size,2018,446058453.0
France,FRA,"Population, total",SP.POP.TOTL,market_size,2018,67158348.0
United Kingdom,GBR,"Population, total",SP.POP.TOTL,market_size,2018,66287000.0
Greece,GRC,"Population, total",SP.POP.TOTL,market_size,2018,10732882.0
India,IND,"Population, total",SP.POP.TOTL,market_size,2018,1374659064.0
Iraq,IRQ,"Population, total",SP.POP.TOTL,market_size,2018,40265624.0
Italy,ITA,"Population, total",SP.POP.TOTL,market_size,2018,59877221.0
Jordan,JOR,"Population, total",SP.POP.TOTL,market_size,2018,10462306.0
Kuwait,KWT,"Population, total",SP.POP.TOTL,market_size,2018,4323515.0
Lebanon,LBN,"Population, total",SP.POP.TOTL,market_size,2018,5984119.0
Qatar,QAT,"Population, total",SP.POP.TOTL,market_size,2018,2580734.0
Saudi Arabia,SAU,"Population, total",SP.POP.TOTL,market_size,2018,30196281.0
Turkiye,TUR,"Population, total",SP.POP.TOTL,market_size,2018,81407204.0
United States,USA,"Population, total",SP.POP.TOTL,market_size,2018,328529577.0
World,WLD,"Population, total",SP.POP.TOTL,market_size,2018,7696159728.0
United Arab Emirates,ARE,"Population, total",SP.POP.TOTL,market_size,2019,9445785.0
Australia,AUS,"Population, total",SP.POP.TOTL,market_size,2019,25334826.0
Canada,CAN,"Population, total",SP.POP.TOTL,market_size,2019,37618495.0
China,CHN,"Population, total",SP.POP.TOTL,market_size,2019,1407745000.0
Germany,DEU,"Population, total",SP.POP.TOTL,market_size,2019,83092962.0
"Egypt, Arab Rep.",EGY,"Population, total",SP.POP.TOTL,market_size,2019,107553158.0
Euro area,EMU,"Population, total",SP.POP.TOTL,market_size,2019,353113327.0
European Union,EUU,"Population, total",SP.POP.TOTL,market_size,2019,446910453.0
France,FRA,"Population, total",SP.POP.TOTL,market_size,2019,67382061.0
United Kingdom,GBR,"Population, total",SP.POP.TOTL,market_size,2019,66628000.0
Greece,GRC,"Population, total",SP.POP.TOTL,market_size,2019,10721582.0
India,IND,"Population, total",SP.POP.TOTL,market_size,2019,1389030312.0
Iraq,IRQ,"Population, total",SP.POP.TOTL,market_size,2019,41192171.0
Italy,ITA,"Population, total",SP.POP.TOTL,market_size,2019,59729081.0
Jordan,JOR,"Population, total",SP.POP.TOTL,market_size,2019,10671891.0
Kuwait,KWT,"Population, total",SP.POP.TOTL,market_size,2019,4442316.0
Lebanon,LBN,"Population, total",SP.POP.TOTL,market_size,2019,5794594.0
Qatar,QAT,"Population, total",SP.POP.TOTL,market_size,2019,2638657.0
Saudi Arabia,SAU,"Population, total",SP.POP.TOTL,market_size,2019,30063799.0
Turkiye,TUR,"Population, total",SP.POP.TOTL,market_size,2019,82579440.0
United States,USA,"Population, total",SP.POP.TOTL,market_size,2019,330226227.0
World,WLD,"Population, total",SP.POP.TOTL,market_size,2019,7777162476.0
United Arab Emirates,ARE,"Population, total",SP.POP.TOTL,market_size,2020,9401038.0
Australia,AUS,"Population, total",SP.POP.TOTL,market_size,2020,25649248.0
Canada,CAN,"Population, total",SP.POP.TOTL,market_size,2020,38028638.0
China,CHN,"Population, total",SP.POP.TOTL,market_size,2020,1411100000.0
Germany,DEU,"Population, total",SP.POP.TOTL,market_size,2020,83160871.0
"Egypt, Arab Rep.",EGY,"Population, total",SP.POP.TOTL,market_size,2020,109315124.0
Euro area,EMU,"Population, total",SP.POP.TOTL,market_size,2020,353536838.0
European Union,EUU,"Population, total",SP.POP.TOTL,market_size,2020,446870959.0
France,FRA,"Population, total",SP.POP.TOTL,market_size,2020,67601110.0
United Kingdom,GBR,"Population, total",SP.POP.TOTL,market_size,2020,66740000.0
Greece,GRC,"Population, total",SP.POP.TOTL,market_size,2020,10698599.0
India,IND,"Population, total",SP.POP.TOTL,market_size,2020,1402617695.0
Iraq,IRQ,"Population, total",SP.POP.TOTL,market_size,2020,42116605.0
Italy,ITA,"Population, total",SP.POP.TOTL,market_size,2020,59438851.0
Jordan,JOR,"Population, total",SP.POP.TOTL,market_size,2020,10865228.0
Kuwait,KWT,"Population, total",SP.POP.TOTL,market_size,2020,4400267.0
Lebanon,LBN,"Population, total",SP.POP.TOTL,market_size,2020,5702398.0
Qatar,QAT,"Population, total",SP.POP.TOTL,market_size,2020,2794148.0
Saudi Arabia,SAU,"Population, total",SP.POP.TOTL,market_size,2020,31552510.0
Turkiye,TUR,"Population, total",SP.POP.TOTL,market_size,2020,83384680.0
United States,USA,"Population, total",SP.POP.TOTL,market_size,2020,331578104.0
World,WLD,"Population, total",SP.POP.TOTL,market_size,2020,7853863139.0
United Arab Emirates,ARE,"Population, total",SP.POP.TOTL,market_size,2021,9575152.0
Australia,AUS,"Population, total",SP.POP.TOTL,market_size,2021,25685412.0
Canada,CAN,"Population, total",SP.POP.TOTL,market_size,2021,38239864.0
China,CHN,"Population, total",SP.POP.TOTL,market_size,2021,1412360000.0
Germany,DEU,"Population, total",SP.POP.TOTL,market_size,2021,83196078.0
"Egypt, Arab Rep.",EGY,"Population, total",SP.POP.TOTL,market_size,2021,110957008.0
Euro area,EMU,"Population, total",SP.POP.TOTL,market_size,2021,353715415.0
European Union,EUU,"Population, total",SP.POP.TOTL,market_size,2021,446228281.0
France,FRA,"Population, total",SP.POP.TOTL,market_size,2021,67842811.0
United Kingdom,GBR,"Population, total",SP.POP.TOTL,market_size,2021,66978000.0
Greece,GRC,"Population, total",SP.POP.TOTL,market_size,2021,10570130.0
India,IND,"Population, total",SP.POP.TOTL,market_size,2021,1414203896.0
Iraq,IRQ,"Population, total",SP.POP.TOTL,market_size,2021,43071211.0
Italy,ITA,"Population, total",SP.POP.TOTL,market_size,2021,59133173.0
Jordan,JOR,"Population, total",SP.POP.TOTL,market_size,2021,11066356.0
Kuwait,KWT,"Population, total",SP.POP.TOTL,market_size,2021,4360865.0
Lebanon,LBN,"Population, total",SP.POP.TOTL,market_size,2021,5718122.0
Qatar,QAT,"Population, total",SP.POP.TOTL,market_size,2021,2504910.0
Saudi Arabia,SAU,"Population, total",SP.POP.TOTL,market_size,2021,30784383.0
Turkiye,TUR,"Population, total",SP.POP.TOTL,market_size,2021,84147318.0
United States,USA,"Population, total",SP.POP.TOTL,market_size,2021,332100166.0
World,WLD,"Population, total",SP.POP.TOTL,market_size,2021,7919567995.0
United Arab Emirates,ARE,"Population, total",SP.POP.TOTL,market_size,2022,10074977.0
Australia,AUS,"Population, total",SP.POP.TOTL,market_size,2022,26018721.0
Canada,CAN,"Population, total",SP.POP.TOTL,market_size,2022,38950132.0
China,CHN,"Population, total",SP.POP.TOTL,market_size,2022,1412175000.0
Germany,DEU,"Population, total",SP.POP.TOTL,market_size,2022,83177813.0
"Egypt, Arab Rep.",EGY,"Population, total",SP.POP.TOTL,market_size,2022,112618250.0
Euro area,EMU,"Population, total",SP.POP.TOTL,market_size,2022,354666175.0
European Union,EUU,"Population, total",SP.POP.TOTL,market_size,2022,447203596.0
France,FRA,"Population, total",SP.POP.TOTL,market_size,2022,68184457.0
United Kingdom,GBR,"Population, total",SP.POP.TOTL,market_size,2022,67636000.0
Greece,GRC,"Population, total",SP.POP.TOTL,market_size,2022,10437805.0
India,IND,"Population, total",SP.POP.TOTL,market_size,2022,1425423212.0
Iraq,IRQ,"Population, total",SP.POP.TOTL,market_size,2022,44070551.0
Italy,ITA,"Population, total",SP.POP.TOTL,market_size,2022,59013667.0
Jordan,JOR,"Population, total",SP.POP.TOTL,market_size,2022,11256263.0
Kuwait,KWT,"Population, total",SP.POP.TOTL,market_size,2022,4589643.0
Lebanon,LBN,"Population, total",SP.POP.TOTL,market_size,2022,5744489.0
Qatar,QAT,"Population, total",SP.POP.TOTL,market_size,2022,2657333.0
Saudi Arabia,SAU,"Population, total",SP.POP.TOTL,market_size,2022,32175224.0
Turkiye,TUR,"Population, total",SP.POP.TOTL,market_size,2022,84979913.0
United States,USA,"Population, total",SP.POP.TOTL,market_size,2022,333996304.0
World,WLD,"Population, total",SP.POP.TOTL,market_size,2022,7988550201.0
United Arab Emirates,ARE,"Population, total",SP.POP.TOTL,market_size,2023,10483751.0
Australia,AUS,"Population, total",SP.POP.TOTL,market_size,2023,26659922.0
Canada,CAN,"Population, total",SP.POP.TOTL,market_size,2023,40049088.0
China,CHN,"Population, total",SP.POP.TOTL,market_size,2023,1410710000.0
Germany,DEU,"Population, total",SP.POP.TOTL,market_size,2023,83287273.0
"Egypt, Arab Rep.",EGY,"Population, total",SP.POP.TOTL,market_size,2023,114535772.0
Euro area,EMU,"Population, total",SP.POP.TOTL,market_size,2023,356209318.0
European Union,EUU,"Population, total",SP.POP.TOTL,market_size,2023,448897545.0
France,FRA,"Population, total",SP.POP.TOTL,market_size,2023,68372286.0
United Kingdom,GBR,"Population, total",SP.POP.TOTL,market_size,2023,68526000.0
Greece,GRC,"Population, total",SP.POP.TOTL,market_size,2023,10407351.0
India,IND,"Population, total",SP.POP.TOTL,market_size,2023,1438069596.0
Iraq,IRQ,"Population, total",SP.POP.TOTL,market_size,2023,45074049.0
Italy,ITA,"Population, total",SP.POP.TOTL,market_size,2023,58984216.0
Jordan,JOR,"Population, total",SP.POP.TOTL,market_size,2023,11439213.0
Kuwait,KWT,"Population, total",SP.POP.TOTL,market_size,2023,4853420.0
Lebanon,LBN,"Population, total",SP.POP.TOTL,market_size,2023,5773493.0
Qatar,QAT,"Population, total",SP.POP.TOTL,market_size,2023,2656032.0
Saudi Arabia,SAU,"Population, total",SP.POP.TOTL,market_size,2023,33702731.0
Turkiye,TUR,"Population, total",SP.POP.TOTL,market_size,2023,85325965.0
United States,USA,"Population, total",SP.POP.TOTL,market_size,2023,336755052.0
World,WLD,"Population, total",SP.POP.TOTL,market_size,2023,8062923417.0
United Arab Emirates,ARE,"Population, total",SP.POP.TOTL,market_size,2024,10986400.0
Australia,AUS,"Population, total",SP.POP.TOTL,market_size,2024,27194286.0
Canada,CAN,"Population, total",SP.POP.TOTL,market_size,2024,41262329.0
China,CHN,"Population, total",SP.POP.TOTL,market_size,2024,1408975000.0
Germany,DEU,"Population, total",SP.POP.TOTL,market_size,2024,83516593.0
"Egypt, Arab Rep.",EGY,"Population, total",SP.POP.TOTL,market_size,2024,116538258.0
Euro area,EMU,"Population, total",SP.POP.TOTL,market_size,2024,357603357.0
European Union,EUU,"Population, total",SP.POP.TOTL,market_size,2024,450228188.0
France,FRA,"Population, total",SP.POP.TOTL,market_size,2024,68551653.0
United Kingdom,GBR,"Population, total",SP.POP.TOTL,market_size,2024,69281000.0
Greece,GRC,"Population, total",SP.POP.TOTL,market_size,2024,10405134.0
India,IND,"Population, total",SP.POP.TOTL,market_size,2024,1450935791.0
Iraq,IRQ,"Population, total",SP.POP.TOTL,market_size,2024,46042015.0
Italy,ITA,"Population, total",SP.POP.TOTL,market_size,2024,58952704.0
Jordan,JOR,"Population, total",SP.POP.TOTL,market_size,2024,11552876.0
Kuwait,KWT,"Population, total",SP.POP.TOTL,market_size,2024,4897263.0
Lebanon,LBN,"Population, total",SP.POP.TOTL,market_size,2024,5805962.0
Qatar,QAT,"Population, total",SP.POP.TOTL,market_size,2024,2857822.0
Saudi Arabia,SAU,"Population, total",SP.POP.TOTL,market_size,2024,35300280.0
Turkiye,TUR,"Population, total",SP.POP.TOTL,market_size,2024,85518661.0
United States,USA,"Population, total",SP.POP.TOTL,market_size,2024,340003797.0
World,WLD,"Population, total",SP.POP.TOTL,market_size,2024,8140897523.0
United Arab Emirates,ARE,"Population, total",SP.POP.TOTL,market_size,2025,11513149.0
Australia,AUS,"Population, total",SP.POP.TOTL,market_size,2025,27614411.0
Canada,CAN,"Population, total",SP.POP.TOTL,market_size,2025,41651653.0
China,CHN,"Population, total",SP.POP.TOTL,market_size,2025,1406585000.0
Germany,DEU,"Population, total",SP.POP.TOTL,market_size,2025,83491249.0
"Egypt, Arab Rep.",EGY,"Population, total",SP.POP.TOTL,market_size,2025,118365995.0
Euro area,EMU,"Population, total",SP.POP.TOTL,market_size,2025,358664361.0
European Union,EUU,"Population, total",SP.POP.TOTL,market_size,2025,451127411.0
France,FRA,"Population, total",SP.POP.TOTL,market_size,2025,68720337.0
United Kingdom,GBR,"Population, total",SP.POP.TOTL,market_size,2025,69487000.0
Greece,GRC,"Population, total",SP.POP.TOTL,market_size,2025,10413962.0
India,IND,"Population, total",SP.POP.TOTL,market_size,2025,1463865525.0
Iraq,IRQ,"Population, total",SP.POP.TOTL,market_size,2025,47020774.0
Italy,ITA,"Population, total",SP.POP.TOTL,market_size,2025,58915656.0
Jordan,JOR,"Population, total",SP.POP.TOTL,market_size,2025,11520684.0
Kuwait,KWT,"Population, total",SP.POP.TOTL,market_size,2025,4865298.0
Lebanon,LBN,"Population, total",SP.POP.TOTL,market_size,2025,5849421.0
Qatar,QAT,"Population, total",SP.POP.TOTL,market_size,2025,2972215.0
Saudi Arabia,SAU,"Population, total",SP.POP.TOTL,market_size,2025,36973555.0
Turkiye,TUR,"Population, total",SP.POP.TOTL,market_size,2025,85878556.0
United States,USA,"Population, total",SP.POP.TOTL,market_size,2025,341784857.0
World,WLD,"Population, total",SP.POP.TOTL,market_size,2025,8215424893.0
