country_name,country_code,indicator_name,indicator_code,category,year,value
United Arab Emirates,ARE,Access to electricity (% of population),EG.ELC.ACCS.ZS,infrastructure,1990,100.0
Australia,AUS,Access to electricity (% of population),EG.ELC.ACCS.ZS,infrastructure,1990,100.0
Bahrain,BHR,Access to electricity (% of population),EG.ELC.ACCS.ZS,infrastructure,1990,99.9413986206055
Canada,CAN,Access to electricity (% of population),EG.ELC.ACCS.ZS,infrastructure,1990,100.0
Germany,DEU,Access to electricity (% of population),EG.ELC.ACCS.ZS,infrastructure,1990,100.0
Euro area,EMU,Access to electricity (% of population),EG.ELC.ACCS.ZS,infrastructure,1990,100.0
European Union,EUU,Access to electricity (% of population),EG.ELC.ACCS.ZS,infrastructure,1990,100.0
France,FRA,Access to electricity (% of population),EG.ELC.ACCS.ZS,infrastructure,1990,100.0
United Kingdom,GBR,Access to electricity (% of population),EG.ELC.ACCS.ZS,infrastructure,1990,100.0
Greece,GRC,Access to electricity (% of population),EG.ELC.ACCS.ZS,infrastructure,1990,100.0
Italy,ITA,Access to electricity (% of population),EG.ELC.ACCS.ZS,infrastructure,1990,100.0
Jordan,JOR,Access to electricity (% of population),EG.ELC.ACCS.ZS,infrastructure,1990,96.8
Kuwait,KWT,Access to electricity (% of population),EG.ELC.ACCS.ZS,infrastructure,1990,100.0
Oman,OMN,Access to electricity (% of population),EG.ELC.ACCS.ZS,infrastructure,1990,100.0
Qatar,QAT,Access to electricity (% of population),EG.ELC.ACCS.ZS,infrastructure,1990,100.0
Saudi Arabia,SAU,Access to electricity (% of population),EG.ELC.ACCS.ZS,infrastructure,1990,100.0
United States,USA,Access to electricity (% of population),EG.ELC.ACCS.ZS,infrastructure,1990,100.0
United Arab Emirates,ARE,Access to electricity (% of population),EG.ELC.ACCS.ZS,infrastructure,1991,100.0
Australia,AUS,Access to electricity (% of population),EG.ELC.ACCS.ZS,infrastructure,1991,100.0
Bahrain,BHR,Access to electricity (% of population),EG.ELC.ACCS.ZS,infrastructure,1991,99.9673919677734
Canada,CAN,Access to electricity (% of population),EG.ELC.ACCS.ZS,infrastructure,1991,100.0
Germany,DEU,Access to electricity (% of population),EG.ELC.ACCS.ZS,infrastructure,1991,100.0
Euro area,EMU,Access to electricity (% of population),EG.ELC.ACCS.ZS,infrastructure,1991,100.0
European Union,EUU,Access to electricity (% of population),EG.ELC.ACCS.ZS,infrastructure,1991,100.0
France,FRA,Access to electricity (% of population),EG.ELC.ACCS.ZS,infrastructure,1991,100.0
United Kingdom,GBR,Access to electricity (% of population),EG.ELC.ACCS.ZS,infrastructure,1991,100.0
Greece,GRC,Access to electricity (% of population),EG.ELC.ACCS.ZS,infrastructure,1991,100.0
Italy,ITA,Access to electricity (% of population),EG.ELC.ACCS.ZS,infrastructure,1991,100.0
Jordan,JOR,Access to electricity (% of population),EG.ELC.ACCS.ZS,infrastructure,1991,97.8546829223633
Kuwait,KWT,Access to electricity (% of population),EG.ELC.ACCS.ZS,infrastructure,1991,100.0
Oman,OMN,Access to electricity (% of population),EG.ELC.ACCS.ZS,infrastructure,1991,100.0
Qatar,QAT,Access to electricity (% of population),EG.ELC.ACCS.ZS,infrastructure,1991,100.0
Saudi Arabia,SAU,Access to electricity (% of population),EG.ELC.ACCS.ZS,infrastructure,1991,100.0
United States,USA,Access to electricity (% of population),EG.ELC.ACCS.ZS,infrastructure,1991,100.0
United Arab Emirates,ARE,Access to electricity (% of population),EG.ELC.ACCS.ZS,infrastructure,1992,100.0
Australia,AUS,Access to electricity (% of population),EG.ELC.ACCS.ZS,infrastructure,1992,100.0
Bahrain,BHR,Access to electricity (% of population),EG.ELC.ACCS.ZS,infrastructure,1992,99.9871826171875
Canada,CAN,Access to electricity (% of population),EG.ELC.ACCS.ZS,infrastructure,1992,100.0
Germany,DEU,Access to electricity (% of population),EG.ELC.ACCS.ZS,infrastructure,1992,100.0
"Egypt, Arab Rep.",EGY,Access to electricity (% of population),EG.ELC.ACCS.ZS,infrastructure,1992,93.4
Euro area,EMU,Access to electricity (% of population),EG.ELC.ACCS.ZS,infrastructure,1992,100.0
European Union,EUU,Access to electricity (% of population),EG.ELC.ACCS.ZS,infrastructure,1992,100.0
France,FRA,Access to electricity (% of population),EG.ELC.ACCS.ZS,infrastructure,1992,100.0
United Kingdom,GBR,Access to electricity (% of population),EG.ELC.ACCS.ZS,infrastructure,1992,100.0
Greece,GRC,Access to electricity (% of population),EG.ELC.ACCS.ZS,infrastructure,1992,100.0
Italy,ITA,Access to electricity (% of population),EG.ELC.ACCS.ZS,infrastructure,1992,100.0
Jordan,JOR,Access to electricity (% of population),EG.ELC.ACCS.ZS,infrastructure,1992,97.9748611450195
Kuwait,KWT,Access to electricity (% of population),EG.ELC.ACCS.ZS,infrastructure,1992,100.0
Oman,OMN,Access to electricity (% of population),EG.ELC.ACCS.ZS,infrastructure,1992,100.0
Qatar,QAT,Access to electricity (% of population),EG.ELC.ACCS.ZS,infrastructure,1992,100.0
Saudi Arabia,SAU,Access to electricity (% of population),EG.ELC.ACCS.ZS,infrastructure,1992,100.0
United States,USA,Access to electricity (% of population),EG.ELC.ACCS.ZS,infrastructure,1992,100.0
United Arab Emirates,ARE,Access to electricity (% of population),EG.ELC.ACCS.ZS,infrastructure,1993,100.0
Australia,AUS,Access to electricity (% of population),EG.ELC.ACCS.ZS,infrastructure,1993,100.0
Bahrain,BHR,Access to electricity (% of population),EG.ELC.ACCS.ZS,infrastructure,1993,99.9971389770508
Canada,CAN,Access to electricity (% of population),EG.ELC.ACCS.ZS,infrastructure,1993,100.0
Germany,DEU,Access to electricity (% of population),EG.ELC.ACCS.ZS,infrastructure,1993,100.0
"Egypt, Arab Rep.",EGY,Access to electricity (% of population),EG.ELC.ACCS.ZS,infrastructure,1993,95.3922424316406
Euro area,EMU,Access to electricity (% of population),EG.ELC.ACCS.ZS,infrastructure,1993,100.0
European Union,EUU,Access to electricity (% of population),EG.ELC.ACCS.ZS,infrastructure,1993,100.0
France,FRA,Access to electricity (% of population),EG.ELC.ACCS.ZS,infrastructure,1993,100.0
United Kingdom,GBR,Access to electricity (% of population),EG.ELC.ACCS.ZS,infrastructure,1993,100.0
Greece,GRC,Access to electricity (% of population),EG.ELC.ACCS.ZS,infrastructure,1993,100.0
India,IND,Access to electricity (% of population),EG.ELC.ACCS.ZS,infrastructure,1993,50.9
Italy,ITA,Access to electricity (% of population),EG.ELC.ACCS.ZS,infrastructure,1993,100.0
Jordan,JOR,Access to electricity (% of population),EG.ELC.ACCS.ZS,infrastructure,1993,98.0943603515625
Kuwait,KWT,Access to electricity (% of population),EG.ELC.ACCS.ZS,infrastructure,1993,100.0
Oman,OMN,Access to electricity (% of population),EG.ELC.ACCS.ZS,infrastructure,1993,100.0
Qatar,QAT,Access to electricity (% of population),EG.ELC.ACCS.ZS,infrastructure,1993,100.0
Saudi Arabia,SAU,Access to electricity (% of population),EG.ELC.ACCS.ZS,infrastructure,1993,100.0
United States,USA,Access to electricity (% of population),EG.ELC.ACCS.ZS,infrastructure,1993,100.0
United Arab Emirates,ARE,Access to electricity (% of population),EG.ELC.ACCS.ZS,infrastructure,1994,100.0
Australia,AUS,Access to electricity (% of population),EG.ELC.ACCS.ZS,infrastructure,1994,100.0
Bahrain,BHR,Access to electricity (% of population),EG.ELC.ACCS.ZS,infrastructure,1994,99.9997711181641
Canada,CAN,Access to electricity (% of population),EG.ELC.ACCS.ZS,infrastructure,1994,100.0
Germany,DEU,Access to electricity (% of population),EG.ELC.ACCS.ZS,infrastructure,1994,100.0
"Egypt, Arab Rep.",EGY,Access to electricity (% of population),EG.ELC.ACCS.ZS,infrastructure,1994,95.6485366821289
Euro area,EMU,Access to electricity (% of population),EG.ELC.ACCS.ZS,infrastructure,1994,100.0
European Union,EUU,Access to electricity (% of population),EG.ELC.ACCS.ZS,infrastructure,1994,100.0
France,FRA,Access to electricity (% of population),EG.ELC.ACCS.ZS,infrastructure,1994,100.0
United Kingdom,GBR,Access to electricity (% of population),EG.ELC.ACCS.ZS,infrastructure,1994,100.0
Greece,GRC,Access to electricity (% of population),EG.ELC.ACCS.ZS,infrastructure,1994,100.0
India,IND,Access to electricity (% of population),EG.ELC.ACCS.ZS,infrastructure,1994,49.8113098144531
Italy,ITA,Access to electricity (% of population),EG.ELC.ACCS.ZS,infrastructure,1994,100.0
Jordan,JOR,Access to electricity (% of population),EG.ELC.ACCS.ZS,infrastructure,1994,98.2125015258789
Kuwait,KWT,Access to electricity (% of population),EG.ELC.ACCS.ZS,infrastructure,1994,100.0
Oman,OMN,Access to electricity (% of population),EG.ELC.ACCS.ZS,infrastructure,1994,100.0
Qatar,QAT,Access to electricity (% of population),EG.ELC.ACCS.ZS,infrastructure,1994,100.0
Saudi Arabia,SAU,Access to electricity (% of population),EG.ELC.ACCS.ZS,infrastructure,1994,100.0
United States,USA,Access to electricity (% of population),EG.ELC.ACCS.ZS,infrastructure,1994,100.0
United Arab Emirates,ARE,Access to electricity (% of population),EG.ELC.ACCS.ZS,infrastructure,1995,100.0
Australia,AUS,Access to electricity (% of population),EG.ELC.ACCS.ZS,infrastructure,1995,100.0
Bahrain,BHR,Access to electricity (% of population),EG.ELC.ACCS.ZS,infrastructure,1995,100.0
Canada,CAN,Access to electricity (% of population),EG.ELC.ACCS.ZS,infrastructure,1995,100.0
Germany,DEU,Access to electricity (% of population),EG.ELC.ACCS.ZS,infrastructure,1995,100.0
"Egypt, Arab Rep.",EGY,Access to electricity (% of population),EG.ELC.ACCS.ZS,infrastructure,1995,95.5
Euro area,EMU,Access to electricity (% of population),EG.ELC.ACCS.ZS,infrastructure,1995,100.0
European Union,EUU,Access to electricity (% of population),EG.ELC.ACCS.ZS,infrastructure,1995,100.0
France,FRA,Access to electricity (% of population),EG.ELC.ACCS.ZS,infrastructure,1995,100.0
United Kingdom,GBR,Access to electricity (% of population),EG.ELC.ACCS.ZS,infrastructure,1995,100.0
Greece,GRC,Access to electricity (% of population),EG.ELC.ACCS.ZS,infrastructure,1995,100.0
India,IND,Access to electricity (% of population),EG.ELC.ACCS.ZS,infrastructure,1995,51.4087753295898
Italy,ITA,Access to electricity (% of population),EG.ELC.ACCS.ZS,infrastructure,1995,100.0
Jordan,JOR,Access to electricity (% of population),EG.ELC.ACCS.ZS,infrastructure,1995,98.3285980224609
Kuwait,KWT,Access to electricity (% of population),EG.ELC.ACCS.ZS,infrastructure,1995,100.0
Oman,OMN,Access to electricity (% of population),EG.ELC.ACCS.ZS,infrastructure,1995,100.0
Qatar,QAT,Access to electricity (% of population),EG.ELC.ACCS.ZS,infrastructure,1995,100.0
Saudi Arabia,SAU,Access to electricity (% of population),EG.ELC.ACCS.ZS,infrastructure,1995,100.0
United States,USA,Access to electricity (% of population),EG.ELC.ACCS.ZS,infrastructure,1995,100.0
United Arab Emirates,ARE,Access to electricity (% of population),EG.ELC.ACCS.ZS,infrastructure,1996,100.0
Australia,AUS,Access to electricity (% of population),EG.ELC.ACCS.ZS,infrastructure,1996,100.0
Bahrain,BHR,Access to electricity (% of population),EG.ELC.ACCS.ZS,infrastructure,1996,100.0
Canada,CAN,Access to electricity (% of population),EG.ELC.ACCS.ZS,infrastructure,1996,100.0
Germany,DEU,Access to electricity (% of population),EG.ELC.ACCS.ZS,infrastructure,1996,100.0
"Egypt, Arab Rep.",EGY,Access to electricity (% of population),EG.ELC.ACCS.ZS,infrastructure,1996,96.1543273925781
Euro area,EMU,Access to electricity (% of population),EG.ELC.ACCS.ZS,infrastructure,1996,100.0
European Union,EUU,Access to electricity (% of population),EG.ELC.ACCS.ZS,infrastructure,1996,100.0
France,FRA,Access to electricity (% of population),EG.ELC.ACCS.ZS,infrastructure,1996,100.0
United Kingdom,GBR,Access to electricity (% of population),EG.ELC.ACCS.ZS,infrastructure,1996,100.0
Greece,GRC,Access to electricity (% of population),EG.ELC.ACCS.ZS,infrastructure,1996,100.0
India,IND,Access to electricity (% of population),EG.ELC.ACCS.ZS,infrastructure,1996,53.0035209655762
Italy,ITA,Access to electricity (% of population),EG.ELC.ACCS.ZS,infrastructure,1996,100.0
Jordan,JOR,Access to electricity (% of population),EG.ELC.ACCS.ZS,infrastructure,1996,98.4419784545898
Kuwait,KWT,Access to electricity (% of population),EG.ELC.ACCS.ZS,infrastructure,1996,100.0
Oman,OMN,Access to electricity (% of population),EG.ELC.ACCS.ZS,infrastructure,1996,100.0
Qatar,QAT,Access to electricity (% of population),EG.ELC.ACCS.ZS,infrastructure,1996,100.0
Saudi Arabia,SAU,Access to electricity (% of population),EG.ELC.ACCS.ZS,infrastructure,1996,100.0
United States,USA,Access to electricity (% of population),EG.ELC.ACCS.ZS,infrastructure,1996,100.0
United Arab Emirates,ARE,Access to electricity (% of population),EG.ELC.ACCS.ZS,infrastructure,1997,100.0
Australia,AUS,Access to electricity (% of population),EG.ELC.ACCS.ZS,infrastructure,1997,100.0
Bahrain,BHR,Access to electricity (% of population),EG.ELC.ACCS.ZS,infrastructure,1997,100.0
Canada,CAN,Access to electricity (% of population),EG.ELC.ACCS.ZS,infrastructure,1997,100.0
Germany,DEU,Access to electricity (% of population),EG.ELC.ACCS.ZS,infrastructure,1997,100.0
"Egypt, Arab Rep.",EGY,Access to electricity (% of population),EG.ELC.ACCS.ZS,infrastructure,1997,96.4024658203125
Euro area,EMU,Access to electricity (% of population),EG.ELC.ACCS.ZS,infrastructure,1997,100.0
European Union,EUU,Access to electricity (% of population),EG.ELC.ACCS.ZS,infrastructure,1997,100.0
France,FRA,Access to electricity (% of population),EG.ELC.ACCS.ZS,infrastructure,1997,100.0
United Kingdom,GBR,Access to electricity (% of population),EG.ELC.ACCS.ZS,infrastructure,1997,100.0
Greece,GRC,Access to electricity (% of population),EG.ELC.ACCS.ZS,infrastructure,1997,100.0
India,IND,Access to electricity (% of population),EG.ELC.ACCS.ZS,infrastructure,1997,54.5948638916016
Italy,ITA,Access to electricity (% of population),EG.ELC.ACCS.ZS,infrastructure,1997,100.0
Jordan,JOR,Access to electricity (% of population),EG.ELC.ACCS.ZS,infrastructure,1997,98.9
Kuwait,KWT,Access to electricity (% of population),EG.ELC.ACCS.ZS,infrastructure,1997,100.0
Oman,OMN,Access to electricity (% of population),EG.ELC.ACCS.ZS,infrastructure,1997,100.0
Qatar,QAT,Access to electricity (% of population),EG.ELC.ACCS.ZS,infrastructure,1997,100.0
Saudi Arabia,SAU,Access to electricity (% of population),EG.ELC.ACCS.ZS,infrastructure,1997,100.0
United States,USA,Access to electricity (% of population),EG.ELC.ACCS.ZS,infrastructure,1997,100.0
United Arab Emirates,ARE,Access to electricity (% of population),EG.ELC.ACCS.ZS,infrastructure,1998,100.0
Australia,AUS,Access to electricity (% of population),EG.ELC.ACCS.ZS,infrastructure,1998,100.0
Bahrain,BHR,Access to electricity (% of population),EG.ELC.ACCS.ZS,infrastructure,1998,100.0
Canada,CAN,Access to electricity (% of population),EG.ELC.ACCS.ZS,infrastructure,1998,100.0
Germany,DEU,Access to electricity (% of population),EG.ELC.ACCS.ZS,infrastructure,1998,100.0
"Egypt, Arab Rep.",EGY,Access to electricity (% of population),EG.ELC.ACCS.ZS,infrastructure,1998,96.6465225219727
Euro area,EMU,Access to electricity (% of population),EG.ELC.ACCS.ZS,infrastructure,1998,100.0
European Union,EUU,Access to electricity (% of population),EG.ELC.ACCS.ZS,infrastructure,1998,100.0
France,FRA,Access to electricity (% of population),EG.ELC.ACCS.ZS,infrastructure,1998,100.0
United Kingdom,GBR,Access to electricity (% of population),EG.ELC.ACCS.ZS,infrastructure,1998,100.0
Greece,GRC,Access to electricity (% of population),EG.ELC.ACCS.ZS,infrastructure,1998,100.0
India,IND,Access to electricity (% of population),EG.ELC.ACCS.ZS,infrastructure,1998,56.1821327209473
Italy,ITA,Access to electricity (% of population),EG.ELC.ACCS.ZS,infrastructure,1998,100.0
Jordan,JOR,Access to electricity (% of population),EG.ELC.ACCS.ZS,infrastructure,1998,98.6578521728516
Kuwait,KWT,Access to electricity (% of population),EG.ELC.ACCS.ZS,infrastructure,1998,100.0
Oman,OMN,Access to electricity (% of population),EG.ELC.ACCS.ZS,infrastructure,1998,100.0
Qatar,QAT,Access to electricity (% of population),EG.ELC.ACCS.ZS,infrastructure,1998,100.0
Saudi Arabia,SAU,Access to electricity (% of population),EG.ELC.ACCS.ZS,infrastructure,1998,100.0
United States,USA,Access to electricity (% of population),EG.ELC.ACCS.ZS,infrastructure,1998,100.0
World,WLD,Access to electricity (% of population),EG.ELC.ACCS.ZS,infrastructure,1998,73.2005808465702
United Arab Emirates,ARE,Access to electricity (% of population),EG.ELC.ACCS.ZS,infrastructure,1999,100.0
Australia,AUS,Access to electricity (% of population),EG.ELC.ACCS.ZS,infrastructure,1999,100.0
Bahrain,BHR,Access to electricity (% of population),EG.ELC.ACCS.ZS,infrastructure,1999,100.0
Canada,CAN,Access to electricity (% of population),EG.ELC.ACCS.ZS,infrastructure,1999,100.0
Germany,DEU,Access to electricity (% of population),EG.ELC.ACCS.ZS,infrastructure,1999,100.0
"Egypt, Arab Rep.",EGY,Access to electricity (% of population),EG.ELC.ACCS.ZS,infrastructure,1999,96.8857345581055
Euro area,EMU,Access to electricity (% of population),EG.ELC.ACCS.ZS,infrastructure,1999,100.0
European Union,EUU,Access to electricity (% of population),EG.ELC.ACCS.ZS,infrastructure,1999,100.0
France,FRA,Access to electricity (% of population),EG.ELC.ACCS.ZS,infrastructure,1999,100.0
United Kingdom,GBR,Access to electricity (% of population),EG.ELC.ACCS.ZS,infrastructure,1999,100.0
Greece,GRC,Access to electricity (% of population),EG.ELC.ACCS.ZS,infrastructure,1999,100.0
India,IND,Access to electricity (% of population),EG.ELC.ACCS.ZS,infrastructure,1999,60.1
Italy,ITA,Access to electricity (% of population),EG.ELC.ACCS.ZS,infrastructure,1999,100.0
Jordan,JOR,Access to electricity (% of population),EG.ELC.ACCS.ZS,infrastructure,1999,98.7589111328125
Kuwait,KWT,Access to electricity (% of population),EG.ELC.ACCS.ZS,infrastructure,1999,100.0
Oman,OMN,Access to electricity (% of population),EG.ELC.ACCS.ZS,infrastructure,1999,100.0
Qatar,QAT,Access to electricity (% of population),EG.ELC.ACCS.ZS,infrastructure,1999,100.0
Saudi Arabia,SAU,Access to electricity (% of population),EG.ELC.ACCS.ZS,infrastructure,1999,100.0
United States,USA,Access to electricity (% of population),EG.ELC.ACCS.ZS,infrastructure,1999,100.0
World,WLD,Access to electricity (% of population),EG.ELC.ACCS.ZS,infrastructure,1999,74.5078582821173
United Arab Emirates,ARE,Access to electricity (% of population),EG.ELC.ACCS.ZS,infrastructure,2000,100.0
Australia,AUS,Access to electricity (% of population),EG.ELC.ACCS.ZS,infrastructure,2000,100.0
Bahrain,BHR,Access to electricity (% of population),EG.ELC.ACCS.ZS,infrastructure,2000,100.0
Canada,CAN,Access to electricity (% of population),EG.ELC.ACCS.ZS,infrastructure,2000,100.0
China,CHN,Access to electricity (% of population),EG.ELC.ACCS.ZS,infrastructure,2000,96.7
Germany,DEU,Access to electricity (% of population),EG.ELC.ACCS.ZS,infrastructure,2000,100.0
"Egypt, Arab Rep.",EGY,Access to electricity (% of population),EG.ELC.ACCS.ZS,infrastructure,2000,97.7
Euro area,EMU,Access to electricity (% of population),EG.ELC.ACCS.ZS,infrastructure,2000,99.7029236186249
European Union,EUU,Access to electricity (% of population),EG.ELC.ACCS.ZS,infrastructure,2000,99.4761898580312
France,FRA,Access to electricity (% of population),EG.ELC.ACCS.ZS,infrastructure,2000,100.0
United Kingdom,GBR,Access to electricity (% of population),EG.ELC.ACCS.ZS,infrastructure,2000,100.0
Greece,GRC,Access to electricity (% of population),EG.ELC.ACCS.ZS,infrastructure,2000,100.0
India,IND,Access to electricity (% of population),EG.ELC.ACCS.ZS,infrastructure,2000,60.3
Iraq,IRQ,Access to electricity (% of population),EG.ELC.ACCS.ZS,infrastructure,2000,96.8
Italy,ITA,Access to electricity (% of population),EG.ELC.ACCS.ZS,infrastructure,2000,100.0
Jordan,JOR,Access to electricity (% of population),EG.ELC.ACCS.ZS,infrastructure,2000,99.0
Kuwait,KWT,Access to electricity (% of population),EG.ELC.ACCS.ZS,infrastructure,2000,100.0
Lebanon,LBN,Access to electricity (% of population),EG.ELC.ACCS.ZS,infrastructure,2000,99.3
Oman,OMN,Access to electricity (% of population),EG.ELC.ACCS.ZS,infrastructure,2000,100.0
Qatar,QAT,Access to electricity (% of population),EG.ELC.ACCS.ZS,infrastructure,2000,100.0
Saudi Arabia,SAU,Access to electricity (% of population),EG.ELC.ACCS.ZS,infrastructure,2000,100.0
Turkiye,TUR,Access to electricity (% of population),EG.ELC.ACCS.ZS,infrastructure,2000,99.9
United States,USA,Access to electricity (% of population),EG.ELC.ACCS.ZS,infrastructure,2000,100.0
World,WLD,Access to electricity (% of population),EG.ELC.ACCS.ZS,infrastructure,2000,78.224965031972
United Arab Emirates,ARE,Access to electricity (% of population),EG.ELC.ACCS.ZS,infrastructure,2001,100.0
Australia,AUS,Access to electricity (% of population),EG.ELC.ACCS.ZS,infrastructure,2001,100.0
Bahrain,BHR,Access to electricity (% of population),EG.ELC.ACCS.ZS,infrastructure,2001,100.0
Canada,CAN,Access to electricity (% of population),EG.ELC.ACCS.ZS,infrastructure,2001,100.0
China,CHN,Access to electricity (% of population),EG.ELC.ACCS.ZS,infrastructure,2001,97.0
Germany,DEU,Access to electricity (% of population),EG.ELC.ACCS.ZS,infrastructure,2001,100.0
"Egypt, Arab Rep.",EGY,Access to electricity (% of population),EG.ELC.ACCS.ZS,infrastructure,2001,97.4
Euro area,EMU,Access to electricity (% of population),EG.ELC.ACCS.ZS,infrastructure,2001,99.7214642967914
European Union,EUU,Access to electricity (% of population),EG.ELC.ACCS.ZS,infrastructure,2001,99.5050444841847
France,FRA,Access to electricity (% of population),EG.ELC.ACCS.ZS,infrastructure,2001,100.0
United Kingdom,GBR,Access to electricity (% of population),EG.ELC.ACCS.ZS,infrastructure,2001,100.0
Greece,GRC,Access to electricity (% of population),EG.ELC.ACCS.ZS,infrastructure,2001,100.0
India,IND,Access to electricity (% of population),EG.ELC.ACCS.ZS,infrastructure,2001,62.0
Iraq,IRQ,Access to electricity (% of population),EG.ELC.ACCS.ZS,infrastructure,2001,96.9
Italy,ITA,Access to electricity (% of population),EG.ELC.ACCS.ZS,infrastructure,2001,100.0
Jordan,JOR,Access to electricity (% of population),EG.ELC.ACCS.ZS,infrastructure,2001,99.0
Kuwait,KWT,Access to electricity (% of population),EG.ELC.ACCS.ZS,infrastructure,2001,100.0
Lebanon,LBN,Access to electricity (% of population),EG.ELC.ACCS.ZS,infrastructure,2001,99.3
Oman,OMN,Access to electricity (% of population),EG.ELC.ACCS.ZS,infrastructure,2001,100.0
Qatar,QAT,Access to electricity (% of population),EG.ELC.ACCS.ZS,infrastructure,2001,100.0
Saudi Arabia,SAU,Access to electricity (% of population),EG.ELC.ACCS.ZS,infrastructure,2001,100.0
Turkiye,TUR,Access to electricity (% of population),EG.ELC.ACCS.ZS,infrastructure,2001,99.9
United States,USA,Access to electricity (% of population),EG.ELC.ACCS.ZS,infrastructure,2001,100.0
World,WLD,Access to electricity (% of population),EG.ELC.ACCS.ZS,infrastructure,2001,78.718809926323
United Arab Emirates,ARE,Access to electricity (% of population),EG.ELC.ACCS.ZS,infrastructure,2002,100.0
Australia,AUS,Access to electricity (% of population),EG.ELC.ACCS.ZS,infrastructure,2002,100.0
Bahrain,BHR,Access to electricity (% of population),EG.ELC.ACCS.ZS,infrastructure,2002,100.0
Canada,CAN,Access to electricity (% of population),EG.ELC.ACCS.ZS,infrastructure,2002,100.0
China,CHN,Access to electricity (% of population),EG.ELC.ACCS.ZS,infrastructure,2002,97.2
Germany,DEU,Access to electricity (% of population),EG.ELC.ACCS.ZS,infrastructure,2002,100.0
"Egypt, Arab Rep.",EGY,Access to electricity (% of population),EG.ELC.ACCS.ZS,infrastructure,2002,97.5
Euro area,EMU,Access to electricity (% of population),EG.ELC.ACCS.ZS,infrastructure,2002,99.7384741566317
European Union,EUU,Access to electricity (% of population),EG.ELC.ACCS.ZS,infrastructure,2002,99.5387158579328
France,FRA,Access to electricity (% of population),EG.ELC.ACCS.ZS,infrastructure,2002,100.0
United Kingdom,GBR,Access to electricity (% of population),EG.ELC.ACCS.ZS,infrastructure,2002,100.0
Greece,GRC,Access to electricity (% of population),EG.ELC.ACCS.ZS,infrastructure,2002,100.0
India,IND,Access to electricity (% of population),EG.ELC.ACCS.ZS,infrastructure,2002,62.3
Iraq,IRQ,Access to electricity (% of population),EG.ELC.ACCS.ZS,infrastructure,2002,97.1
Italy,ITA,Access to electricity (% of population),EG.ELC.ACCS.ZS,infrastructure,2002,100.0
Jordan,JOR,Access to electricity (% of population),EG.ELC.ACCS.ZS,infrastructure,2002,99.5
Kuwait,KWT,Access to electricity (% of population),EG.ELC.ACCS.ZS,infrastructure,2002,100.0
Lebanon,LBN,Access to electricity (% of population),EG.ELC.ACCS.ZS,infrastructure,2002,99.3
Oman,OMN,Access to electricity (% of population),EG.ELC.ACCS.ZS,infrastructure,2002,100.0
Qatar,QAT,Access to electricity (% of population),EG.ELC.ACCS.ZS,infrastructure,2002,100.0
Saudi Arabia,SAU,Access to electricity (% of population),EG.ELC.ACCS.ZS,infrastructure,2002,100.0
Turkiye,TUR,Access to electricity (% of population),EG.ELC.ACCS.ZS,infrastructure,2002,99.8
United States,USA,Access to electricity (% of population),EG.ELC.ACCS.ZS,infrastructure,2002,100.0
World,WLD,Access to electricity (% of population),EG.ELC.ACCS.ZS,infrastructure,2002,79.1043589102051
United Arab Emirates,ARE,Access to electricity (% of population),EG.ELC.ACCS.ZS,infrastructure,2003,100.0
Australia,AUS,Access to electricity (% of population),EG.ELC.ACCS.ZS,infrastructure,2003,100.0
Bahrain,BHR,Access to electricity (% of population),EG.ELC.ACCS.ZS,infrastructure,2003,100.0
Canada,CAN,Access to electricity (% of population),EG.ELC.ACCS.ZS,infrastructure,2003,100.0
China,CHN,Access to electricity (% of population),EG.ELC.ACCS.ZS,infrastructure,2003,97.4
Germany,DEU,Access to electricity (% of population),EG.ELC.ACCS.ZS,infrastructure,2003,100.0
"Egypt, Arab Rep.",EGY,Access to electricity (% of population),EG.ELC.ACCS.ZS,infrastructure,2003,98.8
Euro area,EMU,Access to electricity (% of population),EG.ELC.ACCS.ZS,infrastructure,2003,99.753387835007
European Union,EUU,Access to electricity (% of population),EG.ELC.ACCS.ZS,infrastructure,2003,99.5539907205916
France,FRA,Access to electricity (% of population),EG.ELC.ACCS.ZS,infrastructure,2003,100.0
United Kingdom,GBR,Access to electricity (% of population),EG.ELC.ACCS.ZS,infrastructure,2003,100.0
Greece,GRC,Access to electricity (% of population),EG.ELC.ACCS.ZS,infrastructure,2003,100.0
India,IND,Access to electricity (% of population),EG.ELC.ACCS.ZS,infrastructure,2003,65.4
Iraq,IRQ,Access to electricity (% of population),EG.ELC.ACCS.ZS,infrastructure,2003,97.2
Italy,ITA,Access to electricity (% of population),EG.ELC.ACCS.ZS,infrastructure,2003,100.0
Jordan,JOR,Access to electricity (% of population),EG.ELC.ACCS.ZS,infrastructure,2003,99.0
Kuwait,KWT,Access to electricity (% of population),EG.ELC.ACCS.ZS,infrastructure,2003,100.0
Lebanon,LBN,Access to electricity (% of population),EG.ELC.ACCS.ZS,infrastructure,2003,99.2
Oman,OMN,Access to electricity (% of population),EG.ELC.ACCS.ZS,infrastructure,2003,100.0
Qatar,QAT,Access to electricity (% of population),EG.ELC.ACCS.ZS,infrastructure,2003,100.0
Saudi Arabia,SAU,Access to electricity (% of population),EG.ELC.ACCS.ZS,infrastructure,2003,100.0
Turkiye,TUR,Access to electricity (% of population),EG.ELC.ACCS.ZS,infrastructure,2003,99.8
United States,USA,Access to electricity (% of population),EG.ELC.ACCS.ZS,infrastructure,2003,100.0
World,WLD,Access to electricity (% of population),EG.ELC.ACCS.ZS,infrastructure,2003,79.9684714685475
United Arab Emirates,ARE,Access to electricity (% of population),EG.ELC.ACCS.ZS,infrastructure,2004,100.0
Australia,AUS,Access to electricity (% of population),EG.ELC.ACCS.ZS,infrastructure,2004,100.0
Bahrain,BHR,Access to electricity (% of population),EG.ELC.ACCS.ZS,infrastructure,2004,100.0
Canada,CAN,Access to electricity (% of population),EG.ELC.ACCS.ZS,infrastructure,2004,100.0
China,CHN,Access to electricity (% of population),EG.ELC.ACCS.ZS,infrastructure,2004,97.7
Germany,DEU,Access to electricity (% of population),EG.ELC.ACCS.ZS,infrastructure,2004,100.0
"Egypt, Arab Rep.",EGY,Access to electricity (% of population),EG.ELC.ACCS.ZS,infrastructure,2004,97.8
Euro area,EMU,Access to electricity (% of population),EG.ELC.ACCS.ZS,infrastructure,2004,99.7659822778921
European Union,EUU,Access to electricity (% of population),EG.ELC.ACCS.ZS,infrastructure,2004,99.5758248331858
France,FRA,Access to electricity (% of population),EG.ELC.ACCS.ZS,infrastructure,2004,100.0
United Kingdom,GBR,Access to electricity (% of population),EG.ELC.ACCS.ZS,infrastructure,2004,100.0
Greece,GRC,Access to electricity (% of population),EG.ELC.ACCS.ZS,infrastructure,2004,100.0
India,IND,Access to electricity (% of population),EG.ELC.ACCS.ZS,infrastructure,2004,64.4
Iraq,IRQ,Access to electricity (% of population),EG.ELC.ACCS.ZS,infrastructure,2004,97.3
Italy,ITA,Access to electricity (% of population),EG.ELC.ACCS.ZS,infrastructure,2004,100.0
Jordan,JOR,Access to electricity (% of population),EG.ELC.ACCS.ZS,infrastructure,2004,99.2
Kuwait,KWT,Access to electricity (% of population),EG.ELC.ACCS.ZS,infrastructure,2004,100.0
Lebanon,LBN,Access to electricity (% of population),EG.ELC.ACCS.ZS,infrastructure,2004,99.9
Oman,OMN,Access to electricity (% of population),EG.ELC.ACCS.ZS,infrastructure,2004,100.0
Qatar,QAT,Access to electricity (% of population),EG.ELC.ACCS.ZS,infrastructure,2004,100.0
Saudi Arabia,SAU,Access to electricity (% of population),EG.ELC.ACCS.ZS,infrastructure,2004,100.0
Turkiye,TUR,Access to electricity (% of population),EG.ELC.ACCS.ZS,infrastructure,2004,99.7
United States,USA,Access to electricity (% of population),EG.ELC.ACCS.ZS,infrastructure,2004,100.0
World,WLD,Access to electricity (% of population),EG.ELC.ACCS.ZS,infrastructure,2004,79.9557071016267
United Arab Emirates,ARE,Access to electricity (% of population),EG.ELC.ACCS.ZS,infrastructure,2005,100.0
Australia,AUS,Access to electricity (% of population),EG.ELC.ACCS.ZS,infrastructure,2005,100.0
Bahrain,BHR,Access to electricity (% of population),EG.ELC.ACCS.ZS,infrastructure,2005,100.0
Canada,CAN,Access to electricity (% of population),EG.ELC.ACCS.ZS,infrastructure,2005,100.0
China,CHN,Access to electricity (% of population),EG.ELC.ACCS.ZS,infrastructure,2005,97.9
Germany,DEU,Access to electricity (% of population),EG.ELC.ACCS.ZS,infrastructure,2005,100.0
"Egypt, Arab Rep.",EGY,Access to electricity (% of population),EG.ELC.ACCS.ZS,infrastructure,2005,99.4
Euro area,EMU,Access to electricity (% of population),EG.ELC.ACCS.ZS,infrastructure,2005,99.7785791255569
European Union,EUU,Access to electricity (% of population),EG.ELC.ACCS.ZS,infrastructure,2005,99.5913707294114
France,FRA,Access to electricity (% of population),EG.ELC.ACCS.ZS,infrastructure,2005,100.0
United Kingdom,GBR,Access to electricity (% of population),EG.ELC.ACCS.ZS,infrastructure,2005,100.0
Greece,GRC,Access to electricity (% of population),EG.ELC.ACCS.ZS,infrastructure,2005,100.0
India,IND,Access to electricity (% of population),EG.ELC.ACCS.ZS,infrastructure,2005,68.8
Iraq,IRQ,Access to electricity (% of population),EG.ELC.ACCS.ZS,infrastructure,2005,97.4
Italy,ITA,Access to electricity (% of population),EG.ELC.ACCS.ZS,infrastructure,2005,100.0
Jordan,JOR,Access to electricity (% of population),EG.ELC.ACCS.ZS,infrastructure,2005,99.0
Kuwait,KWT,Access to electricity (% of population),EG.ELC.ACCS.ZS,infrastructure,2005,100.0
Lebanon,LBN,Access to electricity (% of population),EG.ELC.ACCS.ZS,infrastructure,2005,99.2
Oman,OMN,Access to electricity (% of population),EG.ELC.ACCS.ZS,infrastructure,2005,99.9
Qatar,QAT,Access to electricity (% of population),EG.ELC.ACCS.ZS,infrastructure,2005,100.0
Saudi Arabia,SAU,Access to electricity (% of population),EG.ELC.ACCS.ZS,infrastructure,2005,100.0
Turkiye,TUR,Access to electricity (% of population),EG.ELC.ACCS.ZS,infrastructure,2005,99.7
United States,USA,Access to electricity (% of population),EG.ELC.ACCS.ZS,infrastructure,2005,100.0
World,WLD,Access to electricity (% of population),EG.ELC.ACCS.ZS,infrastructure,2005,80.7045758983383
United Arab Emirates,ARE,Access to electricity (% of population),EG.ELC.ACCS.ZS,infrastructure,2006,100.0
Australia,AUS,Access to electricity (% of population),EG.ELC.ACCS.ZS,infrastructure,2006,100.0
Bahrain,BHR,Access to electricity (% of population),EG.ELC.ACCS.ZS,infrastructure,2006,100.0
Canada,CAN,Access to electricity (% of population),EG.ELC.ACCS.ZS,infrastructure,2006,100.0
China,CHN,Access to electricity (% of population),EG.ELC.ACCS.ZS,infrastructure,2006,98.2
Germany,DEU,Access to electricity (% of population),EG.ELC.ACCS.ZS,infrastructure,2006,100.0
"Egypt, Arab Rep.",EGY,Access to electricity (% of population),EG.ELC.ACCS.ZS,infrastructure,2006,99.0
Euro area,EMU,Access to electricity (% of population),EG.ELC.ACCS.ZS,infrastructure,2006,99.792661996831
European Union,EUU,Access to electricity (% of population),EG.ELC.ACCS.ZS,infrastructure,2006,99.6188396472415
France,FRA,Access to electricity (% of population),EG.ELC.ACCS.ZS,infrastructure,2006,100.0
United Kingdom,GBR,Access to electricity (% of population),EG.ELC.ACCS.ZS,infrastructure,2006,100.0
Greece,GRC,Access to electricity (% of population),EG.ELC.ACCS.ZS,infrastructure,2006,100.0
India,IND,Access to electricity (% of population),EG.ELC.ACCS.ZS,infrastructure,2006,67.9
Iraq,IRQ,Access to electricity (% of population),EG.ELC.ACCS.ZS,infrastructure,2006,97.6
Italy,ITA,Access to electricity (% of population),EG.ELC.ACCS.ZS,infrastructure,2006,100.0
Jordan,JOR,Access to electricity (% of population),EG.ELC.ACCS.ZS,infrastructure,2006,100.0
Kuwait,KWT,Access to electricity (% of population),EG.ELC.ACCS.ZS,infrastructure,2006,100.0
Lebanon,LBN,Access to electricity (% of population),EG.ELC.ACCS.ZS,infrastructure,2006,99.4
Oman,OMN,Access to electricity (% of population),EG.ELC.ACCS.ZS,infrastructure,2006,99.9
Qatar,QAT,Access to electricity (% of population),EG.ELC.ACCS.ZS,infrastructure,2006,100.0
Saudi Arabia,SAU,Access to electricity (% of population),EG.ELC.ACCS.ZS,infrastructure,2006,100.0
Turkiye,TUR,Access to electricity (% of population),EG.ELC.ACCS.ZS,infrastructure,2006,99.7
United States,USA,Access to electricity (% of population),EG.ELC.ACCS.ZS,infrastructure,2006,100.0
World,WLD,Access to electricity (% of population),EG.ELC.ACCS.ZS,infrastructure,2006,81.3567271905369
United Arab Emirates,ARE,Access to electricity (% of population),EG.ELC.ACCS.ZS,infrastructure,2007,100.0
Australia,AUS,Access to electricity (% of population),EG.ELC.ACCS.ZS,infrastructure,2007,100.0
Bahrain,BHR,Access to electricity (% of population),EG.ELC.ACCS.ZS,infrastructure,2007,100.0
Canada,CAN,Access to electricity (% of population),EG.ELC.ACCS.ZS,infrastructure,2007,100.0
China,CHN,Access to electricity (% of population),EG.ELC.ACCS.ZS,infrastructure,2007,98.5
Germany,DEU,Access to electricity (% of population),EG.ELC.ACCS.ZS,infrastructure,2007,100.0
"Egypt, Arab Rep.",EGY,Access to electricity (% of population),EG.ELC.ACCS.ZS,infrastructure,2007,98.4
Euro area,EMU,Access to electricity (% of population),EG.ELC.ACCS.ZS,infrastructure,2007,99.808347463674
European Union,EUU,Access to electricity (% of population),EG.ELC.ACCS.ZS,infrastructure,2007,99.6464075255034
France,FRA,Access to electricity (% of population),EG.ELC.ACCS.ZS,infrastructure,2007,100.0
United Kingdom,GBR,Access to electricity (% of population),EG.ELC.ACCS.ZS,infrastructure,2007,100.0
Greece,GRC,Access to electricity (% of population),EG.ELC.ACCS.ZS,infrastructure,2007,100.0
India,IND,Access to electricity (% of population),EG.ELC.ACCS.ZS,infrastructure,2007,72.3
Iraq,IRQ,Access to electricity (% of population),EG.ELC.ACCS.ZS,infrastructure,2007,98.1
Italy,ITA,Access to electricity (% of population),EG.ELC.ACCS.ZS,infrastructure,2007,100.0
Jordan,JOR,Access to electricity (% of population),EG.ELC.ACCS.ZS,infrastructure,2007,98.8
Kuwait,KWT,Access to electricity (% of population),EG.ELC.ACCS.ZS,infrastructure,2007,100.0
Lebanon,LBN,Access to electricity (% of population),EG.ELC.ACCS.ZS,infrastructure,2007,97.8
Oman,OMN,Access to electricity (% of population),EG.ELC.ACCS.ZS,infrastructure,2007,100.0
Qatar,QAT,Access to electricity (% of population),EG.ELC.ACCS.ZS,infrastructure,2007,100.0
Saudi Arabia,SAU,Access to electricity (% of population),EG.ELC.ACCS.ZS,infrastructure,2007,100.0
Turkiye,TUR,Access to electricity (% of population),EG.ELC.ACCS.ZS,infrastructure,2007,99.7
United States,USA,Access to electricity (% of population),EG.ELC.ACCS.ZS,infrastructure,2007,100.0
World,WLD,Access to electricity (% of population),EG.ELC.ACCS.ZS,infrastructure,2007,81.9745726621334
United Arab Emirates,ARE,Access to electricity (% of population),EG.ELC.ACCS.ZS,infrastructure,2008,100.0
Australia,AUS,Access to electricity (% of population),EG.ELC.ACCS.ZS,infrastructure,2008,100.0
Bahrain,BHR,Access to electricity (% of population),EG.ELC.ACCS.ZS,infrastructure,2008,100.0
Canada,CAN,Access to electricity (% of population),EG.ELC.ACCS.ZS,infrastructure,2008,100.0
China,CHN,Access to electricity (% of population),EG.ELC.ACCS.ZS,infrastructure,2008,98.8
Germany,DEU,Access to electricity (% of population),EG.ELC.ACCS.ZS,infrastructure,2008,100.0
"Egypt, Arab Rep.",EGY,Access to electricity (% of population),EG.ELC.ACCS.ZS,infrastructure,2008,99.8
Euro area,EMU,Access to electricity (% of population),EG.ELC.ACCS.ZS,infrastructure,2008,99.8260609152333
European Union,EUU,Access to electricity (% of population),EG.ELC.ACCS.ZS,infrastructure,2008,99.6825303996653
France,FRA,Access to electricity (% of population),EG.ELC.ACCS.ZS,infrastructure,2008,100.0
United Kingdom,GBR,Access to electricity (% of population),EG.ELC.ACCS.ZS,infrastructure,2008,100.0
Greece,GRC,Access to electricity (% of population),EG.ELC.ACCS.ZS,infrastructure,2008,100.0
India,IND,Access to electricity (% of population),EG.ELC.ACCS.ZS,infrastructure,2008,74.1
Iraq,IRQ,Access to electricity (% of population),EG.ELC.ACCS.ZS,infrastructure,2008,97.9
Italy,ITA,Access to electricity (% of population),EG.ELC.ACCS.ZS,infrastructure,2008,100.0
Jordan,JOR,Access to electricity (% of population),EG.ELC.ACCS.ZS,infrastructure,2008,100.0
Kuwait,KWT,Access to electricity (% of population),EG.ELC.ACCS.ZS,infrastructure,2008,100.0
Lebanon,LBN,Access to electricity (% of population),EG.ELC.ACCS.ZS,infrastructure,2008,99.9
Oman,OMN,Access to electricity (% of population),EG.ELC.ACCS.ZS,infrastructure,2008,100.0
Qatar,QAT,Access to electricity (% of population),EG.ELC.ACCS.ZS,infrastructure,2008,100.0
Saudi Arabia,SAU,Access to electricity (% of population),EG.ELC.ACCS.ZS,infrastructure,2008,100.0
Turkiye,TUR,Access to electricity (% of population),EG.ELC.ACCS.ZS,infrastructure,2008,99.7
United States,USA,Access to electricity (% of population),EG.ELC.ACCS.ZS,infrastructure,2008,100.0
World,WLD,Access to electricity (% of population),EG.ELC.ACCS.ZS,infrastructure,2008,82.6714183692273
United Arab Emirates,ARE,Access to electricity (% of population),EG.ELC.ACCS.ZS,infrastructure,2009,100.0
Australia,AUS,Access to electricity (% of population),EG.ELC.ACCS.ZS,infrastructure,2009,100.0
Bahrain,BHR,Access to electricity (% of population),EG.ELC.ACCS.ZS,infrastructure,2009,100.0
Canada,CAN,Access to electricity (% of population),EG.ELC.ACCS.ZS,infrastructure,2009,100.0
China,CHN,Access to electricity (% of population),EG.ELC.ACCS.ZS,infrastructure,2009,99.1
Germany,DEU,Access to electricity (% of population),EG.ELC.ACCS.ZS,infrastructure,2009,100.0
"Egypt, Arab Rep.",EGY,Access to electricity (% of population),EG.ELC.ACCS.ZS,infrastructure,2009,98.9
Euro area,EMU,Access to electricity (% of population),EG.ELC.ACCS.ZS,infrastructure,2009,99.8433833887611
European Union,EUU,Access to electricity (% of population),EG.ELC.ACCS.ZS,infrastructure,2009,99.7290075706151
France,FRA,Access to electricity (% of population),EG.ELC.ACCS.ZS,infrastructure,2009,100.0
United Kingdom,GBR,Access to electricity (% of population),EG.ELC.ACCS.ZS,infrastructure,2009,100.0
Greece,GRC,Access to electricity (% of population),EG.ELC.ACCS.ZS,infrastructure,2009,100.0
India,IND,Access to electricity (% of population),EG.ELC.ACCS.ZS,infrastructure,2009,75.0
Iraq,IRQ,Access to electricity (% of population),EG.ELC.ACCS.ZS,infrastructure,2009,98.1
Italy,ITA,Access to electricity (% of population),EG.ELC.ACCS.ZS,infrastructure,2009,100.0
Jordan,JOR,Access to electricity (% of population),EG.ELC.ACCS.ZS,infrastructure,2009,99.4
Kuwait,KWT,Access to electricity (% of population),EG.ELC.ACCS.ZS,infrastructure,2009,100.0
Lebanon,LBN,Access to electricity (% of population),EG.ELC.ACCS.ZS,infrastructure,2009,99.3
Oman,OMN,Access to electricity (% of population),EG.ELC.ACCS.ZS,infrastructure,2009,100.0
Qatar,QAT,Access to electricity (% of population),EG.ELC.ACCS.ZS,infrastructure,2009,100.0
Saudi Arabia,SAU,Access to electricity (% of population),EG.ELC.ACCS.ZS,infrastructure,2009,100.0
Turkiye,TUR,Access to electricity (% of population),EG.ELC.ACCS.ZS,infrastructure,2009,99.7
United States,USA,Access to electricity (% of population),EG.ELC.ACCS.ZS,infrastructure,2009,100.0
World,WLD,Access to electricity (% of population),EG.ELC.ACCS.ZS,infrastructure,2009,82.8688257633761
United Arab Emirates,ARE,Access to electricity (% of population),EG.ELC.ACCS.ZS,infrastructure,2010,100.0
Australia,AUS,Access to electricity (% of population),EG.ELC.ACCS.ZS,infrastructure,2010,100.0
Bahrain,BHR,Access to electricity (% of population),EG.ELC.ACCS.ZS,infrastructure,2010,100.0
Canada,CAN,Access to electricity (% of population),EG.ELC.ACCS.ZS,infrastructure,2010,100.0
China,CHN,Access to electricity (% of population),EG.ELC.ACCS.ZS,infrastructure,2010,99.7
Germany,DEU,Access to electricity (% of population),EG.ELC.ACCS.ZS,infrastructure,2010,100.0
"Egypt, Arab Rep.",EGY,Access to electricity (% of population),EG.ELC.ACCS.ZS,infrastructure,2010,99.4
Euro area,EMU,Access to electricity (% of population),EG.ELC.ACCS.ZS,infrastructure,2010,99.8581506439913
European Union,EUU,Access to electricity (% of population),EG.ELC.ACCS.ZS,infrastructure,2010,99.7553972530963
France,FRA,Access to electricity (% of population),EG.ELC.ACCS.ZS,infrastructure,2010,100.0
United Kingdom,GBR,Access to electricity (% of population),EG.ELC.ACCS.ZS,infrastructure,2010,100.0
Greece,GRC,Access to electricity (% of population),EG.ELC.ACCS.ZS,infrastructure,2010,100.0
India,IND,Access to electricity (% of population),EG.ELC.ACCS.ZS,infrastructure,2010,76.3
Iraq,IRQ,Access to electricity (% of population),EG.ELC.ACCS.ZS,infrastructure,2010,98.4
Italy,ITA,Access to electricity (% of population),EG.ELC.ACCS.ZS,infrastructure,2010,100.0
Jordan,JOR,Access to electricity (% of population),EG.ELC.ACCS.ZS,infrastructure,2010,100.0
Kuwait,KWT,Access to electricity (% of population),EG.ELC.ACCS.ZS,infrastructure,2010,100.0
Lebanon,LBN,Access to electricity (% of population),EG.ELC.ACCS.ZS,infrastructure,2010,99.5
Oman,OMN,Access to electricity (% of population),EG.ELC.ACCS.ZS,infrastructure,2010,100.0
Qatar,QAT,Access to electricity (% of population),EG.ELC.ACCS.ZS,infrastructure,2010,100.0
Saudi Arabia,SAU,Access to electricity (% of population),EG.ELC.ACCS.ZS,infrastructure,2010,100.0
Turkiye,TUR,Access to electricity (% of population),EG.ELC.ACCS.ZS,infrastructure,2010,100.0
United States,USA,Access to electricity (% of population),EG.ELC.ACCS.ZS,infrastructure,2010,100.0
World,WLD,Access to electricity (% of population),EG.ELC.ACCS.ZS,infrastructure,2010,83.4501564252405
United Arab Emirates,ARE,Access to electricity (% of population),EG.ELC.ACCS.ZS,infrastructure,2011,100.0
Australia,AUS,Access to electricity (% of population),EG.ELC.ACCS.ZS,infrastructure,2011,100.0
Bahrain,BHR,Access to electricity (% of population),EG.ELC.ACCS.ZS,infrastructure,2011,100.0
Canada,CAN,Access to electricity (% of population),EG.ELC.ACCS.ZS,infrastructure,2011,100.0
China,CHN,Access to electricity (% of population),EG.ELC.ACCS.ZS,infrastructure,2011,99.9
Germany,DEU,Access to electricity (% of population),EG.ELC.ACCS.ZS,infrastructure,2011,100.0
"Egypt, Arab Rep.",EGY,Access to electricity (% of population),EG.ELC.ACCS.ZS,infrastructure,2011,99.4
Euro area,EMU,Access to electricity (% of population),EG.ELC.ACCS.ZS,infrastructure,2011,99.8715171269448
European Union,EUU,Access to electricity (% of population),EG.ELC.ACCS.ZS,infrastructure,2011,99.7801178323542
France,FRA,Access to electricity (% of population),EG.ELC.ACCS.ZS,infrastructure,2011,100.0
United Kingdom,GBR,Access to electricity (% of population),EG.ELC.ACCS.ZS,infrastructure,2011,100.0
Greece,GRC,Access to electricity (% of population),EG.ELC.ACCS.ZS,infrastructure,2011,100.0
India,IND,Access to electricity (% of population),EG.ELC.ACCS.ZS,infrastructure,2011,79.5
Iraq,IRQ,Access to electricity (% of population),EG.ELC.ACCS.ZS,infrastructure,2011,98.0
Italy,ITA,Access to electricity (% of population),EG.ELC.ACCS.ZS,infrastructure,2011,100.0
Jordan,JOR,Access to electricity (% of population),EG.ELC.ACCS.ZS,infrastructure,2011,99.6
Kuwait,KWT,Access to electricity (% of population),EG.ELC.ACCS.ZS,infrastructure,2011,100.0
Lebanon,LBN,Access to electricity (% of population),EG.ELC.ACCS.ZS,infrastructure,2011,99.7
Oman,OMN,Access to electricity (% of population),EG.ELC.ACCS.ZS,infrastructure,2011,100.0
Qatar,QAT,Access to electricity (% of population),EG.ELC.ACCS.ZS,infrastructure,2011,100.0
Saudi Arabia,SAU,Access to electricity (% of population),EG.ELC.ACCS.ZS,infrastructure,2011,100.0
Turkiye,TUR,Access to electricity (% of population),EG.ELC.ACCS.ZS,infrastructure,2011,100.0
United States,USA,Access to electricity (% of population),EG.ELC.ACCS.ZS,infrastructure,2011,100.0
World,WLD,Access to electricity (% of population),EG.ELC.ACCS.ZS,infrastructure,2011,84.5088722141776
United Arab Emirates,ARE,Access to electricity (% of population),EG.ELC.ACCS.ZS,infrastructure,2012,100.0
Australia,AUS,Access to electricity (% of population),EG.ELC.ACCS.ZS,infrastructure,2012,100.0
Bahrain,BHR,Access to electricity (% of population),EG.ELC.ACCS.ZS,infrastructure,2012,100.0
Canada,CAN,Access to electricity (% of population),EG.ELC.ACCS.ZS,infrastructure,2012,100.0
China,CHN,Access to electricity (% of population),EG.ELC.ACCS.ZS,infrastructure,2012,99.9
Germany,DEU,Access to electricity (% of population),EG.ELC.ACCS.ZS,infrastructure,2012,100.0
"Egypt, Arab Rep.",EGY,Access to electricity (% of population),EG.ELC.ACCS.ZS,infrastructure,2012,99.7
Euro area,EMU,Access to electricity (% of population),EG.ELC.ACCS.ZS,infrastructure,2012,99.8888620012069
European Union,EUU,Access to electricity (% of population),EG.ELC.ACCS.ZS,infrastructure,2012,99.8125886995878
France,FRA,Access to electricity (% of population),EG.ELC.ACCS.ZS,infrastructure,2012,100.0
United Kingdom,GBR,Access to electricity (% of population),EG.ELC.ACCS.ZS,infrastructure,2012,100.0
Greece,GRC,Access to electricity (% of population),EG.ELC.ACCS.ZS,infrastructure,2012,100.0
India,IND,Access to electricity (% of population),EG.ELC.ACCS.ZS,infrastructure,2012,79.9
Iraq,IRQ,Access to electricity (% of population),EG.ELC.ACCS.ZS,infrastructure,2012,99.3
Italy,ITA,Access to electricity (% of population),EG.ELC.ACCS.ZS,infrastructure,2012,100.0
Jordan,JOR,Access to electricity (% of population),EG.ELC.ACCS.ZS,infrastructure,2012,99.5
Kuwait,KWT,Access to electricity (% of population),EG.ELC.ACCS.ZS,infrastructure,2012,100.0
Lebanon,LBN,Access to electricity (% of population),EG.ELC.ACCS.ZS,infrastructure,2012,99.5
Oman,OMN,Access to electricity (% of population),EG.ELC.ACCS.ZS,infrastructure,2012,100.0
Qatar,QAT,Access to electricity (% of population),EG.ELC.ACCS.ZS,infrastructure,2012,100.0
Saudi Arabia,SAU,Access to electricity (% of population),EG.ELC.ACCS.ZS,infrastructure,2012,100.0
Turkiye,TUR,Access to electricity (% of population),EG.ELC.ACCS.ZS,infrastructure,2012,100.0
United States,USA,Access to electricity (% of population),EG.ELC.ACCS.ZS,infrastructure,2012,100.0
World,WLD,Access to electricity (% of population),EG.ELC.ACCS.ZS,infrastructure,2012,84.9391555731035
United Arab Emirates,ARE,Access to electricity (% of population),EG.ELC.ACCS.ZS,infrastructure,2013,100.0
Australia,AUS,Access to electricity (% of population),EG.ELC.ACCS.ZS,infrastructure,2013,100.0
Bahrain,BHR,Access to electricity (% of population),EG.ELC.ACCS.ZS,infrastructure,2013,100.0
Canada,CAN,Access to electricity (% of population),EG.ELC.ACCS.ZS,infrastructure,2013,100.0
China,CHN,Access to electricity (% of population),EG.ELC.ACCS.ZS,infrastructure,2013,100.0
Germany,DEU,Access to electricity (% of population),EG.ELC.ACCS.ZS,infrastructure,2013,100.0
"Egypt, Arab Rep.",EGY,Access to electricity (% of population),EG.ELC.ACCS.ZS,infrastructure,2013,99.9
Euro area,EMU,Access to electricity (% of population),EG.ELC.ACCS.ZS,infrastructure,2013,99.903520446207
European Union,EUU,Access to electricity (% of population),EG.ELC.ACCS.ZS,infrastructure,2013,99.8381173752727
France,FRA,Access to electricity (% of population),EG.ELC.ACCS.ZS,infrastructure,2013,100.0
United Kingdom,GBR,Access to electricity (% of population),EG.ELC.ACCS.ZS,infrastructure,2013,100.0
Greece,GRC,Access to electricity (% of population),EG.ELC.ACCS.ZS,infrastructure,2013,100.0
India,IND,Access to electricity (% of population),EG.ELC.ACCS.ZS,infrastructure,2013,83.1
Iraq,IRQ,Access to electricity (% of population),EG.ELC.ACCS.ZS,infrastructure,2013,99.0
Italy,ITA,Access to electricity (% of population),EG.ELC.ACCS.ZS,infrastructure,2013,100.0
Jordan,JOR,Access to electricity (% of population),EG.ELC.ACCS.ZS,infrastructure,2013,99.7
Kuwait,KWT,Access to electricity (% of population),EG.ELC.ACCS.ZS,infrastructure,2013,100.0
Lebanon,LBN,Access to electricity (% of population),EG.ELC.ACCS.ZS,infrastructure,2013,99.6
Oman,OMN,Access to electricity (% of population),EG.ELC.ACCS.ZS,infrastructure,2013,100.0
Qatar,QAT,Access to electricity (% of population),EG.ELC.ACCS.ZS,infrastructure,2013,100.0
Saudi Arabia,SAU,Access to electricity (% of population),EG.ELC.ACCS.ZS,infrastructure,2013,100.0
Turkiye,TUR,Access to electricity (% of population),EG.ELC.ACCS.ZS,infrastructure,2013,100.0
United States,USA,Access to electricity (% of population),EG.ELC.ACCS.ZS,infrastructure,2013,100.0
World,WLD,Access to electricity (% of population),EG.ELC.ACCS.ZS,infrastructure,2013,85.7136907083818
United Arab Emirates,ARE,Access to electricity (% of population),EG.ELC.ACCS.ZS,infrastructure,2014,100.0
Australia,AUS,Access to electricity (% of population),EG.ELC.ACCS.ZS,infrastructure,2014,100.0
Bahrain,BHR,Access to electricity (% of population),EG.ELC.ACCS.ZS,infrastructure,2014,100.0
Canada,CAN,Access to electricity (% of population),EG.ELC.ACCS.ZS,infrastructure,2014,100.0
China,CHN,Access to electricity (% of population),EG.ELC.ACCS.ZS,infrastructure,2014,100.0
Germany,DEU,Access to electricity (% of population),EG.ELC.ACCS.ZS,infrastructure,2014,100.0
"Egypt, Arab Rep.",EGY,Access to electricity (% of population),EG.ELC.ACCS.ZS,infrastructure,2014,99.8
Euro area,EMU,Access to electricity (% of population),EG.ELC.ACCS.ZS,infrastructure,2014,99.916972608255
European Union,EUU,Access to electricity (% of population),EG.ELC.ACCS.ZS,infrastructure,2014,99.8626029552248
France,FRA,Access to electricity (% of population),EG.ELC.ACCS.ZS,infrastructure,2014,100.0
United Kingdom,GBR,Access to electricity (% of population),EG.ELC.ACCS.ZS,infrastructure,2014,100.0
Greece,GRC,Access to electricity (% of population),EG.ELC.ACCS.ZS,infrastructure,2014,100.0
India,IND,Access to electricity (% of population),EG.ELC.ACCS.ZS,infrastructure,2014,85.1
Iraq,IRQ,Access to electricity (% of population),EG.ELC.ACCS.ZS,infrastructure,2014,99.2
Italy,ITA,Access to electricity (% of population),EG.ELC.ACCS.ZS,infrastructure,2014,100.0
Jordan,JOR,Access to electricity (% of population),EG.ELC.ACCS.ZS,infrastructure,2014,99.8
Kuwait,KWT,Access to electricity (% of population),EG.ELC.ACCS.ZS,infrastructure,2014,100.0
Lebanon,LBN,Access to electricity (% of population),EG.ELC.ACCS.ZS,infrastructure,2014,99.7
Oman,OMN,Access to electricity (% of population),EG.ELC.ACCS.ZS,infrastructure,2014,100.0
Qatar,QAT,Access to electricity (% of population),EG.ELC.ACCS.ZS,infrastructure,2014,100.0
Saudi Arabia,SAU,Access to electricity (% of population),EG.ELC.ACCS.ZS,infrastructure,2014,100.0
Turkiye,TUR,Access to electricity (% of population),EG.ELC.ACCS.ZS,infrastructure,2014,100.0
United States,USA,Access to electricity (% of population),EG.ELC.ACCS.ZS,infrastructure,2014,100.0
World,WLD,Access to electricity (% of population),EG.ELC.ACCS.ZS,infrastructure,2014,86.198537437738
United Arab Emirates,ARE,Access to electricity (% of population),EG.ELC.ACCS.ZS,infrastructure,2015,100.0
Australia,AUS,Access to electricity (% of population),EG.ELC.ACCS.ZS,infrastructure,2015,100.0
Bahrain,BHR,Access to electricity (% of population),EG.ELC.ACCS.ZS,infrastructure,2015,100.0
Canada,CAN,Access to electricity (% of population),EG.ELC.ACCS.ZS,infrastructure,2015,100.0
China,CHN,Access to electricity (% of population),EG.ELC.ACCS.ZS,infrastructure,2015,100.0
Germany,DEU,Access to electricity (% of population),EG.ELC.ACCS.ZS,infrastructure,2015,100.0
"Egypt, Arab Rep.",EGY,Access to electricity (% of population),EG.ELC.ACCS.ZS,infrastructure,2015,99.3
Euro area,EMU,Access to electricity (% of population),EG.ELC.ACCS.ZS,infrastructure,2015,99.9321851559415
European Union,EUU,Access to electricity (% of population),EG.ELC.ACCS.ZS,infrastructure,2015,99.8929116032593
France,FRA,Access to electricity (% of population),EG.ELC.ACCS.ZS,infrastructure,2015,100.0
United Kingdom,GBR,Access to electricity (% of population),EG.ELC.ACCS.ZS,infrastructure,2015,100.0
Greece,GRC,Access to electricity (% of population),EG.ELC.ACCS.ZS,infrastructure,2015,100.0
India,IND,Access to electricity (% of population),EG.ELC.ACCS.ZS,infrastructure,2015,88.0
Iraq,IRQ,Access to electricity (% of population),EG.ELC.ACCS.ZS,infrastructure,2015,99.4
Italy,ITA,Access to electricity (% of population),EG.ELC.ACCS.ZS,infrastructure,2015,100.0
Jordan,JOR,Access to electricity (% of population),EG.ELC.ACCS.ZS,infrastructure,2015,99.9
Kuwait,KWT,Access to electricity (% of population),EG.ELC.ACCS.ZS,infrastructure,2015,100.0
Lebanon,LBN,Access to electricity (% of population),EG.ELC.ACCS.ZS,infrastructure,2015,99.7
Oman,OMN,Access to electricity (% of population),EG.ELC.ACCS.ZS,infrastructure,2015,100.0
Qatar,QAT,Access to electricity (% of population),EG.ELC.ACCS.ZS,infrastructure,2015,100.0
Saudi Arabia,SAU,Access to electricity (% of population),EG.ELC.ACCS.ZS,infrastructure,2015,100.0
Turkiye,TUR,Access to electricity (% of population),EG.ELC.ACCS.ZS,infrastructure,2015,100.0
United States,USA,Access to electricity (% of population),EG.ELC.ACCS.ZS,infrastructure,2015,100.0
World,WLD,Access to electricity (% of population),EG.ELC.ACCS.ZS,infrastructure,2015,86.9273667608945
United Arab Emirates,ARE,Access to electricity (% of population),EG.ELC.ACCS.ZS,infrastructure,2016,100.0
Australia,AUS,Access to electricity (% of population),EG.ELC.ACCS.ZS,infrastructure,2016,100.0
Bahrain,BHR,Access to electricity (% of population),EG.ELC.ACCS.ZS,infrastructure,2016,100.0
Canada,CAN,Access to electricity (% of population),EG.ELC.ACCS.ZS,infrastructure,2016,100.0
China,CHN,Access to electricity (% of population),EG.ELC.ACCS.ZS,infrastructure,2016,100.0
Germany,DEU,Access to electricity (% of population),EG.ELC.ACCS.ZS,infrastructure,2016,100.0
"Egypt, Arab Rep.",EGY,Access to electricity (% of population),EG.ELC.ACCS.ZS,infrastructure,2016,100.0
Euro area,EMU,Access to electricity (% of population),EG.ELC.ACCS.ZS,infrastructure,2016,99.9469722581204
European Union,EUU,Access to electricity (% of population),EG.ELC.ACCS.ZS,infrastructure,2016,99.9182637194093
France,FRA,Access to electricity (% of population),EG.ELC.ACCS.ZS,infrastructure,2016,100.0
United Kingdom,GBR,Access to electricity (% of population),EG.ELC.ACCS.ZS,infrastructure,2016,100.0
Greece,GRC,Access to electricity (% of population),EG.ELC.ACCS.ZS,infrastructure,2016,100.0
India,IND,Access to electricity (% of population),EG.ELC.ACCS.ZS,infrastructure,2016,89.6
Iraq,IRQ,Access to electricity (% of population),EG.ELC.ACCS.ZS,infrastructure,2016,99.7
Italy,ITA,Access to electricity (% of population),EG.ELC.ACCS.ZS,infrastructure,2016,100.0
Jordan,JOR,Access to electricity (% of population),EG.ELC.ACCS.ZS,infrastructure,2016,100.0
Kuwait,KWT,Access to electricity (% of population),EG.ELC.ACCS.ZS,infrastructure,2016,100.0
Lebanon,LBN,Access to electricity (% of population),EG.ELC.ACCS.ZS,infrastructure,2016,99.8
Oman,OMN,Access to electricity (% of population),EG.ELC.ACCS.ZS,infrastructure,2016,100.0
Qatar,QAT,Access to electricity (% of population),EG.ELC.ACCS.ZS,infrastructure,2016,100.0
Saudi Arabia,SAU,Access to electricity (% of population),EG.ELC.ACCS.ZS,infrastructure,2016,99.9
Turkiye,TUR,Access to electricity (% of population),EG.ELC.ACCS.ZS,infrastructure,2016,100.0
United States,USA,Access to electricity (% of population),EG.ELC.ACCS.ZS,infrastructure,2016,100.0
World,WLD,Access to electricity (% of population),EG.ELC.ACCS.ZS,infrastructure,2016,88.1080967238499
United Arab Emirates,ARE,Access to electricity (% of population),EG.ELC.ACCS.ZS,infrastructure,2017,100.0
Australia,AUS,Access to electricity (% of population),EG.ELC.ACCS.ZS,infrastructure,2017,100.0
Bahrain,BHR,Access to electricity (% of population),EG.ELC.ACCS.ZS,infrastructure,2017,100.0
Canada,CAN,Access to electricity (% of population),EG.ELC.ACCS.ZS,infrastructure,2017,100.0
China,CHN,Access to electricity (% of population),EG.ELC.ACCS.ZS,infrastructure,2017,100.0
Germany,DEU,Access to electricity (% of population),EG.ELC.ACCS.ZS,infrastructure,2017,100.0
"Egypt, Arab Rep.",EGY,Access to electricity (% of population),EG.ELC.ACCS.ZS,infrastructure,2017,100.0
Euro area,EMU,Access to electricity (% of population),EG.ELC.ACCS.ZS,infrastructure,2017,99.9632363837118
European Union,EUU,Access to electricity (% of population),EG.ELC.ACCS.ZS,infrastructure,2017,99.9709724278479
France,FRA,Access to electricity (% of population),EG.ELC.ACCS.ZS,infrastructure,2017,100.0
United Kingdom,GBR,Access to electricity (% of population),EG.ELC.ACCS.ZS,infrastructure,2017,100.0
Greece,GRC,Access to electricity (% of population),EG.ELC.ACCS.ZS,infrastructure,2017,100.0
India,IND,Access to electricity (% of population),EG.ELC.ACCS.ZS,infrastructure,2017,91.8
Iraq,IRQ,Access to electricity (% of population),EG.ELC.ACCS.ZS,infrastructure,2017,99.9
Italy,ITA,Access to electricity (% of population),EG.ELC.ACCS.ZS,infrastructure,2017,100.0
Jordan,JOR,Access to electricity (% of population),EG.ELC.ACCS.ZS,infrastructure,2017,100.0
Kuwait,KWT,Access to electricity (% of population),EG.ELC.ACCS.ZS,infrastructure,2017,100.0
Lebanon,LBN,Access to electricity (% of population),EG.ELC.ACCS.ZS,infrastructure,2017,99.9
Oman,OMN,Access to electricity (% of population),EG.ELC.ACCS.ZS,infrastructure,2017,100.0
Qatar,QAT,Access to electricity (% of population),EG.ELC.ACCS.ZS,infrastructure,2017,100.0
Saudi Arabia,SAU,Access to electricity (% of population),EG.ELC.ACCS.ZS,infrastructure,2017,100.0
Turkiye,TUR,Access to electricity (% of population),EG.ELC.ACCS.ZS,infrastructure,2017,100.0
United States,USA,Access to electricity (% of population),EG.ELC.ACCS.ZS,infrastructure,2017,100.0
World,WLD,Access to electricity (% of population),EG.ELC.ACCS.ZS,infrastructure,2017,88.9357124003312
United Arab Emirates,ARE,Access to electricity (% of population),EG.ELC.ACCS.ZS,infrastructure,2018,100.0
Australia,AUS,Access to electricity (% of population),EG.ELC.ACCS.ZS,infrastructure,2018,100.0
Bahrain,BHR,Access to electricity (% of population),EG.ELC.ACCS.ZS,infrastructure,2018,100.0
Canada,CAN,Access to electricity (% of population),EG.ELC.ACCS.ZS,infrastructure,2018,100.0
China,CHN,Access to electricity (% of population),EG.ELC.ACCS.ZS,infrastructure,2018,100.0
Germany,DEU,Access to electricity (% of population),EG.ELC.ACCS.ZS,infrastructure,2018,100.0
"Egypt, Arab Rep.",EGY,Access to electricity (% of population),EG.ELC.ACCS.ZS,infrastructure,2018,100.0
Euro area,EMU,Access to electricity (% of population),EG.ELC.ACCS.ZS,infrastructure,2018,99.9752371882724
European Union,EUU,Access to electricity (% of population),EG.ELC.ACCS.ZS,infrastructure,2018,99.9717103637088
France,FRA,Access to electricity (% of population),EG.ELC.ACCS.ZS,infrastructure,2018,100.0
United Kingdom,GBR,Access to electricity (% of population),EG.ELC.ACCS.ZS,infrastructure,2018,100.0
Greece,GRC,Access to electricity (% of population),EG.ELC.ACCS.ZS,infrastructure,2018,100.0
India,IND,Access to electricity (% of population),EG.ELC.ACCS.ZS,infrastructure,2018,95.7
Iraq,IRQ,Access to electricity (% of population),EG.ELC.ACCS.ZS,infrastructure,2018,99.9
Italy,ITA,Access to electricity (% of population),EG.ELC.ACCS.ZS,infrastructure,2018,100.0
Jordan,JOR,Access to electricity (% of population),EG.ELC.ACCS.ZS,infrastructure,2018,99.9
Kuwait,KWT,Access to electricity (% of population),EG.ELC.ACCS.ZS,infrastructure,2018,100.0
Lebanon,LBN,Access to electricity (% of population),EG.ELC.ACCS.ZS,infrastructure,2018,99.7
Oman,OMN,Access to electricity (% of population),EG.ELC.ACCS.ZS,infrastructure,2018,100.0
Qatar,QAT,Access to electricity (% of population),EG.ELC.ACCS.ZS,infrastructure,2018,100.0
Saudi Arabia,SAU,Access to electricity (% of population),EG.ELC.ACCS.ZS,infrastructure,2018,99.9
Turkiye,TUR,Access to electricity (% of population),EG.ELC.ACCS.ZS,infrastructure,2018,100.0
United States,USA,Access to electricity (% of population),EG.ELC.ACCS.ZS,infrastructure,2018,100.0
World,WLD,Access to electricity (% of population),EG.ELC.ACCS.ZS,infrastructure,2018,89.8011777019155
United Arab Emirates,ARE,Access to electricity (% of population),EG.ELC.ACCS.ZS,infrastructure,2019,100.0
Australia,AUS,Access to electricity (% of population),EG.ELC.ACCS.ZS,infrastructure,2019,100.0
Bahrain,BHR,Access to electricity (% of population),EG.ELC.ACCS.ZS,infrastructure,2019,100.0
Canada,CAN,Access to electricity (% of population),EG.ELC.ACCS.ZS,infrastructure,2019,100.0
China,CHN,Access to electricity (% of population),EG.ELC.ACCS.ZS,infrastructure,2019,100.0
Germany,DEU,Access to electricity (% of population),EG.ELC.ACCS.ZS,infrastructure,2019,100.0
"Egypt, Arab Rep.",EGY,Access to electricity (% of population),EG.ELC.ACCS.ZS,infrastructure,2019,100.0
Euro area,EMU,Access to electricity (% of population),EG.ELC.ACCS.ZS,infrastructure,2019,99.9850093995461
European Union,EUU,Access to electricity (% of population),EG.ELC.ACCS.ZS,infrastructure,2019,99.9881556120147
France,FRA,Access to electricity (% of population),EG.ELC.ACCS.ZS,infrastructure,2019,100.0
United Kingdom,GBR,Access to electricity (% of population),EG.ELC.ACCS.ZS,infrastructure,2019,100.0
Greece,GRC,Access to electricity (% of population),EG.ELC.ACCS.ZS,infrastructure,2019,100.0
India,IND,Access to electricity (% of population),EG.ELC.ACCS.ZS,infrastructure,2019,95.9
Iraq,IRQ,Access to electricity (% of population),EG.ELC.ACCS.ZS,infrastructure,2019,100.0
Italy,ITA,Access to electricity (% of population),EG.ELC.ACCS.ZS,infrastructure,2019,100.0
Jordan,JOR,Access to electricity (% of population),EG.ELC.ACCS.ZS,infrastructure,2019,99.9
Kuwait,KWT,Access to electricity (% of population),EG.ELC.ACCS.ZS,infrastructure,2019,100.0
Lebanon,LBN,Access to electricity (% of population),EG.ELC.ACCS.ZS,infrastructure,2019,100.0
Oman,OMN,Access to electricity (% of population),EG.ELC.ACCS.ZS,infrastructure,2019,100.0
Qatar,QAT,Access to electricity (% of population),EG.ELC.ACCS.ZS,infrastructure,2019,100.0
Saudi Arabia,SAU,Access to electricity (% of population),EG.ELC.ACCS.ZS,infrastructure,2019,100.0
Turkiye,TUR,Access to electricity (% of population),EG.ELC.ACCS.ZS,infrastructure,2019,100.0
United States,USA,Access to electricity (% of population),EG.ELC.ACCS.ZS,infrastructure,2019,100.0
World,WLD,Access to electricity (% of population),EG.ELC.ACCS.ZS,infrastructure,2019,90.1089635853778
United Arab Emirates,ARE,Access to electricity (% of population),EG.ELC.ACCS.ZS,infrastructure,2020,100.0
Australia,AUS,Access to electricity (% of population),EG.ELC.ACCS.ZS,infrastructure,2020,100.0
Bahrain,BHR,Access to electricity (% of population),EG.ELC.ACCS.ZS,infrastructure,2020,100.0
Canada,CAN,Access to electricity (% of population),EG.ELC.ACCS.ZS,infrastructure,2020,100.0
China,CHN,Access to electricity (% of population),EG.ELC.ACCS.ZS,infrastructure,2020,100.0
Germany,DEU,Access to electricity (% of population),EG.ELC.ACCS.ZS,infrastructure,2020,100.0
"Egypt, Arab Rep.",EGY,Access to electricity (% of population),EG.ELC.ACCS.ZS,infrastructure,2020,100.0
Euro area,EMU,Access to electricity (% of population),EG.ELC.ACCS.ZS,infrastructure,2020,99.9944412898777
European Union,EUU,Access to electricity (% of population),EG.ELC.ACCS.ZS,infrastructure,2020,99.9956022901904
France,FRA,Access to electricity (% of population),EG.ELC.ACCS.ZS,infrastructure,2020,100.0
United Kingdom,GBR,Access to electricity (% of population),EG.ELC.ACCS.ZS,infrastructure,2020,100.0
Greece,GRC,Access to electricity (% of population),EG.ELC.ACCS.ZS,infrastructure,2020,100.0
India,IND,Access to electricity (% of population),EG.ELC.ACCS.ZS,infrastructure,2020,96.5
Iraq,IRQ,Access to electricity (% of population),EG.ELC.ACCS.ZS,infrastructure,2020,100.0
Italy,ITA,Access to electricity (% of population),EG.ELC.ACCS.ZS,infrastructure,2020,100.0
Jordan,JOR,Access to electricity (% of population),EG.ELC.ACCS.ZS,infrastructure,2020,99.9
Kuwait,KWT,Access to electricity (% of population),EG.ELC.ACCS.ZS,infrastructure,2020,100.0
Lebanon,LBN,Access to electricity (% of population),EG.ELC.ACCS.ZS,infrastructure,2020,100.0
Oman,OMN,Access to electricity (% of population),EG.ELC.ACCS.ZS,infrastructure,2020,100.0
Qatar,QAT,Access to electricity (% of population),EG.ELC.ACCS.ZS,infrastructure,2020,100.0
Saudi Arabia,SAU,Access to electricity (% of population),EG.ELC.ACCS.ZS,infrastructure,2020,100.0
Turkiye,TUR,Access to electricity (% of population),EG.ELC.ACCS.ZS,infrastructure,2020,100.0
United States,USA,Access to electricity (% of population),EG.ELC.ACCS.ZS,infrastructure,2020,100.0
World,WLD,Access to electricity (% of population),EG.ELC.ACCS.ZS,infrastructure,2020,90.3995467820191
United Arab Emirates,ARE,Access to electricity (% of population),EG.ELC.ACCS.ZS,infrastructure,2021,100.0
Australia,AUS,Access to electricity (% of population),EG.ELC.ACCS.ZS,infrastructure,2021,100.0
Bahrain,BHR,Access to electricity (% of population),EG.ELC.ACCS.ZS,infrastructure,2021,100.0
Canada,CAN,Access to electricity (% of population),EG.ELC.ACCS.ZS,infrastructure,2021,100.0
China,CHN,Access to electricity (% of population),EG.ELC.ACCS.ZS,infrastructure,2021,100.0
Germany,DEU,Access to electricity (% of population),EG.ELC.ACCS.ZS,infrastructure,2021,100.0
"Egypt, Arab Rep.",EGY,Access to electricity (% of population),EG.ELC.ACCS.ZS,infrastructure,2021,100.0
Euro area,EMU,Access to electricity (% of population),EG.ELC.ACCS.ZS,infrastructure,2021,99.9963206008424
European Union,EUU,Access to electricity (% of population),EG.ELC.ACCS.ZS,infrastructure,2021,99.997083420627
France,FRA,Access to electricity (% of population),EG.ELC.ACCS.ZS,infrastructure,2021,100.0
United Kingdom,GBR,Access to electricity (% of population),EG.ELC.ACCS.ZS,infrastructure,2021,100.0
Greece,GRC,Access to electricity (% of population),EG.ELC.ACCS.ZS,infrastructure,2021,100.0
India,IND,Access to electricity (% of population),EG.ELC.ACCS.ZS,infrastructure,2021,99.6
Iraq,IRQ,Access to electricity (% of population),EG.ELC.ACCS.ZS,infrastructure,2021,100.0
Italy,ITA,Access to electricity (% of population),EG.ELC.ACCS.ZS,infrastructure,2021,100.0
Jordan,JOR,Access to electricity (% of population),EG.ELC.ACCS.ZS,infrastructure,2021,99.9
Kuwait,KWT,Access to electricity (% of population),EG.ELC.ACCS.ZS,infrastructure,2021,100.0
Lebanon,LBN,Access to electricity (% of population),EG.ELC.ACCS.ZS,infrastructure,2021,100.0
Oman,OMN,Access to electricity (% of population),EG.ELC.ACCS.ZS,infrastructure,2021,100.0
Qatar,QAT,Access to electricity (% of population),EG.ELC.ACCS.ZS,infrastructure,2021,100.0
Saudi Arabia,SAU,Access to electricity (% of population),EG.ELC.ACCS.ZS,infrastructure,2021,100.0
Turkiye,TUR,Access to electricity (% of population),EG.ELC.ACCS.ZS,infrastructure,2021,100.0
United States,USA,Access to electricity (% of population),EG.ELC.ACCS.ZS,infrastructure,2021,100.0
World,WLD,Access to electricity (% of population),EG.ELC.ACCS.ZS,infrastructure,2021,91.3385144099012
United Arab Emirates,ARE,Access to electricity (% of population),EG.ELC.ACCS.ZS,infrastructure,2022,100.0
Australia,AUS,Access to electricity (% of population),EG.ELC.ACCS.ZS,infrastructure,2022,100.0
Bahrain,BHR,Access to electricity (% of population),EG.ELC.ACCS.ZS,infrastructure,2022,100.0
Canada,CAN,Access to electricity (% of population),EG.ELC.ACCS.ZS,infrastructure,2022,100.0
China,CHN,Access to electricity (% of population),EG.ELC.ACCS.ZS,infrastructure,2022,100.0
Germany,DEU,Access to electricity (% of population),EG.ELC.ACCS.ZS,infrastructure,2022,100.0
"Egypt, Arab Rep.",EGY,Access to electricity (% of population),EG.ELC.ACCS.ZS,infrastructure,2022,100.0
Euro area,EMU,Access to electricity (% of population),EG.ELC.ACCS.ZS,infrastructure,2022,100.0
European Union,EUU,Access to electricity (% of population),EG.ELC.ACCS.ZS,infrastructure,2022,100.0
France,FRA,Access to electricity (% of population),EG.ELC.ACCS.ZS,infrastructure,2022,100.0
United Kingdom,GBR,Access to electricity (% of population),EG.ELC.ACCS.ZS,infrastructure,2022,100.0
Greece,GRC,Access to electricity (% of population),EG.ELC.ACCS.ZS,infrastructure,2022,100.0
India,IND,Access to electricity (% of population),EG.ELC.ACCS.ZS,infrastructure,2022,99.2
Iraq,IRQ,Access to electricity (% of population),EG.ELC.ACCS.ZS,infrastructure,2022,100.0
Italy,ITA,Access to electricity (% of population),EG.ELC.ACCS.ZS,infrastructure,2022,100.0
Jordan,JOR,Access to electricity (% of population),EG.ELC.ACCS.ZS,infrastructure,2022,100.0
Kuwait,KWT,Access to electricity (% of population),EG.ELC.ACCS.ZS,infrastructure,2022,100.0
Lebanon,LBN,Access to electricity (% of population),EG.ELC.ACCS.ZS,infrastructure,2022,100.0
Oman,OMN,Access to electricity (% of population),EG.ELC.ACCS.ZS,infrastructure,2022,100.0
Qatar,QAT,Access to electricity (% of population),EG.ELC.ACCS.ZS,infrastructure,2022,100.0
Saudi Arabia,SAU,Access to electricity (% of population),EG.ELC.ACCS.ZS,infrastructure,2022,100.0
Turkiye,TUR,Access to electricity (% of population),EG.ELC.ACCS.ZS,infrastructure,2022,100.0
United States,USA,Access to electricity (% of population),EG.ELC.ACCS.ZS,infrastructure,2022,100.0
World,WLD,Access to electricity (% of population),EG.ELC.ACCS.ZS,infrastructure,2022,91.2817736699915
United Arab Emirates,ARE,Access to electricity (% of population),EG.ELC.ACCS.ZS,infrastructure,2023,100.0
Australia,AUS,Access to electricity (% of population),EG.ELC.ACCS.ZS,infrastructure,2023,100.0
Bahrain,BHR,Access to electricity (% of population),EG.ELC.ACCS.ZS,infrastructure,2023,100.0
Canada,CAN,Access to electricity (% of population),EG.ELC.ACCS.ZS,infrastructure,2023,100.0
China,CHN,Access to electricity (% of population),EG.ELC.ACCS.ZS,infrastructure,2023,100.0
Germany,DEU,Access to electricity (% of population),EG.ELC.ACCS.ZS,infrastructure,2023,100.0
"Egypt, Arab Rep.",EGY,Access to electricity (% of population),EG.ELC.ACCS.ZS,infrastructure,2023,100.0
Euro area,EMU,Access to electricity (% of population),EG.ELC.ACCS.ZS,infrastructure,2023,100.0
European Union,EUU,Access to electricity (% of population),EG.ELC.ACCS.ZS,infrastructure,2023,100.0
France,FRA,Access to electricity (% of population),EG.ELC.ACCS.ZS,infrastructure,2023,100.0
United Kingdom,GBR,Access to electricity (% of population),EG.ELC.ACCS.ZS,infrastructure,2023,100.0
Greece,GRC,Access to electricity (% of population),EG.ELC.ACCS.ZS,infrastructure,2023,100.0
India,IND,Access to electricity (% of population),EG.ELC.ACCS.ZS,infrastructure,2023,99.5
Iraq,IRQ,Access to electricity (% of population),EG.ELC.ACCS.ZS,infrastructure,2023,100.0
Italy,ITA,Access to electricity (% of population),EG.ELC.ACCS.ZS,infrastructure,2023,100.0
Jordan,JOR,Access to electricity (% of population),EG.ELC.ACCS.ZS,infrastructure,2023,100.0
Kuwait,KWT,Access to electricity (% of population),EG.ELC.ACCS.ZS,infrastructure,2023,100.0
Lebanon,LBN,Access to electricity (% of population),EG.ELC.ACCS.ZS,infrastructure,2023,100.0
Oman,OMN,Access to electricity (% of population),EG.ELC.ACCS.ZS,infrastructure,2023,100.0
Qatar,QAT,Access to electricity (% of population),EG.ELC.ACCS.ZS,infrastructure,2023,100.0
Saudi Arabia,SAU,Access to electricity (% of population),EG.ELC.ACCS.ZS,infrastructure,2023,100.0
Turkiye,TUR,Access to electricity (% of population),EG.ELC.ACCS.ZS,infrastructure,2023,100.0
United States,USA,Access to electricity (% of population),EG.ELC.ACCS.ZS,infrastructure,2023,100.0
World,WLD,Access to electricity (% of population),EG.ELC.ACCS.ZS,infrastructure,2023,91.6034762480239
United Arab Emirates,ARE,Access to electricity (% of population),EG.ELC.ACCS.ZS,infrastructure,2024,100.0
Australia,AUS,Access to electricity (% of population),EG.ELC.ACCS.ZS,infrastructure,2024,100.0
Bahrain,BHR,Access to electricity (% of population),EG.ELC.ACCS.ZS,infrastructure,2024,100.0
Canada,CAN,Access to electricity (% of population),EG.ELC.ACCS.ZS,infrastructure,2024,100.0
China,CHN,Access to electricity (% of population),EG.ELC.ACCS.ZS,infrastructure,2024,100.0
Germany,DEU,Access to electricity (% of population),EG.ELC.ACCS.ZS,infrastructure,2024,100.0
"Egypt, Arab Rep.",EGY,Access to electricity (% of population),EG.ELC.ACCS.ZS,infrastructure,2024,100.0
Euro area,EMU,Access to electricity (% of population),EG.ELC.ACCS.ZS,infrastructure,2024,100.0
European Union,EUU,Access to electricity (% of population),EG.ELC.ACCS.ZS,infrastructure,2024,100.0
France,FRA,Access to electricity (% of population),EG.ELC.ACCS.ZS,infrastructure,2024,100.0
United Kingdom,GBR,Access to electricity (% of population),EG.ELC.ACCS.ZS,infrastructure,2024,100.0
Greece,GRC,Access to electricity (% of population),EG.ELC.ACCS.ZS,infrastructure,2024,100.0
India,IND,Access to electricity (% of population),EG.ELC.ACCS.ZS,infrastructure,2024,99.9
Iraq,IRQ,Access to electricity (% of population),EG.ELC.ACCS.ZS,infrastructure,2024,100.0
Italy,ITA,Access to electricity (% of population),EG.ELC.ACCS.ZS,infrastructure,2024,100.0
Jordan,JOR,Access to electricity (% of population),EG.ELC.ACCS.ZS,infrastructure,2024,100.0
Kuwait,KWT,Access to electricity (% of population),EG.ELC.ACCS.ZS,infrastructure,2024,100.0
Lebanon,LBN,Access to electricity (% of population),EG.ELC.ACCS.ZS,infrastructure,2024,100.0
Oman,OMN,Access to electricity (% of population),EG.ELC.ACCS.ZS,infrastructure,2024,100.0
Qatar,QAT,Access to electricity (% of population),EG.ELC.ACCS.ZS,infrastructure,2024,100.0
Saudi Arabia,SAU,Access to electricity (% of population),EG.ELC.ACCS.ZS,infrastructure,2024,100.0
Turkiye,TUR,Access to electricity (% of population),EG.ELC.ACCS.ZS,infrastructure,2024,100.0
United States,USA,Access to electricity (% of population),EG.ELC.ACCS.ZS,infrastructure,2024,100.0
World,WLD,Access to electricity (% of population),EG.ELC.ACCS.ZS,infrastructure,2024,91.9264843853681
Turkiye,TUR,Firms experiencing electrical outages (% of firms),IC.ELC.OUTG.ZS,firm_constraints,2008,56.84474945
Iraq,IRQ,Firms experiencing electrical outages (% of firms),IC.ELC.OUTG.ZS,firm_constraints,2011,77.25540161
China,CHN,Firms experiencing electrical outages (% of firms),IC.ELC.OUTG.ZS,firm_constraints,2012,33.69294739
"Egypt, Arab Rep.",EGY,Firms experiencing electrical outages (% of firms),IC.ELC.OUTG.ZS,firm_constraints,2013,80.91349792
Jordan,JOR,Firms experiencing electrical outages (% of firms),IC.ELC.OUTG.ZS,firm_constraints,2013,9.931679726
Lebanon,LBN,Firms experiencing electrical outages (% of firms),IC.ELC.OUTG.ZS,firm_constraints,2013,97.12866974
Turkiye,TUR,Firms experiencing electrical outages (% of firms),IC.ELC.OUTG.ZS,firm_constraints,2013,42.0876236
India,IND,Firms experiencing electrical outages (% of firms),IC.ELC.OUTG.ZS,firm_constraints,2014,55.40771484
"Egypt, Arab Rep.",EGY,Firms experiencing electrical outages (% of firms),IC.ELC.OUTG.ZS,firm_constraints,2016,37.98389053
Greece,GRC,Firms experiencing electrical outages (% of firms),IC.ELC.OUTG.ZS,firm_constraints,2018,40.43989563
Italy,ITA,Firms experiencing electrical outages (% of firms),IC.ELC.OUTG.ZS,firm_constraints,2019,2.012625217
Jordan,JOR,Firms experiencing electrical outages (% of firms),IC.ELC.OUTG.ZS,firm_constraints,2019,13.11009979
Lebanon,LBN,Firms experiencing electrical outages (% of firms),IC.ELC.OUTG.ZS,firm_constraints,2019,4.412186146
Turkiye,TUR,Firms experiencing electrical outages (% of firms),IC.ELC.OUTG.ZS,firm_constraints,2019,28.45777512
"Egypt, Arab Rep.",EGY,Firms experiencing electrical outages (% of firms),IC.ELC.OUTG.ZS,firm_constraints,2020,28.20275879
Germany,DEU,Firms experiencing electrical outages (% of firms),IC.ELC.OUTG.ZS,firm_constraints,2021,21.33686638
France,FRA,Firms experiencing electrical outages (% of firms),IC.ELC.OUTG.ZS,firm_constraints,2021,29.48965645
India,IND,Firms experiencing electrical outages (% of firms),IC.ELC.OUTG.ZS,firm_constraints,2022,19.90651894
Iraq,IRQ,Firms experiencing electrical outages (% of firms),IC.ELC.OUTG.ZS,firm_constraints,2022,41.34790039
Saudi Arabia,SAU,Firms experiencing electrical outages (% of firms),IC.ELC.OUTG.ZS,firm_constraints,2022,2.670304298
Greece,GRC,Firms experiencing electrical outages (% of firms),IC.ELC.OUTG.ZS,firm_constraints,2023,21.25569153
Bahrain,BHR,Firms experiencing electrical outages (% of firms),IC.ELC.OUTG.ZS,firm_constraints,2024,15.21687126
Canada,CAN,Firms experiencing electrical outages (% of firms),IC.ELC.OUTG.ZS,firm_constraints,2024,31.43341064
China,CHN,Firms experiencing electrical outages (% of firms),IC.ELC.OUTG.ZS,firm_constraints,2024,3.657439232
United Kingdom,GBR,Firms experiencing electrical outages (% of firms),IC.ELC.OUTG.ZS,firm_constraints,2024,14.28833008
Italy,ITA,Firms experiencing electrical outages (% of firms),IC.ELC.OUTG.ZS,firm_constraints,2024,9.594126701
Jordan,JOR,Firms experiencing electrical outages (% of firms),IC.ELC.OUTG.ZS,firm_constraints,2024,14.22720337
Turkiye,TUR,Firms experiencing electrical outages (% of firms),IC.ELC.OUTG.ZS,firm_constraints,2024,32.76435852
United States,USA,Firms experiencing electrical outages (% of firms),IC.ELC.OUTG.ZS,firm_constraints,2024,22.63454056
Australia,AUS,Firms experiencing electrical outages (% of firms),IC.ELC.OUTG.ZS,firm_constraints,2025,56.60778809
Germany,DEU,Firms experiencing electrical outages (% of firms),IC.ELC.OUTG.ZS,firm_constraints,2025,5.840508938
"Egypt, Arab Rep.",EGY,Firms experiencing electrical outages (% of firms),IC.ELC.OUTG.ZS,firm_constraints,2025,35.62733841
Euro area,EMU,Firms experiencing electrical outages (% of firms),IC.ELC.OUTG.ZS,firm_constraints,2025,21.7238586287619
European Union,EUU,Firms experiencing electrical outages (% of firms),IC.ELC.OUTG.ZS,firm_constraints,2025,23.0018400969259
France,FRA,Firms experiencing electrical outages (% of firms),IC.ELC.OUTG.ZS,firm_constraints,2025,30.09887505
India,IND,Firms experiencing electrical outages (% of firms),IC.ELC.OUTG.ZS,firm_constraints,2025,15.37491417
Kuwait,KWT,Firms experiencing electrical outages (% of firms),IC.ELC.OUTG.ZS,firm_constraints,2025,3.472869635
Qatar,QAT,Firms experiencing electrical outages (% of firms),IC.ELC.OUTG.ZS,firm_constraints,2025,0.0
Saudi Arabia,SAU,Firms experiencing electrical outages (% of firms),IC.ELC.OUTG.ZS,firm_constraints,2025,0.6670945883
World,WLD,Firms experiencing electrical outages (% of firms),IC.ELC.OUTG.ZS,firm_constraints,2025,47.4939083223994
United Arab Emirates,ARE,Time to export (days),IC.EXP.DURS,customs_time,2005,531.0
Australia,AUS,Time to export (days),IC.EXP.DURS,customs_time,2005,531.0
Canada,CAN,Time to export (days),IC.EXP.DURS,customs_time,2005,471.0
China,CHN,Time to export (days),IC.EXP.DURS,customs_time,2005,1039.7
Germany,DEU,Time to export (days),IC.EXP.DURS,customs_time,2005,441.0
Egypt,EGY,Time to export (days),IC.EXP.DURS,customs_time,2005,1539.0
Euro area,EMU,Time to export (days),IC.EXP.DURS,customs_time,2005,740.777106228535
European Union,EUU,Time to export (days),IC.EXP.DURS,customs_time,2005,776.971666666667
France,FRA,Time to export (days),IC.EXP.DURS,customs_time,2005,1112.0
United Kingdom,GBR,Time to export (days),IC.EXP.DURS,customs_time,2005,573.0
Greece,GRC,Time to export (days),IC.EXP.DURS,customs_time,2005,1140.0
India,IND,Time to export (days),IC.EXP.DURS,customs_time,2005,1256.7
Iraq,IRQ,Time to export (days),IC.EXP.DURS,customs_time,2005,5814.0
Italy,ITA,Time to export (days),IC.EXP.DURS,customs_time,2005,1136.0
Jordan,JOR,Time to export (days),IC.EXP.DURS,customs_time,2005,1596.0
Kuwait,KWT,Time to export (days),IC.EXP.DURS,customs_time,2005,1053.0
Lebanon,LBN,Time to export (days),IC.EXP.DURS,customs_time,2005,1407.0
Oman,OMN,Time to export (days),IC.EXP.DURS,customs_time,2005,830.0
Saudi Arabia,SAU,Time to export (days),IC.EXP.DURS,customs_time,2005,961.0
Turkey,TUR,Time to export (days),IC.EXP.DURS,customs_time,2005,1140.0
United States,USA,Time to export (days),IC.EXP.DURS,customs_time,2005,291.6
World,WLD,Time to export (days),IC.EXP.DURS,customs_time,2005,1570.018242482
United Arab Emirates,ARE,Time to export (days),IC.EXP.DURS,customs_time,2006,531.0
Australia,AUS,Time to export (days),IC.EXP.DURS,customs_time,2006,513.0
Canada,CAN,Time to export (days),IC.EXP.DURS,customs_time,2006,441.0
China,CHN,Time to export (days),IC.EXP.DURS,customs_time,2006,999.6
Germany,DEU,Time to export (days),IC.EXP.DURS,customs_time,2006,441.0
Egypt,EGY,Time to export (days),IC.EXP.DURS,customs_time,2006,1140.0
Euro area,EMU,Time to export (days),IC.EXP.DURS,customs_time,2006,680.434313728038
European Union,EUU,Time to export (days),IC.EXP.DURS,customs_time,2006,706.640000011537
France,FRA,Time to export (days),IC.EXP.DURS,customs_time,2006,669.0
United Kingdom,GBR,Time to export (days),IC.EXP.DURS,customs_time,2006,555.0
Greece,GRC,Time to export (days),IC.EXP.DURS,customs_time,2006,1140.0
India,IND,Time to export (days),IC.EXP.DURS,customs_time,2006,1238.7
Iraq,IRQ,Time to export (days),IC.EXP.DURS,customs_time,2006,5814.0
Italy,ITA,Time to export (days),IC.EXP.DURS,customs_time,2006,1136.0
Jordan,JOR,Time to export (days),IC.EXP.DURS,customs_time,2006,1083.0
Kuwait,KWT,Time to export (days),IC.EXP.DURS,customs_time,2006,1053.0
Lebanon,LBN,Time to export (days),IC.EXP.DURS,customs_time,2006,1407.0
Oman,OMN,Time to export (days),IC.EXP.DURS,customs_time,2006,830.0
Saudi Arabia,SAU,Time to export (days),IC.EXP.DURS,customs_time,2006,961.0
Turkey,TUR,Time to export (days),IC.EXP.DURS,customs_time,2006,1140.0
United States,USA,Time to export (days),IC.EXP.DURS,customs_time,2006,291.6
World,WLD,Time to export (days),IC.EXP.DURS,customs_time,2006,1483.40224719213
United Arab Emirates,ARE,Time to export (days),IC.EXP.DURS,customs_time,2007,513.0
Australia,AUS,Time to export (days),IC.EXP.DURS,customs_time,2007,513.0
Bahrain,BHR,Time to export (days),IC.EXP.DURS,customs_time,2007,798.0
Canada,CAN,Time to export (days),IC.EXP.DURS,customs_time,2007,441.0
China,CHN,Time to export (days),IC.EXP.DURS,customs_time,2007,999.6
Germany,DEU,Time to export (days),IC.EXP.DURS,customs_time,2007,441.0
Egypt,EGY,Time to export (days),IC.EXP.DURS,customs_time,2007,855.0
Euro area,EMU,Time to export (days),IC.EXP.DURS,customs_time,2007,680.434313728038
European Union,EUU,Time to export (days),IC.EXP.DURS,customs_time,2007,694.212307701539
France,FRA,Time to export (days),IC.EXP.DURS,customs_time,2007,669.0
United Kingdom,GBR,Time to export (days),IC.EXP.DURS,customs_time,2007,555.0
Greece,GRC,Time to export (days),IC.EXP.DURS,customs_time,2007,1140.0
India,IND,Time to export (days),IC.EXP.DURS,customs_time,2007,826.5
Iraq,IRQ,Time to export (days),IC.EXP.DURS,customs_time,2007,5814.0
Italy,ITA,Time to export (days),IC.EXP.DURS,customs_time,2007,1136.0
Jordan,JOR,Time to export (days),IC.EXP.DURS,customs_time,2007,1083.0
Kuwait,KWT,Time to export (days),IC.EXP.DURS,customs_time,2007,1053.0
Lebanon,LBN,Time to export (days),IC.EXP.DURS,customs_time,2007,1488.0
Oman,OMN,Time to export (days),IC.EXP.DURS,customs_time,2007,830.0
Qatar,QAT,Time to export (days),IC.EXP.DURS,customs_time,2007,1197.0
Saudi Arabia,SAU,Time to export (days),IC.EXP.DURS,customs_time,2007,973.0
Turkey,TUR,Time to export (days),IC.EXP.DURS,customs_time,2007,798.0
United States,USA,Time to export (days),IC.EXP.DURS,customs_time,2007,291.6
World,WLD,Time to export (days),IC.EXP.DURS,customs_time,2007,1425.08176796332
United Arab Emirates,ARE,Time to export (days),IC.EXP.DURS,customs_time,2008,513.0
Australia,AUS,Time to export (days),IC.EXP.DURS,customs_time,2008,513.0
Bahrain,BHR,Time to export (days),IC.EXP.DURS,customs_time,2008,798.0
Canada,CAN,Time to export (days),IC.EXP.DURS,customs_time,2008,441.0
China,CHN,Time to export (days),IC.EXP.DURS,customs_time,2008,999.6
Germany,DEU,Time to export (days),IC.EXP.DURS,customs_time,2008,441.0
Egypt,EGY,Time to export (days),IC.EXP.DURS,customs_time,2008,798.0
Euro area,EMU,Time to export (days),IC.EXP.DURS,customs_time,2008,653.806617640392
European Union,EUU,Time to export (days),IC.EXP.DURS,customs_time,2008,675.267806256695
France,FRA,Time to export (days),IC.EXP.DURS,customs_time,2008,555.0
United Kingdom,GBR,Time to export (days),IC.EXP.DURS,customs_time,2008,555.0
Greece,GRC,Time to export (days),IC.EXP.DURS,customs_time,2008,1140.0
India,IND,Time to export (days),IC.EXP.DURS,customs_time,2008,780.0
Iraq,IRQ,Time to export (days),IC.EXP.DURS,customs_time,2008,5814.0
Italy,ITA,Time to export (days),IC.EXP.DURS,customs_time,2008,1136.0
Jordan,JOR,Time to export (days),IC.EXP.DURS,customs_time,2008,1083.0
Kuwait,KWT,Time to export (days),IC.EXP.DURS,customs_time,2008,1053.0
Lebanon,LBN,Time to export (days),IC.EXP.DURS,customs_time,2008,1488.0
Oman,OMN,Time to export (days),IC.EXP.DURS,customs_time,2008,830.0
Qatar,QAT,Time to export (days),IC.EXP.DURS,customs_time,2008,1197.0
Saudi Arabia,SAU,Time to export (days),IC.EXP.DURS,customs_time,2008,859.0
Turkey,TUR,Time to export (days),IC.EXP.DURS,customs_time,2008,798.0
United States,USA,Time to export (days),IC.EXP.DURS,customs_time,2008,291.6
World,WLD,Time to export (days),IC.EXP.DURS,customs_time,2008,1376.86672972375
United Arab Emirates,ARE,Time to export (days),IC.EXP.DURS,customs_time,2009,456.0
Australia,AUS,Time to export (days),IC.EXP.DURS,customs_time,2009,513.0
Bahrain,BHR,Time to export (days),IC.EXP.DURS,customs_time,2009,798.0
Canada,CAN,Time to export (days),IC.EXP.DURS,customs_time,2009,441.0
China,CHN,Time to export (days),IC.EXP.DURS,customs_time,2009,999.6
Germany,DEU,Time to export (days),IC.EXP.DURS,customs_time,2009,441.0
Egypt,EGY,Time to export (days),IC.EXP.DURS,customs_time,2009,798.0
Euro area,EMU,Time to export (days),IC.EXP.DURS,customs_time,2009,647.262663394247
European Union,EUU,Time to export (days),IC.EXP.DURS,customs_time,2009,671.233618234729
France,FRA,Time to export (days),IC.EXP.DURS,customs_time,2009,555.0
United Kingdom,GBR,Time to export (days),IC.EXP.DURS,customs_time,2009,555.0
Greece,GRC,Time to export (days),IC.EXP.DURS,customs_time,2009,1140.0
India,IND,Time to export (days),IC.EXP.DURS,customs_time,2009,780.0
Iraq,IRQ,Time to export (days),IC.EXP.DURS,customs_time,2009,5814.0
Italy,ITA,Time to export (days),IC.EXP.DURS,customs_time,2009,1136.0
Jordan,JOR,Time to export (days),IC.EXP.DURS,customs_time,2009,969.0
Kuwait,KWT,Time to export (days),IC.EXP.DURS,customs_time,2009,882.0
Lebanon,LBN,Time to export (days),IC.EXP.DURS,customs_time,2009,1431.0
Oman,OMN,Time to export (days),IC.EXP.DURS,customs_time,2009,830.0
Qatar,QAT,Time to export (days),IC.EXP.DURS,customs_time,2009,1197.0
Saudi Arabia,SAU,Time to export (days),IC.EXP.DURS,customs_time,2009,859.0
Turkey,TUR,Time to export (days),IC.EXP.DURS,customs_time,2009,752.0
United States,USA,Time to export (days),IC.EXP.DURS,customs_time,2009,291.6
World,WLD,Time to export (days),IC.EXP.DURS,customs_time,2009,1330.90983605814
United Arab Emirates,ARE,Time to export (days),IC.EXP.DURS,customs_time,2010,378.0
Australia,AUS,Time to export (days),IC.EXP.DURS,customs_time,2010,486.0
Bahrain,BHR,Time to export (days),IC.EXP.DURS,customs_time,2010,594.0
Canada,CAN,Time to export (days),IC.EXP.DURS,customs_time,2010,420.0
China,CHN,Time to export (days),IC.EXP.DURS,customs_time,2010,936.6
Germany,DEU,Time to export (days),IC.EXP.DURS,customs_time,2010,420.0
Egypt,EGY,Time to export (days),IC.EXP.DURS,customs_time,2010,648.0
Euro area,EMU,Time to export (days),IC.EXP.DURS,customs_time,2010,603.716584971766
European Union,EUU,Time to export (days),IC.EXP.DURS,customs_time,2010,652.581196586383
France,FRA,Time to export (days),IC.EXP.DURS,customs_time,2010,528.0
United Kingdom,GBR,Time to export (days),IC.EXP.DURS,customs_time,2010,420.0
Greece,GRC,Time to export (days),IC.EXP.DURS,customs_time,2010,1080.0
India,IND,Time to export (days),IC.EXP.DURS,customs_time,2010,729.0
Iraq,IRQ,Time to export (days),IC.EXP.DURS,customs_time,2010,4320.0
Italy,ITA,Time to export (days),IC.EXP.DURS,customs_time,2010,1076.0
Jordan,JOR,Time to export (days),IC.EXP.DURS,customs_time,2010,756.0
Kuwait,KWT,Time to export (days),IC.EXP.DURS,customs_time,2010,831.0
Lebanon,LBN,Time to export (days),IC.EXP.DURS,customs_time,2010,1353.0
Oman,OMN,Time to export (days),IC.EXP.DURS,customs_time,2010,552.0
Qatar,QAT,Time to export (days),IC.EXP.DURS,customs_time,2010,1134.0
Saudi Arabia,SAU,Time to export (days),IC.EXP.DURS,customs_time,2010,702.0
Turkey,TUR,Time to export (days),IC.EXP.DURS,customs_time,2010,710.0
United States,USA,Time to export (days),IC.EXP.DURS,customs_time,2010,273.6
World,WLD,Time to export (days),IC.EXP.DURS,customs_time,2010,1217.52568305929
United Arab Emirates,ARE,Time to export (days),IC.EXP.DURS,customs_time,2011,357.0
Australia,AUS,Time to export (days),IC.EXP.DURS,customs_time,2011,459.0
Bahrain,BHR,Time to export (days),IC.EXP.DURS,customs_time,2011,561.0
Canada,CAN,Time to export (days),IC.EXP.DURS,customs_time,2011,399.0
China,CHN,Time to export (days),IC.EXP.DURS,customs_time,2011,873.6
Germany,DEU,Time to export (days),IC.EXP.DURS,customs_time,2011,441.0
Egypt,EGY,Time to export (days),IC.EXP.DURS,customs_time,2011,612.0
Euro area,EMU,Time to export (days),IC.EXP.DURS,customs_time,2011,551.717406267901
European Union,EUU,Time to export (days),IC.EXP.DURS,customs_time,2011,594.650183157326
France,FRA,Time to export (days),IC.EXP.DURS,customs_time,2011,501.0
United Kingdom,GBR,Time to export (days),IC.EXP.DURS,customs_time,2011,399.0
Greece,GRC,Time to export (days),IC.EXP.DURS,customs_time,2011,1020.0
India,IND,Time to export (days),IC.EXP.DURS,customs_time,2011,637.5
Iraq,IRQ,Time to export (days),IC.EXP.DURS,customs_time,2011,4080.0
Italy,ITA,Time to export (days),IC.EXP.DURS,customs_time,2011,1016.0
Jordan,JOR,Time to export (days),IC.EXP.DURS,customs_time,2011,663.0
Kuwait,KWT,Time to export (days),IC.EXP.DURS,customs_time,2011,780.0
Lebanon,LBN,Time to export (days),IC.EXP.DURS,customs_time,2011,1122.0
Oman,OMN,Time to export (days),IC.EXP.DURS,customs_time,2011,510.0
Qatar,QAT,Time to export (days),IC.EXP.DURS,customs_time,2011,1071.0
Saudi Arabia,SAU,Time to export (days),IC.EXP.DURS,customs_time,2011,663.0
Turkey,TUR,Time to export (days),IC.EXP.DURS,customs_time,2011,668.0
United States,USA,Time to export (days),IC.EXP.DURS,customs_time,2011,255.6
World,WLD,Time to export (days),IC.EXP.DURS,customs_time,2011,1122.41110913788
United Arab Emirates,ARE,Time to export (days),IC.EXP.DURS,customs_time,2012,322.0
Australia,AUS,Time to export (days),IC.EXP.DURS,customs_time,2012,414.0
Bahrain,BHR,Time to export (days),IC.EXP.DURS,customs_time,2012,506.0
Canada,CAN,Time to export (days),IC.EXP.DURS,customs_time,2012,364.0
China,CHN,Time to export (days),IC.EXP.DURS,customs_time,2012,768.6
Germany,DEU,Time to export (days),IC.EXP.DURS,customs_time,2012,406.0
Egypt,EGY,Time to export (days),IC.EXP.DURS,customs_time,2012,552.0
Euro area,EMU,Time to export (days),IC.EXP.DURS,customs_time,2012,500.3962848261
European Union,EUU,Time to export (days),IC.EXP.DURS,customs_time,2012,544.329365075079
France,FRA,Time to export (days),IC.EXP.DURS,customs_time,2012,456.0
United Kingdom,GBR,Time to export (days),IC.EXP.DURS,customs_time,2012,364.0
Greece,GRC,Time to export (days),IC.EXP.DURS,customs_time,2012,874.0
India,IND,Time to export (days),IC.EXP.DURS,customs_time,2012,557.5
Iraq,IRQ,Time to export (days),IC.EXP.DURS,customs_time,2012,3680.0
Italy,ITA,Time to export (days),IC.EXP.DURS,customs_time,2012,916.0
Jordan,JOR,Time to export (days),IC.EXP.DURS,customs_time,2012,598.0
Kuwait,KWT,Time to export (days),IC.EXP.DURS,customs_time,2012,700.0
Lebanon,LBN,Time to export (days),IC.EXP.DURS,customs_time,2012,1012.0
Oman,OMN,Time to export (days),IC.EXP.DURS,customs_time,2012,460.0
Qatar,QAT,Time to export (days),IC.EXP.DURS,customs_time,2012,782.0
Saudi Arabia,SAU,Time to export (days),IC.EXP.DURS,customs_time,2012,598.0
Turkey,TUR,Time to export (days),IC.EXP.DURS,customs_time,2012,598.0
United States,USA,Time to export (days),IC.EXP.DURS,customs_time,2012,225.6
World,WLD,Time to export (days),IC.EXP.DURS,customs_time,2012,1004.50712141818
United Arab Emirates,ARE,Time to export (days),IC.EXP.DURS,customs_time,2013,294.0
Australia,AUS,Time to export (days),IC.EXP.DURS,customs_time,2013,378.0
Bahrain,BHR,Time to export (days),IC.EXP.DURS,customs_time,2013,462.0
Canada,CAN,Time to export (days),IC.EXP.DURS,customs_time,2013,336.0
China,CHN,Time to export (days),IC.EXP.DURS,customs_time,2013,882.0
Germany,DEU,Time to export (days),IC.EXP.DURS,customs_time,2013,378.0
Egypt,EGY,Time to export (days),IC.EXP.DURS,customs_time,2013,504.0
Euro area,EMU,Time to export (days),IC.EXP.DURS,customs_time,2013,445.098727203278
European Union,EUU,Time to export (days),IC.EXP.DURS,customs_time,2013,483.428571435715
France,FRA,Time to export (days),IC.EXP.DURS,customs_time,2013,420.0
United Kingdom,GBR,Time to export (days),IC.EXP.DURS,customs_time,2013,336.0
Greece,GRC,Time to export (days),IC.EXP.DURS,customs_time,2013,672.0
India,IND,Time to export (days),IC.EXP.DURS,customs_time,2013,711.6
Iraq,IRQ,Time to export (days),IC.EXP.DURS,customs_time,2013,3360.0
Italy,ITA,Time to export (days),IC.EXP.DURS,customs_time,2013,798.0
Jordan,JOR,Time to export (days),IC.EXP.DURS,customs_time,2013,546.0
Kuwait,KWT,Time to export (days),IC.EXP.DURS,customs_time,2013,636.0
Lebanon,LBN,Time to export (days),IC.EXP.DURS,customs_time,2013,924.0
Oman,OMN,Time to export (days),IC.EXP.DURS,customs_time,2013,420.0
Qatar,QAT,Time to export (days),IC.EXP.DURS,customs_time,2013,714.0
Saudi Arabia,SAU,Time to export (days),IC.EXP.DURS,customs_time,2013,546.0
Turkey,TUR,Time to export (days),IC.EXP.DURS,customs_time,2013,546.0
United States,USA,Time to export (days),IC.EXP.DURS,customs_time,2013,252.0
World,WLD,Time to export (days),IC.EXP.DURS,customs_time,2013,915.898412700212
United Arab Emirates,ARE,Time to export (days),IC.EXP.DURS,customs_time,2014,252.0
Australia,AUS,Time to export (days),IC.EXP.DURS,customs_time,2014,324.0
Bahrain,BHR,Time to export (days),IC.EXP.DURS,customs_time,2014,396.0
Canada,CAN,Time to export (days),IC.EXP.DURS,customs_time,2014,288.0
China,CHN,Time to export (days),IC.EXP.DURS,customs_time,2014,756.0
Germany,DEU,Time to export (days),IC.EXP.DURS,customs_time,2014,324.0
Egypt,EGY,Time to export (days),IC.EXP.DURS,customs_time,2014,432.0
Euro area,EMU,Time to export (days),IC.EXP.DURS,customs_time,2014,377.807017535438
European Union,EUU,Time to export (days),IC.EXP.DURS,customs_time,2014,404.999999997143
France,FRA,Time to export (days),IC.EXP.DURS,customs_time,2014,360.0
United Kingdom,GBR,Time to export (days),IC.EXP.DURS,customs_time,2014,288.0
Greece,GRC,Time to export (days),IC.EXP.DURS,customs_time,2014,540.0
India,IND,Time to export (days),IC.EXP.DURS,customs_time,2014,615.6
Iraq,IRQ,Time to export (days),IC.EXP.DURS,customs_time,2014,2880.0
Italy,ITA,Time to export (days),IC.EXP.DURS,customs_time,2014,684.0
Jordan,JOR,Time to export (days),IC.EXP.DURS,customs_time,2014,432.0
Kuwait,KWT,Time to export (days),IC.EXP.DURS,customs_time,2014,540.0
Lebanon,LBN,Time to export (days),IC.EXP.DURS,customs_time,2014,792.0
Oman,OMN,Time to export (days),IC.EXP.DURS,customs_time,2014,360.0
Qatar,QAT,Time to export (days),IC.EXP.DURS,customs_time,2014,540.0
Saudi Arabia,SAU,Time to export (days),IC.EXP.DURS,customs_time,2014,468.0
Turkey,TUR,Time to export (days),IC.EXP.DURS,customs_time,2014,468.0
United States,USA,Time to export (days),IC.EXP.DURS,customs_time,2014,216.0
World,WLD,Time to export (days),IC.EXP.DURS,customs_time,2014,775.142857139365
Turkiye,TUR,Firms using banks to finance working capital (% of firms),IC.FRM.BKWC.ZS,firm_constraints,2002,10.5
Turkiye,TUR,Firms using banks to finance working capital (% of firms),IC.FRM.BKWC.ZS,firm_constraints,2004,18.8
Germany,DEU,Firms using banks to finance working capital (% of firms),IC.FRM.BKWC.ZS,firm_constraints,2005,42.2
Greece,GRC,Firms using banks to finance working capital (% of firms),IC.FRM.BKWC.ZS,firm_constraints,2005,26.2
Turkiye,TUR,Firms using banks to finance working capital (% of firms),IC.FRM.BKWC.ZS,firm_constraints,2005,36.8
India,IND,Firms using banks to finance working capital (% of firms),IC.FRM.BKWC.ZS,firm_constraints,2006,36.4
Jordan,JOR,Firms using banks to finance working capital (% of firms),IC.FRM.BKWC.ZS,firm_constraints,2006,18.3
"Egypt, Arab Rep.",EGY,Firms using banks to finance working capital (% of firms),IC.FRM.BKWC.ZS,firm_constraints,2007,9.8
"Egypt, Arab Rep.",EGY,Firms using banks to finance working capital (% of firms),IC.FRM.BKWC.ZS,firm_constraints,2008,7.5
Lebanon,LBN,Firms using banks to finance working capital (% of firms),IC.FRM.BKWC.ZS,firm_constraints,2009,51.3
Iraq,IRQ,Firms using banks to finance working capital (% of firms),IC.FRM.BKWC.ZS,firm_constraints,2011,4.633059978
China,CHN,Firms using banks to finance working capital (% of firms),IC.FRM.BKWC.ZS,firm_constraints,2012,22.13079453
"Egypt, Arab Rep.",EGY,Firms using banks to finance working capital (% of firms),IC.FRM.BKWC.ZS,firm_constraints,2013,6.325240612
Jordan,JOR,Firms using banks to finance working capital (% of firms),IC.FRM.BKWC.ZS,firm_constraints,2013,26.13869286
Lebanon,LBN,Firms using banks to finance working capital (% of firms),IC.FRM.BKWC.ZS,firm_constraints,2013,40.17359924
Turkiye,TUR,Firms using banks to finance working capital (% of firms),IC.FRM.BKWC.ZS,firm_constraints,2013,43.23688126
India,IND,Firms using banks to finance working capital (% of firms),IC.FRM.BKWC.ZS,firm_constraints,2014,36.3800621
"Egypt, Arab Rep.",EGY,Firms using banks to finance working capital (% of firms),IC.FRM.BKWC.ZS,firm_constraints,2016,2.395868778
Greece,GRC,Firms using banks to finance working capital (% of firms),IC.FRM.BKWC.ZS,firm_constraints,2018,16.78762054
Italy,ITA,Firms using banks to finance working capital (% of firms),IC.FRM.BKWC.ZS,firm_constraints,2019,27.78454208
Jordan,JOR,Firms using banks to finance working capital (% of firms),IC.FRM.BKWC.ZS,firm_constraints,2019,20.04999733
Lebanon,LBN,Firms using banks to finance working capital (% of firms),IC.FRM.BKWC.ZS,firm_constraints,2019,44.46182632
Turkiye,TUR,Firms using banks to finance working capital (% of firms),IC.FRM.BKWC.ZS,firm_constraints,2019,34.02731323
"Egypt, Arab Rep.",EGY,Firms using banks to finance working capital (% of firms),IC.FRM.BKWC.ZS,firm_constraints,2020,4.817189693
Germany,DEU,Firms using banks to finance working capital (% of firms),IC.FRM.BKWC.ZS,firm_constraints,2021,35.17256546
France,FRA,Firms using banks to finance working capital (% of firms),IC.FRM.BKWC.ZS,firm_constraints,2021,34.33463669
India,IND,Firms using banks to finance working capital (% of firms),IC.FRM.BKWC.ZS,firm_constraints,2022,33.85416031
Iraq,IRQ,Firms using banks to finance working capital (% of firms),IC.FRM.BKWC.ZS,firm_constraints,2022,2.128573418
Saudi Arabia,SAU,Firms using banks to finance working capital (% of firms),IC.FRM.BKWC.ZS,firm_constraints,2022,12.75516319
Greece,GRC,Firms using banks to finance working capital (% of firms),IC.FRM.BKWC.ZS,firm_constraints,2023,21.06185532
Bahrain,BHR,Firms using banks to finance working capital (% of firms),IC.FRM.BKWC.ZS,firm_constraints,2024,27.57053185
Canada,CAN,Firms using banks to finance working capital (% of firms),IC.FRM.BKWC.ZS,firm_constraints,2024,29.04406548
China,CHN,Firms using banks to finance working capital (% of firms),IC.FRM.BKWC.ZS,firm_constraints,2024,26.82421112
United Kingdom,GBR,Firms using banks to finance working capital (% of firms),IC.FRM.BKWC.ZS,firm_constraints,2024,22.44751167
Italy,ITA,Firms using banks to finance working capital (% of firms),IC.FRM.BKWC.ZS,firm_constraints,2024,61.79856873
Jordan,JOR,Firms using banks to finance working capital (% of firms),IC.FRM.BKWC.ZS,firm_constraints,2024,30.52747726
Turkiye,TUR,Firms using banks to finance working capital (% of firms),IC.FRM.BKWC.ZS,firm_constraints,2024,23.93120575
United States,USA,Firms using banks to finance working capital (% of firms),IC.FRM.BKWC.ZS,firm_constraints,2024,15.32775879
Australia,AUS,Firms using banks to finance working capital (% of firms),IC.FRM.BKWC.ZS,firm_constraints,2025,25.37637329
Germany,DEU,Firms using banks to finance working capital (% of firms),IC.FRM.BKWC.ZS,firm_constraints,2025,20.18263054
"Egypt, Arab Rep.",EGY,Firms using banks to finance working capital (% of firms),IC.FRM.BKWC.ZS,firm_constraints,2025,5.830582619
Euro area,EMU,Firms using banks to finance working capital (% of firms),IC.FRM.BKWC.ZS,firm_constraints,2025,32.7781563714286
European Union,EUU,Firms using banks to finance working capital (% of firms),IC.FRM.BKWC.ZS,firm_constraints,2025,32.2260607262963
France,FRA,Firms using banks to finance working capital (% of firms),IC.FRM.BKWC.ZS,firm_constraints,2025,26.44716263
India,IND,Firms using banks to finance working capital (% of firms),IC.FRM.BKWC.ZS,firm_constraints,2025,14.05722237
Kuwait,KWT,Firms using banks to finance working capital (% of firms),IC.FRM.BKWC.ZS,firm_constraints,2025,8.528808594
Qatar,QAT,Firms using banks to finance working capital (% of firms),IC.FRM.BKWC.ZS,firm_constraints,2025,3.631365299
Saudi Arabia,SAU,Firms using banks to finance working capital (% of firms),IC.FRM.BKWC.ZS,firm_constraints,2025,6.799153328
World,WLD,Firms using banks to finance working capital (% of firms),IC.FRM.BKWC.ZS,firm_constraints,2025,26.7192407545196
Turkiye,TUR,Informal payments to public officials (% of firms),IC.FRM.CORR.ZS,firm_constraints,2002,66.3
Turkiye,TUR,Informal payments to public officials (% of firms),IC.FRM.CORR.ZS,firm_constraints,2004,44.5
Greece,GRC,Informal payments to public officials (% of firms),IC.FRM.CORR.ZS,firm_constraints,2005,21.6
Turkiye,TUR,Informal payments to public officials (% of firms),IC.FRM.CORR.ZS,firm_constraints,2005,20.3
India,IND,Informal payments to public officials (% of firms),IC.FRM.CORR.ZS,firm_constraints,2006,47.5
Jordan,JOR,Informal payments to public officials (% of firms),IC.FRM.CORR.ZS,firm_constraints,2006,18.1
"Egypt, Arab Rep.",EGY,Informal payments to public officials (% of firms),IC.FRM.CORR.ZS,firm_constraints,2007,6.5
"Egypt, Arab Rep.",EGY,Informal payments to public officials (% of firms),IC.FRM.CORR.ZS,firm_constraints,2008,15.2
Turkiye,TUR,Informal payments to public officials (% of firms),IC.FRM.CORR.ZS,firm_constraints,2008,17.99027824
Lebanon,LBN,Informal payments to public officials (% of firms),IC.FRM.CORR.ZS,firm_constraints,2009,22.9
Iraq,IRQ,Informal payments to public officials (% of firms),IC.FRM.CORR.ZS,firm_constraints,2011,31.76422882
China,CHN,Informal payments to public officials (% of firms),IC.FRM.CORR.ZS,firm_constraints,2012,10.65500832
"Egypt, Arab Rep.",EGY,Informal payments to public officials (% of firms),IC.FRM.CORR.ZS,firm_constraints,2013,12.1173048
Jordan,JOR,Informal payments to public officials (% of firms),IC.FRM.CORR.ZS,firm_constraints,2013,7.693387985
Lebanon,LBN,Informal payments to public officials (% of firms),IC.FRM.CORR.ZS,firm_constraints,2013,20.93318367
Turkiye,TUR,Informal payments to public officials (% of firms),IC.FRM.CORR.ZS,firm_constraints,2013,5.777805805
India,IND,Informal payments to public officials (% of firms),IC.FRM.CORR.ZS,firm_constraints,2014,16.55019569
"Egypt, Arab Rep.",EGY,Informal payments to public officials (% of firms),IC.FRM.CORR.ZS,firm_constraints,2016,18.98815346
Greece,GRC,Informal payments to public officials (% of firms),IC.FRM.CORR.ZS,firm_constraints,2018,5.210949421
Italy,ITA,Informal payments to public officials (% of firms),IC.FRM.CORR.ZS,firm_constraints,2019,8.428489685
Jordan,JOR,Informal payments to public officials (% of firms),IC.FRM.CORR.ZS,firm_constraints,2019,3.536057234
Lebanon,LBN,Informal payments to public officials (% of firms),IC.FRM.CORR.ZS,firm_constraints,2019,11.2751503
Turkiye,TUR,Informal payments to public officials (% of firms),IC.FRM.CORR.ZS,firm_constraints,2019,0.6837288737
"Egypt, Arab Rep.",EGY,Informal payments to public officials (% of firms),IC.FRM.CORR.ZS,firm_constraints,2020,4.959024429
Germany,DEU,Informal payments to public officials (% of firms),IC.FRM.CORR.ZS,firm_constraints,2021,4.265258312
France,FRA,Informal payments to public officials (% of firms),IC.FRM.CORR.ZS,firm_constraints,2021,11.6106987
India,IND,Informal payments to public officials (% of firms),IC.FRM.CORR.ZS,firm_constraints,2022,39.32650375
Iraq,IRQ,Informal payments to public officials (% of firms),IC.FRM.CORR.ZS,firm_constraints,2022,50.96398544
Saudi Arabia,SAU,Informal payments to public officials (% of firms),IC.FRM.CORR.ZS,firm_constraints,2022,2.260618925
Greece,GRC,Informal payments to public officials (% of firms),IC.FRM.CORR.ZS,firm_constraints,2023,3.140523672
Bahrain,BHR,Informal payments to public officials (% of firms),IC.FRM.CORR.ZS,firm_constraints,2024,5.636245251
Canada,CAN,Informal payments to public officials (% of firms),IC.FRM.CORR.ZS,firm_constraints,2024,5.354949951
China,CHN,Informal payments to public officials (% of firms),IC.FRM.CORR.ZS,firm_constraints,2024,0.2877615392
United Kingdom,GBR,Informal payments to public officials (% of firms),IC.FRM.CORR.ZS,firm_constraints,2024,0.618468225
Italy,ITA,Informal payments to public officials (% of firms),IC.FRM.CORR.ZS,firm_constraints,2024,1.595674634
Jordan,JOR,Informal payments to public officials (% of firms),IC.FRM.CORR.ZS,firm_constraints,2024,8.2053442
Turkiye,TUR,Informal payments to public officials (% of firms),IC.FRM.CORR.ZS,firm_constraints,2024,2.516850948
United States,USA,Informal payments to public officials (% of firms),IC.FRM.CORR.ZS,firm_constraints,2024,0.5910632014
Australia,AUS,Informal payments to public officials (% of firms),IC.FRM.CORR.ZS,firm_constraints,2025,0.1439089477
Germany,DEU,Informal payments to public officials (% of firms),IC.FRM.CORR.ZS,firm_constraints,2025,1.46236825
"Egypt, Arab Rep.",EGY,Informal payments to public officials (% of firms),IC.FRM.CORR.ZS,firm_constraints,2025,0.370419234
Euro area,EMU,Informal payments to public officials (% of firms),IC.FRM.CORR.ZS,firm_constraints,2025,2.60382378088095
European Union,EUU,Informal payments to public officials (% of firms),IC.FRM.CORR.ZS,firm_constraints,2025,2.8509127353
France,FRA,Informal payments to public officials (% of firms),IC.FRM.CORR.ZS,firm_constraints,2025,6.133111477
India,IND,Informal payments to public officials (% of firms),IC.FRM.CORR.ZS,firm_constraints,2025,7.904615879
Kuwait,KWT,Informal payments to public officials (% of firms),IC.FRM.CORR.ZS,firm_constraints,2025,0.0
Qatar,QAT,Informal payments to public officials (% of firms),IC.FRM.CORR.ZS,firm_constraints,2025,0.6819682717
Saudi Arabia,SAU,Informal payments to public officials (% of firms),IC.FRM.CORR.ZS,firm_constraints,2025,1.023827195
World,WLD,Informal payments to public officials (% of firms),IC.FRM.CORR.ZS,firm_constraints,2025,11.1145284495218
United Arab Emirates,ARE,Time to import (days),IC.IMP.DURS,customs_time,2005,531.0
Australia,AUS,Time to import (days),IC.IMP.DURS,customs_time,2005,480.0
Canada,CAN,Time to import (days),IC.IMP.DURS,customs_time,2005,591.0
China,CHN,Time to import (days),IC.IMP.DURS,customs_time,2005,1214.3
Germany,DEU,Time to import (days),IC.IMP.DURS,customs_time,2005,399.0
Egypt,EGY,Time to import (days),IC.IMP.DURS,customs_time,2005,1783.0
Euro area,EMU,Time to import (days),IC.IMP.DURS,customs_time,2005,732.185897438754
European Union,EUU,Time to import (days),IC.IMP.DURS,customs_time,2005,748.88
France,FRA,Time to import (days),IC.IMP.DURS,customs_time,2005,1173.0
United Kingdom,GBR,Time to import (days),IC.IMP.DURS,customs_time,2005,474.0
Greece,GRC,Time to import (days),IC.IMP.DURS,customs_time,2005,1149.0
India,IND,Time to import (days),IC.IMP.DURS,customs_time,2005,1885.3
Iraq,IRQ,Time to import (days),IC.IMP.DURS,customs_time,2005,5757.0
Italy,ITA,Time to import (days),IC.IMP.DURS,customs_time,2005,1026.0
Jordan,JOR,Time to import (days),IC.IMP.DURS,customs_time,2005,1596.0
Kuwait,KWT,Time to import (days),IC.IMP.DURS,customs_time,2005,1176.0
Lebanon,LBN,Time to import (days),IC.IMP.DURS,customs_time,2005,1938.0
Oman,OMN,Time to import (days),IC.IMP.DURS,customs_time,2005,909.0
Saudi Arabia,SAU,Time to import (days),IC.IMP.DURS,customs_time,2005,1938.0
Turkey,TUR,Time to import (days),IC.IMP.DURS,customs_time,2005,1425.0
United States,USA,Time to import (days),IC.IMP.DURS,customs_time,2005,243.0
World,WLD,Time to import (days),IC.IMP.DURS,customs_time,2005,1825.92187615605
United Arab Emirates,ARE,Time to import (days),IC.IMP.DURS,customs_time,2006,513.0
Australia,AUS,Time to import (days),IC.IMP.DURS,customs_time,2006,456.0
Canada,CAN,Time to import (days),IC.IMP.DURS,customs_time,2006,585.0
China,CHN,Time to import (days),IC.IMP.DURS,customs_time,2006,1141.2
Germany,DEU,Time to import (days),IC.IMP.DURS,customs_time,2006,399.0
Egypt,EGY,Time to import (days),IC.IMP.DURS,customs_time,2006,1555.0
Euro area,EMU,Time to import (days),IC.IMP.DURS,customs_time,2006,676.241036415547
European Union,EUU,Time to import (days),IC.IMP.DURS,customs_time,2006,682.1123077
France,FRA,Time to import (days),IC.IMP.DURS,customs_time,2006,684.0
United Kingdom,GBR,Time to import (days),IC.IMP.DURS,customs_time,2006,456.0
Greece,GRC,Time to import (days),IC.IMP.DURS,customs_time,2006,1149.0
India,IND,Time to import (days),IC.IMP.DURS,customs_time,2006,1881.3
Iraq,IRQ,Time to import (days),IC.IMP.DURS,customs_time,2006,5757.0
Italy,ITA,Time to import (days),IC.IMP.DURS,customs_time,2006,1026.0
Jordan,JOR,Time to import (days),IC.IMP.DURS,customs_time,2006,1254.0
Kuwait,KWT,Time to import (days),IC.IMP.DURS,customs_time,2006,1176.0
Lebanon,LBN,Time to import (days),IC.IMP.DURS,customs_time,2006,1938.0
Oman,OMN,Time to import (days),IC.IMP.DURS,customs_time,2006,909.0
Saudi Arabia,SAU,Time to import (days),IC.IMP.DURS,customs_time,2006,1938.0
Turkey,TUR,Time to import (days),IC.IMP.DURS,customs_time,2006,1425.0
United States,USA,Time to import (days),IC.IMP.DURS,customs_time,2006,243.0
World,WLD,Time to import (days),IC.IMP.DURS,customs_time,2006,1727.42977528011
United Arab Emirates,ARE,Time to import (days),IC.IMP.DURS,customs_time,2007,513.0
Australia,AUS,Time to import (days),IC.IMP.DURS,customs_time,2007,456.0
Bahrain,BHR,Time to import (days),IC.IMP.DURS,customs_time,2007,855.0
Canada,CAN,Time to import (days),IC.IMP.DURS,customs_time,2007,585.0
China,CHN,Time to import (days),IC.IMP.DURS,customs_time,2007,1141.2
Germany,DEU,Time to import (days),IC.IMP.DURS,customs_time,2007,399.0
Egypt,EGY,Time to import (days),IC.IMP.DURS,customs_time,2007,1156.0
Euro area,EMU,Time to import (days),IC.IMP.DURS,customs_time,2007,672.765126046891
European Union,EUU,Time to import (days),IC.IMP.DURS,customs_time,2007,668.40461539
France,FRA,Time to import (days),IC.IMP.DURS,customs_time,2007,684.0
United Kingdom,GBR,Time to import (days),IC.IMP.DURS,customs_time,2007,456.0
Greece,GRC,Time to import (days),IC.IMP.DURS,customs_time,2007,1149.0
India,IND,Time to import (days),IC.IMP.DURS,customs_time,2007,963.9
Iraq,IRQ,Time to import (days),IC.IMP.DURS,customs_time,2007,5757.0
Italy,ITA,Time to import (days),IC.IMP.DURS,customs_time,2007,1026.0
Jordan,JOR,Time to import (days),IC.IMP.DURS,customs_time,2007,1254.0
Kuwait,KWT,Time to import (days),IC.IMP.DURS,customs_time,2007,1176.0
Lebanon,LBN,Time to import (days),IC.IMP.DURS,customs_time,2007,2166.0
Oman,OMN,Time to import (days),IC.IMP.DURS,customs_time,2007,909.0
Qatar,QAT,Time to import (days),IC.IMP.DURS,customs_time,2007,1140.0
Saudi Arabia,SAU,Time to import (days),IC.IMP.DURS,customs_time,2007,1140.0
Turkey,TUR,Time to import (days),IC.IMP.DURS,customs_time,2007,855.0
United States,USA,Time to import (days),IC.IMP.DURS,customs_time,2007,243.0
World,WLD,Time to import (days),IC.IMP.DURS,customs_time,2007,1609.07403314779
United Arab Emirates,ARE,Time to import (days),IC.IMP.DURS,customs_time,2008,513.0
Australia,AUS,Time to import (days),IC.IMP.DURS,customs_time,2008,456.0
Bahrain,BHR,Time to import (days),IC.IMP.DURS,customs_time,2008,855.0
Canada,CAN,Time to import (days),IC.IMP.DURS,customs_time,2008,585.0
China,CHN,Time to import (days),IC.IMP.DURS,customs_time,2008,1141.2
Germany,DEU,Time to import (days),IC.IMP.DURS,customs_time,2008,399.0
Egypt,EGY,Time to import (days),IC.IMP.DURS,customs_time,2008,985.0
Euro area,EMU,Time to import (days),IC.IMP.DURS,customs_time,2008,646.481045753857
European Union,EUU,Time to import (days),IC.IMP.DURS,customs_time,2008,655.535612530427
France,FRA,Time to import (days),IC.IMP.DURS,customs_time,2008,627.0
United Kingdom,GBR,Time to import (days),IC.IMP.DURS,customs_time,2008,456.0
Greece,GRC,Time to import (days),IC.IMP.DURS,customs_time,2008,1149.0
India,IND,Time to import (days),IC.IMP.DURS,customs_time,2008,917.4
Iraq,IRQ,Time to import (days),IC.IMP.DURS,customs_time,2008,5757.0
Italy,ITA,Time to import (days),IC.IMP.DURS,customs_time,2008,1026.0
Jordan,JOR,Time to import (days),IC.IMP.DURS,customs_time,2008,1254.0
Kuwait,KWT,Time to import (days),IC.IMP.DURS,customs_time,2008,1176.0
Lebanon,LBN,Time to import (days),IC.IMP.DURS,customs_time,2008,2166.0
Oman,OMN,Time to import (days),IC.IMP.DURS,customs_time,2008,909.0
Qatar,QAT,Time to import (days),IC.IMP.DURS,customs_time,2008,1140.0
Saudi Arabia,SAU,Time to import (days),IC.IMP.DURS,customs_time,2008,1026.0
Turkey,TUR,Time to import (days),IC.IMP.DURS,customs_time,2008,855.0
United States,USA,Time to import (days),IC.IMP.DURS,customs_time,2008,243.0
World,WLD,Time to import (days),IC.IMP.DURS,customs_time,2008,1532.07328709003
United Arab Emirates,ARE,Time to import (days),IC.IMP.DURS,customs_time,2009,513.0
Australia,AUS,Time to import (days),IC.IMP.DURS,customs_time,2009,456.0
Bahrain,BHR,Time to import (days),IC.IMP.DURS,customs_time,2009,855.0
Canada,CAN,Time to import (days),IC.IMP.DURS,customs_time,2009,585.0
China,CHN,Time to import (days),IC.IMP.DURS,customs_time,2009,1141.2
Germany,DEU,Time to import (days),IC.IMP.DURS,customs_time,2009,399.0
Egypt,EGY,Time to import (days),IC.IMP.DURS,customs_time,2009,985.0
Euro area,EMU,Time to import (days),IC.IMP.DURS,customs_time,2009,643.209068620784
European Union,EUU,Time to import (days),IC.IMP.DURS,customs_time,2009,653.518518524444
France,FRA,Time to import (days),IC.IMP.DURS,customs_time,2009,627.0
United Kingdom,GBR,Time to import (days),IC.IMP.DURS,customs_time,2009,456.0
Greece,GRC,Time to import (days),IC.IMP.DURS,customs_time,2009,1149.0
India,IND,Time to import (days),IC.IMP.DURS,customs_time,2009,917.4
Iraq,IRQ,Time to import (days),IC.IMP.DURS,customs_time,2009,5757.0
Italy,ITA,Time to import (days),IC.IMP.DURS,customs_time,2009,1026.0
Jordan,JOR,Time to import (days),IC.IMP.DURS,customs_time,2009,1083.0
Kuwait,KWT,Time to import (days),IC.IMP.DURS,customs_time,2009,1119.0
Lebanon,LBN,Time to import (days),IC.IMP.DURS,customs_time,2009,1903.0
Oman,OMN,Time to import (days),IC.IMP.DURS,customs_time,2009,909.0
Qatar,QAT,Time to import (days),IC.IMP.DURS,customs_time,2009,1140.0
Saudi Arabia,SAU,Time to import (days),IC.IMP.DURS,customs_time,2009,1026.0
Turkey,TUR,Time to import (days),IC.IMP.DURS,customs_time,2009,809.0
United States,USA,Time to import (days),IC.IMP.DURS,customs_time,2009,243.0
World,WLD,Time to import (days),IC.IMP.DURS,customs_time,2009,1475.70765026809
United Arab Emirates,ARE,Time to import (days),IC.IMP.DURS,customs_time,2010,378.0
Australia,AUS,Time to import (days),IC.IMP.DURS,customs_time,2010,432.0
Bahrain,BHR,Time to import (days),IC.IMP.DURS,customs_time,2010,810.0
Canada,CAN,Time to import (days),IC.IMP.DURS,customs_time,2010,552.0
China,CHN,Time to import (days),IC.IMP.DURS,customs_time,2010,1069.2
Germany,DEU,Time to import (days),IC.IMP.DURS,customs_time,2010,378.0
Egypt,EGY,Time to import (days),IC.IMP.DURS,customs_time,2010,778.0
Euro area,EMU,Time to import (days),IC.IMP.DURS,customs_time,2010,582.040931379216
European Union,EUU,Time to import (days),IC.IMP.DURS,customs_time,2010,624.682336183817
France,FRA,Time to import (days),IC.IMP.DURS,customs_time,2010,594.0
United Kingdom,GBR,Time to import (days),IC.IMP.DURS,customs_time,2010,324.0
Greece,GRC,Time to import (days),IC.IMP.DURS,customs_time,2010,1074.0
India,IND,Time to import (days),IC.IMP.DURS,customs_time,2010,857.4
Iraq,IRQ,Time to import (days),IC.IMP.DURS,customs_time,2010,4482.0
Italy,ITA,Time to import (days),IC.IMP.DURS,customs_time,2010,972.0
Jordan,JOR,Time to import (days),IC.IMP.DURS,customs_time,2010,972.0
Kuwait,KWT,Time to import (days),IC.IMP.DURS,customs_time,2010,1062.0
Lebanon,LBN,Time to import (days),IC.IMP.DURS,customs_time,2010,1798.0
Oman,OMN,Time to import (days),IC.IMP.DURS,customs_time,2010,510.0
Qatar,QAT,Time to import (days),IC.IMP.DURS,customs_time,2010,1080.0
Saudi Arabia,SAU,Time to import (days),IC.IMP.DURS,customs_time,2010,918.0
Turkey,TUR,Time to import (days),IC.IMP.DURS,customs_time,2010,764.0
United States,USA,Time to import (days),IC.IMP.DURS,customs_time,2010,228.0
World,WLD,Time to import (days),IC.IMP.DURS,customs_time,2010,1350.24043715727
United Arab Emirates,ARE,Time to import (days),IC.IMP.DURS,customs_time,2011,357.0
Australia,AUS,Time to import (days),IC.IMP.DURS,customs_time,2011,408.0
Bahrain,BHR,Time to import (days),IC.IMP.DURS,customs_time,2011,765.0
Canada,CAN,Time to import (days),IC.IMP.DURS,customs_time,2011,519.0
China,CHN,Time to import (days),IC.IMP.DURS,customs_time,2011,997.200000000001
Germany,DEU,Time to import (days),IC.IMP.DURS,customs_time,2011,357.0
Egypt,EGY,Time to import (days),IC.IMP.DURS,customs_time,2011,742.0
Euro area,EMU,Time to import (days),IC.IMP.DURS,customs_time,2011,523.048503610238
European Union,EUU,Time to import (days),IC.IMP.DURS,customs_time,2011,560.135225885225
France,FRA,Time to import (days),IC.IMP.DURS,customs_time,2011,561.0
United Kingdom,GBR,Time to import (days),IC.IMP.DURS,customs_time,2011,306.0
Greece,GRC,Time to import (days),IC.IMP.DURS,customs_time,2011,999.0
India,IND,Time to import (days),IC.IMP.DURS,customs_time,2011,797.4
Iraq,IRQ,Time to import (days),IC.IMP.DURS,customs_time,2011,4233.0
Italy,ITA,Time to import (days),IC.IMP.DURS,customs_time,2011,918.0
Jordan,JOR,Time to import (days),IC.IMP.DURS,customs_time,2011,765.0
Kuwait,KWT,Time to import (days),IC.IMP.DURS,customs_time,2011,1005.0
Lebanon,LBN,Time to import (days),IC.IMP.DURS,customs_time,2011,1540.0
Oman,OMN,Time to import (days),IC.IMP.DURS,customs_time,2011,459.0
Qatar,QAT,Time to import (days),IC.IMP.DURS,customs_time,2011,1020.0
Saudi Arabia,SAU,Time to import (days),IC.IMP.DURS,customs_time,2011,867.0
Turkey,TUR,Time to import (days),IC.IMP.DURS,customs_time,2011,719.0
United States,USA,Time to import (days),IC.IMP.DURS,customs_time,2011,213.0
World,WLD,Time to import (days),IC.IMP.DURS,customs_time,2011,1243.50890562613
United Arab Emirates,ARE,Time to import (days),IC.IMP.DURS,customs_time,2012,322.0
Australia,AUS,Time to import (days),IC.IMP.DURS,customs_time,2012,368.0
Bahrain,BHR,Time to import (days),IC.IMP.DURS,customs_time,2012,690.0
Canada,CAN,Time to import (days),IC.IMP.DURS,customs_time,2012,464.0
China,CHN,Time to import (days),IC.IMP.DURS,customs_time,2012,877.200000000001
Germany,DEU,Time to import (days),IC.IMP.DURS,customs_time,2012,322.0
Egypt,EGY,Time to import (days),IC.IMP.DURS,customs_time,2012,682.0
Euro area,EMU,Time to import (days),IC.IMP.DURS,customs_time,2012,451.916752665205
European Union,EUU,Time to import (days),IC.IMP.DURS,customs_time,2012,492.789682532539
France,FRA,Time to import (days),IC.IMP.DURS,customs_time,2012,506.0
United Kingdom,GBR,Time to import (days),IC.IMP.DURS,customs_time,2012,276.0
Greece,GRC,Time to import (days),IC.IMP.DURS,customs_time,2012,690.0
India,IND,Time to import (days),IC.IMP.DURS,customs_time,2012,697.4
Iraq,IRQ,Time to import (days),IC.IMP.DURS,customs_time,2012,3772.0
Italy,ITA,Time to import (days),IC.IMP.DURS,customs_time,2012,828.0
Jordan,JOR,Time to import (days),IC.IMP.DURS,customs_time,2012,690.0
Kuwait,KWT,Time to import (days),IC.IMP.DURS,customs_time,2012,910.0
Lebanon,LBN,Time to import (days),IC.IMP.DURS,customs_time,2012,1380.0
Oman,OMN,Time to import (days),IC.IMP.DURS,customs_time,2012,414.0
Qatar,QAT,Time to import (days),IC.IMP.DURS,customs_time,2012,782.0
Saudi Arabia,SAU,Time to import (days),IC.IMP.DURS,customs_time,2012,782.0
Turkey,TUR,Time to import (days),IC.IMP.DURS,customs_time,2012,644.0
United States,USA,Time to import (days),IC.IMP.DURS,customs_time,2012,188.0
World,WLD,Time to import (days),IC.IMP.DURS,customs_time,2012,1135.62076361695
United Arab Emirates,ARE,Time to import (days),IC.IMP.DURS,customs_time,2013,294.0
Australia,AUS,Time to import (days),IC.IMP.DURS,customs_time,2013,336.0
Bahrain,BHR,Time to import (days),IC.IMP.DURS,customs_time,2013,630.0
Canada,CAN,Time to import (days),IC.IMP.DURS,customs_time,2013,420.0
China,CHN,Time to import (days),IC.IMP.DURS,customs_time,2013,1008.0
Germany,DEU,Time to import (days),IC.IMP.DURS,customs_time,2013,294.0
Egypt,EGY,Time to import (days),IC.IMP.DURS,customs_time,2013,630.0
Euro area,EMU,Time to import (days),IC.IMP.DURS,customs_time,2013,407.910904712481
European Union,EUU,Time to import (days),IC.IMP.DURS,customs_time,2013,440.535714281429
France,FRA,Time to import (days),IC.IMP.DURS,customs_time,2013,462.0
United Kingdom,GBR,Time to import (days),IC.IMP.DURS,customs_time,2013,252.0
Greece,GRC,Time to import (days),IC.IMP.DURS,customs_time,2013,630.0
India,IND,Time to import (days),IC.IMP.DURS,customs_time,2013,879.6
Iraq,IRQ,Time to import (days),IC.IMP.DURS,customs_time,2013,3444.0
Italy,ITA,Time to import (days),IC.IMP.DURS,customs_time,2013,756.0
Jordan,JOR,Time to import (days),IC.IMP.DURS,customs_time,2013,630.0
Kuwait,KWT,Time to import (days),IC.IMP.DURS,customs_time,2013,834.0
Lebanon,LBN,Time to import (days),IC.IMP.DURS,customs_time,2013,1260.0
Oman,OMN,Time to import (days),IC.IMP.DURS,customs_time,2013,378.0
Qatar,QAT,Time to import (days),IC.IMP.DURS,customs_time,2013,714.0
Saudi Arabia,SAU,Time to import (days),IC.IMP.DURS,customs_time,2013,714.0
Turkey,TUR,Time to import (days),IC.IMP.DURS,customs_time,2013,588.0
United States,USA,Time to import (days),IC.IMP.DURS,customs_time,2013,224.4
World,WLD,Time to import (days),IC.IMP.DURS,customs_time,2013,1037.11111111291
United Arab Emirates,ARE,Time to import (days),IC.IMP.DURS,customs_time,2014,252.0
Australia,AUS,Time to import (days),IC.IMP.DURS,customs_time,2014,288.0
Bahrain,BHR,Time to import (days),IC.IMP.DURS,customs_time,2014,540.0
Canada,CAN,Time to import (days),IC.IMP.DURS,customs_time,2014,360.0
China,CHN,Time to import (days),IC.IMP.DURS,customs_time,2014,864.0
Germany,DEU,Time to import (days),IC.IMP.DURS,customs_time,2014,252.0
Egypt,EGY,Time to import (days),IC.IMP.DURS,customs_time,2014,540.0
Euro area,EMU,Time to import (days),IC.IMP.DURS,customs_time,2014,344.660818713135
European Union,EUU,Time to import (days),IC.IMP.DURS,customs_time,2014,372.499999994285
France,FRA,Time to import (days),IC.IMP.DURS,customs_time,2014,396.0
United Kingdom,GBR,Time to import (days),IC.IMP.DURS,customs_time,2014,216.0
Greece,GRC,Time to import (days),IC.IMP.DURS,customs_time,2014,504.0
India,IND,Time to import (days),IC.IMP.DURS,customs_time,2014,759.6
Iraq,IRQ,Time to import (days),IC.IMP.DURS,customs_time,2014,2952.0
Italy,ITA,Time to import (days),IC.IMP.DURS,customs_time,2014,648.0
Jordan,JOR,Time to import (days),IC.IMP.DURS,customs_time,2014,540.0
Kuwait,KWT,Time to import (days),IC.IMP.DURS,customs_time,2014,720.0
Lebanon,LBN,Time to import (days),IC.IMP.DURS,customs_time,2014,1080.0
Oman,OMN,Time to import (days),IC.IMP.DURS,customs_time,2014,324.0
Qatar,QAT,Time to import (days),IC.IMP.DURS,customs_time,2014,576.0
Saudi Arabia,SAU,Time to import (days),IC.IMP.DURS,customs_time,2014,612.0
Turkey,TUR,Time to import (days),IC.IMP.DURS,customs_time,2014,504.0
United States,USA,Time to import (days),IC.IMP.DURS,customs_time,2014,194.4
World,WLD,Time to import (days),IC.IMP.DURS,customs_time,2014,880.952380950582
Australia,AUS,"Air transport, freight (million ton-km)",IS.AIR.GOOD.MT.K1,transport,1970,234.6999969482
Bahrain,BHR,"Air transport, freight (million ton-km)",IS.AIR.GOOD.MT.K1,transport,1970,0.8000000119
Canada,CAN,"Air transport, freight (million ton-km)",IS.AIR.GOOD.MT.K1,transport,1970,370.8999938965
Germany,DEU,"Air transport, freight (million ton-km)",IS.AIR.GOOD.MT.K1,transport,1970,484.5
"Egypt, Arab Rep.",EGY,"Air transport, freight (million ton-km)",IS.AIR.GOOD.MT.K1,transport,1970,15.3000001907
Euro area,EMU,"Air transport, freight (million ton-km)",IS.AIR.GOOD.MT.K1,transport,1970,2048.5000159742
European Union,EUU,"Air transport, freight (million ton-km)",IS.AIR.GOOD.MT.K1,transport,1970,2239.9000151159
France,FRA,"Air transport, freight (million ton-km)",IS.AIR.GOOD.MT.K1,transport,1970,474.6000061035
United Kingdom,GBR,"Air transport, freight (million ton-km)",IS.AIR.GOOD.MT.K1,transport,1970,516.9000244141
Greece,GRC,"Air transport, freight (million ton-km)",IS.AIR.GOOD.MT.K1,transport,1970,31.1000003815
India,IND,"Air transport, freight (million ton-km)",IS.AIR.GOOD.MT.K1,transport,1970,96.3000030518
Iraq,IRQ,"Air transport, freight (million ton-km)",IS.AIR.GOOD.MT.K1,transport,1970,1.7999999523
Italy,ITA,"Air transport, freight (million ton-km)",IS.AIR.GOOD.MT.K1,transport,1970,275.200012207
Jordan,JOR,"Air transport, freight (million ton-km)",IS.AIR.GOOD.MT.K1,transport,1970,1.2000000477
Kuwait,KWT,"Air transport, freight (million ton-km)",IS.AIR.GOOD.MT.K1,transport,1970,13.3999996185
Lebanon,LBN,"Air transport, freight (million ton-km)",IS.AIR.GOOD.MT.K1,transport,1970,143.1000061035
Saudi Arabia,SAU,"Air transport, freight (million ton-km)",IS.AIR.GOOD.MT.K1,transport,1970,4.5
Turkiye,TUR,"Air transport, freight (million ton-km)",IS.AIR.GOOD.MT.K1,transport,1970,4.5999999046
United States,USA,"Air transport, freight (million ton-km)",IS.AIR.GOOD.MT.K1,transport,1970,5151.2001953125
Australia,AUS,"Air transport, freight (million ton-km)",IS.AIR.GOOD.MT.K1,transport,1971,230.6999969482
Bahrain,BHR,"Air transport, freight (million ton-km)",IS.AIR.GOOD.MT.K1,transport,1971,1.0
Canada,CAN,"Air transport, freight (million ton-km)",IS.AIR.GOOD.MT.K1,transport,1971,403.5
Germany,DEU,"Air transport, freight (million ton-km)",IS.AIR.GOOD.MT.K1,transport,1971,532.9000244141
"Egypt, Arab Rep.",EGY,"Air transport, freight (million ton-km)",IS.AIR.GOOD.MT.K1,transport,1971,17.3999996185
Euro area,EMU,"Air transport, freight (million ton-km)",IS.AIR.GOOD.MT.K1,transport,1971,2247.2000464202
European Union,EUU,"Air transport, freight (million ton-km)",IS.AIR.GOOD.MT.K1,transport,1971,2444.500046134
France,FRA,"Air transport, freight (million ton-km)",IS.AIR.GOOD.MT.K1,transport,1971,487.700012207
United Kingdom,GBR,"Air transport, freight (million ton-km)",IS.AIR.GOOD.MT.K1,transport,1971,564.9000244141
Greece,GRC,"Air transport, freight (million ton-km)",IS.AIR.GOOD.MT.K1,transport,1971,32.4000015259
India,IND,"Air transport, freight (million ton-km)",IS.AIR.GOOD.MT.K1,transport,1971,108.4000015259
Iraq,IRQ,"Air transport, freight (million ton-km)",IS.AIR.GOOD.MT.K1,transport,1971,2.0
Italy,ITA,"Air transport, freight (million ton-km)",IS.AIR.GOOD.MT.K1,transport,1971,302.200012207
Jordan,JOR,"Air transport, freight (million ton-km)",IS.AIR.GOOD.MT.K1,transport,1971,2.5999999046
Kuwait,KWT,"Air transport, freight (million ton-km)",IS.AIR.GOOD.MT.K1,transport,1971,14.3999996185
Lebanon,LBN,"Air transport, freight (million ton-km)",IS.AIR.GOOD.MT.K1,transport,1971,196.8000030518
Saudi Arabia,SAU,"Air transport, freight (million ton-km)",IS.AIR.GOOD.MT.K1,transport,1971,11.6000003815
Turkiye,TUR,"Air transport, freight (million ton-km)",IS.AIR.GOOD.MT.K1,transport,1971,5.6999998093
United States,USA,"Air transport, freight (million ton-km)",IS.AIR.GOOD.MT.K1,transport,1971,5540.7998046875
Australia,AUS,"Air transport, freight (million ton-km)",IS.AIR.GOOD.MT.K1,transport,1972,220.1999969482
Bahrain,BHR,"Air transport, freight (million ton-km)",IS.AIR.GOOD.MT.K1,transport,1972,1.1000000238
Canada,CAN,"Air transport, freight (million ton-km)",IS.AIR.GOOD.MT.K1,transport,1972,433.3999938965
Germany,DEU,"Air transport, freight (million ton-km)",IS.AIR.GOOD.MT.K1,transport,1972,656.5999755859
"Egypt, Arab Rep.",EGY,"Air transport, freight (million ton-km)",IS.AIR.GOOD.MT.K1,transport,1972,17.7999992371
Euro area,EMU,"Air transport, freight (million ton-km)",IS.AIR.GOOD.MT.K1,transport,1972,2613.4999849797
European Union,EUU,"Air transport, freight (million ton-km)",IS.AIR.GOOD.MT.K1,transport,1972,2845.4999845028
France,FRA,"Air transport, freight (million ton-km)",IS.AIR.GOOD.MT.K1,transport,1972,619.0
United Kingdom,GBR,"Air transport, freight (million ton-km)",IS.AIR.GOOD.MT.K1,transport,1972,714.0999755859
Greece,GRC,"Air transport, freight (million ton-km)",IS.AIR.GOOD.MT.K1,transport,1972,42.2000007629
India,IND,"Air transport, freight (million ton-km)",IS.AIR.GOOD.MT.K1,transport,1972,131.1000061035
Iraq,IRQ,"Air transport, freight (million ton-km)",IS.AIR.GOOD.MT.K1,transport,1972,2.2999999523
Italy,ITA,"Air transport, freight (million ton-km)",IS.AIR.GOOD.MT.K1,transport,1972,282.200012207
Jordan,JOR,"Air transport, freight (million ton-km)",IS.AIR.GOOD.MT.K1,transport,1972,4.6999998093
Kuwait,KWT,"Air transport, freight (million ton-km)",IS.AIR.GOOD.MT.K1,transport,1972,16.2999992371
Lebanon,LBN,"Air transport, freight (million ton-km)",IS.AIR.GOOD.MT.K1,transport,1972,269.1000061035
Saudi Arabia,SAU,"Air transport, freight (million ton-km)",IS.AIR.GOOD.MT.K1,transport,1972,15.1000003815
Turkiye,TUR,"Air transport, freight (million ton-km)",IS.AIR.GOOD.MT.K1,transport,1972,6.8000001907
United States,USA,"Air transport, freight (million ton-km)",IS.AIR.GOOD.MT.K1,transport,1972,6283.0
Australia,AUS,"Air transport, freight (million ton-km)",IS.AIR.GOOD.MT.K1,transport,1973,266.6000061035
Bahrain,BHR,"Air transport, freight (million ton-km)",IS.AIR.GOOD.MT.K1,transport,1973,1.1000000238
Canada,CAN,"Air transport, freight (million ton-km)",IS.AIR.GOOD.MT.K1,transport,1973,484.200012207
Germany,DEU,"Air transport, freight (million ton-km)",IS.AIR.GOOD.MT.K1,transport,1973,826.799987793
"Egypt, Arab Rep.",EGY,"Air transport, freight (million ton-km)",IS.AIR.GOOD.MT.K1,transport,1973,13.8999996185
Euro area,EMU,"Air transport, freight (million ton-km)",IS.AIR.GOOD.MT.K1,transport,1973,3178.0999691486
European Union,EUU,"Air transport, freight (million ton-km)",IS.AIR.GOOD.MT.K1,transport,1973,3424.7999713421
France,FRA,"Air transport, freight (million ton-km)",IS.AIR.GOOD.MT.K1,transport,1973,757.5999755859
United Kingdom,GBR,"Air transport, freight (million ton-km)",IS.AIR.GOOD.MT.K1,transport,1973,843.9000244141
Greece,GRC,"Air transport, freight (million ton-km)",IS.AIR.GOOD.MT.K1,transport,1973,53.9000015259
India,IND,"Air transport, freight (million ton-km)",IS.AIR.GOOD.MT.K1,transport,1973,176.5
Iraq,IRQ,"Air transport, freight (million ton-km)",IS.AIR.GOOD.MT.K1,transport,1973,2.2999999523
Italy,ITA,"Air transport, freight (million ton-km)",IS.AIR.GOOD.MT.K1,transport,1973,406.3999938965
Jordan,JOR,"Air transport, freight (million ton-km)",IS.AIR.GOOD.MT.K1,transport,1973,5.4000000954
Kuwait,KWT,"Air transport, freight (million ton-km)",IS.AIR.GOOD.MT.K1,transport,1973,17.0
Lebanon,LBN,"Air transport, freight (million ton-km)",IS.AIR.GOOD.MT.K1,transport,1973,391.700012207
Saudi Arabia,SAU,"Air transport, freight (million ton-km)",IS.AIR.GOOD.MT.K1,transport,1973,26.5
Turkiye,TUR,"Air transport, freight (million ton-km)",IS.AIR.GOOD.MT.K1,transport,1973,10.0
United States,USA,"Air transport, freight (million ton-km)",IS.AIR.GOOD.MT.K1,transport,1973,7060.1000976563
World,WLD,"Air transport, freight (million ton-km)",IS.AIR.GOOD.MT.K1,transport,1973,15568.7001226766
United Arab Emirates,ARE,"Air transport, freight (million ton-km)",IS.AIR.GOOD.MT.K1,transport,1974,2.2000000477
Australia,AUS,"Air transport, freight (million ton-km)",IS.AIR.GOOD.MT.K1,transport,1974,315.299987793
Bahrain,BHR,"Air transport, freight (million ton-km)",IS.AIR.GOOD.MT.K1,transport,1974,2.2000000477
Canada,CAN,"Air transport, freight (million ton-km)",IS.AIR.GOOD.MT.K1,transport,1974,520.299987793
China,CHN,"Air transport, freight (million ton-km)",IS.AIR.GOOD.MT.K1,transport,1974,29.2000007629
Germany,DEU,"Air transport, freight (million ton-km)",IS.AIR.GOOD.MT.K1,transport,1974,941.0
"Egypt, Arab Rep.",EGY,"Air transport, freight (million ton-km)",IS.AIR.GOOD.MT.K1,transport,1974,17.1000003815
Euro area,EMU,"Air transport, freight (million ton-km)",IS.AIR.GOOD.MT.K1,transport,1974,3634.4999970198
European Union,EUU,"Air transport, freight (million ton-km)",IS.AIR.GOOD.MT.K1,transport,1974,3908.8000000716
France,FRA,"Air transport, freight (million ton-km)",IS.AIR.GOOD.MT.K1,transport,1974,871.299987793
United Kingdom,GBR,"Air transport, freight (million ton-km)",IS.AIR.GOOD.MT.K1,transport,1974,847.299987793
Greece,GRC,"Air transport, freight (million ton-km)",IS.AIR.GOOD.MT.K1,transport,1974,47.7999992371
India,IND,"Air transport, freight (million ton-km)",IS.AIR.GOOD.MT.K1,transport,1974,144.6999969482
Iraq,IRQ,"Air transport, freight (million ton-km)",IS.AIR.GOOD.MT.K1,transport,1974,4.9000000954
Italy,ITA,"Air transport, freight (million ton-km)",IS.AIR.GOOD.MT.K1,transport,1974,437.6000061035
Jordan,JOR,"Air transport, freight (million ton-km)",IS.AIR.GOOD.MT.K1,transport,1974,7.1999998093
Kuwait,KWT,"Air transport, freight (million ton-km)",IS.AIR.GOOD.MT.K1,transport,1974,18.0
Lebanon,LBN,"Air transport, freight (million ton-km)",IS.AIR.GOOD.MT.K1,transport,1974,418.799987793
Oman,OMN,"Air transport, freight (million ton-km)",IS.AIR.GOOD.MT.K1,transport,1974,2.2000000477
Qatar,QAT,"Air transport, freight (million ton-km)",IS.AIR.GOOD.MT.K1,transport,1974,2.2000000477
Saudi Arabia,SAU,"Air transport, freight (million ton-km)",IS.AIR.GOOD.MT.K1,transport,1974,35.7999992371
Turkiye,TUR,"Air transport, freight (million ton-km)",IS.AIR.GOOD.MT.K1,transport,1974,10.1999998093
United States,USA,"Air transport, freight (million ton-km)",IS.AIR.GOOD.MT.K1,transport,1974,7255.3999023438
World,WLD,"Air transport, freight (million ton-km)",IS.AIR.GOOD.MT.K1,transport,1974,16955.1999082641
United Arab Emirates,ARE,"Air transport, freight (million ton-km)",IS.AIR.GOOD.MT.K1,transport,1975,4.0
Australia,AUS,"Air transport, freight (million ton-km)",IS.AIR.GOOD.MT.K1,transport,1975,326.5
Bahrain,BHR,"Air transport, freight (million ton-km)",IS.AIR.GOOD.MT.K1,transport,1975,4.0
Canada,CAN,"Air transport, freight (million ton-km)",IS.AIR.GOOD.MT.K1,transport,1975,534.299987793
China,CHN,"Air transport, freight (million ton-km)",IS.AIR.GOOD.MT.K1,transport,1975,46.2000007629
Germany,DEU,"Air transport, freight (million ton-km)",IS.AIR.GOOD.MT.K1,transport,1975,920.700012207
"Egypt, Arab Rep.",EGY,"Air transport, freight (million ton-km)",IS.AIR.GOOD.MT.K1,transport,1975,20.7000007629
Euro area,EMU,"Air transport, freight (million ton-km)",IS.AIR.GOOD.MT.K1,transport,1975,3609.1000248192
European Union,EUU,"Air transport, freight (million ton-km)",IS.AIR.GOOD.MT.K1,transport,1975,3870.3000203369
France,FRA,"Air transport, freight (million ton-km)",IS.AIR.GOOD.MT.K1,transport,1975,995.299987793
United Kingdom,GBR,"Air transport, freight (million ton-km)",IS.AIR.GOOD.MT.K1,transport,1975,797.700012207
Greece,GRC,"Air transport, freight (million ton-km)",IS.AIR.GOOD.MT.K1,transport,1975,32.5
India,IND,"Air transport, freight (million ton-km)",IS.AIR.GOOD.MT.K1,transport,1975,211.3000030518
Iraq,IRQ,"Air transport, freight (million ton-km)",IS.AIR.GOOD.MT.K1,transport,1975,6.3000001907
Italy,ITA,"Air transport, freight (million ton-km)",IS.AIR.GOOD.MT.K1,transport,1975,396.6000061035
Jordan,JOR,"Air transport, freight (million ton-km)",IS.AIR.GOOD.MT.K1,transport,1975,13.1999998093
Kuwait,KWT,"Air transport, freight (million ton-km)",IS.AIR.GOOD.MT.K1,transport,1975,22.1000003815
Lebanon,LBN,"Air transport, freight (million ton-km)",IS.AIR.GOOD.MT.K1,transport,1975,470.8999938965
Oman,OMN,"Air transport, freight (million ton-km)",IS.AIR.GOOD.MT.K1,transport,1975,4.0
Qatar,QAT,"Air transport, freight (million ton-km)",IS.AIR.GOOD.MT.K1,transport,1975,4.0
Saudi Arabia,SAU,"Air transport, freight (million ton-km)",IS.AIR.GOOD.MT.K1,transport,1975,50.0999984741
Turkiye,TUR,"Air transport, freight (million ton-km)",IS.AIR.GOOD.MT.K1,transport,1975,9.6999998093
United States,USA,"Air transport, freight (million ton-km)",IS.AIR.GOOD.MT.K1,transport,1975,6999.6000976563
World,WLD,"Air transport, freight (million ton-km)",IS.AIR.GOOD.MT.K1,transport,1975,17236.2001382789
United Arab Emirates,ARE,"Air transport, freight (million ton-km)",IS.AIR.GOOD.MT.K1,transport,1976,6.8000001907
Australia,AUS,"Air transport, freight (million ton-km)",IS.AIR.GOOD.MT.K1,transport,1976,354.200012207
Bahrain,BHR,"Air transport, freight (million ton-km)",IS.AIR.GOOD.MT.K1,transport,1976,6.8000001907
Canada,CAN,"Air transport, freight (million ton-km)",IS.AIR.GOOD.MT.K1,transport,1976,567.700012207
China,CHN,"Air transport, freight (million ton-km)",IS.AIR.GOOD.MT.K1,transport,1976,49.0
Germany,DEU,"Air transport, freight (million ton-km)",IS.AIR.GOOD.MT.K1,transport,1976,1040.5
"Egypt, Arab Rep.",EGY,"Air transport, freight (million ton-km)",IS.AIR.GOOD.MT.K1,transport,1976,20.7000007629
Euro area,EMU,"Air transport, freight (million ton-km)",IS.AIR.GOOD.MT.K1,transport,1976,4226.80004406
European Union,EUU,"Air transport, freight (million ton-km)",IS.AIR.GOOD.MT.K1,transport,1976,4523.0000457767
France,FRA,"Air transport, freight (million ton-km)",IS.AIR.GOOD.MT.K1,transport,1976,1278.9000244141
United Kingdom,GBR,"Air transport, freight (million ton-km)",IS.AIR.GOOD.MT.K1,transport,1976,866.4000244141
Greece,GRC,"Air transport, freight (million ton-km)",IS.AIR.GOOD.MT.K1,transport,1976,52.7999992371
India,IND,"Air transport, freight (million ton-km)",IS.AIR.GOOD.MT.K1,transport,1976,250.6999969482
Iraq,IRQ,"Air transport, freight (million ton-km)",IS.AIR.GOOD.MT.K1,transport,1976,13.8000001907
Italy,ITA,"Air transport, freight (million ton-km)",IS.AIR.GOOD.MT.K1,transport,1976,443.8999938965
Jordan,JOR,"Air transport, freight (million ton-km)",IS.AIR.GOOD.MT.K1,transport,1976,24.5
Kuwait,KWT,"Air transport, freight (million ton-km)",IS.AIR.GOOD.MT.K1,transport,1976,24.7000007629
Lebanon,LBN,"Air transport, freight (million ton-km)",IS.AIR.GOOD.MT.K1,transport,1976,573.0
Oman,OMN,"Air transport, freight (million ton-km)",IS.AIR.GOOD.MT.K1,transport,1976,6.8000001907
Qatar,QAT,"Air transport, freight (million ton-km)",IS.AIR.GOOD.MT.K1,transport,1976,6.8000001907
Saudi Arabia,SAU,"Air transport, freight (million ton-km)",IS.AIR.GOOD.MT.K1,transport,1976,82.5999984741
Turkiye,TUR,"Air transport, freight (million ton-km)",IS.AIR.GOOD.MT.K1,transport,1976,14.3000001907
United States,USA,"Air transport, freight (million ton-km)",IS.AIR.GOOD.MT.K1,transport,1976,7438.2001953125
World,WLD,"Air transport, freight (million ton-km)",IS.AIR.GOOD.MT.K1,transport,1976,19300.3003769074
United Arab Emirates,ARE,"Air transport, freight (million ton-km)",IS.AIR.GOOD.MT.K1,transport,1977,8.1999998093
Australia,AUS,"Air transport, freight (million ton-km)",IS.AIR.GOOD.MT.K1,transport,1977,376.1000061035
Bahrain,BHR,"Air transport, freight (million ton-km)",IS.AIR.GOOD.MT.K1,transport,1977,8.1999998093
Canada,CAN,"Air transport, freight (million ton-km)",IS.AIR.GOOD.MT.K1,transport,1977,550.4000244141
China,CHN,"Air transport, freight (million ton-km)",IS.AIR.GOOD.MT.K1,transport,1977,60.0
Germany,DEU,"Air transport, freight (million ton-km)",IS.AIR.GOOD.MT.K1,transport,1977,1204.1999511719
"Egypt, Arab Rep.",EGY,"Air transport, freight (million ton-km)",IS.AIR.GOOD.MT.K1,transport,1977,23.7000007629
Euro area,EMU,"Air transport, freight (million ton-km)",IS.AIR.GOOD.MT.K1,transport,1977,4944.4000034334
European Union,EUU,"Air transport, freight (million ton-km)",IS.AIR.GOOD.MT.K1,transport,1977,5273.4000034334
France,FRA,"Air transport, freight (million ton-km)",IS.AIR.GOOD.MT.K1,transport,1977,1557.4000244141
United Kingdom,GBR,"Air transport, freight (million ton-km)",IS.AIR.GOOD.MT.K1,transport,1977,984.0999755859
Greece,GRC,"Air transport, freight (million ton-km)",IS.AIR.GOOD.MT.K1,transport,1977,52.9000015259
India,IND,"Air transport, freight (million ton-km)",IS.AIR.GOOD.MT.K1,transport,1977,275.8999938965
Iraq,IRQ,"Air transport, freight (million ton-km)",IS.AIR.GOOD.MT.K1,transport,1977,30.0
Italy,ITA,"Air transport, freight (million ton-km)",IS.AIR.GOOD.MT.K1,transport,1977,503.8999938965
Jordan,JOR,"Air transport, freight (million ton-km)",IS.AIR.GOOD.MT.K1,transport,1977,40.0999984741
Kuwait,KWT,"Air transport, freight (million ton-km)",IS.AIR.GOOD.MT.K1,transport,1977,32.0
Lebanon,LBN,"Air transport, freight (million ton-km)",IS.AIR.GOOD.MT.K1,transport,1977,540.200012207
Oman,OMN,"Air transport, freight (million ton-km)",IS.AIR.GOOD.MT.K1,transport,1977,8.1999998093
Qatar,QAT,"Air transport, freight (million ton-km)",IS.AIR.GOOD.MT.K1,transport,1977,8.1999998093
Saudi Arabia,SAU,"Air transport, freight (million ton-km)",IS.AIR.GOOD.MT.K1,transport,1977,105.8000030518
Turkiye,TUR,"Air transport, freight (million ton-km)",IS.AIR.GOOD.MT.K1,transport,1977,15.1000003815
United States,USA,"Air transport, freight (million ton-km)",IS.AIR.GOOD.MT.K1,transport,1977,7920.6000976563
World,WLD,"Air transport, freight (million ton-km)",IS.AIR.GOOD.MT.K1,transport,1977,21322.8000910735
United Arab Emirates,ARE,"Air transport, freight (million ton-km)",IS.AIR.GOOD.MT.K1,transport,1978,9.6000003815
Australia,AUS,"Air transport, freight (million ton-km)",IS.AIR.GOOD.MT.K1,transport,1978,459.8999938965
Bahrain,BHR,"Air transport, freight (million ton-km)",IS.AIR.GOOD.MT.K1,transport,1978,9.6000003815
Canada,CAN,"Air transport, freight (million ton-km)",IS.AIR.GOOD.MT.K1,transport,1978,608.5999755859
China,CHN,"Air transport, freight (million ton-km)",IS.AIR.GOOD.MT.K1,transport,1978,86.0
Germany,DEU,"Air transport, freight (million ton-km)",IS.AIR.GOOD.MT.K1,transport,1978,1344.8000488281
"Egypt, Arab Rep.",EGY,"Air transport, freight (million ton-km)",IS.AIR.GOOD.MT.K1,transport,1978,24.7000007629
Euro area,EMU,"Air transport, freight (million ton-km)",IS.AIR.GOOD.MT.K1,transport,1978,5379.3000671862
European Union,EUU,"Air transport, freight (million ton-km)",IS.AIR.GOOD.MT.K1,transport,1978,5740.5000731944
France,FRA,"Air transport, freight (million ton-km)",IS.AIR.GOOD.MT.K1,transport,1978,1697.0
United Kingdom,GBR,"Air transport, freight (million ton-km)",IS.AIR.GOOD.MT.K1,transport,1978,1153.1999511719
Greece,GRC,"Air transport, freight (million ton-km)",IS.AIR.GOOD.MT.K1,transport,1978,54.9000015259
India,IND,"Air transport, freight (million ton-km)",IS.AIR.GOOD.MT.K1,transport,1978,297.700012207
Iraq,IRQ,"Air transport, freight (million ton-km)",IS.AIR.GOOD.MT.K1,transport,1978,38.2000007629
Italy,ITA,"Air transport, freight (million ton-km)",IS.AIR.GOOD.MT.K1,transport,1978,490.1000061035
Jordan,JOR,"Air transport, freight (million ton-km)",IS.AIR.GOOD.MT.K1,transport,1978,51.0
Kuwait,KWT,"Air transport, freight (million ton-km)",IS.AIR.GOOD.MT.K1,transport,1978,38.5
Lebanon,LBN,"Air transport, freight (million ton-km)",IS.AIR.GOOD.MT.K1,transport,1978,510.3999938965
Oman,OMN,"Air transport, freight (million ton-km)",IS.AIR.GOOD.MT.K1,transport,1978,9.6000003815
Qatar,QAT,"Air transport, freight (million ton-km)",IS.AIR.GOOD.MT.K1,transport,1978,9.6000003815
Saudi Arabia,SAU,"Air transport, freight (million ton-km)",IS.AIR.GOOD.MT.K1,transport,1978,136.5
Turkiye,TUR,"Air transport, freight (million ton-km)",IS.AIR.GOOD.MT.K1,transport,1978,12.3000001907
United States,USA,"Air transport, freight (million ton-km)",IS.AIR.GOOD.MT.K1,transport,1978,8406.7998046875
World,WLD,"Air transport, freight (million ton-km)",IS.AIR.GOOD.MT.K1,transport,1978,23579.8997770252
United Arab Emirates,ARE,"Air transport, freight (million ton-km)",IS.AIR.GOOD.MT.K1,transport,1979,14.0
Australia,AUS,"Air transport, freight (million ton-km)",IS.AIR.GOOD.MT.K1,transport,1979,528.299987793
Bahrain,BHR,"Air transport, freight (million ton-km)",IS.AIR.GOOD.MT.K1,transport,1979,14.0
Canada,CAN,"Air transport, freight (million ton-km)",IS.AIR.GOOD.MT.K1,transport,1979,670.4000244141
China,CHN,"Air transport, freight (million ton-km)",IS.AIR.GOOD.MT.K1,transport,1979,123.0
Germany,DEU,"Air transport, freight (million ton-km)",IS.AIR.GOOD.MT.K1,transport,1979,1513.5
"Egypt, Arab Rep.",EGY,"Air transport, freight (million ton-km)",IS.AIR.GOOD.MT.K1,transport,1979,28.0
Euro area,EMU,"Air transport, freight (million ton-km)",IS.AIR.GOOD.MT.K1,transport,1979,5917.6999788285
European Union,EUU,"Air transport, freight (million ton-km)",IS.AIR.GOOD.MT.K1,transport,1979,6271.4999799729
France,FRA,"Air transport, freight (million ton-km)",IS.AIR.GOOD.MT.K1,transport,1979,1912.1999511719
United Kingdom,GBR,"Air transport, freight (million ton-km)",IS.AIR.GOOD.MT.K1,transport,1979,1263.9000244141
Greece,GRC,"Air transport, freight (million ton-km)",IS.AIR.GOOD.MT.K1,transport,1979,62.0999984741
India,IND,"Air transport, freight (million ton-km)",IS.AIR.GOOD.MT.K1,transport,1979,297.6000061035
Iraq,IRQ,"Air transport, freight (million ton-km)",IS.AIR.GOOD.MT.K1,transport,1979,46.5999984741
Italy,ITA,"Air transport, freight (million ton-km)",IS.AIR.GOOD.MT.K1,transport,1979,483.1000061035
Jordan,JOR,"Air transport, freight (million ton-km)",IS.AIR.GOOD.MT.K1,transport,1979,67.0
Kuwait,KWT,"Air transport, freight (million ton-km)",IS.AIR.GOOD.MT.K1,transport,1979,60.0999984741
Lebanon,LBN,"Air transport, freight (million ton-km)",IS.AIR.GOOD.MT.K1,transport,1979,589.9000244141
Oman,OMN,"Air transport, freight (million ton-km)",IS.AIR.GOOD.MT.K1,transport,1979,14.0
Qatar,QAT,"Air transport, freight (million ton-km)",IS.AIR.GOOD.MT.K1,transport,1979,14.0
Saudi Arabia,SAU,"Air transport, freight (million ton-km)",IS.AIR.GOOD.MT.K1,transport,1979,155.3000030518
Turkiye,TUR,"Air transport, freight (million ton-km)",IS.AIR.GOOD.MT.K1,transport,1979,15.1000003815
United States,USA,"Air transport, freight (million ton-km)",IS.AIR.GOOD.MT.K1,transport,1979,8658.099609375
World,WLD,"Air transport, freight (million ton-km)",IS.AIR.GOOD.MT.K1,transport,1979,25626.6997091254
United Arab Emirates,ARE,"Air transport, freight (million ton-km)",IS.AIR.GOOD.MT.K1,transport,1980,26.2000007629
Australia,AUS,"Air transport, freight (million ton-km)",IS.AIR.GOOD.MT.K1,transport,1980,516.5
Bahrain,BHR,"Air transport, freight (million ton-km)",IS.AIR.GOOD.MT.K1,transport,1980,26.2000007629
Canada,CAN,"Air transport, freight (million ton-km)",IS.AIR.GOOD.MT.K1,transport,1980,688.5999755859
China,CHN,"Air transport, freight (million ton-km)",IS.AIR.GOOD.MT.K1,transport,1980,120.9000015259
Germany,DEU,"Air transport, freight (million ton-km)",IS.AIR.GOOD.MT.K1,transport,1980,1506.0
"Egypt, Arab Rep.",EGY,"Air transport, freight (million ton-km)",IS.AIR.GOOD.MT.K1,transport,1980,29.3999996185
Euro area,EMU,"Air transport, freight (million ton-km)",IS.AIR.GOOD.MT.K1,transport,1980,6094.1000676155
European Union,EUU,"Air transport, freight (million ton-km)",IS.AIR.GOOD.MT.K1,transport,1980,6432.4000697136
France,FRA,"Air transport, freight (million ton-km)",IS.AIR.GOOD.MT.K1,transport,1980,1985.8000488281
United Kingdom,GBR,"Air transport, freight (million ton-km)",IS.AIR.GOOD.MT.K1,transport,1980,1428.4000244141
Greece,GRC,"Air transport, freight (million ton-km)",IS.AIR.GOOD.MT.K1,transport,1980,61.4000015259
India,IND,"Air transport, freight (million ton-km)",IS.AIR.GOOD.MT.K1,transport,1980,366.0
Iraq,IRQ,"Air transport, freight (million ton-km)",IS.AIR.GOOD.MT.K1,transport,1980,52.0
Italy,ITA,"Air transport, freight (million ton-km)",IS.AIR.GOOD.MT.K1,transport,1980,522.9000244141
Jordan,JOR,"Air transport, freight (million ton-km)",IS.AIR.GOOD.MT.K1,transport,1980,80.1999969482
Kuwait,KWT,"Air transport, freight (million ton-km)",IS.AIR.GOOD.MT.K1,transport,1980,71.5999984741
Lebanon,LBN,"Air transport, freight (million ton-km)",IS.AIR.GOOD.MT.K1,transport,1980,530.5999755859
Oman,OMN,"Air transport, freight (million ton-km)",IS.AIR.GOOD.MT.K1,transport,1980,26.2000007629
Qatar,QAT,"Air transport, freight (million ton-km)",IS.AIR.GOOD.MT.K1,transport,1980,26.2000007629
Saudi Arabia,SAU,"Air transport, freight (million ton-km)",IS.AIR.GOOD.MT.K1,transport,1980,165.5
Turkiye,TUR,"Air transport, freight (million ton-km)",IS.AIR.GOOD.MT.K1,transport,1980,10.3000001907
United States,USA,"Air transport, freight (million ton-km)",IS.AIR.GOOD.MT.K1,transport,1980,8615.400390625
World,WLD,"Air transport, freight (million ton-km)",IS.AIR.GOOD.MT.K1,transport,1980,26825.20036263
United Arab Emirates,ARE,"Air transport, freight (million ton-km)",IS.AIR.GOOD.MT.K1,transport,1981,21.3999996185
Australia,AUS,"Air transport, freight (million ton-km)",IS.AIR.GOOD.MT.K1,transport,1981,556.4000244141
Bahrain,BHR,"Air transport, freight (million ton-km)",IS.AIR.GOOD.MT.K1,transport,1981,21.3999996185
Canada,CAN,"Air transport, freight (million ton-km)",IS.AIR.GOOD.MT.K1,transport,1981,713.0999755859
China,CHN,"Air transport, freight (million ton-km)",IS.AIR.GOOD.MT.K1,transport,1981,155.3999938965
Germany,DEU,"Air transport, freight (million ton-km)",IS.AIR.GOOD.MT.K1,transport,1981,1495.1999511719
"Egypt, Arab Rep.",EGY,"Air transport, freight (million ton-km)",IS.AIR.GOOD.MT.K1,transport,1981,39.0
Euro area,EMU,"Air transport, freight (million ton-km)",IS.AIR.GOOD.MT.K1,transport,1981,6360.9998884202
European Union,EUU,"Air transport, freight (million ton-km)",IS.AIR.GOOD.MT.K1,transport,1981,6705.4998912812
France,FRA,"Air transport, freight (million ton-km)",IS.AIR.GOOD.MT.K1,transport,1981,2128.3999023438
United Kingdom,GBR,"Air transport, freight (million ton-km)",IS.AIR.GOOD.MT.K1,transport,1981,1579.0
Greece,GRC,"Air transport, freight (million ton-km)",IS.AIR.GOOD.MT.K1,transport,1981,67.5999984741
India,IND,"Air transport, freight (million ton-km)",IS.AIR.GOOD.MT.K1,transport,1981,411.3999938965
Iraq,IRQ,"Air transport, freight (million ton-km)",IS.AIR.GOOD.MT.K1,transport,1981,49.2000007629
Italy,ITA,"Air transport, freight (million ton-km)",IS.AIR.GOOD.MT.K1,transport,1981,475.700012207
Jordan,JOR,"Air transport, freight (million ton-km)",IS.AIR.GOOD.MT.K1,transport,1981,111.9000015259
Kuwait,KWT,"Air transport, freight (million ton-km)",IS.AIR.GOOD.MT.K1,transport,1981,107.8000030518
Lebanon,LBN,"Air transport, freight (million ton-km)",IS.AIR.GOOD.MT.K1,transport,1981,465.8999938965
Oman,OMN,"Air transport, freight (million ton-km)",IS.AIR.GOOD.MT.K1,transport,1981,21.3999996185
Qatar,QAT,"Air transport, freight (million ton-km)",IS.AIR.GOOD.MT.K1,transport,1981,21.3999996185
Saudi Arabia,SAU,"Air transport, freight (million ton-km)",IS.AIR.GOOD.MT.K1,transport,1981,243.1000061035
Turkiye,TUR,"Air transport, freight (million ton-km)",IS.AIR.GOOD.MT.K1,transport,1981,18.2000007629
United States,USA,"Air transport, freight (million ton-km)",IS.AIR.GOOD.MT.K1,transport,1981,8606.900390625
World,WLD,"Air transport, freight (million ton-km)",IS.AIR.GOOD.MT.K1,transport,1981,28360.5003017262
United Arab Emirates,ARE,"Air transport, freight (million ton-km)",IS.AIR.GOOD.MT.K1,transport,1982,21.6000003815
Australia,AUS,"Air transport, freight (million ton-km)",IS.AIR.GOOD.MT.K1,transport,1982,576.0
Bahrain,BHR,"Air transport, freight (million ton-km)",IS.AIR.GOOD.MT.K1,transport,1982,21.6000003815
Canada,CAN,"Air transport, freight (million ton-km)",IS.AIR.GOOD.MT.K1,transport,1982,746.5999755859
China,CHN,"Air transport, freight (million ton-km)",IS.AIR.GOOD.MT.K1,transport,1982,184.1999969482
Germany,DEU,"Air transport, freight (million ton-km)",IS.AIR.GOOD.MT.K1,transport,1982,1592.0999755859
"Egypt, Arab Rep.",EGY,"Air transport, freight (million ton-km)",IS.AIR.GOOD.MT.K1,transport,1982,53.5
Euro area,EMU,"Air transport, freight (million ton-km)",IS.AIR.GOOD.MT.K1,transport,1982,6645.1000835896
European Union,EUU,"Air transport, freight (million ton-km)",IS.AIR.GOOD.MT.K1,transport,1982,6969.9000866415
France,FRA,"Air transport, freight (million ton-km)",IS.AIR.GOOD.MT.K1,transport,1982,2186.1000976563
United Kingdom,GBR,"Air transport, freight (million ton-km)",IS.AIR.GOOD.MT.K1,transport,1982,1511.4000244141
Greece,GRC,"Air transport, freight (million ton-km)",IS.AIR.GOOD.MT.K1,transport,1982,58.2000007629
India,IND,"Air transport, freight (million ton-km)",IS.AIR.GOOD.MT.K1,transport,1982,409.8999938965
Iraq,IRQ,"Air transport, freight (million ton-km)",IS.AIR.GOOD.MT.K1,transport,1982,53.7000007629
Italy,ITA,"Air transport, freight (million ton-km)",IS.AIR.GOOD.MT.K1,transport,1982,566.0
Jordan,JOR,"Air transport, freight (million ton-km)",IS.AIR.GOOD.MT.K1,transport,1982,129.5
Kuwait,KWT,"Air transport, freight (million ton-km)",IS.AIR.GOOD.MT.K1,transport,1982,111.3000030518
Lebanon,LBN,"Air transport, freight (million ton-km)",IS.AIR.GOOD.MT.K1,transport,1982,461.8999938965
Oman,OMN,"Air transport, freight (million ton-km)",IS.AIR.GOOD.MT.K1,transport,1982,21.6000003815
Qatar,QAT,"Air transport, freight (million ton-km)",IS.AIR.GOOD.MT.K1,transport,1982,21.6000003815
Saudi Arabia,SAU,"Air transport, freight (million ton-km)",IS.AIR.GOOD.MT.K1,transport,1982,353.0
Turkiye,TUR,"Air transport, freight (million ton-km)",IS.AIR.GOOD.MT.K1,transport,1982,22.2999992371
United States,USA,"Air transport, freight (million ton-km)",IS.AIR.GOOD.MT.K1,transport,1982,8295.7998046875
World,WLD,"Air transport, freight (million ton-km)",IS.AIR.GOOD.MT.K1,transport,1982,29046.2997858752
United Arab Emirates,ARE,"Air transport, freight (million ton-km)",IS.AIR.GOOD.MT.K1,transport,1983,23.7999992371
Australia,AUS,"Air transport, freight (million ton-km)",IS.AIR.GOOD.MT.K1,transport,1983,624.9000244141
Bahrain,BHR,"Air transport, freight (million ton-km)",IS.AIR.GOOD.MT.K1,transport,1983,23.7999992371
Canada,CAN,"Air transport, freight (million ton-km)",IS.AIR.GOOD.MT.K1,transport,1983,825.5999755859
China,CHN,"Air transport, freight (million ton-km)",IS.AIR.GOOD.MT.K1,transport,1983,216.0
Germany,DEU,"Air transport, freight (million ton-km)",IS.AIR.GOOD.MT.K1,transport,1983,1941.0
"Egypt, Arab Rep.",EGY,"Air transport, freight (million ton-km)",IS.AIR.GOOD.MT.K1,transport,1983,69.6999969482
Euro area,EMU,"Air transport, freight (million ton-km)",IS.AIR.GOOD.MT.K1,transport,1983,7531.3999240398
European Union,EUU,"Air transport, freight (million ton-km)",IS.AIR.GOOD.MT.K1,transport,1983,7841.3999240398
France,FRA,"Air transport, freight (million ton-km)",IS.AIR.GOOD.MT.K1,transport,1983,2483.6999511719
United Kingdom,GBR,"Air transport, freight (million ton-km)",IS.AIR.GOOD.MT.K1,transport,1983,1729.8000488281
Greece,GRC,"Air transport, freight (million ton-km)",IS.AIR.GOOD.MT.K1,transport,1983,65.5999984741
India,IND,"Air transport, freight (million ton-km)",IS.AIR.GOOD.MT.K1,transport,1983,461.6000061035
Iraq,IRQ,"Air transport, freight (million ton-km)",IS.AIR.GOOD.MT.K1,transport,1983,44.2999992371
Italy,ITA,"Air transport, freight (million ton-km)",IS.AIR.GOOD.MT.K1,transport,1983,614.4000244141
Jordan,JOR,"Air transport, freight (million ton-km)",IS.AIR.GOOD.MT.K1,transport,1983,119.3000030518
Kuwait,KWT,"Air transport, freight (million ton-km)",IS.AIR.GOOD.MT.K1,transport,1983,135.1999969482
Lebanon,LBN,"Air transport, freight (million ton-km)",IS.AIR.GOOD.MT.K1,transport,1983,610.0999755859
Oman,OMN,"Air transport, freight (million ton-km)",IS.AIR.GOOD.MT.K1,transport,1983,23.7999992371
Qatar,QAT,"Air transport, freight (million ton-km)",IS.AIR.GOOD.MT.K1,transport,1983,23.7999992371
Saudi Arabia,SAU,"Air transport, freight (million ton-km)",IS.AIR.GOOD.MT.K1,transport,1983,424.5
Turkiye,TUR,"Air transport, freight (million ton-km)",IS.AIR.GOOD.MT.K1,transport,1983,26.0
United States,USA,"Air transport, freight (million ton-km)",IS.AIR.GOOD.MT.K1,transport,1983,9284.5
World,WLD,"Air transport, freight (million ton-km)",IS.AIR.GOOD.MT.K1,transport,1983,32407.8999070598
United Arab Emirates,ARE,"Air transport, freight (million ton-km)",IS.AIR.GOOD.MT.K1,transport,1984,30.7000007629
Australia,AUS,"Air transport, freight (million ton-km)",IS.AIR.GOOD.MT.K1,transport,1984,734.0999755859
Bahrain,BHR,"Air transport, freight (million ton-km)",IS.AIR.GOOD.MT.K1,transport,1984,30.7000007629
Canada,CAN,"Air transport, freight (million ton-km)",IS.AIR.GOOD.MT.K1,transport,1984,967.200012207
China,CHN,"Air transport, freight (million ton-km)",IS.AIR.GOOD.MT.K1,transport,1984,302.0
Germany,DEU,"Air transport, freight (million ton-km)",IS.AIR.GOOD.MT.K1,transport,1984,2235.5
"Egypt, Arab Rep.",EGY,"Air transport, freight (million ton-km)",IS.AIR.GOOD.MT.K1,transport,1984,88.1999969482
Euro area,EMU,"Air transport, freight (million ton-km)",IS.AIR.GOOD.MT.K1,transport,1984,8539.7000150682
European Union,EUU,"Air transport, freight (million ton-km)",IS.AIR.GOOD.MT.K1,transport,1984,8868.2000122072
France,FRA,"Air transport, freight (million ton-km)",IS.AIR.GOOD.MT.K1,transport,1984,2797.6999511719
United Kingdom,GBR,"Air transport, freight (million ton-km)",IS.AIR.GOOD.MT.K1,transport,1984,2193.3999023438
Greece,GRC,"Air transport, freight (million ton-km)",IS.AIR.GOOD.MT.K1,transport,1984,68.5999984741
India,IND,"Air transport, freight (million ton-km)",IS.AIR.GOOD.MT.K1,transport,1984,545.5
Iraq,IRQ,"Air transport, freight (million ton-km)",IS.AIR.GOOD.MT.K1,transport,1984,52.0
Italy,ITA,"Air transport, freight (million ton-km)",IS.AIR.GOOD.MT.K1,transport,1984,689.4000244141
Jordan,JOR,"Air transport, freight (million ton-km)",IS.AIR.GOOD.MT.K1,transport,1984,139.8999938965
Kuwait,KWT,"Air transport, freight (million ton-km)",IS.AIR.GOOD.MT.K1,transport,1984,171.0
Lebanon,LBN,"Air transport, freight (million ton-km)",IS.AIR.GOOD.MT.K1,transport,1984,487.700012207
Oman,OMN,"Air transport, freight (million ton-km)",IS.AIR.GOOD.MT.K1,transport,1984,30.7000007629
Qatar,QAT,"Air transport, freight (million ton-km)",IS.AIR.GOOD.MT.K1,transport,1984,30.7000007629
Saudi Arabia,SAU,"Air transport, freight (million ton-km)",IS.AIR.GOOD.MT.K1,transport,1984,458.799987793
Turkiye,TUR,"Air transport, freight (million ton-km)",IS.AIR.GOOD.MT.K1,transport,1984,26.2999992371
United States,USA,"Air transport, freight (million ton-km)",IS.AIR.GOOD.MT.K1,transport,1984,10293.099609375
World,WLD,"Air transport, freight (million ton-km)",IS.AIR.GOOD.MT.K1,transport,1984,36841.9996042477
United Arab Emirates,ARE,"Air transport, freight (million ton-km)",IS.AIR.GOOD.MT.K1,transport,1985,32.5999984741
Australia,AUS,"Air transport, freight (million ton-km)",IS.AIR.GOOD.MT.K1,transport,1985,814.799987793
Bahrain,BHR,"Air transport, freight (million ton-km)",IS.AIR.GOOD.MT.K1,transport,1985,32.5999984741
Canada,CAN,"Air transport, freight (million ton-km)",IS.AIR.GOOD.MT.K1,transport,1985,989.799987793
China,CHN,"Air transport, freight (million ton-km)",IS.AIR.GOOD.MT.K1,transport,1985,403.0
Germany,DEU,"Air transport, freight (million ton-km)",IS.AIR.GOOD.MT.K1,transport,1985,2378.5
"Egypt, Arab Rep.",EGY,"Air transport, freight (million ton-km)",IS.AIR.GOOD.MT.K1,transport,1985,98.5
Euro area,EMU,"Air transport, freight (million ton-km)",IS.AIR.GOOD.MT.K1,transport,1985,8951.2000412942
European Union,EUU,"Air transport, freight (million ton-km)",IS.AIR.GOOD.MT.K1,transport,1985,9283.8000421525
France,FRA,"Air transport, freight (million ton-km)",IS.AIR.GOOD.MT.K1,transport,1985,2873.3000488281
United Kingdom,GBR,"Air transport, freight (million ton-km)",IS.AIR.GOOD.MT.K1,transport,1985,2299.1000976563
Greece,GRC,"Air transport, freight (million ton-km)",IS.AIR.GOOD.MT.K1,transport,1985,103.0999984741
India,IND,"Air transport, freight (million ton-km)",IS.AIR.GOOD.MT.K1,transport,1985,489.700012207
Iraq,IRQ,"Air transport, freight (million ton-km)",IS.AIR.GOOD.MT.K1,transport,1985,54.5999984741
Italy,ITA,"Air transport, freight (million ton-km)",IS.AIR.GOOD.MT.K1,transport,1985,756.5999755859
Jordan,JOR,"Air transport, freight (million ton-km)",IS.AIR.GOOD.MT.K1,transport,1985,151.8000030518
Kuwait,KWT,"Air transport, freight (million ton-km)",IS.AIR.GOOD.MT.K1,transport,1985,164.3000030518
Lebanon,LBN,"Air transport, freight (million ton-km)",IS.AIR.GOOD.MT.K1,transport,1985,199.8000030518
Oman,OMN,"Air transport, freight (million ton-km)",IS.AIR.GOOD.MT.K1,transport,1985,32.5999984741
Qatar,QAT,"Air transport, freight (million ton-km)",IS.AIR.GOOD.MT.K1,transport,1985,32.5999984741
Saudi Arabia,SAU,"Air transport, freight (million ton-km)",IS.AIR.GOOD.MT.K1,transport,1985,455.1000061035
Turkiye,TUR,"Air transport, freight (million ton-km)",IS.AIR.GOOD.MT.K1,transport,1985,28.7000007629
United States,USA,"Air transport, freight (million ton-km)",IS.AIR.GOOD.MT.K1,transport,1985,9672.2001953125
World,WLD,"Air transport, freight (million ton-km)",IS.AIR.GOOD.MT.K1,transport,1985,37061.7001747789
United Arab Emirates,ARE,"Air transport, freight (million ton-km)",IS.AIR.GOOD.MT.K1,transport,1986,48.5999984741
Australia,AUS,"Air transport, freight (million ton-km)",IS.AIR.GOOD.MT.K1,transport,1986,859.299987793
Bahrain,BHR,"Air transport, freight (million ton-km)",IS.AIR.GOOD.MT.K1,transport,1986,31.3999996185
Canada,CAN,"Air transport, freight (million ton-km)",IS.AIR.GOOD.MT.K1,transport,1986,977.0
China,CHN,"Air transport, freight (million ton-km)",IS.AIR.GOOD.MT.K1,transport,1986,467.5
Germany,DEU,"Air transport, freight (million ton-km)",IS.AIR.GOOD.MT.K1,transport,1986,2826.8999023438
"Egypt, Arab Rep.",EGY,"Air transport, freight (million ton-km)",IS.AIR.GOOD.MT.K1,transport,1986,111.5
Euro area,EMU,"Air transport, freight (million ton-km)",IS.AIR.GOOD.MT.K1,transport,1986,9802.0998620988
European Union,EUU,"Air transport, freight (million ton-km)",IS.AIR.GOOD.MT.K1,transport,1986,10137.6998596192
France,FRA,"Air transport, freight (million ton-km)",IS.AIR.GOOD.MT.K1,transport,1986,3079.5
United Kingdom,GBR,"Air transport, freight (million ton-km)",IS.AIR.GOOD.MT.K1,transport,1986,2547.3000488281
Greece,GRC,"Air transport, freight (million ton-km)",IS.AIR.GOOD.MT.K1,transport,1986,91.6999969482
India,IND,"Air transport, freight (million ton-km)",IS.AIR.GOOD.MT.K1,transport,1986,539.700012207
Iraq,IRQ,"Air transport, freight (million ton-km)",IS.AIR.GOOD.MT.K1,transport,1986,59.2000007629
Italy,ITA,"Air transport, freight (million ton-km)",IS.AIR.GOOD.MT.K1,transport,1986,844.0999755859
Jordan,JOR,"Air transport, freight (million ton-km)",IS.AIR.GOOD.MT.K1,transport,1986,164.6999969482
Kuwait,KWT,"Air transport, freight (million ton-km)",IS.AIR.GOOD.MT.K1,transport,1986,222.6999969482
Lebanon,LBN,"Air transport, freight (million ton-km)",IS.AIR.GOOD.MT.K1,transport,1986,33.0999984741
Oman,OMN,"Air transport, freight (million ton-km)",IS.AIR.GOOD.MT.K1,transport,1986,31.3999996185
Qatar,QAT,"Air transport, freight (million ton-km)",IS.AIR.GOOD.MT.K1,transport,1986,31.3999996185
Saudi Arabia,SAU,"Air transport, freight (million ton-km)",IS.AIR.GOOD.MT.K1,transport,1986,437.200012207
Turkiye,TUR,"Air transport, freight (million ton-km)",IS.AIR.GOOD.MT.K1,transport,1986,45.4000015259
United States,USA,"Air transport, freight (million ton-km)",IS.AIR.GOOD.MT.K1,transport,1986,10619.0
World,WLD,"Air transport, freight (million ton-km)",IS.AIR.GOOD.MT.K1,transport,1986,40331.8000859544
United Arab Emirates,ARE,"Air transport, freight (million ton-km)",IS.AIR.GOOD.MT.K1,transport,1987,68.0999984741
Australia,AUS,"Air transport, freight (million ton-km)",IS.AIR.GOOD.MT.K1,transport,1987,990.799987793
Bahrain,BHR,"Air transport, freight (million ton-km)",IS.AIR.GOOD.MT.K1,transport,1987,31.5
Canada,CAN,"Air transport, freight (million ton-km)",IS.AIR.GOOD.MT.K1,transport,1987,1006.799987793
China,CHN,"Air transport, freight (million ton-km)",IS.AIR.GOOD.MT.K1,transport,1987,647.5
Germany,DEU,"Air transport, freight (million ton-km)",IS.AIR.GOOD.MT.K1,transport,1987,3247.6999511719
"Egypt, Arab Rep.",EGY,"Air transport, freight (million ton-km)",IS.AIR.GOOD.MT.K1,transport,1987,112.0
Euro area,EMU,"Air transport, freight (million ton-km)",IS.AIR.GOOD.MT.K1,transport,1987,10805.2000989915
European Union,EUU,"Air transport, freight (million ton-km)",IS.AIR.GOOD.MT.K1,transport,1987,11127.9000959397
France,FRA,"Air transport, freight (million ton-km)",IS.AIR.GOOD.MT.K1,transport,1987,3385.6000976563
United Kingdom,GBR,"Air transport, freight (million ton-km)",IS.AIR.GOOD.MT.K1,transport,1987,2862.5
Greece,GRC,"Air transport, freight (million ton-km)",IS.AIR.GOOD.MT.K1,transport,1987,104.3000030518
India,IND,"Air transport, freight (million ton-km)",IS.AIR.GOOD.MT.K1,transport,1987,645.200012207
Iraq,IRQ,"Air transport, freight (million ton-km)",IS.AIR.GOOD.MT.K1,transport,1987,59.5
Italy,ITA,"Air transport, freight (million ton-km)",IS.AIR.GOOD.MT.K1,transport,1987,911.5999755859
Jordan,JOR,"Air transport, freight (million ton-km)",IS.AIR.GOOD.MT.K1,transport,1987,186.3000030518
Kuwait,KWT,"Air transport, freight (million ton-km)",IS.AIR.GOOD.MT.K1,transport,1987,244.0
Lebanon,LBN,"Air transport, freight (million ton-km)",IS.AIR.GOOD.MT.K1,transport,1987,194.8000030518
Oman,OMN,"Air transport, freight (million ton-km)",IS.AIR.GOOD.MT.K1,transport,1987,31.5
Qatar,QAT,"Air transport, freight (million ton-km)",IS.AIR.GOOD.MT.K1,transport,1987,31.5
Saudi Arabia,SAU,"Air transport, freight (million ton-km)",IS.AIR.GOOD.MT.K1,transport,1987,453.200012207
Turkiye,TUR,"Air transport, freight (million ton-km)",IS.AIR.GOOD.MT.K1,transport,1987,46.9000015259
United States,USA,"Air transport, freight (million ton-km)",IS.AIR.GOOD.MT.K1,transport,1987,12023.2001953125
World,WLD,"Air transport, freight (million ton-km)",IS.AIR.GOOD.MT.K1,transport,1987,45392.7001377273
United Arab Emirates,ARE,"Air transport, freight (million ton-km)",IS.AIR.GOOD.MT.K1,transport,1988,96.1999969482
Australia,AUS,"Air transport, freight (million ton-km)",IS.AIR.GOOD.MT.K1,transport,1988,1027.0999755859
Bahrain,BHR,"Air transport, freight (million ton-km)",IS.AIR.GOOD.MT.K1,transport,1988,33.9000015259
Canada,CAN,"Air transport, freight (million ton-km)",IS.AIR.GOOD.MT.K1,transport,1988,1170.5999755859
China,CHN,"Air transport, freight (million ton-km)",IS.AIR.GOOD.MT.K1,transport,1988,731.799987793
Germany,DEU,"Air transport, freight (million ton-km)",IS.AIR.GOOD.MT.K1,transport,1988,3470.0
"Egypt, Arab Rep.",EGY,"Air transport, freight (million ton-km)",IS.AIR.GOOD.MT.K1,transport,1988,118.8000030518
Euro area,EMU,"Air transport, freight (million ton-km)",IS.AIR.GOOD.MT.K1,transport,1988,11813.6001191141
European Union,EUU,"Air transport, freight (million ton-km)",IS.AIR.GOOD.MT.K1,transport,1988,12151.5001187325
France,FRA,"Air transport, freight (million ton-km)",IS.AIR.GOOD.MT.K1,transport,1988,3681.6000976563
United Kingdom,GBR,"Air transport, freight (million ton-km)",IS.AIR.GOOD.MT.K1,transport,1988,3134.3000488281
Greece,GRC,"Air transport, freight (million ton-km)",IS.AIR.GOOD.MT.K1,transport,1988,101.9000015259
India,IND,"Air transport, freight (million ton-km)",IS.AIR.GOOD.MT.K1,transport,1988,646.299987793
Iraq,IRQ,"Air transport, freight (million ton-km)",IS.AIR.GOOD.MT.K1,transport,1988,70.4000015259
Italy,ITA,"Air transport, freight (million ton-km)",IS.AIR.GOOD.MT.K1,transport,1988,1029.1999511719
Jordan,JOR,"Air transport, freight (million ton-km)",IS.AIR.GOOD.MT.K1,transport,1988,201.5
Kuwait,KWT,"Air transport, freight (million ton-km)",IS.AIR.GOOD.MT.K1,transport,1988,223.1000061035
Lebanon,LBN,"Air transport, freight (million ton-km)",IS.AIR.GOOD.MT.K1,transport,1988,309.200012207
Oman,OMN,"Air transport, freight (million ton-km)",IS.AIR.GOOD.MT.K1,transport,1988,33.9000015259
Qatar,QAT,"Air transport, freight (million ton-km)",IS.AIR.GOOD.MT.K1,transport,1988,33.9000015259
Saudi Arabia,SAU,"Air transport, freight (million ton-km)",IS.AIR.GOOD.MT.K1,transport,1988,490.0
Turkiye,TUR,"Air transport, freight (million ton-km)",IS.AIR.GOOD.MT.K1,transport,1988,52.7000007629
United States,USA,"Air transport, freight (million ton-km)",IS.AIR.GOOD.MT.K1,transport,1988,13875.599609375
World,WLD,"Air transport, freight (million ton-km)",IS.AIR.GOOD.MT.K1,transport,1988,50418.5999940262
United Arab Emirates,ARE,"Air transport, freight (million ton-km)",IS.AIR.GOOD.MT.K1,transport,1989,117.8000030518
Australia,AUS,"Air transport, freight (million ton-km)",IS.AIR.GOOD.MT.K1,transport,1989,1125.3000488281
Bahrain,BHR,"Air transport, freight (million ton-km)",IS.AIR.GOOD.MT.K1,transport,1989,40.0
Canada,CAN,"Air transport, freight (million ton-km)",IS.AIR.GOOD.MT.K1,transport,1989,1311.3000488281
China,CHN,"Air transport, freight (million ton-km)",IS.AIR.GOOD.MT.K1,transport,1989,683.0999755859
Germany,DEU,"Air transport, freight (million ton-km)",IS.AIR.GOOD.MT.K1,transport,1989,3840.3000488281
"Egypt, Arab Rep.",EGY,"Air transport, freight (million ton-km)",IS.AIR.GOOD.MT.K1,transport,1989,138.1000061035
Euro area,EMU,"Air transport, freight (million ton-km)",IS.AIR.GOOD.MT.K1,transport,1989,12772.6000547409
European Union,EUU,"Air transport, freight (million ton-km)",IS.AIR.GOOD.MT.K1,transport,1989,13146.1000595094
France,FRA,"Air transport, freight (million ton-km)",IS.AIR.GOOD.MT.K1,transport,1989,3819.3000488281
United Kingdom,GBR,"Air transport, freight (million ton-km)",IS.AIR.GOOD.MT.K1,transport,1989,3447.1999511719
Greece,GRC,"Air transport, freight (million ton-km)",IS.AIR.GOOD.MT.K1,transport,1989,103.0999984741
India,IND,"Air transport, freight (million ton-km)",IS.AIR.GOOD.MT.K1,transport,1989,680.5999755859
Iraq,IRQ,"Air transport, freight (million ton-km)",IS.AIR.GOOD.MT.K1,transport,1989,72.9000015259
Italy,ITA,"Air transport, freight (million ton-km)",IS.AIR.GOOD.MT.K1,transport,1989,1118.6999511719
Jordan,JOR,"Air transport, freight (million ton-km)",IS.AIR.GOOD.MT.K1,transport,1989,206.0
Kuwait,KWT,"Air transport, freight (million ton-km)",IS.AIR.GOOD.MT.K1,transport,1989,233.3999938965
Lebanon,LBN,"Air transport, freight (million ton-km)",IS.AIR.GOOD.MT.K1,transport,1989,283.5
Oman,OMN,"Air transport, freight (million ton-km)",IS.AIR.GOOD.MT.K1,transport,1989,40.0
Qatar,QAT,"Air transport, freight (million ton-km)",IS.AIR.GOOD.MT.K1,transport,1989,40.0
Saudi Arabia,SAU,"Air transport, freight (million ton-km)",IS.AIR.GOOD.MT.K1,transport,1989,604.700012207
Turkiye,TUR,"Air transport, freight (million ton-km)",IS.AIR.GOOD.MT.K1,transport,1989,81.8000030518
United States,USA,"Air transport, freight (million ton-km)",IS.AIR.GOOD.MT.K1,transport,1989,14651.0
World,WLD,"Air transport, freight (million ton-km)",IS.AIR.GOOD.MT.K1,transport,1989,54428.2002948747
United Arab Emirates,ARE,"Air transport, freight (million ton-km)",IS.AIR.GOOD.MT.K1,transport,1990,145.1000061035
Australia,AUS,"Air transport, freight (million ton-km)",IS.AIR.GOOD.MT.K1,transport,1990,1222.3000488281
Bahrain,BHR,"Air transport, freight (million ton-km)",IS.AIR.GOOD.MT.K1,transport,1990,44.2999992371
Canada,CAN,"Air transport, freight (million ton-km)",IS.AIR.GOOD.MT.K1,transport,1990,1385.3000488281
China,CHN,"Air transport, freight (million ton-km)",IS.AIR.GOOD.MT.K1,transport,1990,818.299987793
Germany,DEU,"Air transport, freight (million ton-km)",IS.AIR.GOOD.MT.K1,transport,1990,3994.1999511719
"Egypt, Arab Rep.",EGY,"Air transport, freight (million ton-km)",IS.AIR.GOOD.MT.K1,transport,1990,144.0
Euro area,EMU,"Air transport, freight (million ton-km)",IS.AIR.GOOD.MT.K1,transport,1990,13350.6001901627
European Union,EUU,"Air transport, freight (million ton-km)",IS.AIR.GOOD.MT.K1,transport,1990,13748.6001996994
France,FRA,"Air transport, freight (million ton-km)",IS.AIR.GOOD.MT.K1,transport,1990,3995.8000488281
United Kingdom,GBR,"Air transport, freight (million ton-km)",IS.AIR.GOOD.MT.K1,transport,1990,3825.3999023438
Greece,GRC,"Air transport, freight (million ton-km)",IS.AIR.GOOD.MT.K1,transport,1990,112.6999969482
India,IND,"Air transport, freight (million ton-km)",IS.AIR.GOOD.MT.K1,transport,1990,662.9000244141
Iraq,IRQ,"Air transport, freight (million ton-km)",IS.AIR.GOOD.MT.K1,transport,1990,42.7999992371
Italy,ITA,"Air transport, freight (million ton-km)",IS.AIR.GOOD.MT.K1,transport,1990,1171.3000488281
Jordan,JOR,"Air transport, freight (million ton-km)",IS.AIR.GOOD.MT.K1,transport,1990,222.8000030518
Kuwait,KWT,"Air transport, freight (million ton-km)",IS.AIR.GOOD.MT.K1,transport,1990,145.0
Lebanon,LBN,"Air transport, freight (million ton-km)",IS.AIR.GOOD.MT.K1,transport,1990,167.1000061035
Oman,OMN,"Air transport, freight (million ton-km)",IS.AIR.GOOD.MT.K1,transport,1990,44.2999992371
Qatar,QAT,"Air transport, freight (million ton-km)",IS.AIR.GOOD.MT.K1,transport,1990,44.2999992371
Saudi Arabia,SAU,"Air transport, freight (million ton-km)",IS.AIR.GOOD.MT.K1,transport,1990,609.5999755859
Turkiye,TUR,"Air transport, freight (million ton-km)",IS.AIR.GOOD.MT.K1,transport,1990,101.3000030518
United States,USA,"Air transport, freight (million ton-km)",IS.AIR.GOOD.MT.K1,transport,1990,14791.400390625
World,WLD,"Air transport, freight (million ton-km)",IS.AIR.GOOD.MT.K1,transport,1990,56124.9003501084
United Arab Emirates,ARE,"Air transport, freight (million ton-km)",IS.AIR.GOOD.MT.K1,transport,1991,184.3999938965
Australia,AUS,"Air transport, freight (million ton-km)",IS.AIR.GOOD.MT.K1,transport,1991,1222.5999755859
Bahrain,BHR,"Air transport, freight (million ton-km)",IS.AIR.GOOD.MT.K1,transport,1991,51.2000007629
Canada,CAN,"Air transport, freight (million ton-km)",IS.AIR.GOOD.MT.K1,transport,1991,1241.4000244141
China,CHN,"Air transport, freight (million ton-km)",IS.AIR.GOOD.MT.K1,transport,1991,1009.5
Germany,DEU,"Air transport, freight (million ton-km)",IS.AIR.GOOD.MT.K1,transport,1991,4108.7001953125
"Egypt, Arab Rep.",EGY,"Air transport, freight (million ton-km)",IS.AIR.GOOD.MT.K1,transport,1991,128.1999969482
Euro area,EMU,"Air transport, freight (million ton-km)",IS.AIR.GOOD.MT.K1,transport,1991,13073.5002326965
European Union,EUU,"Air transport, freight (million ton-km)",IS.AIR.GOOD.MT.K1,transport,1991,13458.300224304
France,FRA,"Air transport, freight (million ton-km)",IS.AIR.GOOD.MT.K1,transport,1991,3778.8000488281
United Kingdom,GBR,"Air transport, freight (million ton-km)",IS.AIR.GOOD.MT.K1,transport,1991,4023.3999023438
Greece,GRC,"Air transport, freight (million ton-km)",IS.AIR.GOOD.MT.K1,transport,1991,114.1999969482
India,IND,"Air transport, freight (million ton-km)",IS.AIR.GOOD.MT.K1,transport,1991,493.1000061035
Italy,ITA,"Air transport, freight (million ton-km)",IS.AIR.GOOD.MT.K1,transport,1991,1227.6999511719
Jordan,JOR,"Air transport, freight (million ton-km)",IS.AIR.GOOD.MT.K1,transport,1991,161.5
Kuwait,KWT,"Air transport, freight (million ton-km)",IS.AIR.GOOD.MT.K1,transport,1991,116.1999969482
Lebanon,LBN,"Air transport, freight (million ton-km)",IS.AIR.GOOD.MT.K1,transport,1991,169.6000061035
Oman,OMN,"Air transport, freight (million ton-km)",IS.AIR.GOOD.MT.K1,transport,1991,51.2000007629
Qatar,QAT,"Air transport, freight (million ton-km)",IS.AIR.GOOD.MT.K1,transport,1991,51.2000007629
Saudi Arabia,SAU,"Air transport, freight (million ton-km)",IS.AIR.GOOD.MT.K1,transport,1991,486.6000061035
Turkiye,TUR,"Air transport, freight (million ton-km)",IS.AIR.GOOD.MT.K1,transport,1991,78.6999969482
United States,USA,"Air transport, freight (million ton-km)",IS.AIR.GOOD.MT.K1,transport,1991,14486.2001953125
World,WLD,"Air transport, freight (million ton-km)",IS.AIR.GOOD.MT.K1,transport,1991,56142.3000809547
United Arab Emirates,ARE,"Air transport, freight (million ton-km)",IS.AIR.GOOD.MT.K1,transport,1992,267.0
Australia,AUS,"Air transport, freight (million ton-km)",IS.AIR.GOOD.MT.K1,transport,1992,1361.5
Bahrain,BHR,"Air transport, freight (million ton-km)",IS.AIR.GOOD.MT.K1,transport,1992,69.8000030518
Canada,CAN,"Air transport, freight (million ton-km)",IS.AIR.GOOD.MT.K1,transport,1992,1249.6999511719
China,CHN,"Air transport, freight (million ton-km)",IS.AIR.GOOD.MT.K1,transport,1992,1316.0
Germany,DEU,"Air transport, freight (million ton-km)",IS.AIR.GOOD.MT.K1,transport,1992,4287.5
"Egypt, Arab Rep.",EGY,"Air transport, freight (million ton-km)",IS.AIR.GOOD.MT.K1,transport,1992,109.1999969482
Euro area,EMU,"Air transport, freight (million ton-km)",IS.AIR.GOOD.MT.K1,transport,1992,13425.0998794585
European Union,EUU,"Air transport, freight (million ton-km)",IS.AIR.GOOD.MT.K1,transport,1992,13806.5998699218
France,FRA,"Air transport, freight (million ton-km)",IS.AIR.GOOD.MT.K1,transport,1992,3840.5
United Kingdom,GBR,"Air transport, freight (million ton-km)",IS.AIR.GOOD.MT.K1,transport,1992,4639.2001953125
Greece,GRC,"Air transport, freight (million ton-km)",IS.AIR.GOOD.MT.K1,transport,1992,107.0
India,IND,"Air transport, freight (million ton-km)",IS.AIR.GOOD.MT.K1,transport,1992,429.3999938965
Italy,ITA,"Air transport, freight (million ton-km)",IS.AIR.GOOD.MT.K1,transport,1992,1270.4000244141
Jordan,JOR,"Air transport, freight (million ton-km)",IS.AIR.GOOD.MT.K1,transport,1992,175.5
Kuwait,KWT,"Air transport, freight (million ton-km)",IS.AIR.GOOD.MT.K1,transport,1992,209.3000030518
Lebanon,LBN,"Air transport, freight (million ton-km)",IS.AIR.GOOD.MT.K1,transport,1992,152.6999969482
Oman,OMN,"Air transport, freight (million ton-km)",IS.AIR.GOOD.MT.K1,transport,1992,69.8000030518
Qatar,QAT,"Air transport, freight (million ton-km)",IS.AIR.GOOD.MT.K1,transport,1992,69.8000030518
Saudi Arabia,SAU,"Air transport, freight (million ton-km)",IS.AIR.GOOD.MT.K1,transport,1992,679.200012207
Turkiye,TUR,"Air transport, freight (million ton-km)",IS.AIR.GOOD.MT.K1,transport,1992,117.1999969482
United States,USA,"Air transport, freight (million ton-km)",IS.AIR.GOOD.MT.K1,transport,1992,15617.599609375
World,WLD,"Air transport, freight (million ton-km)",IS.AIR.GOOD.MT.K1,transport,1992,61025.1997384947
United Arab Emirates,ARE,"Air transport, freight (million ton-km)",IS.AIR.GOOD.MT.K1,transport,1993,365.3999938965
Australia,AUS,"Air transport, freight (million ton-km)",IS.AIR.GOOD.MT.K1,transport,1993,1525.8000488281
Bahrain,BHR,"Air transport, freight (million ton-km)",IS.AIR.GOOD.MT.K1,transport,1993,88.0999984741
Canada,CAN,"Air transport, freight (million ton-km)",IS.AIR.GOOD.MT.K1,transport,1993,1369.1999511719
China,CHN,"Air transport, freight (million ton-km)",IS.AIR.GOOD.MT.K1,transport,1993,1547.0
Germany,DEU,"Air transport, freight (million ton-km)",IS.AIR.GOOD.MT.K1,transport,1993,4639.8999023438
"Egypt, Arab Rep.",EGY,"Air transport, freight (million ton-km)",IS.AIR.GOOD.MT.K1,transport,1993,122.8000030518
Euro area,EMU,"Air transport, freight (million ton-km)",IS.AIR.GOOD.MT.K1,transport,1993,14251.2999938131
European Union,EUU,"Air transport, freight (million ton-km)",IS.AIR.GOOD.MT.K1,transport,1993,14663.5999949576
France,FRA,"Air transport, freight (million ton-km)",IS.AIR.GOOD.MT.K1,transport,1993,3717.1000976563
United Kingdom,GBR,"Air transport, freight (million ton-km)",IS.AIR.GOOD.MT.K1,transport,1993,5405.0
Greece,GRC,"Air transport, freight (million ton-km)",IS.AIR.GOOD.MT.K1,transport,1993,127.0
India,IND,"Air transport, freight (million ton-km)",IS.AIR.GOOD.MT.K1,transport,1993,372.3999938965
Italy,ITA,"Air transport, freight (million ton-km)",IS.AIR.GOOD.MT.K1,transport,1993,1334.9000244141
Jordan,JOR,"Air transport, freight (million ton-km)",IS.AIR.GOOD.MT.K1,transport,1993,213.5
Kuwait,KWT,"Air transport, freight (million ton-km)",IS.AIR.GOOD.MT.K1,transport,1993,254.1000061035
Lebanon,LBN,"Air transport, freight (million ton-km)",IS.AIR.GOOD.MT.K1,transport,1993,125.1999969482
Oman,OMN,"Air transport, freight (million ton-km)",IS.AIR.GOOD.MT.K1,transport,1993,88.1999969482
Qatar,QAT,"Air transport, freight (million ton-km)",IS.AIR.GOOD.MT.K1,transport,1993,88.0999984741
Saudi Arabia,SAU,"Air transport, freight (million ton-km)",IS.AIR.GOOD.MT.K1,transport,1993,718.299987793
Turkiye,TUR,"Air transport, freight (million ton-km)",IS.AIR.GOOD.MT.K1,transport,1993,161.3999938965
United States,USA,"Air transport, freight (million ton-km)",IS.AIR.GOOD.MT.K1,transport,1993,16343.0
World,WLD,"Air transport, freight (million ton-km)",IS.AIR.GOOD.MT.K1,transport,1993,67522.6001899917
United Arab Emirates,ARE,"Air transport, freight (million ton-km)",IS.AIR.GOOD.MT.K1,transport,1994,465.8999938965
Australia,AUS,"Air transport, freight (million ton-km)",IS.AIR.GOOD.MT.K1,transport,1994,1645.5
Bahrain,BHR,"Air transport, freight (million ton-km)",IS.AIR.GOOD.MT.K1,transport,1994,122.0999984741
Canada,CAN,"Air transport, freight (million ton-km)",IS.AIR.GOOD.MT.K1,transport,1994,1478.5999755859
China,CHN,"Air transport, freight (million ton-km)",IS.AIR.GOOD.MT.K1,transport,1994,1717.1999511719
Germany,DEU,"Air transport, freight (million ton-km)",IS.AIR.GOOD.MT.K1,transport,1994,5373.2998046875
"Egypt, Arab Rep.",EGY,"Air transport, freight (million ton-km)",IS.AIR.GOOD.MT.K1,transport,1994,185.1999969482
Euro area,EMU,"Air transport, freight (million ton-km)",IS.AIR.GOOD.MT.K1,transport,1994,16259.8997817338
European Union,EUU,"Air transport, freight (million ton-km)",IS.AIR.GOOD.MT.K1,transport,1994,16699.399787456
France,FRA,"Air transport, freight (million ton-km)",IS.AIR.GOOD.MT.K1,transport,1994,4385.8999023438
United Kingdom,GBR,"Air transport, freight (million ton-km)",IS.AIR.GOOD.MT.K1,transport,1994,6405.2001953125
Greece,GRC,"Air transport, freight (million ton-km)",IS.AIR.GOOD.MT.K1,transport,1994,135.0
India,IND,"Air transport, freight (million ton-km)",IS.AIR.GOOD.MT.K1,transport,1994,563.5999755859
Italy,ITA,"Air transport, freight (million ton-km)",IS.AIR.GOOD.MT.K1,transport,1994,1368.5
Jordan,JOR,"Air transport, freight (million ton-km)",IS.AIR.GOOD.MT.K1,transport,1994,219.6000061035
Kuwait,KWT,"Air transport, freight (million ton-km)",IS.AIR.GOOD.MT.K1,transport,1994,283.799987793
Lebanon,LBN,"Air transport, freight (million ton-km)",IS.AIR.GOOD.MT.K1,transport,1994,138.3999938965
Oman,OMN,"Air transport, freight (million ton-km)",IS.AIR.GOOD.MT.K1,transport,1994,122.1999969482
Qatar,QAT,"Air transport, freight (million ton-km)",IS.AIR.GOOD.MT.K1,transport,1994,122.0999984741
Saudi Arabia,SAU,"Air transport, freight (million ton-km)",IS.AIR.GOOD.MT.K1,transport,1994,809.5
Turkiye,TUR,"Air transport, freight (million ton-km)",IS.AIR.GOOD.MT.K1,transport,1994,209.6000061035
United States,USA,"Air transport, freight (million ton-km)",IS.AIR.GOOD.MT.K1,transport,1994,19083.80078125
World,WLD,"Air transport, freight (million ton-km)",IS.AIR.GOOD.MT.K1,transport,1994,77183.3003311681
United Arab Emirates,ARE,"Air transport, freight (million ton-km)",IS.AIR.GOOD.MT.K1,transport,1995,557.200012207
Australia,AUS,"Air transport, freight (million ton-km)",IS.AIR.GOOD.MT.K1,transport,1995,1737.5
Bahrain,BHR,"Air transport, freight (million ton-km)",IS.AIR.GOOD.MT.K1,transport,1995,132.8000030518
Canada,CAN,"Air transport, freight (million ton-km)",IS.AIR.GOOD.MT.K1,transport,1995,1637.4000244141
China,CHN,"Air transport, freight (million ton-km)",IS.AIR.GOOD.MT.K1,transport,1995,1501.0
Germany,DEU,"Air transport, freight (million ton-km)",IS.AIR.GOOD.MT.K1,transport,1995,5835.8999023438
"Egypt, Arab Rep.",EGY,"Air transport, freight (million ton-km)",IS.AIR.GOOD.MT.K1,transport,1995,164.1000061035
Euro area,EMU,"Air transport, freight (million ton-km)",IS.AIR.GOOD.MT.K1,transport,1995,17801.1999788359
European Union,EUU,"Air transport, freight (million ton-km)",IS.AIR.GOOD.MT.K1,transport,1995,18264.8999757841
France,FRA,"Air transport, freight (million ton-km)",IS.AIR.GOOD.MT.K1,transport,1995,4577.7001953125
United Kingdom,GBR,"Air transport, freight (million ton-km)",IS.AIR.GOOD.MT.K1,transport,1995,6830.6000976563
Greece,GRC,"Air transport, freight (million ton-km)",IS.AIR.GOOD.MT.K1,transport,1995,117.0
India,IND,"Air transport, freight (million ton-km)",IS.AIR.GOOD.MT.K1,transport,1995,653.9000244141
Italy,ITA,"Air transport, freight (million ton-km)",IS.AIR.GOOD.MT.K1,transport,1995,1469.5999755859
Jordan,JOR,"Air transport, freight (million ton-km)",IS.AIR.GOOD.MT.K1,transport,1995,265.200012207
Kuwait,KWT,"Air transport, freight (million ton-km)",IS.AIR.GOOD.MT.K1,transport,1995,329.700012207
Lebanon,LBN,"Air transport, freight (million ton-km)",IS.AIR.GOOD.MT.K1,transport,1995,128.6999969482
Oman,OMN,"Air transport, freight (million ton-km)",IS.AIR.GOOD.MT.K1,transport,1995,132.8000030518
Qatar,QAT,"Air transport, freight (million ton-km)",IS.AIR.GOOD.MT.K1,transport,1995,132.8000030518
Saudi Arabia,SAU,"Air transport, freight (million ton-km)",IS.AIR.GOOD.MT.K1,transport,1995,894.9000244141
Turkiye,TUR,"Air transport, freight (million ton-km)",IS.AIR.GOOD.MT.K1,transport,1995,214.6999969482
United States,USA,"Air transport, freight (million ton-km)",IS.AIR.GOOD.MT.K1,transport,1995,19622.900390625
World,WLD,"Air transport, freight (million ton-km)",IS.AIR.GOOD.MT.K1,transport,1995,83098.2003978345
United Arab Emirates,ARE,"Air transport, freight (million ton-km)",IS.AIR.GOOD.MT.K1,transport,1996,651.299987793
Australia,AUS,"Air transport, freight (million ton-km)",IS.AIR.GOOD.MT.K1,transport,1996,1833.6999511719
Bahrain,BHR,"Air transport, freight (million ton-km)",IS.AIR.GOOD.MT.K1,transport,1996,105.8000030518
Canada,CAN,"Air transport, freight (million ton-km)",IS.AIR.GOOD.MT.K1,transport,1996,1781.0
China,CHN,"Air transport, freight (million ton-km)",IS.AIR.GOOD.MT.K1,transport,1996,1688.5999755859
Germany,DEU,"Air transport, freight (million ton-km)",IS.AIR.GOOD.MT.K1,transport,1996,6036.2998046875
"Egypt, Arab Rep.",EGY,"Air transport, freight (million ton-km)",IS.AIR.GOOD.MT.K1,transport,1996,198.0
Euro area,EMU,"Air transport, freight (million ton-km)",IS.AIR.GOOD.MT.K1,transport,1996,18510.1997795254
European Union,EUU,"Air transport, freight (million ton-km)",IS.AIR.GOOD.MT.K1,transport,1996,19068.3997821956
France,FRA,"Air transport, freight (million ton-km)",IS.AIR.GOOD.MT.K1,transport,1996,4842.6000976563
United Kingdom,GBR,"Air transport, freight (million ton-km)",IS.AIR.GOOD.MT.K1,transport,1996,7618.1000976563
Greece,GRC,"Air transport, freight (million ton-km)",IS.AIR.GOOD.MT.K1,transport,1996,118.6999969482
India,IND,"Air transport, freight (million ton-km)",IS.AIR.GOOD.MT.K1,transport,1996,565.0
Italy,ITA,"Air transport, freight (million ton-km)",IS.AIR.GOOD.MT.K1,transport,1996,1459.0999755859
Jordan,JOR,"Air transport, freight (million ton-km)",IS.AIR.GOOD.MT.K1,transport,1996,296.6000061035
Kuwait,KWT,"Air transport, freight (million ton-km)",IS.AIR.GOOD.MT.K1,transport,1996,333.799987793
Lebanon,LBN,"Air transport, freight (million ton-km)",IS.AIR.GOOD.MT.K1,transport,1996,80.0999984741
Oman,OMN,"Air transport, freight (million ton-km)",IS.AIR.GOOD.MT.K1,transport,1996,105.8000030518
Qatar,QAT,"Air transport, freight (million ton-km)",IS.AIR.GOOD.MT.K1,transport,1996,105.8000030518
Saudi Arabia,SAU,"Air transport, freight (million ton-km)",IS.AIR.GOOD.MT.K1,transport,1996,862.799987793
Turkiye,TUR,"Air transport, freight (million ton-km)",IS.AIR.GOOD.MT.K1,transport,1996,207.3000030518
United States,USA,"Air transport, freight (million ton-km)",IS.AIR.GOOD.MT.K1,transport,1996,21676.400390625
World,WLD,"Air transport, freight (million ton-km)",IS.AIR.GOOD.MT.K1,transport,1996,89164.5999806
United Arab Emirates,ARE,"Air transport, freight (million ton-km)",IS.AIR.GOOD.MT.K1,transport,1997,809.4000244141
Australia,AUS,"Air transport, freight (million ton-km)",IS.AIR.GOOD.MT.K1,transport,1997,1953.8000488281
Bahrain,BHR,"Air transport, freight (million ton-km)",IS.AIR.GOOD.MT.K1,transport,1997,96.5999984741
Canada,CAN,"Air transport, freight (million ton-km)",IS.AIR.GOOD.MT.K1,transport,1997,1956.5
China,CHN,"Air transport, freight (million ton-km)",IS.AIR.GOOD.MT.K1,transport,1997,2083.6000976563
Germany,DEU,"Air transport, freight (million ton-km)",IS.AIR.GOOD.MT.K1,transport,1997,6183.8999023438
"Egypt, Arab Rep.",EGY,"Air transport, freight (million ton-km)",IS.AIR.GOOD.MT.K1,transport,1997,208.6000061035
Euro area,EMU,"Air transport, freight (million ton-km)",IS.AIR.GOOD.MT.K1,transport,1997,21447.2999964505
European Union,EUU,"Air transport, freight (million ton-km)",IS.AIR.GOOD.MT.K1,transport,1997,22106.0000105649
France,FRA,"Air transport, freight (million ton-km)",IS.AIR.GOOD.MT.K1,transport,1997,5132.0
United Kingdom,GBR,"Air transport, freight (million ton-km)",IS.AIR.GOOD.MT.K1,transport,1997,6450.6000976563
Greece,GRC,"Air transport, freight (million ton-km)",IS.AIR.GOOD.MT.K1,transport,1997,129.1000061035
India,IND,"Air transport, freight (million ton-km)",IS.AIR.GOOD.MT.K1,transport,1997,528.0
Italy,ITA,"Air transport, freight (million ton-km)",IS.AIR.GOOD.MT.K1,transport,1997,1443.3000488281
Jordan,JOR,"Air transport, freight (million ton-km)",IS.AIR.GOOD.MT.K1,transport,1997,271.0
Kuwait,KWT,"Air transport, freight (million ton-km)",IS.AIR.GOOD.MT.K1,transport,1997,364.6000061035
Lebanon,LBN,"Air transport, freight (million ton-km)",IS.AIR.GOOD.MT.K1,transport,1997,123.5
Oman,OMN,"Air transport, freight (million ton-km)",IS.AIR.GOOD.MT.K1,transport,1997,99.5
Qatar,QAT,"Air transport, freight (million ton-km)",IS.AIR.GOOD.MT.K1,transport,1997,96.5999984741
Saudi Arabia,SAU,"Air transport, freight (million ton-km)",IS.AIR.GOOD.MT.K1,transport,1997,926.4000244141
Turkiye,TUR,"Air transport, freight (million ton-km)",IS.AIR.GOOD.MT.K1,transport,1997,255.3999938965
United States,USA,"Air transport, freight (million ton-km)",IS.AIR.GOOD.MT.K1,transport,1997,25478.80078125
World,WLD,"Air transport, freight (million ton-km)",IS.AIR.GOOD.MT.K1,transport,1997,102876.101219632
United Arab Emirates,ARE,"Air transport, freight (million ton-km)",IS.AIR.GOOD.MT.K1,transport,1998,902.0
Australia,AUS,"Air transport, freight (million ton-km)",IS.AIR.GOOD.MT.K1,transport,1998,1904.4000244141
Bahrain,BHR,"Air transport, freight (million ton-km)",IS.AIR.GOOD.MT.K1,transport,1998,104.5
Canada,CAN,"Air transport, freight (million ton-km)",IS.AIR.GOOD.MT.K1,transport,1998,1805.6999511719
China,CHN,"Air transport, freight (million ton-km)",IS.AIR.GOOD.MT.K1,transport,1998,2474.1999511719
Germany,DEU,"Air transport, freight (million ton-km)",IS.AIR.GOOD.MT.K1,transport,1998,6233.7998046875
"Egypt, Arab Rep.",EGY,"Air transport, freight (million ton-km)",IS.AIR.GOOD.MT.K1,transport,1998,255.1000061035
Euro area,EMU,"Air transport, freight (million ton-km)",IS.AIR.GOOD.MT.K1,transport,1998,20924.7738094351
European Union,EUU,"Air transport, freight (million ton-km)",IS.AIR.GOOD.MT.K1,transport,1998,21585.6738319418
France,FRA,"Air transport, freight (million ton-km)",IS.AIR.GOOD.MT.K1,transport,1998,4773.6000976563
United Kingdom,GBR,"Air transport, freight (million ton-km)",IS.AIR.GOOD.MT.K1,transport,1998,4663.5
Greece,GRC,"Air transport, freight (million ton-km)",IS.AIR.GOOD.MT.K1,transport,1998,112.5999984741
India,IND,"Air transport, freight (million ton-km)",IS.AIR.GOOD.MT.K1,transport,1998,531.299987793
Italy,ITA,"Air transport, freight (million ton-km)",IS.AIR.GOOD.MT.K1,transport,1998,1475.9000244141
Jordan,JOR,"Air transport, freight (million ton-km)",IS.AIR.GOOD.MT.K1,transport,1998,219.1999969482
Kuwait,KWT,"Air transport, freight (million ton-km)",IS.AIR.GOOD.MT.K1,transport,1998,364.6000061035
Lebanon,LBN,"Air transport, freight (million ton-km)",IS.AIR.GOOD.MT.K1,transport,1998,108.4000015259
Oman,OMN,"Air transport, freight (million ton-km)",IS.AIR.GOOD.MT.K1,transport,1998,110.3000030518
Qatar,QAT,"Air transport, freight (million ton-km)",IS.AIR.GOOD.MT.K1,transport,1998,104.5
Saudi Arabia,SAU,"Air transport, freight (million ton-km)",IS.AIR.GOOD.MT.K1,transport,1998,934.0
Turkiye,TUR,"Air transport, freight (million ton-km)",IS.AIR.GOOD.MT.K1,transport,1998,246.6000061035
United States,USA,"Air transport, freight (million ton-km)",IS.AIR.GOOD.MT.K1,transport,1998,25757.900390625
World,WLD,"Air transport, freight (million ton-km)",IS.AIR.GOOD.MT.K1,transport,1998,101788.274305637
United Arab Emirates,ARE,"Air transport, freight (million ton-km)",IS.AIR.GOOD.MT.K1,transport,1999,1129.6999511719
Australia,AUS,"Air transport, freight (million ton-km)",IS.AIR.GOOD.MT.K1,transport,1999,1693.0
Bahrain,BHR,"Air transport, freight (million ton-km)",IS.AIR.GOOD.MT.K1,transport,1999,209.1000061035
Canada,CAN,"Air transport, freight (million ton-km)",IS.AIR.GOOD.MT.K1,transport,1999,1881.5999755859
China,CHN,"Air transport, freight (million ton-km)",IS.AIR.GOOD.MT.K1,transport,1999,3295.3999023438
Germany,DEU,"Air transport, freight (million ton-km)",IS.AIR.GOOD.MT.K1,transport,1999,6610.7001953125
"Egypt, Arab Rep.",EGY,"Air transport, freight (million ton-km)",IS.AIR.GOOD.MT.K1,transport,1999,269.5
Euro area,EMU,"Air transport, freight (million ton-km)",IS.AIR.GOOD.MT.K1,transport,1999,22237.7191849981
European Union,EUU,"Air transport, freight (million ton-km)",IS.AIR.GOOD.MT.K1,transport,1999,22885.819190148
France,FRA,"Air transport, freight (million ton-km)",IS.AIR.GOOD.MT.K1,transport,1999,4968.3999023438
United Kingdom,GBR,"Air transport, freight (million ton-km)",IS.AIR.GOOD.MT.K1,transport,1999,4925.2001953125
Greece,GRC,"Air transport, freight (million ton-km)",IS.AIR.GOOD.MT.K1,transport,1999,103.4000015259
India,IND,"Air transport, freight (million ton-km)",IS.AIR.GOOD.MT.K1,transport,1999,531.200012207
Italy,ITA,"Air transport, freight (million ton-km)",IS.AIR.GOOD.MT.K1,transport,1999,1614.5999755859
Jordan,JOR,"Air transport, freight (million ton-km)",IS.AIR.GOOD.MT.K1,transport,1999,193.6000061035
Kuwait,KWT,"Air transport, freight (million ton-km)",IS.AIR.GOOD.MT.K1,transport,1999,267.700012207
Lebanon,LBN,"Air transport, freight (million ton-km)",IS.AIR.GOOD.MT.K1,transport,1999,102.5999984741
Oman,OMN,"Air transport, freight (million ton-km)",IS.AIR.GOOD.MT.K1,transport,1999,126.4000015259
Qatar,QAT,"Air transport, freight (million ton-km)",IS.AIR.GOOD.MT.K1,transport,1999,206.6999969482
Saudi Arabia,SAU,"Air transport, freight (million ton-km)",IS.AIR.GOOD.MT.K1,transport,1999,1000.0
Turkiye,TUR,"Air transport, freight (million ton-km)",IS.AIR.GOOD.MT.K1,transport,1999,312.8999938965
United States,USA,"Air transport, freight (million ton-km)",IS.AIR.GOOD.MT.K1,transport,1999,27292.19921875
World,WLD,"Air transport, freight (million ton-km)",IS.AIR.GOOD.MT.K1,transport,1999,108629.618245873
United Arab Emirates,ARE,"Air transport, freight (million ton-km)",IS.AIR.GOOD.MT.K1,transport,2000,1456.349
Australia,AUS,"Air transport, freight (million ton-km)",IS.AIR.GOOD.MT.K1,transport,2000,1730.735
Bahrain,BHR,"Air transport, freight (million ton-km)",IS.AIR.GOOD.MT.K1,transport,2000,208.801
Canada,CAN,"Air transport, freight (million ton-km)",IS.AIR.GOOD.MT.K1,transport,2000,1896.114
China,CHN,"Air transport, freight (million ton-km)",IS.AIR.GOOD.MT.K1,transport,2000,3900.08
Germany,DEU,"Air transport, freight (million ton-km)",IS.AIR.GOOD.MT.K1,transport,2000,7127.713
"Egypt, Arab Rep.",EGY,"Air transport, freight (million ton-km)",IS.AIR.GOOD.MT.K1,transport,2000,278.061
Euro area,EMU,"Air transport, freight (million ton-km)",IS.AIR.GOOD.MT.K1,transport,2000,25174.592
European Union,EUU,"Air transport, freight (million ton-km)",IS.AIR.GOOD.MT.K1,transport,2000,25835.769
France,FRA,"Air transport, freight (million ton-km)",IS.AIR.GOOD.MT.K1,transport,2000,5224.34
United Kingdom,GBR,"Air transport, freight (million ton-km)",IS.AIR.GOOD.MT.K1,transport,2000,5160.872
Greece,GRC,"Air transport, freight (million ton-km)",IS.AIR.GOOD.MT.K1,transport,2000,129.804
India,IND,"Air transport, freight (million ton-km)",IS.AIR.GOOD.MT.K1,transport,2000,547.652
Italy,ITA,"Air transport, freight (million ton-km)",IS.AIR.GOOD.MT.K1,transport,2000,1748.406
Jordan,JOR,"Air transport, freight (million ton-km)",IS.AIR.GOOD.MT.K1,transport,2000,204.022
Kuwait,KWT,"Air transport, freight (million ton-km)",IS.AIR.GOOD.MT.K1,transport,2000,243.091
Lebanon,LBN,"Air transport, freight (million ton-km)",IS.AIR.GOOD.MT.K1,transport,2000,85.204
Oman,OMN,"Air transport, freight (million ton-km)",IS.AIR.GOOD.MT.K1,transport,2000,152.145
Qatar,QAT,"Air transport, freight (million ton-km)",IS.AIR.GOOD.MT.K1,transport,2000,244.07
Saudi Arabia,SAU,"Air transport, freight (million ton-km)",IS.AIR.GOOD.MT.K1,transport,2000,999.56
Turkiye,TUR,"Air transport, freight (million ton-km)",IS.AIR.GOOD.MT.K1,transport,2000,385.036
United States,USA,"Air transport, freight (million ton-km)",IS.AIR.GOOD.MT.K1,transport,2000,30171.975
World,WLD,"Air transport, freight (million ton-km)",IS.AIR.GOOD.MT.K1,transport,2000,118257.211
United Arab Emirates,ARE,"Air transport, freight (million ton-km)",IS.AIR.GOOD.MT.K1,transport,2001,1631.164
Australia,AUS,"Air transport, freight (million ton-km)",IS.AIR.GOOD.MT.K1,transport,2001,1678.089
Bahrain,BHR,"Air transport, freight (million ton-km)",IS.AIR.GOOD.MT.K1,transport,2001,233.928
Canada,CAN,"Air transport, freight (million ton-km)",IS.AIR.GOOD.MT.K1,transport,2001,1709.813
China,CHN,"Air transport, freight (million ton-km)",IS.AIR.GOOD.MT.K1,transport,2001,4232.312
Germany,DEU,"Air transport, freight (million ton-km)",IS.AIR.GOOD.MT.K1,transport,2001,7026.248
"Egypt, Arab Rep.",EGY,"Air transport, freight (million ton-km)",IS.AIR.GOOD.MT.K1,transport,2001,239.036
Euro area,EMU,"Air transport, freight (million ton-km)",IS.AIR.GOOD.MT.K1,transport,2001,24050.331
European Union,EUU,"Air transport, freight (million ton-km)",IS.AIR.GOOD.MT.K1,transport,2001,24634.249
France,FRA,"Air transport, freight (million ton-km)",IS.AIR.GOOD.MT.K1,transport,2001,4825.202
United Kingdom,GBR,"Air transport, freight (million ton-km)",IS.AIR.GOOD.MT.K1,transport,2001,4548.547
Greece,GRC,"Air transport, freight (million ton-km)",IS.AIR.GOOD.MT.K1,transport,2001,96.944
India,IND,"Air transport, freight (million ton-km)",IS.AIR.GOOD.MT.K1,transport,2001,515.37
Italy,ITA,"Air transport, freight (million ton-km)",IS.AIR.GOOD.MT.K1,transport,2001,1521.024
Jordan,JOR,"Air transport, freight (million ton-km)",IS.AIR.GOOD.MT.K1,transport,2001,177.79
Kuwait,KWT,"Air transport, freight (million ton-km)",IS.AIR.GOOD.MT.K1,transport,2001,226.332
Lebanon,LBN,"Air transport, freight (million ton-km)",IS.AIR.GOOD.MT.K1,transport,2001,74.837
Oman,OMN,"Air transport, freight (million ton-km)",IS.AIR.GOOD.MT.K1,transport,2001,143.092
Qatar,QAT,"Air transport, freight (million ton-km)",IS.AIR.GOOD.MT.K1,transport,2001,256.817
Saudi Arabia,SAU,"Air transport, freight (million ton-km)",IS.AIR.GOOD.MT.K1,transport,2001,799.565
Turkiye,TUR,"Air transport, freight (million ton-km)",IS.AIR.GOOD.MT.K1,transport,2001,349.982
United States,USA,"Air transport, freight (million ton-km)",IS.AIR.GOOD.MT.K1,transport,2001,27924.568
World,WLD,"Air transport, freight (million ton-km)",IS.AIR.GOOD.MT.K1,transport,2001,110860.835000095
United Arab Emirates,ARE,"Air transport, freight (million ton-km)",IS.AIR.GOOD.MT.K1,transport,2002,2079.338
Australia,AUS,"Air transport, freight (million ton-km)",IS.AIR.GOOD.MT.K1,transport,2002,1544.717
Bahrain,BHR,"Air transport, freight (million ton-km)",IS.AIR.GOOD.MT.K1,transport,2002,244.115
Canada,CAN,"Air transport, freight (million ton-km)",IS.AIR.GOOD.MT.K1,transport,2002,1578.027
China,CHN,"Air transport, freight (million ton-km)",IS.AIR.GOOD.MT.K1,transport,2002,5013.505
Germany,DEU,"Air transport, freight (million ton-km)",IS.AIR.GOOD.MT.K1,transport,2002,7195.804
"Egypt, Arab Rep.",EGY,"Air transport, freight (million ton-km)",IS.AIR.GOOD.MT.K1,transport,2002,249.206
Euro area,EMU,"Air transport, freight (million ton-km)",IS.AIR.GOOD.MT.K1,transport,2002,24512.774
European Union,EUU,"Air transport, freight (million ton-km)",IS.AIR.GOOD.MT.K1,transport,2002,25092.52
France,FRA,"Air transport, freight (million ton-km)",IS.AIR.GOOD.MT.K1,transport,2002,5030.16
United Kingdom,GBR,"Air transport, freight (million ton-km)",IS.AIR.GOOD.MT.K1,transport,2002,4940.527
Greece,GRC,"Air transport, freight (million ton-km)",IS.AIR.GOOD.MT.K1,transport,2002,80.854
India,IND,"Air transport, freight (million ton-km)",IS.AIR.GOOD.MT.K1,transport,2002,546.34
Italy,ITA,"Air transport, freight (million ton-km)",IS.AIR.GOOD.MT.K1,transport,2002,1393.803
Jordan,JOR,"Air transport, freight (million ton-km)",IS.AIR.GOOD.MT.K1,transport,2002,197.317
Kuwait,KWT,"Air transport, freight (million ton-km)",IS.AIR.GOOD.MT.K1,transport,2002,254.302
Lebanon,LBN,"Air transport, freight (million ton-km)",IS.AIR.GOOD.MT.K1,transport,2002,80.767
Oman,OMN,"Air transport, freight (million ton-km)",IS.AIR.GOOD.MT.K1,transport,2002,130.409
Qatar,QAT,"Air transport, freight (million ton-km)",IS.AIR.GOOD.MT.K1,transport,2002,305.484
Saudi Arabia,SAU,"Air transport, freight (million ton-km)",IS.AIR.GOOD.MT.K1,transport,2002,862.29
Turkiye,TUR,"Air transport, freight (million ton-km)",IS.AIR.GOOD.MT.K1,transport,2002,380.794
United States,USA,"Air transport, freight (million ton-km)",IS.AIR.GOOD.MT.K1,transport,2002,29554.684
World,WLD,"Air transport, freight (million ton-km)",IS.AIR.GOOD.MT.K1,transport,2002,117506.673
United Arab Emirates,ARE,"Air transport, freight (million ton-km)",IS.AIR.GOOD.MT.K1,transport,2003,2772.739
Australia,AUS,"Air transport, freight (million ton-km)",IS.AIR.GOOD.MT.K1,transport,2003,1355.351
Bahrain,BHR,"Air transport, freight (million ton-km)",IS.AIR.GOOD.MT.K1,transport,2003,341.232
Canada,CAN,"Air transport, freight (million ton-km)",IS.AIR.GOOD.MT.K1,transport,2003,1496.297
China,CHN,"Air transport, freight (million ton-km)",IS.AIR.GOOD.MT.K1,transport,2003,5650.63
Germany,DEU,"Air transport, freight (million ton-km)",IS.AIR.GOOD.MT.K1,transport,2003,7295.67
"Egypt, Arab Rep.",EGY,"Air transport, freight (million ton-km)",IS.AIR.GOOD.MT.K1,transport,2003,238.885
Euro area,EMU,"Air transport, freight (million ton-km)",IS.AIR.GOOD.MT.K1,transport,2003,25037.487
European Union,EUU,"Air transport, freight (million ton-km)",IS.AIR.GOOD.MT.K1,transport,2003,25603.637
France,FRA,"Air transport, freight (million ton-km)",IS.AIR.GOOD.MT.K1,transport,2003,5067.323
United Kingdom,GBR,"Air transport, freight (million ton-km)",IS.AIR.GOOD.MT.K1,transport,2003,5159.695
Greece,GRC,"Air transport, freight (million ton-km)",IS.AIR.GOOD.MT.K1,transport,2003,62.748
India,IND,"Air transport, freight (million ton-km)",IS.AIR.GOOD.MT.K1,transport,2003,579.85
Italy,ITA,"Air transport, freight (million ton-km)",IS.AIR.GOOD.MT.K1,transport,2003,1373.956
Jordan,JOR,"Air transport, freight (million ton-km)",IS.AIR.GOOD.MT.K1,transport,2003,190.326
Kuwait,KWT,"Air transport, freight (million ton-km)",IS.AIR.GOOD.MT.K1,transport,2003,219.483
Lebanon,LBN,"Air transport, freight (million ton-km)",IS.AIR.GOOD.MT.K1,transport,2003,75.056
Oman,OMN,"Air transport, freight (million ton-km)",IS.AIR.GOOD.MT.K1,transport,2003,189.972
Qatar,QAT,"Air transport, freight (million ton-km)",IS.AIR.GOOD.MT.K1,transport,2003,276.42
Saudi Arabia,SAU,"Air transport, freight (million ton-km)",IS.AIR.GOOD.MT.K1,transport,2003,852.449
Turkiye,TUR,"Air transport, freight (million ton-km)",IS.AIR.GOOD.MT.K1,transport,2003,376.657
United States,USA,"Air transport, freight (million ton-km)",IS.AIR.GOOD.MT.K1,transport,2003,34205.554
World,WLD,"Air transport, freight (million ton-km)",IS.AIR.GOOD.MT.K1,transport,2003,124203.199
United Arab Emirates,ARE,"Air transport, freight (million ton-km)",IS.AIR.GOOD.MT.K1,transport,2004,3733.658
Australia,AUS,"Air transport, freight (million ton-km)",IS.AIR.GOOD.MT.K1,transport,2004,1898.071
Bahrain,BHR,"Air transport, freight (million ton-km)",IS.AIR.GOOD.MT.K1,transport,2004,416.514
Canada,CAN,"Air transport, freight (million ton-km)",IS.AIR.GOOD.MT.K1,transport,2004,1656.579
China,CHN,"Air transport, freight (million ton-km)",IS.AIR.GOOD.MT.K1,transport,2004,7024.25
Germany,DEU,"Air transport, freight (million ton-km)",IS.AIR.GOOD.MT.K1,transport,2004,8065.6
"Egypt, Arab Rep.",EGY,"Air transport, freight (million ton-km)",IS.AIR.GOOD.MT.K1,transport,2004,241.872
Euro area,EMU,"Air transport, freight (million ton-km)",IS.AIR.GOOD.MT.K1,transport,2004,27570.611
European Union,EUU,"Air transport, freight (million ton-km)",IS.AIR.GOOD.MT.K1,transport,2004,28148.217
France,FRA,"Air transport, freight (million ton-km)",IS.AIR.GOOD.MT.K1,transport,2004,5584.213
United Kingdom,GBR,"Air transport, freight (million ton-km)",IS.AIR.GOOD.MT.K1,transport,2004,5698.49
Greece,GRC,"Air transport, freight (million ton-km)",IS.AIR.GOOD.MT.K1,transport,2004,58.245
India,IND,"Air transport, freight (million ton-km)",IS.AIR.GOOD.MT.K1,transport,2004,708.475
Italy,ITA,"Air transport, freight (million ton-km)",IS.AIR.GOOD.MT.K1,transport,2004,1393.038
Jordan,JOR,"Air transport, freight (million ton-km)",IS.AIR.GOOD.MT.K1,transport,2004,253.845
Kuwait,KWT,"Air transport, freight (million ton-km)",IS.AIR.GOOD.MT.K1,transport,2004,226.93
Lebanon,LBN,"Air transport, freight (million ton-km)",IS.AIR.GOOD.MT.K1,transport,2004,84.899
Oman,OMN,"Air transport, freight (million ton-km)",IS.AIR.GOOD.MT.K1,transport,2004,235.186
Qatar,QAT,"Air transport, freight (million ton-km)",IS.AIR.GOOD.MT.K1,transport,2004,469.19
Saudi Arabia,SAU,"Air transport, freight (million ton-km)",IS.AIR.GOOD.MT.K1,transport,2004,956.687
Turkiye,TUR,"Air transport, freight (million ton-km)",IS.AIR.GOOD.MT.K1,transport,2004,370.182
United States,USA,"Air transport, freight (million ton-km)",IS.AIR.GOOD.MT.K1,transport,2004,37450.121
World,WLD,"Air transport, freight (million ton-km)",IS.AIR.GOOD.MT.K1,transport,2004,139032.94
United Arab Emirates,ARE,"Air transport, freight (million ton-km)",IS.AIR.GOOD.MT.K1,transport,2005,4641.933
Australia,AUS,"Air transport, freight (million ton-km)",IS.AIR.GOOD.MT.K1,transport,2005,2444.586
Canada,CAN,"Air transport, freight (million ton-km)",IS.AIR.GOOD.MT.K1,transport,2005,1526.819
China,CHN,"Air transport, freight (million ton-km)",IS.AIR.GOOD.MT.K1,transport,2005,7579.401
Germany,DEU,"Air transport, freight (million ton-km)",IS.AIR.GOOD.MT.K1,transport,2005,7722.133
"Egypt, Arab Rep.",EGY,"Air transport, freight (million ton-km)",IS.AIR.GOOD.MT.K1,transport,2005,286.954
Euro area,EMU,"Air transport, freight (million ton-km)",IS.AIR.GOOD.MT.K1,transport,2005,28031.271
European Union,EUU,"Air transport, freight (million ton-km)",IS.AIR.GOOD.MT.K1,transport,2005,28167.902
France,FRA,"Air transport, freight (million ton-km)",IS.AIR.GOOD.MT.K1,transport,2005,5802.442
United Kingdom,GBR,"Air transport, freight (million ton-km)",IS.AIR.GOOD.MT.K1,transport,2005,5998.434
Greece,GRC,"Air transport, freight (million ton-km)",IS.AIR.GOOD.MT.K1,transport,2005,64.075
India,IND,"Air transport, freight (million ton-km)",IS.AIR.GOOD.MT.K1,transport,2005,774.04
Italy,ITA,"Air transport, freight (million ton-km)",IS.AIR.GOOD.MT.K1,transport,2005,1365.128
Jordan,JOR,"Air transport, freight (million ton-km)",IS.AIR.GOOD.MT.K1,transport,2005,223.582
Kuwait,KWT,"Air transport, freight (million ton-km)",IS.AIR.GOOD.MT.K1,transport,2005,241.623
Lebanon,LBN,"Air transport, freight (million ton-km)",IS.AIR.GOOD.MT.K1,transport,2005,86.61
Qatar,QAT,"Air transport, freight (million ton-km)",IS.AIR.GOOD.MT.K1,transport,2005,869.582
Saudi Arabia,SAU,"Air transport, freight (million ton-km)",IS.AIR.GOOD.MT.K1,transport,2005,1021.453
Turkiye,TUR,"Air transport, freight (million ton-km)",IS.AIR.GOOD.MT.K1,transport,2005,382.949
United States,USA,"Air transport, freight (million ton-km)",IS.AIR.GOOD.MT.K1,transport,2005,37357.644
World,WLD,"Air transport, freight (million ton-km)",IS.AIR.GOOD.MT.K1,transport,2005,141483.603
United Arab Emirates,ARE,"Air transport, freight (million ton-km)",IS.AIR.GOOD.MT.K1,transport,2006,5735.78
Australia,AUS,"Air transport, freight (million ton-km)",IS.AIR.GOOD.MT.K1,transport,2006,2569.506
Canada,CAN,"Air transport, freight (million ton-km)",IS.AIR.GOOD.MT.K1,transport,2006,1503.185
China,CHN,"Air transport, freight (million ton-km)",IS.AIR.GOOD.MT.K1,transport,2006,7692.205
Germany,DEU,"Air transport, freight (million ton-km)",IS.AIR.GOOD.MT.K1,transport,2006,8133.987
"Egypt, Arab Rep.",EGY,"Air transport, freight (million ton-km)",IS.AIR.GOOD.MT.K1,transport,2006,309.434
Euro area,EMU,"Air transport, freight (million ton-km)",IS.AIR.GOOD.MT.K1,transport,2006,29276.446
European Union,EUU,"Air transport, freight (million ton-km)",IS.AIR.GOOD.MT.K1,transport,2006,29420.617
France,FRA,"Air transport, freight (million ton-km)",IS.AIR.GOOD.MT.K1,transport,2006,6135.028
United Kingdom,GBR,"Air transport, freight (million ton-km)",IS.AIR.GOOD.MT.K1,transport,2006,6215.321
Greece,GRC,"Air transport, freight (million ton-km)",IS.AIR.GOOD.MT.K1,transport,2006,70.649
India,IND,"Air transport, freight (million ton-km)",IS.AIR.GOOD.MT.K1,transport,2006,842.55
Italy,ITA,"Air transport, freight (million ton-km)",IS.AIR.GOOD.MT.K1,transport,2006,1377.204
Jordan,JOR,"Air transport, freight (million ton-km)",IS.AIR.GOOD.MT.K1,transport,2006,258.557
Kuwait,KWT,"Air transport, freight (million ton-km)",IS.AIR.GOOD.MT.K1,transport,2006,239.207
Lebanon,LBN,"Air transport, freight (million ton-km)",IS.AIR.GOOD.MT.K1,transport,2006,73.556
Qatar,QAT,"Air transport, freight (million ton-km)",IS.AIR.GOOD.MT.K1,transport,2006,888.498
Saudi Arabia,SAU,"Air transport, freight (million ton-km)",IS.AIR.GOOD.MT.K1,transport,2006,1066.281
Turkiye,TUR,"Air transport, freight (million ton-km)",IS.AIR.GOOD.MT.K1,transport,2006,463.902
United States,USA,"Air transport, freight (million ton-km)",IS.AIR.GOOD.MT.K1,transport,2006,39881.895
World,WLD,"Air transport, freight (million ton-km)",IS.AIR.GOOD.MT.K1,transport,2006,148937.604
United Arab Emirates,ARE,"Air transport, freight (million ton-km)",IS.AIR.GOOD.MT.K1,transport,2007,6538.02
Australia,AUS,"Air transport, freight (million ton-km)",IS.AIR.GOOD.MT.K1,transport,2007,2348.084
Canada,CAN,"Air transport, freight (million ton-km)",IS.AIR.GOOD.MT.K1,transport,2007,1429.845
China,CHN,"Air transport, freight (million ton-km)",IS.AIR.GOOD.MT.K1,transport,2007,11189.538
Germany,DEU,"Air transport, freight (million ton-km)",IS.AIR.GOOD.MT.K1,transport,2007,8528.959
"Egypt, Arab Rep.",EGY,"Air transport, freight (million ton-km)",IS.AIR.GOOD.MT.K1,transport,2007,206.828
Euro area,EMU,"Air transport, freight (million ton-km)",IS.AIR.GOOD.MT.K1,transport,2007,30576.812
European Union,EUU,"Air transport, freight (million ton-km)",IS.AIR.GOOD.MT.K1,transport,2007,30725.412
France,FRA,"Air transport, freight (million ton-km)",IS.AIR.GOOD.MT.K1,transport,2007,6424.966
United Kingdom,GBR,"Air transport, freight (million ton-km)",IS.AIR.GOOD.MT.K1,transport,2007,6154.451
Greece,GRC,"Air transport, freight (million ton-km)",IS.AIR.GOOD.MT.K1,transport,2007,72.242
India,IND,"Air transport, freight (million ton-km)",IS.AIR.GOOD.MT.K1,transport,2007,967.684
Italy,ITA,"Air transport, freight (million ton-km)",IS.AIR.GOOD.MT.K1,transport,2007,1549.939
Jordan,JOR,"Air transport, freight (million ton-km)",IS.AIR.GOOD.MT.K1,transport,2007,276.656
Kuwait,KWT,"Air transport, freight (million ton-km)",IS.AIR.GOOD.MT.K1,transport,2007,266.337
Lebanon,LBN,"Air transport, freight (million ton-km)",IS.AIR.GOOD.MT.K1,transport,2007,81.743
Qatar,QAT,"Air transport, freight (million ton-km)",IS.AIR.GOOD.MT.K1,transport,2007,1292.746
Saudi Arabia,SAU,"Air transport, freight (million ton-km)",IS.AIR.GOOD.MT.K1,transport,2007,1229.704
Turkiye,TUR,"Air transport, freight (million ton-km)",IS.AIR.GOOD.MT.K1,transport,2007,466.098
United States,USA,"Air transport, freight (million ton-km)",IS.AIR.GOOD.MT.K1,transport,2007,40617.739
World,WLD,"Air transport, freight (million ton-km)",IS.AIR.GOOD.MT.K1,transport,2007,158205.946
United Arab Emirates,ARE,"Air transport, freight (million ton-km)",IS.AIR.GOOD.MT.K1,transport,2008,9289.48
Australia,AUS,"Air transport, freight (million ton-km)",IS.AIR.GOOD.MT.K1,transport,2008,2212.439
Canada,CAN,"Air transport, freight (million ton-km)",IS.AIR.GOOD.MT.K1,transport,2008,1388.665
China,CHN,"Air transport, freight (million ton-km)",IS.AIR.GOOD.MT.K1,transport,2008,11386.055
Germany,DEU,"Air transport, freight (million ton-km)",IS.AIR.GOOD.MT.K1,transport,2008,8352.882
"Egypt, Arab Rep.",EGY,"Air transport, freight (million ton-km)",IS.AIR.GOOD.MT.K1,transport,2008,195.482
Euro area,EMU,"Air transport, freight (million ton-km)",IS.AIR.GOOD.MT.K1,transport,2008,30008.194
European Union,EUU,"Air transport, freight (million ton-km)",IS.AIR.GOOD.MT.K1,transport,2008,30132.465
France,FRA,"Air transport, freight (million ton-km)",IS.AIR.GOOD.MT.K1,transport,2008,6187.796
United Kingdom,GBR,"Air transport, freight (million ton-km)",IS.AIR.GOOD.MT.K1,transport,2008,6283.831
Greece,GRC,"Air transport, freight (million ton-km)",IS.AIR.GOOD.MT.K1,transport,2008,78.109
India,IND,"Air transport, freight (million ton-km)",IS.AIR.GOOD.MT.K1,transport,2008,1233.937
Italy,ITA,"Air transport, freight (million ton-km)",IS.AIR.GOOD.MT.K1,transport,2008,1279.021
Jordan,JOR,"Air transport, freight (million ton-km)",IS.AIR.GOOD.MT.K1,transport,2008,140.846
Kuwait,KWT,"Air transport, freight (million ton-km)",IS.AIR.GOOD.MT.K1,transport,2008,279.74
Lebanon,LBN,"Air transport, freight (million ton-km)",IS.AIR.GOOD.MT.K1,transport,2008,66.621
Qatar,QAT,"Air transport, freight (million ton-km)",IS.AIR.GOOD.MT.K1,transport,2008,1639.146
Saudi Arabia,SAU,"Air transport, freight (million ton-km)",IS.AIR.GOOD.MT.K1,transport,2008,1382.547
Turkiye,TUR,"Air transport, freight (million ton-km)",IS.AIR.GOOD.MT.K1,transport,2008,480.667
United States,USA,"Air transport, freight (million ton-km)",IS.AIR.GOOD.MT.K1,transport,2008,39313.596
World,WLD,"Air transport, freight (million ton-km)",IS.AIR.GOOD.MT.K1,transport,2008,158487.874
United Arab Emirates,ARE,"Air transport, freight (million ton-km)",IS.AIR.GOOD.MT.K1,transport,2009,8959.601
Australia,AUS,"Air transport, freight (million ton-km)",IS.AIR.GOOD.MT.K1,transport,2009,2769.286
Bahrain,BHR,"Air transport, freight (million ton-km)",IS.AIR.GOOD.MT.K1,transport,2009,564.331
Canada,CAN,"Air transport, freight (million ton-km)",IS.AIR.GOOD.MT.K1,transport,2009,1346.938
China,CHN,"Air transport, freight (million ton-km)",IS.AIR.GOOD.MT.K1,transport,2009,11976.438
Germany,DEU,"Air transport, freight (million ton-km)",IS.AIR.GOOD.MT.K1,transport,2009,10187.719
"Egypt, Arab Rep.",EGY,"Air transport, freight (million ton-km)",IS.AIR.GOOD.MT.K1,transport,2009,180.31
Euro area,EMU,"Air transport, freight (million ton-km)",IS.AIR.GOOD.MT.K1,transport,2009,33978.97
European Union,EUU,"Air transport, freight (million ton-km)",IS.AIR.GOOD.MT.K1,transport,2009,34070.615
France,FRA,"Air transport, freight (million ton-km)",IS.AIR.GOOD.MT.K1,transport,2009,6624.89
United Kingdom,GBR,"Air transport, freight (million ton-km)",IS.AIR.GOOD.MT.K1,transport,2009,6615.125
Greece,GRC,"Air transport, freight (million ton-km)",IS.AIR.GOOD.MT.K1,transport,2009,31.396
India,IND,"Air transport, freight (million ton-km)",IS.AIR.GOOD.MT.K1,transport,2009,1235.158
Italy,ITA,"Air transport, freight (million ton-km)",IS.AIR.GOOD.MT.K1,transport,2009,400.0
Jordan,JOR,"Air transport, freight (million ton-km)",IS.AIR.GOOD.MT.K1,transport,2009,163.192
Kuwait,KWT,"Air transport, freight (million ton-km)",IS.AIR.GOOD.MT.K1,transport,2009,281.215
Lebanon,LBN,"Air transport, freight (million ton-km)",IS.AIR.GOOD.MT.K1,transport,2009,93.983
Oman,OMN,"Air transport, freight (million ton-km)",IS.AIR.GOOD.MT.K1,transport,2009,39.196
Qatar,QAT,"Air transport, freight (million ton-km)",IS.AIR.GOOD.MT.K1,transport,2009,2276.378
Saudi Arabia,SAU,"Air transport, freight (million ton-km)",IS.AIR.GOOD.MT.K1,transport,2009,1838.162
Turkiye,TUR,"Air transport, freight (million ton-km)",IS.AIR.GOOD.MT.K1,transport,2009,856.034
United States,USA,"Air transport, freight (million ton-km)",IS.AIR.GOOD.MT.K1,transport,2009,35097.670654396
World,WLD,"Air transport, freight (million ton-km)",IS.AIR.GOOD.MT.K1,transport,2009,175509.343654396
United Arab Emirates,ARE,"Air transport, freight (million ton-km)",IS.AIR.GOOD.MT.K1,transport,2010,9774.15041487849
Australia,AUS,"Air transport, freight (million ton-km)",IS.AIR.GOOD.MT.K1,transport,2010,2938.314378037
Bahrain,BHR,"Air transport, freight (million ton-km)",IS.AIR.GOOD.MT.K1,transport,2010,504.494
Canada,CAN,"Air transport, freight (million ton-km)",IS.AIR.GOOD.MT.K1,transport,2010,1957.32853635002
China,CHN,"Air transport, freight (million ton-km)",IS.AIR.GOOD.MT.K1,transport,2010,17193.8774
Germany,DEU,"Air transport, freight (million ton-km)",IS.AIR.GOOD.MT.K1,transport,2010,7487.48100076523
"Egypt, Arab Rep.",EGY,"Air transport, freight (million ton-km)",IS.AIR.GOOD.MT.K1,transport,2010,416.985098697369
Euro area,EMU,"Air transport, freight (million ton-km)",IS.AIR.GOOD.MT.K1,transport,2010,28328.0062848806
European Union,EUU,"Air transport, freight (million ton-km)",IS.AIR.GOOD.MT.K1,transport,2010,28906.3720666828
France,FRA,"Air transport, freight (million ton-km)",IS.AIR.GOOD.MT.K1,transport,2010,5079.71814764909
United Kingdom,GBR,"Air transport, freight (million ton-km)",IS.AIR.GOOD.MT.K1,transport,2010,6082.73941307418
Greece,GRC,"Air transport, freight (million ton-km)",IS.AIR.GOOD.MT.K1,transport,2010,4.85169832333462
India,IND,"Air transport, freight (million ton-km)",IS.AIR.GOOD.MT.K1,transport,2010,1630.96414222155
Iraq,IRQ,"Air transport, freight (million ton-km)",IS.AIR.GOOD.MT.K1,transport,2010,11.718644551
Italy,ITA,"Air transport, freight (million ton-km)",IS.AIR.GOOD.MT.K1,transport,2010,784.96985
Jordan,JOR,"Air transport, freight (million ton-km)",IS.AIR.GOOD.MT.K1,transport,2010,201.985
Kuwait,KWT,"Air transport, freight (million ton-km)",IS.AIR.GOOD.MT.K1,transport,2010,335.099445284
Lebanon,LBN,"Air transport, freight (million ton-km)",IS.AIR.GOOD.MT.K1,transport,2010,48.272
Oman,OMN,"Air transport, freight (million ton-km)",IS.AIR.GOOD.MT.K1,transport,2010,106.579
Qatar,QAT,"Air transport, freight (million ton-km)",IS.AIR.GOOD.MT.K1,transport,2010,2945.787
Saudi Arabia,SAU,"Air transport, freight (million ton-km)",IS.AIR.GOOD.MT.K1,transport,2010,1324.861
Turkiye,TUR,"Air transport, freight (million ton-km)",IS.AIR.GOOD.MT.K1,transport,2010,1149.281
United States,USA,"Air transport, freight (million ton-km)",IS.AIR.GOOD.MT.K1,transport,2010,39353.2561
World,WLD,"Air transport, freight (million ton-km)",IS.AIR.GOOD.MT.K1,transport,2010,182498.62707797
United Arab Emirates,ARE,"Air transport, freight (million ton-km)",IS.AIR.GOOD.MT.K1,transport,2011,10434.8491894756
Australia,AUS,"Air transport, freight (million ton-km)",IS.AIR.GOOD.MT.K1,transport,2011,2846.59879756427
Bahrain,BHR,"Air transport, freight (million ton-km)",IS.AIR.GOOD.MT.K1,transport,2011,417.582988557635
Canada,CAN,"Air transport, freight (million ton-km)",IS.AIR.GOOD.MT.K1,transport,2011,1980.0
China,CHN,"Air transport, freight (million ton-km)",IS.AIR.GOOD.MT.K1,transport,2011,16764.869
Germany,DEU,"Air transport, freight (million ton-km)",IS.AIR.GOOD.MT.K1,transport,2011,7716.76190298526
"Egypt, Arab Rep.",EGY,"Air transport, freight (million ton-km)",IS.AIR.GOOD.MT.K1,transport,2011,333.306675121003
Euro area,EMU,"Air transport, freight (million ton-km)",IS.AIR.GOOD.MT.K1,transport,2011,28749.8300931595
European Union,EUU,"Air transport, freight (million ton-km)",IS.AIR.GOOD.MT.K1,transport,2011,29312.9172470275
France,FRA,"Air transport, freight (million ton-km)",IS.AIR.GOOD.MT.K1,transport,2011,5068.76226392762
United Kingdom,GBR,"Air transport, freight (million ton-km)",IS.AIR.GOOD.MT.K1,transport,2011,6280.25098328964
Greece,GRC,"Air transport, freight (million ton-km)",IS.AIR.GOOD.MT.K1,transport,2011,4.18568526670255
India,IND,"Air transport, freight (million ton-km)",IS.AIR.GOOD.MT.K1,transport,2011,1702.702702
Iraq,IRQ,"Air transport, freight (million ton-km)",IS.AIR.GOOD.MT.K1,transport,2011,14.5213731897664
Italy,ITA,"Air transport, freight (million ton-km)",IS.AIR.GOOD.MT.K1,transport,2011,760.26837
Jordan,JOR,"Air transport, freight (million ton-km)",IS.AIR.GOOD.MT.K1,transport,2011,196.184547
Kuwait,KWT,"Air transport, freight (million ton-km)",IS.AIR.GOOD.MT.K1,transport,2011,277.544065677216
Lebanon,LBN,"Air transport, freight (million ton-km)",IS.AIR.GOOD.MT.K1,transport,2011,47.699
Oman,OMN,"Air transport, freight (million ton-km)",IS.AIR.GOOD.MT.K1,transport,2011,171.732
Qatar,QAT,"Air transport, freight (million ton-km)",IS.AIR.GOOD.MT.K1,transport,2011,3637.131
Saudi Arabia,SAU,"Air transport, freight (million ton-km)",IS.AIR.GOOD.MT.K1,transport,2011,1501.275
Turkiye,TUR,"Air transport, freight (million ton-km)",IS.AIR.GOOD.MT.K1,transport,2011,1544.26626010139
United States,USA,"Air transport, freight (million ton-km)",IS.AIR.GOOD.MT.K1,transport,2011,39621.9135350454
World,WLD,"Air transport, freight (million ton-km)",IS.AIR.GOOD.MT.K1,transport,2011,183532.230059023
United Arab Emirates,ARE,"Air transport, freight (million ton-km)",IS.AIR.GOOD.MT.K1,transport,2012,12032.543632735
Australia,AUS,"Air transport, freight (million ton-km)",IS.AIR.GOOD.MT.K1,transport,2012,2731.69798
Bahrain,BHR,"Air transport, freight (million ton-km)",IS.AIR.GOOD.MT.K1,transport,2012,338.071008606076
Canada,CAN,"Air transport, freight (million ton-km)",IS.AIR.GOOD.MT.K1,transport,2012,1960.0
China,CHN,"Air transport, freight (million ton-km)",IS.AIR.GOOD.MT.K1,transport,2012,15568.753
Germany,DEU,"Air transport, freight (million ton-km)",IS.AIR.GOOD.MT.K1,transport,2012,7236.98063027006
"Egypt, Arab Rep.",EGY,"Air transport, freight (million ton-km)",IS.AIR.GOOD.MT.K1,transport,2012,356.265453827017
Euro area,EMU,"Air transport, freight (million ton-km)",IS.AIR.GOOD.MT.K1,transport,2012,27065.320940028
European Union,EUU,"Air transport, freight (million ton-km)",IS.AIR.GOOD.MT.K1,transport,2012,27690.3444145666
France,FRA,"Air transport, freight (million ton-km)",IS.AIR.GOOD.MT.K1,transport,2012,4626.15380961188
United Kingdom,GBR,"Air transport, freight (million ton-km)",IS.AIR.GOOD.MT.K1,transport,2012,6243.54285285133
Greece,GRC,"Air transport, freight (million ton-km)",IS.AIR.GOOD.MT.K1,transport,2012,2.31403046797287
India,IND,"Air transport, freight (million ton-km)",IS.AIR.GOOD.MT.K1,transport,2012,1579.229879
Iraq,IRQ,"Air transport, freight (million ton-km)",IS.AIR.GOOD.MT.K1,transport,2012,15.3356283184479
Italy,ITA,"Air transport, freight (million ton-km)",IS.AIR.GOOD.MT.K1,transport,2012,795.11615
Jordan,JOR,"Air transport, freight (million ton-km)",IS.AIR.GOOD.MT.K1,transport,2012,188.06493
Kuwait,KWT,"Air transport, freight (million ton-km)",IS.AIR.GOOD.MT.K1,transport,2012,267.254
Lebanon,LBN,"Air transport, freight (million ton-km)",IS.AIR.GOOD.MT.K1,transport,2012,50.619
Oman,OMN,"Air transport, freight (million ton-km)",IS.AIR.GOOD.MT.K1,transport,2012,240.695
Qatar,QAT,"Air transport, freight (million ton-km)",IS.AIR.GOOD.MT.K1,transport,2012,4306.922
Saudi Arabia,SAU,"Air transport, freight (million ton-km)",IS.AIR.GOOD.MT.K1,transport,2012,1815.016
Turkiye,TUR,"Air transport, freight (million ton-km)",IS.AIR.GOOD.MT.K1,transport,2012,1933.67835962636
United States,USA,"Air transport, freight (million ton-km)",IS.AIR.GOOD.MT.K1,transport,2012,39111.3403776909
World,WLD,"Air transport, freight (million ton-km)",IS.AIR.GOOD.MT.K1,transport,2012,175567.342248843
United Arab Emirates,ARE,"Air transport, freight (million ton-km)",IS.AIR.GOOD.MT.K1,transport,2013,14082.25474
Australia,AUS,"Air transport, freight (million ton-km)",IS.AIR.GOOD.MT.K1,transport,2013,1984.693734
Bahrain,BHR,"Air transport, freight (million ton-km)",IS.AIR.GOOD.MT.K1,transport,2013,265.615452
Canada,CAN,"Air transport, freight (million ton-km)",IS.AIR.GOOD.MT.K1,transport,2013,1946.30559714895
China,CHN,"Air transport, freight (million ton-km)",IS.AIR.GOOD.MT.K1,transport,2013,16053.7331
Germany,DEU,"Air transport, freight (million ton-km)",IS.AIR.GOOD.MT.K1,transport,2013,7335.69940204315
"Egypt, Arab Rep.",EGY,"Air transport, freight (million ton-km)",IS.AIR.GOOD.MT.K1,transport,2013,386.683474639046
Euro area,EMU,"Air transport, freight (million ton-km)",IS.AIR.GOOD.MT.K1,transport,2013,27506.8290002242
European Union,EUU,"Air transport, freight (million ton-km)",IS.AIR.GOOD.MT.K1,transport,2013,28221.6599030041
France,FRA,"Air transport, freight (million ton-km)",IS.AIR.GOOD.MT.K1,transport,2013,4327.126
United Kingdom,GBR,"Air transport, freight (million ton-km)",IS.AIR.GOOD.MT.K1,transport,2013,6031.574712
Greece,GRC,"Air transport, freight (million ton-km)",IS.AIR.GOOD.MT.K1,transport,2013,0.593232
India,IND,"Air transport, freight (million ton-km)",IS.AIR.GOOD.MT.K1,transport,2013,1733.76172
Iraq,IRQ,"Air transport, freight (million ton-km)",IS.AIR.GOOD.MT.K1,transport,2013,10.619112
Italy,ITA,"Air transport, freight (million ton-km)",IS.AIR.GOOD.MT.K1,transport,2013,892.930674
Jordan,JOR,"Air transport, freight (million ton-km)",IS.AIR.GOOD.MT.K1,transport,2013,172.126
Kuwait,KWT,"Air transport, freight (million ton-km)",IS.AIR.GOOD.MT.K1,transport,2013,245.968996
Lebanon,LBN,"Air transport, freight (million ton-km)",IS.AIR.GOOD.MT.K1,transport,2013,70.098
Oman,OMN,"Air transport, freight (million ton-km)",IS.AIR.GOOD.MT.K1,transport,2013,251.141
Qatar,QAT,"Air transport, freight (million ton-km)",IS.AIR.GOOD.MT.K1,transport,2013,4960.582
Saudi Arabia,SAU,"Air transport, freight (million ton-km)",IS.AIR.GOOD.MT.K1,transport,2013,1694.372004
Turkiye,TUR,"Air transport, freight (million ton-km)",IS.AIR.GOOD.MT.K1,transport,2013,2296.03873424933
United States,USA,"Air transport, freight (million ton-km)",IS.AIR.GOOD.MT.K1,transport,2013,37113.5589216014
World,WLD,"Air transport, freight (million ton-km)",IS.AIR.GOOD.MT.K1,transport,2013,176421.557813547
United Arab Emirates,ARE,"Air transport, freight (million ton-km)",IS.AIR.GOOD.MT.K1,transport,2014,15527.192868
Australia,AUS,"Air transport, freight (million ton-km)",IS.AIR.GOOD.MT.K1,transport,2014,1925.77200862967
Bahrain,BHR,"Air transport, freight (million ton-km)",IS.AIR.GOOD.MT.K1,transport,2014,258.367992
Canada,CAN,"Air transport, freight (million ton-km)",IS.AIR.GOOD.MT.K1,transport,2014,2084.318163
China,CHN,"Air transport, freight (million ton-km)",IS.AIR.GOOD.MT.K1,transport,2014,17822.581
Germany,DEU,"Air transport, freight (million ton-km)",IS.AIR.GOOD.MT.K1,transport,2014,7184.14620802563
"Egypt, Arab Rep.",EGY,"Air transport, freight (million ton-km)",IS.AIR.GOOD.MT.K1,transport,2014,418.691607425321
Euro area,EMU,"Air transport, freight (million ton-km)",IS.AIR.GOOD.MT.K1,transport,2014,27912.7684810256
European Union,EUU,"Air transport, freight (million ton-km)",IS.AIR.GOOD.MT.K1,transport,2014,28755.7275396056
France,FRA,"Air transport, freight (million ton-km)",IS.AIR.GOOD.MT.K1,transport,2014,4151.293
United Kingdom,GBR,"Air transport, freight (million ton-km)",IS.AIR.GOOD.MT.K1,transport,2014,5974.825151208
Greece,GRC,"Air transport, freight (million ton-km)",IS.AIR.GOOD.MT.K1,transport,2014,19.359432
India,IND,"Air transport, freight (million ton-km)",IS.AIR.GOOD.MT.K1,transport,2014,1851.32674
Iraq,IRQ,"Air transport, freight (million ton-km)",IS.AIR.GOOD.MT.K1,transport,2014,10.619112
Italy,ITA,"Air transport, freight (million ton-km)",IS.AIR.GOOD.MT.K1,transport,2014,989.179882
Jordan,JOR,"Air transport, freight (million ton-km)",IS.AIR.GOOD.MT.K1,transport,2014,171.97
Kuwait,KWT,"Air transport, freight (million ton-km)",IS.AIR.GOOD.MT.K1,transport,2014,267.877606
Lebanon,LBN,"Air transport, freight (million ton-km)",IS.AIR.GOOD.MT.K1,transport,2014,59.58
Oman,OMN,"Air transport, freight (million ton-km)",IS.AIR.GOOD.MT.K1,transport,2014,291.939
Qatar,QAT,"Air transport, freight (million ton-km)",IS.AIR.GOOD.MT.K1,transport,2014,5993.108
Saudi Arabia,SAU,"Air transport, freight (million ton-km)",IS.AIR.GOOD.MT.K1,transport,2014,1599.921996
Turkiye,TUR,"Air transport, freight (million ton-km)",IS.AIR.GOOD.MT.K1,transport,2014,2630.33
United States,USA,"Air transport, freight (million ton-km)",IS.AIR.GOOD.MT.K1,transport,2014,38225.1960889445
World,WLD,"Air transport, freight (million ton-km)",IS.AIR.GOOD.MT.K1,transport,2014,185517.109461419
United Arab Emirates,ARE,"Air transport, freight (million ton-km)",IS.AIR.GOOD.MT.K1,transport,2015,15962.692
Australia,AUS,"Air transport, freight (million ton-km)",IS.AIR.GOOD.MT.K1,transport,2015,1907.05190944687
Bahrain,BHR,"Air transport, freight (million ton-km)",IS.AIR.GOOD.MT.K1,transport,2015,240.107004
Canada,CAN,"Air transport, freight (million ton-km)",IS.AIR.GOOD.MT.K1,transport,2015,2074.830881067
China,CHN,"Air transport, freight (million ton-km)",IS.AIR.GOOD.MT.K1,transport,2015,19805.63
Germany,DEU,"Air transport, freight (million ton-km)",IS.AIR.GOOD.MT.K1,transport,2015,6986.405444999
"Egypt, Arab Rep.",EGY,"Air transport, freight (million ton-km)",IS.AIR.GOOD.MT.K1,transport,2015,377.360014527
Euro area,EMU,"Air transport, freight (million ton-km)",IS.AIR.GOOD.MT.K1,transport,2015,27731.629597157
European Union,EUU,"Air transport, freight (million ton-km)",IS.AIR.GOOD.MT.K1,transport,2015,28471.856739033
France,FRA,"Air transport, freight (million ton-km)",IS.AIR.GOOD.MT.K1,transport,2015,4098.31
United Kingdom,GBR,"Air transport, freight (million ton-km)",IS.AIR.GOOD.MT.K1,transport,2015,5423.17313862741
Greece,GRC,"Air transport, freight (million ton-km)",IS.AIR.GOOD.MT.K1,transport,2015,26.10771098
India,IND,"Air transport, freight (million ton-km)",IS.AIR.GOOD.MT.K1,transport,2015,1833.847614
Iraq,IRQ,"Air transport, freight (million ton-km)",IS.AIR.GOOD.MT.K1,transport,2015,1.218202664
Italy,ITA,"Air transport, freight (million ton-km)",IS.AIR.GOOD.MT.K1,transport,2015,945.2649666
Jordan,JOR,"Air transport, freight (million ton-km)",IS.AIR.GOOD.MT.K1,transport,2015,169.105
Kuwait,KWT,"Air transport, freight (million ton-km)",IS.AIR.GOOD.MT.K1,transport,2015,216.335004
Lebanon,LBN,"Air transport, freight (million ton-km)",IS.AIR.GOOD.MT.K1,transport,2015,54.077
Oman,OMN,"Air transport, freight (million ton-km)",IS.AIR.GOOD.MT.K1,transport,2015,412.234008
Qatar,QAT,"Air transport, freight (million ton-km)",IS.AIR.GOOD.MT.K1,transport,2015,7563.30739
Saudi Arabia,SAU,"Air transport, freight (million ton-km)",IS.AIR.GOOD.MT.K1,transport,2015,826.83
Turkiye,TUR,"Air transport, freight (million ton-km)",IS.AIR.GOOD.MT.K1,transport,2015,2882.162
United States,USA,"Air transport, freight (million ton-km)",IS.AIR.GOOD.MT.K1,transport,2015,37866.224512
World,WLD,"Air transport, freight (million ton-km)",IS.AIR.GOOD.MT.K1,transport,2015,188363.416312345
United Arab Emirates,ARE,"Air transport, freight (million ton-km)",IS.AIR.GOOD.MT.K1,transport,2016,16138.874
Australia,AUS,"Air transport, freight (million ton-km)",IS.AIR.GOOD.MT.K1,transport,2016,1868.73262766
Bahrain,BHR,"Air transport, freight (million ton-km)",IS.AIR.GOOD.MT.K1,transport,2016,387.310813088
Canada,CAN,"Air transport, freight (million ton-km)",IS.AIR.GOOD.MT.K1,transport,2016,2246.22709557467
China,CHN,"Air transport, freight (million ton-km)",IS.AIR.GOOD.MT.K1,transport,2016,21304.5851
Germany,DEU,"Air transport, freight (million ton-km)",IS.AIR.GOOD.MT.K1,transport,2016,6942.706331998
"Egypt, Arab Rep.",EGY,"Air transport, freight (million ton-km)",IS.AIR.GOOD.MT.K1,transport,2016,374.357162291
Euro area,EMU,"Air transport, freight (million ton-km)",IS.AIR.GOOD.MT.K1,transport,2016,28005.6544125883
European Union,EUU,"Air transport, freight (million ton-km)",IS.AIR.GOOD.MT.K1,transport,2016,28880.7246255883
France,FRA,"Air transport, freight (million ton-km)",IS.AIR.GOOD.MT.K1,transport,2016,4155.407
United Kingdom,GBR,"Air transport, freight (million ton-km)",IS.AIR.GOOD.MT.K1,transport,2016,5512.672996428
Greece,GRC,"Air transport, freight (million ton-km)",IS.AIR.GOOD.MT.K1,transport,2016,23.993
India,IND,"Air transport, freight (million ton-km)",IS.AIR.GOOD.MT.K1,transport,2016,1893.8815
Iraq,IRQ,"Air transport, freight (million ton-km)",IS.AIR.GOOD.MT.K1,transport,2016,0.9519664068
Italy,ITA,"Air transport, freight (million ton-km)",IS.AIR.GOOD.MT.K1,transport,2016,1083.244836
Jordan,JOR,"Air transport, freight (million ton-km)",IS.AIR.GOOD.MT.K1,transport,2016,144.211200649
Kuwait,KWT,"Air transport, freight (million ton-km)",IS.AIR.GOOD.MT.K1,transport,2016,223.005444
Lebanon,LBN,"Air transport, freight (million ton-km)",IS.AIR.GOOD.MT.K1,transport,2016,45.558
Oman,OMN,"Air transport, freight (million ton-km)",IS.AIR.GOOD.MT.K1,transport,2016,425.202175
Qatar,QAT,"Air transport, freight (million ton-km)",IS.AIR.GOOD.MT.K1,transport,2016,9206.16533
Saudi Arabia,SAU,"Air transport, freight (million ton-km)",IS.AIR.GOOD.MT.K1,transport,2016,833.991
Turkiye,TUR,"Air transport, freight (million ton-km)",IS.AIR.GOOD.MT.K1,transport,2016,3493.930482468
United States,USA,"Air transport, freight (million ton-km)",IS.AIR.GOOD.MT.K1,transport,2016,38657.919041
World,WLD,"Air transport, freight (million ton-km)",IS.AIR.GOOD.MT.K1,transport,2016,195588.275094034
United Arab Emirates,ARE,"Air transport, freight (million ton-km)",IS.AIR.GOOD.MT.K1,transport,2017,16616.24461
Australia,AUS,"Air transport, freight (million ton-km)",IS.AIR.GOOD.MT.K1,transport,2017,1982.586170817
Bahrain,BHR,"Air transport, freight (million ton-km)",IS.AIR.GOOD.MT.K1,transport,2017,390.39
Canada,CAN,"Air transport, freight (million ton-km)",IS.AIR.GOOD.MT.K1,transport,2017,2840.9851350232
China,CHN,"Air transport, freight (million ton-km)",IS.AIR.GOOD.MT.K1,transport,2017,23323.6147
Germany,DEU,"Air transport, freight (million ton-km)",IS.AIR.GOOD.MT.K1,transport,2017,7901.65234423
"Egypt, Arab Rep.",EGY,"Air transport, freight (million ton-km)",IS.AIR.GOOD.MT.K1,transport,2017,403.828739
Euro area,EMU,"Air transport, freight (million ton-km)",IS.AIR.GOOD.MT.K1,transport,2017,31281.2670635479
European Union,EUU,"Air transport, freight (million ton-km)",IS.AIR.GOOD.MT.K1,transport,2017,32295.7002135479
France,FRA,"Air transport, freight (million ton-km)",IS.AIR.GOOD.MT.K1,transport,2017,4260.597
United Kingdom,GBR,"Air transport, freight (million ton-km)",IS.AIR.GOOD.MT.K1,transport,2017,5915.641
Greece,GRC,"Air transport, freight (million ton-km)",IS.AIR.GOOD.MT.K1,transport,2017,23.525
India,IND,"Air transport, freight (million ton-km)",IS.AIR.GOOD.MT.K1,transport,2017,2407.098107
Iraq,IRQ,"Air transport, freight (million ton-km)",IS.AIR.GOOD.MT.K1,transport,2017,15.587857428
Italy,ITA,"Air transport, freight (million ton-km)",IS.AIR.GOOD.MT.K1,transport,2017,1437.245062
Jordan,JOR,"Air transport, freight (million ton-km)",IS.AIR.GOOD.MT.K1,transport,2017,158.95506
Kuwait,KWT,"Air transport, freight (million ton-km)",IS.AIR.GOOD.MT.K1,transport,2017,309.864884
Lebanon,LBN,"Air transport, freight (million ton-km)",IS.AIR.GOOD.MT.K1,transport,2017,53.387
Oman,OMN,"Air transport, freight (million ton-km)",IS.AIR.GOOD.MT.K1,transport,2017,434.92173
Qatar,QAT,"Air transport, freight (million ton-km)",IS.AIR.GOOD.MT.K1,transport,2017,10970.08988
Saudi Arabia,SAU,"Air transport, freight (million ton-km)",IS.AIR.GOOD.MT.K1,transport,2017,867.640758
Turkiye,TUR,"Air transport, freight (million ton-km)",IS.AIR.GOOD.MT.K1,transport,2017,4800.237745146
United States,USA,"Air transport, freight (million ton-km)",IS.AIR.GOOD.MT.K1,transport,2017,41591.551767
World,WLD,"Air transport, freight (million ton-km)",IS.AIR.GOOD.MT.K1,transport,2017,213628.647172062
United Arab Emirates,ARE,"Air transport, freight (million ton-km)",IS.AIR.GOOD.MT.K1,transport,2018,15962.90443
Australia,AUS,"Air transport, freight (million ton-km)",IS.AIR.GOOD.MT.K1,transport,2018,2027.63710989603
Bahrain,BHR,"Air transport, freight (million ton-km)",IS.AIR.GOOD.MT.K1,transport,2018,420.98375
Canada,CAN,"Air transport, freight (million ton-km)",IS.AIR.GOOD.MT.K1,transport,2018,2482.0
China,CHN,"Air transport, freight (million ton-km)",IS.AIR.GOOD.MT.K1,transport,2018,25256.2071
Germany,DEU,"Air transport, freight (million ton-km)",IS.AIR.GOOD.MT.K1,transport,2018,7969.86364
"Egypt, Arab Rep.",EGY,"Air transport, freight (million ton-km)",IS.AIR.GOOD.MT.K1,transport,2018,437.625328
Euro area,EMU,"Air transport, freight (million ton-km)",IS.AIR.GOOD.MT.K1,transport,2018,31432.8952796518
European Union,EUU,"Air transport, freight (million ton-km)",IS.AIR.GOOD.MT.K1,transport,2018,32723.3196496518
France,FRA,"Air transport, freight (million ton-km)",IS.AIR.GOOD.MT.K1,transport,2018,4443.789
United Kingdom,GBR,"Air transport, freight (million ton-km)",IS.AIR.GOOD.MT.K1,transport,2018,6198.37
Greece,GRC,"Air transport, freight (million ton-km)",IS.AIR.GOOD.MT.K1,transport,2018,21.909
India,IND,"Air transport, freight (million ton-km)",IS.AIR.GOOD.MT.K1,transport,2018,2703.96417383
Iraq,IRQ,"Air transport, freight (million ton-km)",IS.AIR.GOOD.MT.K1,transport,2018,16.199317
Italy,ITA,"Air transport, freight (million ton-km)",IS.AIR.GOOD.MT.K1,transport,2018,1418.004731
Jordan,JOR,"Air transport, freight (million ton-km)",IS.AIR.GOOD.MT.K1,transport,2018,175.8386
Kuwait,KWT,"Air transport, freight (million ton-km)",IS.AIR.GOOD.MT.K1,transport,2018,392.363053
Lebanon,LBN,"Air transport, freight (million ton-km)",IS.AIR.GOOD.MT.K1,transport,2018,56.569
Oman,OMN,"Air transport, freight (million ton-km)",IS.AIR.GOOD.MT.K1,transport,2018,510.425983
Qatar,QAT,"Air transport, freight (million ton-km)",IS.AIR.GOOD.MT.K1,transport,2018,12666.7094
Saudi Arabia,SAU,"Air transport, freight (million ton-km)",IS.AIR.GOOD.MT.K1,transport,2018,1085.47
Turkiye,TUR,"Air transport, freight (million ton-km)",IS.AIR.GOOD.MT.K1,transport,2018,5949.212205544
United States,USA,"Air transport, freight (million ton-km)",IS.AIR.GOOD.MT.K1,transport,2018,42985.299596
World,WLD,"Air transport, freight (million ton-km)",IS.AIR.GOOD.MT.K1,transport,2018,222156.700779335
United Arab Emirates,ARE,"Air transport, freight (million ton-km)",IS.AIR.GOOD.MT.K1,transport,2019,14765.5995814573
Australia,AUS,"Air transport, freight (million ton-km)",IS.AIR.GOOD.MT.K1,transport,2019,1931.1555305
Bahrain,BHR,"Air transport, freight (million ton-km)",IS.AIR.GOOD.MT.K1,transport,2019,311.15413
Canada,CAN,"Air transport, freight (million ton-km)",IS.AIR.GOOD.MT.K1,transport,2019,3109.04305844707
China,CHN,"Air transport, freight (million ton-km)",IS.AIR.GOOD.MT.K1,transport,2019,25394.5878
Germany,DEU,"Air transport, freight (million ton-km)",IS.AIR.GOOD.MT.K1,transport,2019,7763.61921423928
"Egypt, Arab Rep.",EGY,"Air transport, freight (million ton-km)",IS.AIR.GOOD.MT.K1,transport,2019,483.4138791
Euro area,EMU,"Air transport, freight (million ton-km)",IS.AIR.GOOD.MT.K1,transport,2019,31157.4144194713
European Union,EUU,"Air transport, freight (million ton-km)",IS.AIR.GOOD.MT.K1,transport,2019,32487.0026311868
France,FRA,"Air transport, freight (million ton-km)",IS.AIR.GOOD.MT.K1,transport,2019,4522.586
United Kingdom,GBR,"Air transport, freight (million ton-km)",IS.AIR.GOOD.MT.K1,transport,2019,5851.19
Greece,GRC,"Air transport, freight (million ton-km)",IS.AIR.GOOD.MT.K1,transport,2019,23.90576
India,IND,"Air transport, freight (million ton-km)",IS.AIR.GOOD.MT.K1,transport,2019,1938.232596
Iraq,IRQ,"Air transport, freight (million ton-km)",IS.AIR.GOOD.MT.K1,transport,2019,0.0
Italy,ITA,"Air transport, freight (million ton-km)",IS.AIR.GOOD.MT.K1,transport,2019,1344.955151
Jordan,JOR,"Air transport, freight (million ton-km)",IS.AIR.GOOD.MT.K1,transport,2019,153.56892
Kuwait,KWT,"Air transport, freight (million ton-km)",IS.AIR.GOOD.MT.K1,transport,2019,364.649349
Lebanon,LBN,"Air transport, freight (million ton-km)",IS.AIR.GOOD.MT.K1,transport,2019,51.70094
Oman,OMN,"Air transport, freight (million ton-km)",IS.AIR.GOOD.MT.K1,transport,2019,566.923
Qatar,QAT,"Air transport, freight (million ton-km)",IS.AIR.GOOD.MT.K1,transport,2019,12739.81097
Saudi Arabia,SAU,"Air transport, freight (million ton-km)",IS.AIR.GOOD.MT.K1,transport,2019,2043.245359
Turkiye,TUR,"Air transport, freight (million ton-km)",IS.AIR.GOOD.MT.K1,transport,2019,6815.50975
United States,USA,"Air transport, freight (million ton-km)",IS.AIR.GOOD.MT.K1,transport,2019,42498.262662
World,WLD,"Air transport, freight (million ton-km)",IS.AIR.GOOD.MT.K1,transport,2019,219524.447845005
United Arab Emirates,ARE,"Air transport, freight (million ton-km)",IS.AIR.GOOD.MT.K1,transport,2020,12171.5568
Australia,AUS,"Air transport, freight (million ton-km)",IS.AIR.GOOD.MT.K1,transport,2020,1316.50942
Bahrain,BHR,"Air transport, freight (million ton-km)",IS.AIR.GOOD.MT.K1,transport,2020,191.96251
Canada,CAN,"Air transport, freight (million ton-km)",IS.AIR.GOOD.MT.K1,transport,2020,2306.166349
China,CHN,"Air transport, freight (million ton-km)",IS.AIR.GOOD.MT.K1,transport,2020,19264.2436
Germany,DEU,"Air transport, freight (million ton-km)",IS.AIR.GOOD.MT.K1,transport,2020,9166.3712826
"Egypt, Arab Rep.",EGY,"Air transport, freight (million ton-km)",IS.AIR.GOOD.MT.K1,transport,2020,438.908903264
Euro area,EMU,"Air transport, freight (million ton-km)",IS.AIR.GOOD.MT.K1,transport,2020,26850.5684129143
European Union,EUU,"Air transport, freight (million ton-km)",IS.AIR.GOOD.MT.K1,transport,2020,27300.7565480053
France,FRA,"Air transport, freight (million ton-km)",IS.AIR.GOOD.MT.K1,transport,2020,2467.943
United Kingdom,GBR,"Air transport, freight (million ton-km)",IS.AIR.GOOD.MT.K1,transport,2020,3667.467
Greece,GRC,"Air transport, freight (million ton-km)",IS.AIR.GOOD.MT.K1,transport,2020,10.09844
India,IND,"Air transport, freight (million ton-km)",IS.AIR.GOOD.MT.K1,transport,2020,875.122843
Italy,ITA,"Air transport, freight (million ton-km)",IS.AIR.GOOD.MT.K1,transport,2020,978.76063
Jordan,JOR,"Air transport, freight (million ton-km)",IS.AIR.GOOD.MT.K1,transport,2020,74.66289
Kuwait,KWT,"Air transport, freight (million ton-km)",IS.AIR.GOOD.MT.K1,transport,2020,119.717272
Lebanon,LBN,"Air transport, freight (million ton-km)",IS.AIR.GOOD.MT.K1,transport,2020,19.11662
Oman,OMN,"Air transport, freight (million ton-km)",IS.AIR.GOOD.MT.K1,transport,2020,51.918137
Qatar,QAT,"Air transport, freight (million ton-km)",IS.AIR.GOOD.MT.K1,transport,2020,13543.50932
Saudi Arabia,SAU,"Air transport, freight (million ton-km)",IS.AIR.GOOD.MT.K1,transport,2020,581.5205976
Turkiye,TUR,"Air transport, freight (million ton-km)",IS.AIR.GOOD.MT.K1,transport,2020,6870.46874
United States,USA,"Air transport, freight (million ton-km)",IS.AIR.GOOD.MT.K1,transport,2020,40793.094662
World,WLD,"Air transport, freight (million ton-km)",IS.AIR.GOOD.MT.K1,transport,2020,182526.184876548
United Arab Emirates,ARE,"Air transport, freight (million ton-km)",IS.AIR.GOOD.MT.K1,transport,2021,15300.72918
Australia,AUS,"Air transport, freight (million ton-km)",IS.AIR.GOOD.MT.K1,transport,2021,1244.7647
Bahrain,BHR,"Air transport, freight (million ton-km)",IS.AIR.GOOD.MT.K1,transport,2021,523.2992
Canada,CAN,"Air transport, freight (million ton-km)",IS.AIR.GOOD.MT.K1,transport,2021,3240.0
China,CHN,"Air transport, freight (million ton-km)",IS.AIR.GOOD.MT.K1,transport,2021,20961.2116
Germany,DEU,"Air transport, freight (million ton-km)",IS.AIR.GOOD.MT.K1,transport,2021,11533.04853603
"Egypt, Arab Rep.",EGY,"Air transport, freight (million ton-km)",IS.AIR.GOOD.MT.K1,transport,2021,589.483009
Euro area,EMU,"Air transport, freight (million ton-km)",IS.AIR.GOOD.MT.K1,transport,2021,33884.029326724
European Union,EUU,"Air transport, freight (million ton-km)",IS.AIR.GOOD.MT.K1,transport,2021,34449.730445731
France,FRA,"Air transport, freight (million ton-km)",IS.AIR.GOOD.MT.K1,transport,2021,4107.03
United Kingdom,GBR,"Air transport, freight (million ton-km)",IS.AIR.GOOD.MT.K1,transport,2021,4097.09
Greece,GRC,"Air transport, freight (million ton-km)",IS.AIR.GOOD.MT.K1,transport,2021,12.4593
India,IND,"Air transport, freight (million ton-km)",IS.AIR.GOOD.MT.K1,transport,2021,907.929041
Italy,ITA,"Air transport, freight (million ton-km)",IS.AIR.GOOD.MT.K1,transport,2021,1150.691582
Jordan,JOR,"Air transport, freight (million ton-km)",IS.AIR.GOOD.MT.K1,transport,2021,103.32204
Kuwait,KWT,"Air transport, freight (million ton-km)",IS.AIR.GOOD.MT.K1,transport,2021,200.1616
Lebanon,LBN,"Air transport, freight (million ton-km)",IS.AIR.GOOD.MT.K1,transport,2021,22.23564
Oman,OMN,"Air transport, freight (million ton-km)",IS.AIR.GOOD.MT.K1,transport,2021,254.45727
Qatar,QAT,"Air transport, freight (million ton-km)",IS.AIR.GOOD.MT.K1,transport,2021,15861.65425
Saudi Arabia,SAU,"Air transport, freight (million ton-km)",IS.AIR.GOOD.MT.K1,transport,2021,678.56349068879
Turkiye,TUR,"Air transport, freight (million ton-km)",IS.AIR.GOOD.MT.K1,transport,2021,9338.328585454
United States,USA,"Air transport, freight (million ton-km)",IS.AIR.GOOD.MT.K1,transport,2021,46004.645648
World,WLD,"Air transport, freight (million ton-km)",IS.AIR.GOOD.MT.K1,transport,2021,219227.32846961
United Arab Emirates,ARE,"Air transport, freight (million ton-km)",IS.AIR.GOOD.MT.K1,transport,2022,12994.52127
Australia,AUS,"Air transport, freight (million ton-km)",IS.AIR.GOOD.MT.K1,transport,2022,1196.58506186
Bahrain,BHR,"Air transport, freight (million ton-km)",IS.AIR.GOOD.MT.K1,transport,2022,899.09347
Canada,CAN,"Air transport, freight (million ton-km)",IS.AIR.GOOD.MT.K1,transport,2022,3097.628821
China,CHN,"Air transport, freight (million ton-km)",IS.AIR.GOOD.MT.K1,transport,2022,18964.4442
Germany,DEU,"Air transport, freight (million ton-km)",IS.AIR.GOOD.MT.K1,transport,2022,12857.217948
"Egypt, Arab Rep.",EGY,"Air transport, freight (million ton-km)",IS.AIR.GOOD.MT.K1,transport,2022,512.368573
Euro area,EMU,"Air transport, freight (million ton-km)",IS.AIR.GOOD.MT.K1,transport,2022,34277.940625526
European Union,EUU,"Air transport, freight (million ton-km)",IS.AIR.GOOD.MT.K1,transport,2022,35042.905774526
France,FRA,"Air transport, freight (million ton-km)",IS.AIR.GOOD.MT.K1,transport,2022,4090.1
United Kingdom,GBR,"Air transport, freight (million ton-km)",IS.AIR.GOOD.MT.K1,transport,2022,4019.826
Greece,GRC,"Air transport, freight (million ton-km)",IS.AIR.GOOD.MT.K1,transport,2022,18.188
India,IND,"Air transport, freight (million ton-km)",IS.AIR.GOOD.MT.K1,transport,2022,1462.126148332
Italy,ITA,"Air transport, freight (million ton-km)",IS.AIR.GOOD.MT.K1,transport,2022,1587.2563751
Jordan,JOR,"Air transport, freight (million ton-km)",IS.AIR.GOOD.MT.K1,transport,2022,120.73564
Kuwait,KWT,"Air transport, freight (million ton-km)",IS.AIR.GOOD.MT.K1,transport,2022,261.901728
Lebanon,LBN,"Air transport, freight (million ton-km)",IS.AIR.GOOD.MT.K1,transport,2022,36.227
Oman,OMN,"Air transport, freight (million ton-km)",IS.AIR.GOOD.MT.K1,transport,2022,281.59516
Qatar,QAT,"Air transport, freight (million ton-km)",IS.AIR.GOOD.MT.K1,transport,2022,14087.18535
Saudi Arabia,SAU,"Air transport, freight (million ton-km)",IS.AIR.GOOD.MT.K1,transport,2022,1438.61450068
Turkiye,TUR,"Air transport, freight (million ton-km)",IS.AIR.GOOD.MT.K1,transport,2022,8421.527714636
United States,USA,"Air transport, freight (million ton-km)",IS.AIR.GOOD.MT.K1,transport,2022,45972.789122
World,WLD,"Air transport, freight (million ton-km)",IS.AIR.GOOD.MT.K1,transport,2022,202493.42146133
United Arab Emirates,ARE,"Air transport, freight (million ton-km)",IS.AIR.GOOD.MT.K1,transport,2023,13566.15894
Australia,AUS,"Air transport, freight (million ton-km)",IS.AIR.GOOD.MT.K1,transport,2023,1188.14685942814
Bahrain,BHR,"Air transport, freight (million ton-km)",IS.AIR.GOOD.MT.K1,transport,2023,895.44023
Canada,CAN,"Air transport, freight (million ton-km)",IS.AIR.GOOD.MT.K1,transport,2023,2036.406681
China,CHN,"Air transport, freight (million ton-km)",IS.AIR.GOOD.MT.K1,transport,2023,26170.3716
Germany,DEU,"Air transport, freight (million ton-km)",IS.AIR.GOOD.MT.K1,transport,2023,12766.528681
"Egypt, Arab Rep.",EGY,"Air transport, freight (million ton-km)",IS.AIR.GOOD.MT.K1,transport,2023,492.65497
Euro area,EMU,"Air transport, freight (million ton-km)",IS.AIR.GOOD.MT.K1,transport,2023,33358.8291940564
European Union,EUU,"Air transport, freight (million ton-km)",IS.AIR.GOOD.MT.K1,transport,2023,34175.0390395104
France,FRA,"Air transport, freight (million ton-km)",IS.AIR.GOOD.MT.K1,transport,2023,4301.69
United Kingdom,GBR,"Air transport, freight (million ton-km)",IS.AIR.GOOD.MT.K1,transport,2023,4413.895
Greece,GRC,"Air transport, freight (million ton-km)",IS.AIR.GOOD.MT.K1,transport,2023,16.0232
India,IND,"Air transport, freight (million ton-km)",IS.AIR.GOOD.MT.K1,transport,2023,1806.986382
Italy,ITA,"Air transport, freight (million ton-km)",IS.AIR.GOOD.MT.K1,transport,2023,1120.9870294
Jordan,JOR,"Air transport, freight (million ton-km)",IS.AIR.GOOD.MT.K1,transport,2023,110.05604
Kuwait,KWT,"Air transport, freight (million ton-km)",IS.AIR.GOOD.MT.K1,transport,2023,331.172382
Lebanon,LBN,"Air transport, freight (million ton-km)",IS.AIR.GOOD.MT.K1,transport,2023,34.39593
Oman,OMN,"Air transport, freight (million ton-km)",IS.AIR.GOOD.MT.K1,transport,2023,542.341
Qatar,QAT,"Air transport, freight (million ton-km)",IS.AIR.GOOD.MT.K1,transport,2023,13926.596836363
Saudi Arabia,SAU,"Air transport, freight (million ton-km)",IS.AIR.GOOD.MT.K1,transport,2023,1036.791068
Turkiye,TUR,"Air transport, freight (million ton-km)",IS.AIR.GOOD.MT.K1,transport,2023,8367.297795
United States,USA,"Air transport, freight (million ton-km)",IS.AIR.GOOD.MT.K1,transport,2023,42762.858703
World,WLD,"Air transport, freight (million ton-km)",IS.AIR.GOOD.MT.K1,transport,2023,213781.672499153
Australia,AUS,"Railways, goods transported (million ton-km)",IS.RRS.GOOD.MT.K6,transport,1995,106195.0
China,CHN,"Railways, goods transported (million ton-km)",IS.RRS.GOOD.MT.K6,transport,1995,1304950.0
Germany,DEU,"Railways, goods transported (million ton-km)",IS.RRS.GOOD.MT.K6,transport,1995,70500.0
"Egypt, Arab Rep.",EGY,"Railways, goods transported (million ton-km)",IS.RRS.GOOD.MT.K6,transport,1995,2830.0
Euro area,EMU,"Railways, goods transported (million ton-km)",IS.RRS.GOOD.MT.K6,transport,1995,7941.0
European Union,EUU,"Railways, goods transported (million ton-km)",IS.RRS.GOOD.MT.K6,transport,1995,8944.0
France,FRA,"Railways, goods transported (million ton-km)",IS.RRS.GOOD.MT.K6,transport,1995,46560.0
United Kingdom,GBR,"Railways, goods transported (million ton-km)",IS.RRS.GOOD.MT.K6,transport,1995,13300.0
Greece,GRC,"Railways, goods transported (million ton-km)",IS.RRS.GOOD.MT.K6,transport,1995,306.0
India,IND,"Railways, goods transported (million ton-km)",IS.RRS.GOOD.MT.K6,transport,1995,249564.0
Iraq,IRQ,"Railways, goods transported (million ton-km)",IS.RRS.GOOD.MT.K6,transport,1995,1120.0
Italy,ITA,"Railways, goods transported (million ton-km)",IS.RRS.GOOD.MT.K6,transport,1995,24050.0
Jordan,JOR,"Railways, goods transported (million ton-km)",IS.RRS.GOOD.MT.K6,transport,1995,706.0
Saudi Arabia,SAU,"Railways, goods transported (million ton-km)",IS.RRS.GOOD.MT.K6,transport,1995,822.0
Turkiye,TUR,"Railways, goods transported (million ton-km)",IS.RRS.GOOD.MT.K6,transport,1995,8632.0
United States,USA,"Railways, goods transported (million ton-km)",IS.RRS.GOOD.MT.K6,transport,1995,1906206.0
World,WLD,"Railways, goods transported (million ton-km)",IS.RRS.GOOD.MT.K6,transport,1995,2067.0
Australia,AUS,"Railways, goods transported (million ton-km)",IS.RRS.GOOD.MT.K6,transport,1996,110255.0
Canada,CAN,"Railways, goods transported (million ton-km)",IS.RRS.GOOD.MT.K6,transport,1996,245625.0
China,CHN,"Railways, goods transported (million ton-km)",IS.RRS.GOOD.MT.K6,transport,1996,1310620.0
Germany,DEU,"Railways, goods transported (million ton-km)",IS.RRS.GOOD.MT.K6,transport,1996,70000.0
"Egypt, Arab Rep.",EGY,"Railways, goods transported (million ton-km)",IS.RRS.GOOD.MT.K6,transport,1996,4117.0
Euro area,EMU,"Railways, goods transported (million ton-km)",IS.RRS.GOOD.MT.K6,transport,1996,7826.0
European Union,EUU,"Railways, goods transported (million ton-km)",IS.RRS.GOOD.MT.K6,transport,1996,8454.5
France,FRA,"Railways, goods transported (million ton-km)",IS.RRS.GOOD.MT.K6,transport,1996,48320.0
United Kingdom,GBR,"Railways, goods transported (million ton-km)",IS.RRS.GOOD.MT.K6,transport,1996,15100.0
Greece,GRC,"Railways, goods transported (million ton-km)",IS.RRS.GOOD.MT.K6,transport,1996,353.0
India,IND,"Railways, goods transported (million ton-km)",IS.RRS.GOOD.MT.K6,transport,1996,270489.0
Iraq,IRQ,"Railways, goods transported (million ton-km)",IS.RRS.GOOD.MT.K6,transport,1996,908.0
Italy,ITA,"Railways, goods transported (million ton-km)",IS.RRS.GOOD.MT.K6,transport,1996,23314.0
Jordan,JOR,"Railways, goods transported (million ton-km)",IS.RRS.GOOD.MT.K6,transport,1996,750.0
Saudi Arabia,SAU,"Railways, goods transported (million ton-km)",IS.RRS.GOOD.MT.K6,transport,1996,675.0
Turkiye,TUR,"Railways, goods transported (million ton-km)",IS.RRS.GOOD.MT.K6,transport,1996,9018.0
United States,USA,"Railways, goods transported (million ton-km)",IS.RRS.GOOD.MT.K6,transport,1996,1979622.0
World,WLD,"Railways, goods transported (million ton-km)",IS.RRS.GOOD.MT.K6,transport,1996,2085.0
Australia,AUS,"Railways, goods transported (million ton-km)",IS.RRS.GOOD.MT.K6,transport,1997,119619.0
Canada,CAN,"Railways, goods transported (million ton-km)",IS.RRS.GOOD.MT.K6,transport,1997,269458.0
China,CHN,"Railways, goods transported (million ton-km)",IS.RRS.GOOD.MT.K6,transport,1997,1326990.0
Germany,DEU,"Railways, goods transported (million ton-km)",IS.RRS.GOOD.MT.K6,transport,1997,73900.0
"Egypt, Arab Rep.",EGY,"Railways, goods transported (million ton-km)",IS.RRS.GOOD.MT.K6,transport,1997,3969.0
Euro area,EMU,"Railways, goods transported (million ton-km)",IS.RRS.GOOD.MT.K6,transport,1997,8043.5
European Union,EUU,"Railways, goods transported (million ton-km)",IS.RRS.GOOD.MT.K6,transport,1997,9239.0
France,FRA,"Railways, goods transported (million ton-km)",IS.RRS.GOOD.MT.K6,transport,1997,52630.0
United Kingdom,GBR,"Railways, goods transported (million ton-km)",IS.RRS.GOOD.MT.K6,transport,1997,16900.0
Greece,GRC,"Railways, goods transported (million ton-km)",IS.RRS.GOOD.MT.K6,transport,1997,344.0
India,IND,"Railways, goods transported (million ton-km)",IS.RRS.GOOD.MT.K6,transport,1997,277567.0
Iraq,IRQ,"Railways, goods transported (million ton-km)",IS.RRS.GOOD.MT.K6,transport,1997,947.0
Italy,ITA,"Railways, goods transported (million ton-km)",IS.RRS.GOOD.MT.K6,transport,1997,25228.0
Jordan,JOR,"Railways, goods transported (million ton-km)",IS.RRS.GOOD.MT.K6,transport,1997,622.0
Saudi Arabia,SAU,"Railways, goods transported (million ton-km)",IS.RRS.GOOD.MT.K6,transport,1997,813.0
Turkiye,TUR,"Railways, goods transported (million ton-km)",IS.RRS.GOOD.MT.K6,transport,1997,9718.0
United States,USA,"Railways, goods transported (million ton-km)",IS.RRS.GOOD.MT.K6,transport,1997,1969331.0
World,WLD,"Railways, goods transported (million ton-km)",IS.RRS.GOOD.MT.K6,transport,1997,2287.5
Australia,AUS,"Railways, goods transported (million ton-km)",IS.RRS.GOOD.MT.K6,transport,1998,125587.0
Canada,CAN,"Railways, goods transported (million ton-km)",IS.RRS.GOOD.MT.K6,transport,1998,256145.0
China,CHN,"Railways, goods transported (million ton-km)",IS.RRS.GOOD.MT.K6,transport,1998,1256010.0
Germany,DEU,"Railways, goods transported (million ton-km)",IS.RRS.GOOD.MT.K6,transport,1998,74200.0
"Egypt, Arab Rep.",EGY,"Railways, goods transported (million ton-km)",IS.RRS.GOOD.MT.K6,transport,1998,4004.0
Euro area,EMU,"Railways, goods transported (million ton-km)",IS.RRS.GOOD.MT.K6,transport,1998,7932.5
European Union,EUU,"Railways, goods transported (million ton-km)",IS.RRS.GOOD.MT.K6,transport,1998,9075.0
France,FRA,"Railways, goods transported (million ton-km)",IS.RRS.GOOD.MT.K6,transport,1998,52660.0
United Kingdom,GBR,"Railways, goods transported (million ton-km)",IS.RRS.GOOD.MT.K6,transport,1998,17340.0
Greece,GRC,"Railways, goods transported (million ton-km)",IS.RRS.GOOD.MT.K6,transport,1998,318.0
India,IND,"Railways, goods transported (million ton-km)",IS.RRS.GOOD.MT.K6,transport,1998,284249.0
Iraq,IRQ,"Railways, goods transported (million ton-km)",IS.RRS.GOOD.MT.K6,transport,1998,751.0
Italy,ITA,"Railways, goods transported (million ton-km)",IS.RRS.GOOD.MT.K6,transport,1998,24704.0
Saudi Arabia,SAU,"Railways, goods transported (million ton-km)",IS.RRS.GOOD.MT.K6,transport,1998,960.0
Turkiye,TUR,"Railways, goods transported (million ton-km)",IS.RRS.GOOD.MT.K6,transport,1998,8466.0
United States,USA,"Railways, goods transported (million ton-km)",IS.RRS.GOOD.MT.K6,transport,1998,2010027.0
World,WLD,"Railways, goods transported (million ton-km)",IS.RRS.GOOD.MT.K6,transport,1998,2594.5
Australia,AUS,"Railways, goods transported (million ton-km)",IS.RRS.GOOD.MT.K6,transport,1999,127963.0
Canada,CAN,"Railways, goods transported (million ton-km)",IS.RRS.GOOD.MT.K6,transport,1999,265707.0
China,CHN,"Railways, goods transported (million ton-km)",IS.RRS.GOOD.MT.K6,transport,1999,1291030.0
Germany,DEU,"Railways, goods transported (million ton-km)",IS.RRS.GOOD.MT.K6,transport,1999,71900.0
"Egypt, Arab Rep.",EGY,"Railways, goods transported (million ton-km)",IS.RRS.GOOD.MT.K6,transport,1999,3900.0
Euro area,EMU,"Railways, goods transported (million ton-km)",IS.RRS.GOOD.MT.K6,transport,1999,7620.5
European Union,EUU,"Railways, goods transported (million ton-km)",IS.RRS.GOOD.MT.K6,transport,1999,8801.0
France,FRA,"Railways, goods transported (million ton-km)",IS.RRS.GOOD.MT.K6,transport,1999,52120.0
United Kingdom,GBR,"Railways, goods transported (million ton-km)",IS.RRS.GOOD.MT.K6,transport,1999,18050.424536214
Greece,GRC,"Railways, goods transported (million ton-km)",IS.RRS.GOOD.MT.K6,transport,1999,384.0
India,IND,"Railways, goods transported (million ton-km)",IS.RRS.GOOD.MT.K6,transport,1999,281513.0
Iraq,IRQ,"Railways, goods transported (million ton-km)",IS.RRS.GOOD.MT.K6,transport,1999,821.0
Italy,ITA,"Railways, goods transported (million ton-km)",IS.RRS.GOOD.MT.K6,transport,1999,23781.0
Jordan,JOR,"Railways, goods transported (million ton-km)",IS.RRS.GOOD.MT.K6,transport,1999,622.0
Saudi Arabia,SAU,"Railways, goods transported (million ton-km)",IS.RRS.GOOD.MT.K6,transport,1999,900.0
Turkiye,TUR,"Railways, goods transported (million ton-km)",IS.RRS.GOOD.MT.K6,transport,1999,8446.0
United States,USA,"Railways, goods transported (million ton-km)",IS.RRS.GOOD.MT.K6,transport,1999,2092745.0
World,WLD,"Railways, goods transported (million ton-km)",IS.RRS.GOOD.MT.K6,transport,1999,2106.0
Australia,AUS,"Railways, goods transported (million ton-km)",IS.RRS.GOOD.MT.K6,transport,2000,133568.0
Canada,CAN,"Railways, goods transported (million ton-km)",IS.RRS.GOOD.MT.K6,transport,2000,283842.0
China,CHN,"Railways, goods transported (million ton-km)",IS.RRS.GOOD.MT.K6,transport,2000,1377050.0
Germany,DEU,"Railways, goods transported (million ton-km)",IS.RRS.GOOD.MT.K6,transport,2000,77500.0
"Egypt, Arab Rep.",EGY,"Railways, goods transported (million ton-km)",IS.RRS.GOOD.MT.K6,transport,2000,4012.0
Euro area,EMU,"Railways, goods transported (million ton-km)",IS.RRS.GOOD.MT.K6,transport,2000,8510.0
European Union,EUU,"Railways, goods transported (million ton-km)",IS.RRS.GOOD.MT.K6,transport,2000,9512.5
France,FRA,"Railways, goods transported (million ton-km)",IS.RRS.GOOD.MT.K6,transport,2000,55350.0
United Kingdom,GBR,"Railways, goods transported (million ton-km)",IS.RRS.GOOD.MT.K6,transport,2000,18169.862865357
Greece,GRC,"Railways, goods transported (million ton-km)",IS.RRS.GOOD.MT.K6,transport,2000,426.0
India,IND,"Railways, goods transported (million ton-km)",IS.RRS.GOOD.MT.K6,transport,2000,305201.0
Iraq,IRQ,"Railways, goods transported (million ton-km)",IS.RRS.GOOD.MT.K6,transport,2000,867.0
Italy,ITA,"Railways, goods transported (million ton-km)",IS.RRS.GOOD.MT.K6,transport,2000,25839.0
Jordan,JOR,"Railways, goods transported (million ton-km)",IS.RRS.GOOD.MT.K6,transport,2000,575.0
Saudi Arabia,SAU,"Railways, goods transported (million ton-km)",IS.RRS.GOOD.MT.K6,transport,2000,822.0
Turkiye,TUR,"Railways, goods transported (million ton-km)",IS.RRS.GOOD.MT.K6,transport,2000,9895.0
United States,USA,"Railways, goods transported (million ton-km)",IS.RRS.GOOD.MT.K6,transport,2000,2140191.0
World,WLD,"Railways, goods transported (million ton-km)",IS.RRS.GOOD.MT.K6,transport,2000,2264.5
Australia,AUS,"Railways, goods transported (million ton-km)",IS.RRS.GOOD.MT.K6,transport,2001,137534.0
Canada,CAN,"Railways, goods transported (million ton-km)",IS.RRS.GOOD.MT.K6,transport,2001,291518.0
China,CHN,"Railways, goods transported (million ton-km)",IS.RRS.GOOD.MT.K6,transport,2001,1469410.0
Germany,DEU,"Railways, goods transported (million ton-km)",IS.RRS.GOOD.MT.K6,transport,2001,76165.0
"Egypt, Arab Rep.",EGY,"Railways, goods transported (million ton-km)",IS.RRS.GOOD.MT.K6,transport,2001,4022.0
Euro area,EMU,"Railways, goods transported (million ton-km)",IS.RRS.GOOD.MT.K6,transport,2001,8149.0
European Union,EUU,"Railways, goods transported (million ton-km)",IS.RRS.GOOD.MT.K6,transport,2001,9207.0
France,FRA,"Railways, goods transported (million ton-km)",IS.RRS.GOOD.MT.K6,transport,2001,50344.0
United Kingdom,GBR,"Railways, goods transported (million ton-km)",IS.RRS.GOOD.MT.K6,transport,2001,19199.607124964
Greece,GRC,"Railways, goods transported (million ton-km)",IS.RRS.GOOD.MT.K6,transport,2001,379.0
India,IND,"Railways, goods transported (million ton-km)",IS.RRS.GOOD.MT.K6,transport,2001,312371.0
Iraq,IRQ,"Railways, goods transported (million ton-km)",IS.RRS.GOOD.MT.K6,transport,2001,1109.0
Italy,ITA,"Railways, goods transported (million ton-km)",IS.RRS.GOOD.MT.K6,transport,2001,24352.0
Jordan,JOR,"Railways, goods transported (million ton-km)",IS.RRS.GOOD.MT.K6,transport,2001,249.0
Saudi Arabia,SAU,"Railways, goods transported (million ton-km)",IS.RRS.GOOD.MT.K6,transport,2001,746.0
Turkiye,TUR,"Railways, goods transported (million ton-km)",IS.RRS.GOOD.MT.K6,transport,2001,7561.0
United States,USA,"Railways, goods transported (million ton-km)",IS.RRS.GOOD.MT.K6,transport,2001,2183277.0
World,WLD,"Railways, goods transported (million ton-km)",IS.RRS.GOOD.MT.K6,transport,2001,3942.0
Australia,AUS,"Railways, goods transported (million ton-km)",IS.RRS.GOOD.MT.K6,transport,2002,150513.0
Canada,CAN,"Railways, goods transported (million ton-km)",IS.RRS.GOOD.MT.K6,transport,2002,288701.0
China,CHN,"Railways, goods transported (million ton-km)",IS.RRS.GOOD.MT.K6,transport,2002,1565840.0
Germany,DEU,"Railways, goods transported (million ton-km)",IS.RRS.GOOD.MT.K6,transport,2002,76283.0
"Egypt, Arab Rep.",EGY,"Railways, goods transported (million ton-km)",IS.RRS.GOOD.MT.K6,transport,2002,4188.0
Euro area,EMU,"Railways, goods transported (million ton-km)",IS.RRS.GOOD.MT.K6,transport,2002,9680.5
European Union,EUU,"Railways, goods transported (million ton-km)",IS.RRS.GOOD.MT.K6,transport,2002,9732.0
France,FRA,"Railways, goods transported (million ton-km)",IS.RRS.GOOD.MT.K6,transport,2002,49977.0
United Kingdom,GBR,"Railways, goods transported (million ton-km)",IS.RRS.GOOD.MT.K6,transport,2002,18633.81459925
Greece,GRC,"Railways, goods transported (million ton-km)",IS.RRS.GOOD.MT.K6,transport,2002,327.0
India,IND,"Railways, goods transported (million ton-km)",IS.RRS.GOOD.MT.K6,transport,2002,333228.0
Iraq,IRQ,"Railways, goods transported (million ton-km)",IS.RRS.GOOD.MT.K6,transport,2002,1683.0
Italy,ITA,"Railways, goods transported (million ton-km)",IS.RRS.GOOD.MT.K6,transport,2002,23060.0
Jordan,JOR,"Railways, goods transported (million ton-km)",IS.RRS.GOOD.MT.K6,transport,2002,529.0
Saudi Arabia,SAU,"Railways, goods transported (million ton-km)",IS.RRS.GOOD.MT.K6,transport,2002,772.0
Turkiye,TUR,"Railways, goods transported (million ton-km)",IS.RRS.GOOD.MT.K6,transport,2002,7224.0
United States,USA,"Railways, goods transported (million ton-km)",IS.RRS.GOOD.MT.K6,transport,2002,2200123.0
World,WLD,"Railways, goods transported (million ton-km)",IS.RRS.GOOD.MT.K6,transport,2002,3422.0
Australia,AUS,"Railways, goods transported (million ton-km)",IS.RRS.GOOD.MT.K6,transport,2003,160580.0
Canada,CAN,"Railways, goods transported (million ton-km)",IS.RRS.GOOD.MT.K6,transport,2003,300424.0
China,CHN,"Railways, goods transported (million ton-km)",IS.RRS.GOOD.MT.K6,transport,2003,1724670.0
Germany,DEU,"Railways, goods transported (million ton-km)",IS.RRS.GOOD.MT.K6,transport,2003,79841.0
Euro area,EMU,"Railways, goods transported (million ton-km)",IS.RRS.GOOD.MT.K6,transport,2003,9858.5
European Union,EUU,"Railways, goods transported (million ton-km)",IS.RRS.GOOD.MT.K6,transport,2003,10080.0
France,FRA,"Railways, goods transported (million ton-km)",IS.RRS.GOOD.MT.K6,transport,2003,46758.0
United Kingdom,GBR,"Railways, goods transported (million ton-km)",IS.RRS.GOOD.MT.K6,transport,2003,18745.175509571
Greece,GRC,"Railways, goods transported (million ton-km)",IS.RRS.GOOD.MT.K6,transport,2003,456.0
India,IND,"Railways, goods transported (million ton-km)",IS.RRS.GOOD.MT.K6,transport,2003,353194.0
Italy,ITA,"Railways, goods transported (million ton-km)",IS.RRS.GOOD.MT.K6,transport,2003,22457.0
Jordan,JOR,"Railways, goods transported (million ton-km)",IS.RRS.GOOD.MT.K6,transport,2003,2422.5
Saudi Arabia,SAU,"Railways, goods transported (million ton-km)",IS.RRS.GOOD.MT.K6,transport,2003,880.0
Turkiye,TUR,"Railways, goods transported (million ton-km)",IS.RRS.GOOD.MT.K6,transport,2003,8669.0
United States,USA,"Railways, goods transported (million ton-km)",IS.RRS.GOOD.MT.K6,transport,2003,2264983.0
World,WLD,"Railways, goods transported (million ton-km)",IS.RRS.GOOD.MT.K6,transport,2003,3274.0
Australia,AUS,"Railways, goods transported (million ton-km)",IS.RRS.GOOD.MT.K6,transport,2004,168700.0
Canada,CAN,"Railways, goods transported (million ton-km)",IS.RRS.GOOD.MT.K6,transport,2004,327812.0
China,CHN,"Railways, goods transported (million ton-km)",IS.RRS.GOOD.MT.K6,transport,2004,1928880.0
Germany,DEU,"Railways, goods transported (million ton-km)",IS.RRS.GOOD.MT.K6,transport,2004,86409.0
"Egypt, Arab Rep.",EGY,"Railways, goods transported (million ton-km)",IS.RRS.GOOD.MT.K6,transport,2004,3840.0
Euro area,EMU,"Railways, goods transported (million ton-km)",IS.RRS.GOOD.MT.K6,transport,2004,9903.5
European Union,EUU,"Railways, goods transported (million ton-km)",IS.RRS.GOOD.MT.K6,transport,2004,10296.5
France,FRA,"Railways, goods transported (million ton-km)",IS.RRS.GOOD.MT.K6,transport,2004,45035.0
United Kingdom,GBR,"Railways, goods transported (million ton-km)",IS.RRS.GOOD.MT.K6,transport,2004,20136.782576286
Greece,GRC,"Railways, goods transported (million ton-km)",IS.RRS.GOOD.MT.K6,transport,2004,592.0
India,IND,"Railways, goods transported (million ton-km)",IS.RRS.GOOD.MT.K6,transport,2004,381241.0
Iraq,IRQ,"Railways, goods transported (million ton-km)",IS.RRS.GOOD.MT.K6,transport,2004,1079.0
Italy,ITA,"Railways, goods transported (million ton-km)",IS.RRS.GOOD.MT.K6,transport,2004,23271.0
Saudi Arabia,SAU,"Railways, goods transported (million ton-km)",IS.RRS.GOOD.MT.K6,transport,2004,1173.0
Turkiye,TUR,"Railways, goods transported (million ton-km)",IS.RRS.GOOD.MT.K6,transport,2004,9417.0
United States,USA,"Railways, goods transported (million ton-km)",IS.RRS.GOOD.MT.K6,transport,2004,2427268.0
World,WLD,"Railways, goods transported (million ton-km)",IS.RRS.GOOD.MT.K6,transport,2004,3904.0
Australia,AUS,"Railways, goods transported (million ton-km)",IS.RRS.GOOD.MT.K6,transport,2005,183944.0
Canada,CAN,"Railways, goods transported (million ton-km)",IS.RRS.GOOD.MT.K6,transport,2005,337953.0
China,CHN,"Railways, goods transported (million ton-km)",IS.RRS.GOOD.MT.K6,transport,2005,2072600.0
Germany,DEU,"Railways, goods transported (million ton-km)",IS.RRS.GOOD.MT.K6,transport,2005,95421.0
"Egypt, Arab Rep.",EGY,"Railways, goods transported (million ton-km)",IS.RRS.GOOD.MT.K6,transport,2005,3840.0
Euro area,EMU,"Railways, goods transported (million ton-km)",IS.RRS.GOOD.MT.K6,transport,2005,9584.5
European Union,EUU,"Railways, goods transported (million ton-km)",IS.RRS.GOOD.MT.K6,transport,2005,10172.5
France,FRA,"Railways, goods transported (million ton-km)",IS.RRS.GOOD.MT.K6,transport,2005,39659.0
United Kingdom,GBR,"Railways, goods transported (million ton-km)",IS.RRS.GOOD.MT.K6,transport,2005,21426.789011214
Greece,GRC,"Railways, goods transported (million ton-km)",IS.RRS.GOOD.MT.K6,transport,2005,613.0
India,IND,"Railways, goods transported (million ton-km)",IS.RRS.GOOD.MT.K6,transport,2005,407398.0
Iraq,IRQ,"Railways, goods transported (million ton-km)",IS.RRS.GOOD.MT.K6,transport,2005,733.0
Italy,ITA,"Railways, goods transported (million ton-km)",IS.RRS.GOOD.MT.K6,transport,2005,22199.0
Jordan,JOR,"Railways, goods transported (million ton-km)",IS.RRS.GOOD.MT.K6,transport,2005,517.999
Saudi Arabia,SAU,"Railways, goods transported (million ton-km)",IS.RRS.GOOD.MT.K6,transport,2005,1192.0
Turkiye,TUR,"Railways, goods transported (million ton-km)",IS.RRS.GOOD.MT.K6,transport,2005,9152.0
United States,USA,"Railways, goods transported (million ton-km)",IS.RRS.GOOD.MT.K6,transport,2005,2476653.0
World,WLD,"Railways, goods transported (million ton-km)",IS.RRS.GOOD.MT.K6,transport,2005,4037.0
Australia,AUS,"Railways, goods transported (million ton-km)",IS.RRS.GOOD.MT.K6,transport,2006,189425.0
Canada,CAN,"Railways, goods transported (million ton-km)",IS.RRS.GOOD.MT.K6,transport,2006,341514.0
China,CHN,"Railways, goods transported (million ton-km)",IS.RRS.GOOD.MT.K6,transport,2006,2195441.0
Germany,DEU,"Railways, goods transported (million ton-km)",IS.RRS.GOOD.MT.K6,transport,2006,107008.0
"Egypt, Arab Rep.",EGY,"Railways, goods transported (million ton-km)",IS.RRS.GOOD.MT.K6,transport,2006,4188.0
Euro area,EMU,"Railways, goods transported (million ton-km)",IS.RRS.GOOD.MT.K6,transport,2006,10203.0
European Union,EUU,"Railways, goods transported (million ton-km)",IS.RRS.GOOD.MT.K6,transport,2006,10739.0
France,FRA,"Railways, goods transported (million ton-km)",IS.RRS.GOOD.MT.K6,transport,2006,41179.0
United Kingdom,GBR,"Railways, goods transported (million ton-km)",IS.RRS.GOOD.MT.K6,transport,2006,21918.784355994
Greece,GRC,"Railways, goods transported (million ton-km)",IS.RRS.GOOD.MT.K6,transport,2006,662.0
India,IND,"Railways, goods transported (million ton-km)",IS.RRS.GOOD.MT.K6,transport,2006,439596.0
Iraq,IRQ,"Railways, goods transported (million ton-km)",IS.RRS.GOOD.MT.K6,transport,2006,64.0
Italy,ITA,"Railways, goods transported (million ton-km)",IS.RRS.GOOD.MT.K6,transport,2006,22907.0
Saudi Arabia,SAU,"Railways, goods transported (million ton-km)",IS.RRS.GOOD.MT.K6,transport,2006,1272.3
Turkiye,TUR,"Railways, goods transported (million ton-km)",IS.RRS.GOOD.MT.K6,transport,2006,9676.0
United States,USA,"Railways, goods transported (million ton-km)",IS.RRS.GOOD.MT.K6,transport,2006,2586836.0
World,WLD,"Railways, goods transported (million ton-km)",IS.RRS.GOOD.MT.K6,transport,2006,4893.0
Australia,AUS,"Railways, goods transported (million ton-km)",IS.RRS.GOOD.MT.K6,transport,2007,198961.0
Canada,CAN,"Railways, goods transported (million ton-km)",IS.RRS.GOOD.MT.K6,transport,2007,347922.0
China,CHN,"Railways, goods transported (million ton-km)",IS.RRS.GOOD.MT.K6,transport,2007,2379700.0
Germany,DEU,"Railways, goods transported (million ton-km)",IS.RRS.GOOD.MT.K6,transport,2007,114615.0
Euro area,EMU,"Railways, goods transported (million ton-km)",IS.RRS.GOOD.MT.K6,transport,2007,9038.5
European Union,EUU,"Railways, goods transported (million ton-km)",IS.RRS.GOOD.MT.K6,transport,2007,10285.5
France,FRA,"Railways, goods transported (million ton-km)",IS.RRS.GOOD.MT.K6,transport,2007,42612.0
United Kingdom,GBR,"Railways, goods transported (million ton-km)",IS.RRS.GOOD.MT.K6,transport,2007,21265.297399239
Greece,GRC,"Railways, goods transported (million ton-km)",IS.RRS.GOOD.MT.K6,transport,2007,835.0
India,IND,"Railways, goods transported (million ton-km)",IS.RRS.GOOD.MT.K6,transport,2007,480993.0
Italy,ITA,"Railways, goods transported (million ton-km)",IS.RRS.GOOD.MT.K6,transport,2007,23289.0
Jordan,JOR,"Railways, goods transported (million ton-km)",IS.RRS.GOOD.MT.K6,transport,2007,433.0
Saudi Arabia,SAU,"Railways, goods transported (million ton-km)",IS.RRS.GOOD.MT.K6,transport,2007,1630.0
Turkiye,TUR,"Railways, goods transported (million ton-km)",IS.RRS.GOOD.MT.K6,transport,2007,9921.0
United States,USA,"Railways, goods transported (million ton-km)",IS.RRS.GOOD.MT.K6,transport,2007,2584940.0
World,WLD,"Railways, goods transported (million ton-km)",IS.RRS.GOOD.MT.K6,transport,2007,5645.5
Australia,AUS,"Railways, goods transported (million ton-km)",IS.RRS.GOOD.MT.K6,transport,2008,218684.0
Canada,CAN,"Railways, goods transported (million ton-km)",IS.RRS.GOOD.MT.K6,transport,2008,334824.0
China,CHN,"Railways, goods transported (million ton-km)",IS.RRS.GOOD.MT.K6,transport,2008,2510628.0
Germany,DEU,"Railways, goods transported (million ton-km)",IS.RRS.GOOD.MT.K6,transport,2008,115652.0
"Egypt, Arab Rep.",EGY,"Railways, goods transported (million ton-km)",IS.RRS.GOOD.MT.K6,transport,2008,3840.367
Euro area,EMU,"Railways, goods transported (million ton-km)",IS.RRS.GOOD.MT.K6,transport,2008,8884.0
European Union,EUU,"Railways, goods transported (million ton-km)",IS.RRS.GOOD.MT.K6,transport,2008,10268.0
France,FRA,"Railways, goods transported (million ton-km)",IS.RRS.GOOD.MT.K6,transport,2008,40436.0
United Kingdom,GBR,"Railways, goods transported (million ton-km)",IS.RRS.GOOD.MT.K6,transport,2008,21076.885656054
Greece,GRC,"Railways, goods transported (million ton-km)",IS.RRS.GOOD.MT.K6,transport,2008,786.0
India,IND,"Railways, goods transported (million ton-km)",IS.RRS.GOOD.MT.K6,transport,2008,521371.0
Iraq,IRQ,"Railways, goods transported (million ton-km)",IS.RRS.GOOD.MT.K6,transport,2008,120.634
Italy,ITA,"Railways, goods transported (million ton-km)",IS.RRS.GOOD.MT.K6,transport,2008,21981.0
Jordan,JOR,"Railways, goods transported (million ton-km)",IS.RRS.GOOD.MT.K6,transport,2008,449.0
Saudi Arabia,SAU,"Railways, goods transported (million ton-km)",IS.RRS.GOOD.MT.K6,transport,2008,1748.0
Turkiye,TUR,"Railways, goods transported (million ton-km)",IS.RRS.GOOD.MT.K6,transport,2008,10739.0
United States,USA,"Railways, goods transported (million ton-km)",IS.RRS.GOOD.MT.K6,transport,2008,2594631.0
Australia,AUS,"Railways, goods transported (million ton-km)",IS.RRS.GOOD.MT.K6,transport,2009,237163.0
Canada,CAN,"Railways, goods transported (million ton-km)",IS.RRS.GOOD.MT.K6,transport,2009,294786.0
China,CHN,"Railways, goods transported (million ton-km)",IS.RRS.GOOD.MT.K6,transport,2009,2523917.0
Germany,DEU,"Railways, goods transported (million ton-km)",IS.RRS.GOOD.MT.K6,transport,2009,95834.0
Euro area,EMU,"Railways, goods transported (million ton-km)",IS.RRS.GOOD.MT.K6,transport,2009,6455.5
European Union,EUU,"Railways, goods transported (million ton-km)",IS.RRS.GOOD.MT.K6,transport,2009,7693.5
France,FRA,"Railways, goods transported (million ton-km)",IS.RRS.GOOD.MT.K6,transport,2009,32129.0
United Kingdom,GBR,"Railways, goods transported (million ton-km)",IS.RRS.GOOD.MT.K6,transport,2009,19171.477488606
Greece,GRC,"Railways, goods transported (million ton-km)",IS.RRS.GOOD.MT.K6,transport,2009,537.0
India,IND,"Railways, goods transported (million ton-km)",IS.RRS.GOOD.MT.K6,transport,2009,551448.0
Italy,ITA,"Railways, goods transported (million ton-km)",IS.RRS.GOOD.MT.K6,transport,2009,17791.0
Jordan,JOR,"Railways, goods transported (million ton-km)",IS.RRS.GOOD.MT.K6,transport,2009,353.0
Turkiye,TUR,"Railways, goods transported (million ton-km)",IS.RRS.GOOD.MT.K6,transport,2009,10326.0
United States,USA,"Railways, goods transported (million ton-km)",IS.RRS.GOOD.MT.K6,transport,2009,2236917.0
Australia,AUS,"Railways, goods transported (million ton-km)",IS.RRS.GOOD.MT.K6,transport,2010,258624.0
Canada,CAN,"Railways, goods transported (million ton-km)",IS.RRS.GOOD.MT.K6,transport,2010,332635.0
China,CHN,"Railways, goods transported (million ton-km)",IS.RRS.GOOD.MT.K6,transport,2010,2764413.0
Germany,DEU,"Railways, goods transported (million ton-km)",IS.RRS.GOOD.MT.K6,transport,2010,107317.0
"Egypt, Arab Rep.",EGY,"Railways, goods transported (million ton-km)",IS.RRS.GOOD.MT.K6,transport,2010,1592.136
Euro area,EMU,"Railways, goods transported (million ton-km)",IS.RRS.GOOD.MT.K6,transport,2010,7371.5
European Union,EUU,"Railways, goods transported (million ton-km)",IS.RRS.GOOD.MT.K6,transport,2010,8693.0
France,FRA,"Railways, goods transported (million ton-km)",IS.RRS.GOOD.MT.K6,transport,2010,29965.0
United Kingdom,GBR,"Railways, goods transported (million ton-km)",IS.RRS.GOOD.MT.K6,transport,2010,18576.419860376
Greece,GRC,"Railways, goods transported (million ton-km)",IS.RRS.GOOD.MT.K6,transport,2010,601.0
India,IND,"Railways, goods transported (million ton-km)",IS.RRS.GOOD.MT.K6,transport,2010,600548.0
Iraq,IRQ,"Railways, goods transported (million ton-km)",IS.RRS.GOOD.MT.K6,transport,2010,249.463
Italy,ITA,"Railways, goods transported (million ton-km)",IS.RRS.GOOD.MT.K6,transport,2010,18616.0
Jordan,JOR,"Railways, goods transported (million ton-km)",IS.RRS.GOOD.MT.K6,transport,2010,344.1
Saudi Arabia,SAU,"Railways, goods transported (million ton-km)",IS.RRS.GOOD.MT.K6,transport,2010,1852.472
Turkiye,TUR,"Railways, goods transported (million ton-km)",IS.RRS.GOOD.MT.K6,transport,2010,11462.0
United States,USA,"Railways, goods transported (million ton-km)",IS.RRS.GOOD.MT.K6,transport,2010,2468738.0
Australia,AUS,"Railways, goods transported (million ton-km)",IS.RRS.GOOD.MT.K6,transport,2011,261420.0
Canada,CAN,"Railways, goods transported (million ton-km)",IS.RRS.GOOD.MT.K6,transport,2011,347824.0
China,CHN,"Railways, goods transported (million ton-km)",IS.RRS.GOOD.MT.K6,transport,2011,2946579.0
Germany,DEU,"Railways, goods transported (million ton-km)",IS.RRS.GOOD.MT.K6,transport,2011,113317.0
Euro area,EMU,"Railways, goods transported (million ton-km)",IS.RRS.GOOD.MT.K6,transport,2011,7329.0
European Union,EUU,"Railways, goods transported (million ton-km)",IS.RRS.GOOD.MT.K6,transport,2011,9256.5
France,FRA,"Railways, goods transported (million ton-km)",IS.RRS.GOOD.MT.K6,transport,2011,34202.0
United Kingdom,GBR,"Railways, goods transported (million ton-km)",IS.RRS.GOOD.MT.K6,transport,2011,20973.823473378
Greece,GRC,"Railways, goods transported (million ton-km)",IS.RRS.GOOD.MT.K6,transport,2011,352.0
India,IND,"Railways, goods transported (million ton-km)",IS.RRS.GOOD.MT.K6,transport,2011,625723.0
Italy,ITA,"Railways, goods transported (million ton-km)",IS.RRS.GOOD.MT.K6,transport,2011,19787.0
Turkiye,TUR,"Railways, goods transported (million ton-km)",IS.RRS.GOOD.MT.K6,transport,2011,11677.0
United States,USA,"Railways, goods transported (million ton-km)",IS.RRS.GOOD.MT.K6,transport,2011,2524585.0
Australia,AUS,"Railways, goods transported (million ton-km)",IS.RRS.GOOD.MT.K6,transport,2012,290570.0
Canada,CAN,"Railways, goods transported (million ton-km)",IS.RRS.GOOD.MT.K6,transport,2012,368297.0
China,CHN,"Railways, goods transported (million ton-km)",IS.RRS.GOOD.MT.K6,transport,2012,2918709.0
Germany,DEU,"Railways, goods transported (million ton-km)",IS.RRS.GOOD.MT.K6,transport,2012,110065.0
Euro area,EMU,"Railways, goods transported (million ton-km)",IS.RRS.GOOD.MT.K6,transport,2012,7591.0
European Union,EUU,"Railways, goods transported (million ton-km)",IS.RRS.GOOD.MT.K6,transport,2012,9275.0
France,FRA,"Railways, goods transported (million ton-km)",IS.RRS.GOOD.MT.K6,transport,2012,32539.0
United Kingdom,GBR,"Railways, goods transported (million ton-km)",IS.RRS.GOOD.MT.K6,transport,2012,21466.803050594
Greece,GRC,"Railways, goods transported (million ton-km)",IS.RRS.GOOD.MT.K6,transport,2012,283.0
India,IND,"Railways, goods transported (million ton-km)",IS.RRS.GOOD.MT.K6,transport,2012,667607.0
Italy,ITA,"Railways, goods transported (million ton-km)",IS.RRS.GOOD.MT.K6,transport,2012,20244.0
Turkiye,TUR,"Railways, goods transported (million ton-km)",IS.RRS.GOOD.MT.K6,transport,2012,11670.0
United States,USA,"Railways, goods transported (million ton-km)",IS.RRS.GOOD.MT.K6,transport,2012,2500300.0
Australia,AUS,"Railways, goods transported (million ton-km)",IS.RRS.GOOD.MT.K6,transport,2013,319000.0
Canada,CAN,"Railways, goods transported (million ton-km)",IS.RRS.GOOD.MT.K6,transport,2013,386266.0
China,CHN,"Railways, goods transported (million ton-km)",IS.RRS.GOOD.MT.K6,transport,2013,2917390.0
Germany,DEU,"Railways, goods transported (million ton-km)",IS.RRS.GOOD.MT.K6,transport,2013,112613.0
Euro area,EMU,"Railways, goods transported (million ton-km)",IS.RRS.GOOD.MT.K6,transport,2013,8494.0
European Union,EUU,"Railways, goods transported (million ton-km)",IS.RRS.GOOD.MT.K6,transport,2013,9470.0
France,FRA,"Railways, goods transported (million ton-km)",IS.RRS.GOOD.MT.K6,transport,2013,32230.0
United Kingdom,GBR,"Railways, goods transported (million ton-km)",IS.RRS.GOOD.MT.K6,transport,2013,22401.431120115
Greece,GRC,"Railways, goods transported (million ton-km)",IS.RRS.GOOD.MT.K6,transport,2013,238.0
India,IND,"Railways, goods transported (million ton-km)",IS.RRS.GOOD.MT.K6,transport,2013,649645.0
Italy,ITA,"Railways, goods transported (million ton-km)",IS.RRS.GOOD.MT.K6,transport,2013,19037.0
Turkiye,TUR,"Railways, goods transported (million ton-km)",IS.RRS.GOOD.MT.K6,transport,2013,11177.0
United States,USA,"Railways, goods transported (million ton-km)",IS.RRS.GOOD.MT.K6,transport,2013,2541354.0
Australia,AUS,"Railways, goods transported (million ton-km)",IS.RRS.GOOD.MT.K6,transport,2014,367700.0
Canada,CAN,"Railways, goods transported (million ton-km)",IS.RRS.GOOD.MT.K6,transport,2014,414069.0
China,CHN,"Railways, goods transported (million ton-km)",IS.RRS.GOOD.MT.K6,transport,2014,2753020.0
Germany,DEU,"Railways, goods transported (million ton-km)",IS.RRS.GOOD.MT.K6,transport,2014,112629.0
Euro area,EMU,"Railways, goods transported (million ton-km)",IS.RRS.GOOD.MT.K6,transport,2014,8829.0
European Union,EUU,"Railways, goods transported (million ton-km)",IS.RRS.GOOD.MT.K6,transport,2014,10158.0
France,FRA,"Railways, goods transported (million ton-km)",IS.RRS.GOOD.MT.K6,transport,2014,32596.0
United Kingdom,GBR,"Railways, goods transported (million ton-km)",IS.RRS.GOOD.MT.K6,transport,2014,22143.367020006
Greece,GRC,"Railways, goods transported (million ton-km)",IS.RRS.GOOD.MT.K6,transport,2014,343.0
India,IND,"Railways, goods transported (million ton-km)",IS.RRS.GOOD.MT.K6,transport,2014,665810.0
Italy,ITA,"Railways, goods transported (million ton-km)",IS.RRS.GOOD.MT.K6,transport,2014,20157.0
Turkiye,TUR,"Railways, goods transported (million ton-km)",IS.RRS.GOOD.MT.K6,transport,2014,11992.0
United States,USA,"Railways, goods transported (million ton-km)",IS.RRS.GOOD.MT.K6,transport,2014,2702736.0
Australia,AUS,"Railways, goods transported (million ton-km)",IS.RRS.GOOD.MT.K6,transport,2015,401600.0
Canada,CAN,"Railways, goods transported (million ton-km)",IS.RRS.GOOD.MT.K6,transport,2015,412985.0
China,CHN,"Railways, goods transported (million ton-km)",IS.RRS.GOOD.MT.K6,transport,2015,2375430.0
Germany,DEU,"Railways, goods transported (million ton-km)",IS.RRS.GOOD.MT.K6,transport,2015,116632.0
Euro area,EMU,"Railways, goods transported (million ton-km)",IS.RRS.GOOD.MT.K6,transport,2015,8439.0
European Union,EUU,"Railways, goods transported (million ton-km)",IS.RRS.GOOD.MT.K6,transport,2015,10009.615
France,FRA,"Railways, goods transported (million ton-km)",IS.RRS.GOOD.MT.K6,transport,2015,36328.056893
United Kingdom,GBR,"Railways, goods transported (million ton-km)",IS.RRS.GOOD.MT.K6,transport,2015,19342.444761281
Greece,GRC,"Railways, goods transported (million ton-km)",IS.RRS.GOOD.MT.K6,transport,2015,294.0
India,IND,"Railways, goods transported (million ton-km)",IS.RRS.GOOD.MT.K6,transport,2015,681696.0
Italy,ITA,"Railways, goods transported (million ton-km)",IS.RRS.GOOD.MT.K6,transport,2015,20781.0
Turkiye,TUR,"Railways, goods transported (million ton-km)",IS.RRS.GOOD.MT.K6,transport,2015,10474.0
United States,USA,"Railways, goods transported (million ton-km)",IS.RRS.GOOD.MT.K6,transport,2015,2547253.0
Australia,AUS,"Railways, goods transported (million ton-km)",IS.RRS.GOOD.MT.K6,transport,2016,413490.0
Canada,CAN,"Railways, goods transported (million ton-km)",IS.RRS.GOOD.MT.K6,transport,2016,396806.0
China,CHN,"Railways, goods transported (million ton-km)",IS.RRS.GOOD.MT.K6,transport,2016,2379230.0
Germany,DEU,"Railways, goods transported (million ton-km)",IS.RRS.GOOD.MT.K6,transport,2016,128866.0
Euro area,EMU,"Railways, goods transported (million ton-km)",IS.RRS.GOOD.MT.K6,transport,2016,9111.0
European Union,EUU,"Railways, goods transported (million ton-km)",IS.RRS.GOOD.MT.K6,transport,2016,10527.534
France,FRA,"Railways, goods transported (million ton-km)",IS.RRS.GOOD.MT.K6,transport,2016,34699.8
United Kingdom,GBR,"Railways, goods transported (million ton-km)",IS.RRS.GOOD.MT.K6,transport,2016,17053.216554029
Greece,GRC,"Railways, goods transported (million ton-km)",IS.RRS.GOOD.MT.K6,transport,2016,254.0
India,IND,"Railways, goods transported (million ton-km)",IS.RRS.GOOD.MT.K6,transport,2016,654481.0
Italy,ITA,"Railways, goods transported (million ton-km)",IS.RRS.GOOD.MT.K6,transport,2016,22712.0
Turkiye,TUR,"Railways, goods transported (million ton-km)",IS.RRS.GOOD.MT.K6,transport,2016,11661.0
United States,USA,"Railways, goods transported (million ton-km)",IS.RRS.GOOD.MT.K6,transport,2016,2314693.0
Australia,AUS,"Railways, goods transported (million ton-km)",IS.RRS.GOOD.MT.K6,transport,2017,431307.31114667
Canada,CAN,"Railways, goods transported (million ton-km)",IS.RRS.GOOD.MT.K6,transport,2017,420143.0
China,CHN,"Railways, goods transported (million ton-km)",IS.RRS.GOOD.MT.K6,transport,2017,2696220.0
Germany,DEU,"Railways, goods transported (million ton-km)",IS.RRS.GOOD.MT.K6,transport,2017,131204.0
Euro area,EMU,"Railways, goods transported (million ton-km)",IS.RRS.GOOD.MT.K6,transport,2017,8486.0
European Union,EUU,"Railways, goods transported (million ton-km)",IS.RRS.GOOD.MT.K6,transport,2017,10507.0
France,FRA,"Railways, goods transported (million ton-km)",IS.RRS.GOOD.MT.K6,transport,2017,35464.9
United Kingdom,GBR,"Railways, goods transported (million ton-km)",IS.RRS.GOOD.MT.K6,transport,2017,17166.930314851
Greece,GRC,"Railways, goods transported (million ton-km)",IS.RRS.GOOD.MT.K6,transport,2017,358.0
India,IND,"Railways, goods transported (million ton-km)",IS.RRS.GOOD.MT.K6,transport,2017,620175.0
Italy,ITA,"Railways, goods transported (million ton-km)",IS.RRS.GOOD.MT.K6,transport,2017,22335.0
Turkiye,TUR,"Railways, goods transported (million ton-km)",IS.RRS.GOOD.MT.K6,transport,2017,12869.0
United States,USA,"Railways, goods transported (million ton-km)",IS.RRS.GOOD.MT.K6,transport,2017,2445132.0
United Arab Emirates,ARE,"Railways, goods transported (million ton-km)",IS.RRS.GOOD.MT.K6,transport,2018,1373.0
Australia,AUS,"Railways, goods transported (million ton-km)",IS.RRS.GOOD.MT.K6,transport,2018,441273.24126364
Canada,CAN,"Railways, goods transported (million ton-km)",IS.RRS.GOOD.MT.K6,transport,2018,445546.0
China,CHN,"Railways, goods transported (million ton-km)",IS.RRS.GOOD.MT.K6,transport,2018,2882100.0
Germany,DEU,"Railways, goods transported (million ton-km)",IS.RRS.GOOD.MT.K6,transport,2018,129991.0
Euro area,EMU,"Railways, goods transported (million ton-km)",IS.RRS.GOOD.MT.K6,transport,2018,8691.0
European Union,EUU,"Railways, goods transported (million ton-km)",IS.RRS.GOOD.MT.K6,transport,2018,10792.0
France,FRA,"Railways, goods transported (million ton-km)",IS.RRS.GOOD.MT.K6,transport,2018,33835.6
United Kingdom,GBR,"Railways, goods transported (million ton-km)",IS.RRS.GOOD.MT.K6,transport,2018,17205.693315326
Greece,GRC,"Railways, goods transported (million ton-km)",IS.RRS.GOOD.MT.K6,transport,2018,408.0
India,IND,"Railways, goods transported (million ton-km)",IS.RRS.GOOD.MT.K6,transport,2018,692916.0
Italy,ITA,"Railways, goods transported (million ton-km)",IS.RRS.GOOD.MT.K6,transport,2018,22070.0
Turkiye,TUR,"Railways, goods transported (million ton-km)",IS.RRS.GOOD.MT.K6,transport,2018,14478.0
United States,USA,"Railways, goods transported (million ton-km)",IS.RRS.GOOD.MT.K6,transport,2018,2525217.324
United Arab Emirates,ARE,"Railways, goods transported (million ton-km)",IS.RRS.GOOD.MT.K6,transport,2019,1488.485
Australia,AUS,"Railways, goods transported (million ton-km)",IS.RRS.GOOD.MT.K6,transport,2019,443004.62783715
Canada,CAN,"Railways, goods transported (million ton-km)",IS.RRS.GOOD.MT.K6,transport,2019,446081.0
China,CHN,"Railways, goods transported (million ton-km)",IS.RRS.GOOD.MT.K6,transport,2019,3018200.0
Germany,DEU,"Railways, goods transported (million ton-km)",IS.RRS.GOOD.MT.K6,transport,2019,129161.0
Euro area,EMU,"Railways, goods transported (million ton-km)",IS.RRS.GOOD.MT.K6,transport,2019,8480.0
European Union,EUU,"Railways, goods transported (million ton-km)",IS.RRS.GOOD.MT.K6,transport,2019,10541.9545
France,FRA,"Railways, goods transported (million ton-km)",IS.RRS.GOOD.MT.K6,transport,2019,33893.1
United Kingdom,GBR,"Railways, goods transported (million ton-km)",IS.RRS.GOOD.MT.K6,transport,2019,16884.335172455
Greece,GRC,"Railways, goods transported (million ton-km)",IS.RRS.GOOD.MT.K6,transport,2019,491.0
India,IND,"Railways, goods transported (million ton-km)",IS.RRS.GOOD.MT.K6,transport,2019,738523.0
Italy,ITA,"Railways, goods transported (million ton-km)",IS.RRS.GOOD.MT.K6,transport,2019,21309.0
Turkiye,TUR,"Railways, goods transported (million ton-km)",IS.RRS.GOOD.MT.K6,transport,2019,14707.0
United States,USA,"Railways, goods transported (million ton-km)",IS.RRS.GOOD.MT.K6,transport,2019,2357116.529
United Arab Emirates,ARE,"Railways, goods transported (million ton-km)",IS.RRS.GOOD.MT.K6,transport,2020,1426.0
Australia,AUS,"Railways, goods transported (million ton-km)",IS.RRS.GOOD.MT.K6,transport,2020,447434.67411552
Canada,CAN,"Railways, goods transported (million ton-km)",IS.RRS.GOOD.MT.K6,transport,2020,444032.0
Germany,DEU,"Railways, goods transported (million ton-km)",IS.RRS.GOOD.MT.K6,transport,2020,108406.0
Euro area,EMU,"Railways, goods transported (million ton-km)",IS.RRS.GOOD.MT.K6,transport,2020,7268.0
European Union,EUU,"Railways, goods transported (million ton-km)",IS.RRS.GOOD.MT.K6,transport,2020,8969.6
France,FRA,"Railways, goods transported (million ton-km)",IS.RRS.GOOD.MT.K6,transport,2020,31281.8
United Kingdom,GBR,"Railways, goods transported (million ton-km)",IS.RRS.GOOD.MT.K6,transport,2020,15212.12270599
Greece,GRC,"Railways, goods transported (million ton-km)",IS.RRS.GOOD.MT.K6,transport,2020,555.0
India,IND,"Railways, goods transported (million ton-km)",IS.RRS.GOOD.MT.K6,transport,2020,707665.0
Italy,ITA,"Railways, goods transported (million ton-km)",IS.RRS.GOOD.MT.K6,transport,2020,20750.0
Turkiye,TUR,"Railways, goods transported (million ton-km)",IS.RRS.GOOD.MT.K6,transport,2020,15428.0
United States,USA,"Railways, goods transported (million ton-km)",IS.RRS.GOOD.MT.K6,transport,2020,2102083.985
United Arab Emirates,ARE,"Railways, goods transported (million ton-km)",IS.RRS.GOOD.MT.K6,transport,2021,1380.0
Australia,AUS,"Railways, goods transported (million ton-km)",IS.RRS.GOOD.MT.K6,transport,2021,453091.00602501
Canada,CAN,"Railways, goods transported (million ton-km)",IS.RRS.GOOD.MT.K6,transport,2021,430170.0
Germany,DEU,"Railways, goods transported (million ton-km)",IS.RRS.GOOD.MT.K6,transport,2021,123067.0
Euro area,EMU,"Railways, goods transported (million ton-km)",IS.RRS.GOOD.MT.K6,transport,2021,7366.6
European Union,EUU,"Railways, goods transported (million ton-km)",IS.RRS.GOOD.MT.K6,transport,2021,10299.0
France,FRA,"Railways, goods transported (million ton-km)",IS.RRS.GOOD.MT.K6,transport,2021,35751.3
Greece,GRC,"Railways, goods transported (million ton-km)",IS.RRS.GOOD.MT.K6,transport,2021,579.0
India,IND,"Railways, goods transported (million ton-km)",IS.RRS.GOOD.MT.K6,transport,2021,719762.0
Italy,ITA,"Railways, goods transported (million ton-km)",IS.RRS.GOOD.MT.K6,transport,2021,24262.0
Turkiye,TUR,"Railways, goods transported (million ton-km)",IS.RRS.GOOD.MT.K6,transport,2021,15900.0
United States,USA,"Railways, goods transported (million ton-km)",IS.RRS.GOOD.MT.K6,transport,2021,2239400.714
Kuwait,KWT,Container port traffic (TEU: 20 foot equivalent units),IS.SHP.GOOD.TU,transport,2005,673472.0
Kuwait,KWT,Container port traffic (TEU: 20 foot equivalent units),IS.SHP.GOOD.TU,transport,2006,750000.0
Kuwait,KWT,Container port traffic (TEU: 20 foot equivalent units),IS.SHP.GOOD.TU,transport,2007,900000.0
Kuwait,KWT,Container port traffic (TEU: 20 foot equivalent units),IS.SHP.GOOD.TU,transport,2008,961684.0
Kuwait,KWT,Container port traffic (TEU: 20 foot equivalent units),IS.SHP.GOOD.TU,transport,2009,854044.0
United Arab Emirates,ARE,Container port traffic (TEU: 20 foot equivalent units),IS.SHP.GOOD.TU,transport,2010,15140524.0
Australia,AUS,Container port traffic (TEU: 20 foot equivalent units),IS.SHP.GOOD.TU,transport,2010,6451689.0
Bahrain,BHR,Container port traffic (TEU: 20 foot equivalent units),IS.SHP.GOOD.TU,transport,2010,367589.0
Canada,CAN,Container port traffic (TEU: 20 foot equivalent units),IS.SHP.GOOD.TU,transport,2010,4670790.0
China,CHN,Container port traffic (TEU: 20 foot equivalent units),IS.SHP.GOOD.TU,transport,2010,136044183.0
Germany,DEU,Container port traffic (TEU: 20 foot equivalent units),IS.SHP.GOOD.TU,transport,2010,13037702.0
"Egypt, Arab Rep.",EGY,Container port traffic (TEU: 20 foot equivalent units),IS.SHP.GOOD.TU,transport,2010,6715321.0
Euro area,EMU,Container port traffic (TEU: 20 foot equivalent units),IS.SHP.GOOD.TU,transport,2010,69734592.0
European Union,EUU,Container port traffic (TEU: 20 foot equivalent units),IS.SHP.GOOD.TU,transport,2010,73436788.0
France,FRA,Container port traffic (TEU: 20 foot equivalent units),IS.SHP.GOOD.TU,transport,2010,3915704.0
United Kingdom,GBR,Container port traffic (TEU: 20 foot equivalent units),IS.SHP.GOOD.TU,transport,2010,8224935.0
Greece,GRC,Container port traffic (TEU: 20 foot equivalent units),IS.SHP.GOOD.TU,transport,2010,1177767.0
India,IND,Container port traffic (TEU: 20 foot equivalent units),IS.SHP.GOOD.TU,transport,2010,9235765.0
Iraq,IRQ,Container port traffic (TEU: 20 foot equivalent units),IS.SHP.GOOD.TU,transport,2010,46255.56
Italy,ITA,Container port traffic (TEU: 20 foot equivalent units),IS.SHP.GOOD.TU,transport,2010,9762077.0
Jordan,JOR,Container port traffic (TEU: 20 foot equivalent units),IS.SHP.GOOD.TU,transport,2010,605659.0
Kuwait,KWT,Container port traffic (TEU: 20 foot equivalent units),IS.SHP.GOOD.TU,transport,2010,815532.0
Lebanon,LBN,Container port traffic (TEU: 20 foot equivalent units),IS.SHP.GOOD.TU,transport,2010,949155.0
Oman,OMN,Container port traffic (TEU: 20 foot equivalent units),IS.SHP.GOOD.TU,transport,2010,3893198.0
Qatar,QAT,Container port traffic (TEU: 20 foot equivalent units),IS.SHP.GOOD.TU,transport,2010,346500.0
Saudi Arabia,SAU,Container port traffic (TEU: 20 foot equivalent units),IS.SHP.GOOD.TU,transport,2010,5313023.0
Turkiye,TUR,Container port traffic (TEU: 20 foot equivalent units),IS.SHP.GOOD.TU,transport,2010,5743429.0
United States,USA,Container port traffic (TEU: 20 foot equivalent units),IS.SHP.GOOD.TU,transport,2010,40266221.0
World,WLD,Container port traffic (TEU: 20 foot equivalent units),IS.SHP.GOOD.TU,transport,2010,547127645.26
United Arab Emirates,ARE,Container port traffic (TEU: 20 foot equivalent units),IS.SHP.GOOD.TU,transport,2011,17028713.0
Australia,AUS,Container port traffic (TEU: 20 foot equivalent units),IS.SHP.GOOD.TU,transport,2011,6865295.0
Bahrain,BHR,Container port traffic (TEU: 20 foot equivalent units),IS.SHP.GOOD.TU,transport,2011,374823.0
Canada,CAN,Container port traffic (TEU: 20 foot equivalent units),IS.SHP.GOOD.TU,transport,2011,4735750.0
China,CHN,Container port traffic (TEU: 20 foot equivalent units),IS.SHP.GOOD.TU,transport,2011,151800937.0
Germany,DEU,Container port traffic (TEU: 20 foot equivalent units),IS.SHP.GOOD.TU,transport,2011,15199723.0
"Egypt, Arab Rep.",EGY,Container port traffic (TEU: 20 foot equivalent units),IS.SHP.GOOD.TU,transport,2011,7181079.0
Euro area,EMU,Container port traffic (TEU: 20 foot equivalent units),IS.SHP.GOOD.TU,transport,2011,75185967.0
European Union,EUU,Container port traffic (TEU: 20 foot equivalent units),IS.SHP.GOOD.TU,transport,2011,79469315.0
France,FRA,Container port traffic (TEU: 20 foot equivalent units),IS.SHP.GOOD.TU,transport,2011,3865087.0
United Kingdom,GBR,Container port traffic (TEU: 20 foot equivalent units),IS.SHP.GOOD.TU,transport,2011,8142319.0
Greece,GRC,Container port traffic (TEU: 20 foot equivalent units),IS.SHP.GOOD.TU,transport,2011,2009704.0
India,IND,Container port traffic (TEU: 20 foot equivalent units),IS.SHP.GOOD.TU,transport,2011,9878067.0
Iraq,IRQ,Container port traffic (TEU: 20 foot equivalent units),IS.SHP.GOOD.TU,transport,2011,56018.41
Italy,ITA,Container port traffic (TEU: 20 foot equivalent units),IS.SHP.GOOD.TU,transport,2011,9533620.0
Jordan,JOR,Container port traffic (TEU: 20 foot equivalent units),IS.SHP.GOOD.TU,transport,2011,705648.0
Kuwait,KWT,Container port traffic (TEU: 20 foot equivalent units),IS.SHP.GOOD.TU,transport,2011,810248.0
Lebanon,LBN,Container port traffic (TEU: 20 foot equivalent units),IS.SHP.GOOD.TU,transport,2011,1034249.0
Oman,OMN,Container port traffic (TEU: 20 foot equivalent units),IS.SHP.GOOD.TU,transport,2011,3609140.0
Qatar,QAT,Container port traffic (TEU: 20 foot equivalent units),IS.SHP.GOOD.TU,transport,2011,322000.0
Saudi Arabia,SAU,Container port traffic (TEU: 20 foot equivalent units),IS.SHP.GOOD.TU,transport,2011,5694484.0
Turkiye,TUR,Container port traffic (TEU: 20 foot equivalent units),IS.SHP.GOOD.TU,transport,2011,6523059.0
United States,USA,Container port traffic (TEU: 20 foot equivalent units),IS.SHP.GOOD.TU,transport,2011,40813311.0
World,WLD,Container port traffic (TEU: 20 foot equivalent units),IS.SHP.GOOD.TU,transport,2011,593376139.89
United Arab Emirates,ARE,Container port traffic (TEU: 20 foot equivalent units),IS.SHP.GOOD.TU,transport,2012,18063296.0
Australia,AUS,Container port traffic (TEU: 20 foot equivalent units),IS.SHP.GOOD.TU,transport,2012,7197262.0
Bahrain,BHR,Container port traffic (TEU: 20 foot equivalent units),IS.SHP.GOOD.TU,transport,2012,525309.0
Canada,CAN,Container port traffic (TEU: 20 foot equivalent units),IS.SHP.GOOD.TU,transport,2012,5125601.0
China,CHN,Container port traffic (TEU: 20 foot equivalent units),IS.SHP.GOOD.TU,transport,2012,165939400.0
Germany,DEU,Container port traffic (TEU: 20 foot equivalent units),IS.SHP.GOOD.TU,transport,2012,15269690.0
"Egypt, Arab Rep.",EGY,Container port traffic (TEU: 20 foot equivalent units),IS.SHP.GOOD.TU,transport,2012,6424921.0
Euro area,EMU,Container port traffic (TEU: 20 foot equivalent units),IS.SHP.GOOD.TU,transport,2012,77023035.0
European Union,EUU,Container port traffic (TEU: 20 foot equivalent units),IS.SHP.GOOD.TU,transport,2012,81630462.0
France,FRA,Container port traffic (TEU: 20 foot equivalent units),IS.SHP.GOOD.TU,transport,2012,4076391.0
United Kingdom,GBR,Container port traffic (TEU: 20 foot equivalent units),IS.SHP.GOOD.TU,transport,2012,7978028.0
Greece,GRC,Container port traffic (TEU: 20 foot equivalent units),IS.SHP.GOOD.TU,transport,2012,3092300.0
India,IND,Container port traffic (TEU: 20 foot equivalent units),IS.SHP.GOOD.TU,transport,2012,10017480.0
Iraq,IRQ,Container port traffic (TEU: 20 foot equivalent units),IS.SHP.GOOD.TU,transport,2012,52424.53
Italy,ITA,Container port traffic (TEU: 20 foot equivalent units),IS.SHP.GOOD.TU,transport,2012,9674361.0
Jordan,JOR,Container port traffic (TEU: 20 foot equivalent units),IS.SHP.GOOD.TU,transport,2012,817434.0
Kuwait,KWT,Container port traffic (TEU: 20 foot equivalent units),IS.SHP.GOOD.TU,transport,2012,824196.0
Lebanon,LBN,Container port traffic (TEU: 20 foot equivalent units),IS.SHP.GOOD.TU,transport,2012,1041756.0
Oman,OMN,Container port traffic (TEU: 20 foot equivalent units),IS.SHP.GOOD.TU,transport,2012,4177556.0
Qatar,QAT,Container port traffic (TEU: 20 foot equivalent units),IS.SHP.GOOD.TU,transport,2012,376754.0
Saudi Arabia,SAU,Container port traffic (TEU: 20 foot equivalent units),IS.SHP.GOOD.TU,transport,2012,6624538.0
Turkiye,TUR,Container port traffic (TEU: 20 foot equivalent units),IS.SHP.GOOD.TU,transport,2012,7302956.0
United States,USA,Container port traffic (TEU: 20 foot equivalent units),IS.SHP.GOOD.TU,transport,2012,41880574.0
World,WLD,Container port traffic (TEU: 20 foot equivalent units),IS.SHP.GOOD.TU,transport,2012,623441761.259
United Arab Emirates,ARE,Container port traffic (TEU: 20 foot equivalent units),IS.SHP.GOOD.TU,transport,2013,18657222.0
Australia,AUS,Container port traffic (TEU: 20 foot equivalent units),IS.SHP.GOOD.TU,transport,2013,7304610.0
Bahrain,BHR,Container port traffic (TEU: 20 foot equivalent units),IS.SHP.GOOD.TU,transport,2013,429823.0
Canada,CAN,Container port traffic (TEU: 20 foot equivalent units),IS.SHP.GOOD.TU,transport,2013,5260202.0
China,CHN,Container port traffic (TEU: 20 foot equivalent units),IS.SHP.GOOD.TU,transport,2013,176607144.0
Germany,DEU,Container port traffic (TEU: 20 foot equivalent units),IS.SHP.GOOD.TU,transport,2013,15401010.0
"Egypt, Arab Rep.",EGY,Container port traffic (TEU: 20 foot equivalent units),IS.SHP.GOOD.TU,transport,2013,6456469.0
Euro area,EMU,Container port traffic (TEU: 20 foot equivalent units),IS.SHP.GOOD.TU,transport,2013,78432588.0
European Union,EUU,Container port traffic (TEU: 20 foot equivalent units),IS.SHP.GOOD.TU,transport,2013,83271268.0
France,FRA,Container port traffic (TEU: 20 foot equivalent units),IS.SHP.GOOD.TU,transport,2013,4285777.0
United Kingdom,GBR,Container port traffic (TEU: 20 foot equivalent units),IS.SHP.GOOD.TU,transport,2013,8248439.0
Greece,GRC,Container port traffic (TEU: 20 foot equivalent units),IS.SHP.GOOD.TU,transport,2013,3523987.0
India,IND,Container port traffic (TEU: 20 foot equivalent units),IS.SHP.GOOD.TU,transport,2013,10571320.0
Iraq,IRQ,Container port traffic (TEU: 20 foot equivalent units),IS.SHP.GOOD.TU,transport,2013,67553.94
Italy,ITA,Container port traffic (TEU: 20 foot equivalent units),IS.SHP.GOOD.TU,transport,2013,10118350.0
Jordan,JOR,Container port traffic (TEU: 20 foot equivalent units),IS.SHP.GOOD.TU,transport,2013,872811.0
Kuwait,KWT,Container port traffic (TEU: 20 foot equivalent units),IS.SHP.GOOD.TU,transport,2013,840149.0
Lebanon,LBN,Container port traffic (TEU: 20 foot equivalent units),IS.SHP.GOOD.TU,transport,2013,1117334.0
Oman,OMN,Container port traffic (TEU: 20 foot equivalent units),IS.SHP.GOOD.TU,transport,2013,3921037.0
Qatar,QAT,Container port traffic (TEU: 20 foot equivalent units),IS.SHP.GOOD.TU,transport,2013,390000.0
Saudi Arabia,SAU,Container port traffic (TEU: 20 foot equivalent units),IS.SHP.GOOD.TU,transport,2013,6757693.0
Turkiye,TUR,Container port traffic (TEU: 20 foot equivalent units),IS.SHP.GOOD.TU,transport,2013,7977820.0
United States,USA,Container port traffic (TEU: 20 foot equivalent units),IS.SHP.GOOD.TU,transport,2013,42842995.0
World,WLD,Container port traffic (TEU: 20 foot equivalent units),IS.SHP.GOOD.TU,transport,2013,643970054.627
United Arab Emirates,ARE,Container port traffic (TEU: 20 foot equivalent units),IS.SHP.GOOD.TU,transport,2014,20186679.0
Australia,AUS,Container port traffic (TEU: 20 foot equivalent units),IS.SHP.GOOD.TU,transport,2014,7442016.0
Bahrain,BHR,Container port traffic (TEU: 20 foot equivalent units),IS.SHP.GOOD.TU,transport,2014,442941.0
Canada,CAN,Container port traffic (TEU: 20 foot equivalent units),IS.SHP.GOOD.TU,transport,2014,5447571.0
China,CHN,Container port traffic (TEU: 20 foot equivalent units),IS.SHP.GOOD.TU,transport,2014,187291913.0
Germany,DEU,Container port traffic (TEU: 20 foot equivalent units),IS.SHP.GOOD.TU,transport,2014,15842604.0
"Egypt, Arab Rep.",EGY,Container port traffic (TEU: 20 foot equivalent units),IS.SHP.GOOD.TU,transport,2014,6979807.0
Euro area,EMU,Container port traffic (TEU: 20 foot equivalent units),IS.SHP.GOOD.TU,transport,2014,81618629.0
European Union,EUU,Container port traffic (TEU: 20 foot equivalent units),IS.SHP.GOOD.TU,transport,2014,86647962.0
France,FRA,Container port traffic (TEU: 20 foot equivalent units),IS.SHP.GOOD.TU,transport,2014,4424205.0
United Kingdom,GBR,Container port traffic (TEU: 20 foot equivalent units),IS.SHP.GOOD.TU,transport,2014,9509757.0
Greece,GRC,Container port traffic (TEU: 20 foot equivalent units),IS.SHP.GOOD.TU,transport,2014,3954322.0
India,IND,Container port traffic (TEU: 20 foot equivalent units),IS.SHP.GOOD.TU,transport,2014,11652174.0
Iraq,IRQ,Container port traffic (TEU: 20 foot equivalent units),IS.SHP.GOOD.TU,transport,2014,133961.3
Italy,ITA,Container port traffic (TEU: 20 foot equivalent units),IS.SHP.GOOD.TU,transport,2014,10255753.0
Jordan,JOR,Container port traffic (TEU: 20 foot equivalent units),IS.SHP.GOOD.TU,transport,2014,781291.0
Kuwait,KWT,Container port traffic (TEU: 20 foot equivalent units),IS.SHP.GOOD.TU,transport,2014,904049.0
Lebanon,LBN,Container port traffic (TEU: 20 foot equivalent units),IS.SHP.GOOD.TU,transport,2014,1210413.0
Oman,OMN,Container port traffic (TEU: 20 foot equivalent units),IS.SHP.GOOD.TU,transport,2014,3364663.0
Qatar,QAT,Container port traffic (TEU: 20 foot equivalent units),IS.SHP.GOOD.TU,transport,2014,461863.0
Saudi Arabia,SAU,Container port traffic (TEU: 20 foot equivalent units),IS.SHP.GOOD.TU,transport,2014,6860353.0
Turkiye,TUR,Container port traffic (TEU: 20 foot equivalent units),IS.SHP.GOOD.TU,transport,2014,8351069.0
United States,USA,Container port traffic (TEU: 20 foot equivalent units),IS.SHP.GOOD.TU,transport,2014,44635035.0
World,WLD,Container port traffic (TEU: 20 foot equivalent units),IS.SHP.GOOD.TU,transport,2014,675126025.766
United Arab Emirates,ARE,Container port traffic (TEU: 20 foot equivalent units),IS.SHP.GOOD.TU,transport,2015,21238293.0
Australia,AUS,Container port traffic (TEU: 20 foot equivalent units),IS.SHP.GOOD.TU,transport,2015,7731627.0
Bahrain,BHR,Container port traffic (TEU: 20 foot equivalent units),IS.SHP.GOOD.TU,transport,2015,379817.0
Canada,CAN,Container port traffic (TEU: 20 foot equivalent units),IS.SHP.GOOD.TU,transport,2015,5828525.0
China,CHN,Container port traffic (TEU: 20 foot equivalent units),IS.SHP.GOOD.TU,transport,2015,195509165.0
Germany,DEU,Container port traffic (TEU: 20 foot equivalent units),IS.SHP.GOOD.TU,transport,2015,14988243.0
"Egypt, Arab Rep.",EGY,Container port traffic (TEU: 20 foot equivalent units),IS.SHP.GOOD.TU,transport,2015,6490063.0
Euro area,EMU,Container port traffic (TEU: 20 foot equivalent units),IS.SHP.GOOD.TU,transport,2015,81058798.0
European Union,EUU,Container port traffic (TEU: 20 foot equivalent units),IS.SHP.GOOD.TU,transport,2015,85820040.0
France,FRA,Container port traffic (TEU: 20 foot equivalent units),IS.SHP.GOOD.TU,transport,2015,4463203.0
United Kingdom,GBR,Container port traffic (TEU: 20 foot equivalent units),IS.SHP.GOOD.TU,transport,2015,9760060.0
Greece,GRC,Container port traffic (TEU: 20 foot equivalent units),IS.SHP.GOOD.TU,transport,2015,3736833.0
India,IND,Container port traffic (TEU: 20 foot equivalent units),IS.SHP.GOOD.TU,transport,2015,12318610.0
Iraq,IRQ,Container port traffic (TEU: 20 foot equivalent units),IS.SHP.GOOD.TU,transport,2015,108905.0
Italy,ITA,Container port traffic (TEU: 20 foot equivalent units),IS.SHP.GOOD.TU,transport,2015,10211290.0
Jordan,JOR,Container port traffic (TEU: 20 foot equivalent units),IS.SHP.GOOD.TU,transport,2015,758219.0
Kuwait,KWT,Container port traffic (TEU: 20 foot equivalent units),IS.SHP.GOOD.TU,transport,2015,984815.0
Lebanon,LBN,Container port traffic (TEU: 20 foot equivalent units),IS.SHP.GOOD.TU,transport,2015,1130284.0
Oman,OMN,Container port traffic (TEU: 20 foot equivalent units),IS.SHP.GOOD.TU,transport,2015,3105377.0
Qatar,QAT,Container port traffic (TEU: 20 foot equivalent units),IS.SHP.GOOD.TU,transport,2015,568166.0
Saudi Arabia,SAU,Container port traffic (TEU: 20 foot equivalent units),IS.SHP.GOOD.TU,transport,2015,7793767.0
Turkiye,TUR,Container port traffic (TEU: 20 foot equivalent units),IS.SHP.GOOD.TU,transport,2015,8143635.0
United States,USA,Container port traffic (TEU: 20 foot equivalent units),IS.SHP.GOOD.TU,transport,2015,46496985.0
World,WLD,Container port traffic (TEU: 20 foot equivalent units),IS.SHP.GOOD.TU,transport,2015,684527381.9602
United Arab Emirates,ARE,Container port traffic (TEU: 20 foot equivalent units),IS.SHP.GOOD.TU,transport,2016,20652200.0
Australia,AUS,Container port traffic (TEU: 20 foot equivalent units),IS.SHP.GOOD.TU,transport,2016,7830344.0
Bahrain,BHR,Container port traffic (TEU: 20 foot equivalent units),IS.SHP.GOOD.TU,transport,2016,424602.0
Canada,CAN,Container port traffic (TEU: 20 foot equivalent units),IS.SHP.GOOD.TU,transport,2016,5727822.0
China,CHN,Container port traffic (TEU: 20 foot equivalent units),IS.SHP.GOOD.TU,transport,2016,202830580.0
Germany,DEU,Container port traffic (TEU: 20 foot equivalent units),IS.SHP.GOOD.TU,transport,2016,15126366.0
"Egypt, Arab Rep.",EGY,Container port traffic (TEU: 20 foot equivalent units),IS.SHP.GOOD.TU,transport,2016,5887541.0
Euro area,EMU,Container port traffic (TEU: 20 foot equivalent units),IS.SHP.GOOD.TU,transport,2016,83752902.0
European Union,EUU,Container port traffic (TEU: 20 foot equivalent units),IS.SHP.GOOD.TU,transport,2016,88721964.0
France,FRA,Container port traffic (TEU: 20 foot equivalent units),IS.SHP.GOOD.TU,transport,2016,4471870.0
United Kingdom,GBR,Container port traffic (TEU: 20 foot equivalent units),IS.SHP.GOOD.TU,transport,2016,10200229.0
Greece,GRC,Container port traffic (TEU: 20 foot equivalent units),IS.SHP.GOOD.TU,transport,2016,4088425.0
India,IND,Container port traffic (TEU: 20 foot equivalent units),IS.SHP.GOOD.TU,transport,2016,13724110.0
Iraq,IRQ,Container port traffic (TEU: 20 foot equivalent units),IS.SHP.GOOD.TU,transport,2016,220859.7
Italy,ITA,Container port traffic (TEU: 20 foot equivalent units),IS.SHP.GOOD.TU,transport,2016,10589293.0
Jordan,JOR,Container port traffic (TEU: 20 foot equivalent units),IS.SHP.GOOD.TU,transport,2016,792841.0
Kuwait,KWT,Container port traffic (TEU: 20 foot equivalent units),IS.SHP.GOOD.TU,transport,2016,944432.0
Lebanon,LBN,Container port traffic (TEU: 20 foot equivalent units),IS.SHP.GOOD.TU,transport,2016,1147219.0
Oman,OMN,Container port traffic (TEU: 20 foot equivalent units),IS.SHP.GOOD.TU,transport,2016,3943846.0
Qatar,QAT,Container port traffic (TEU: 20 foot equivalent units),IS.SHP.GOOD.TU,transport,2016,527952.0
Saudi Arabia,SAU,Container port traffic (TEU: 20 foot equivalent units),IS.SHP.GOOD.TU,transport,2016,7683202.0
Turkiye,TUR,Container port traffic (TEU: 20 foot equivalent units),IS.SHP.GOOD.TU,transport,2016,8760769.0
United States,USA,Container port traffic (TEU: 20 foot equivalent units),IS.SHP.GOOD.TU,transport,2016,46940227.0
World,WLD,Container port traffic (TEU: 20 foot equivalent units),IS.SHP.GOOD.TU,transport,2016,700903754.3662
United Arab Emirates,ARE,Container port traffic (TEU: 20 foot equivalent units),IS.SHP.GOOD.TU,transport,2017,19089706.0
Australia,AUS,Container port traffic (TEU: 20 foot equivalent units),IS.SHP.GOOD.TU,transport,2017,7991508.0
Bahrain,BHR,Container port traffic (TEU: 20 foot equivalent units),IS.SHP.GOOD.TU,transport,2017,400307.0
Canada,CAN,Container port traffic (TEU: 20 foot equivalent units),IS.SHP.GOOD.TU,transport,2017,6377236.0
China,CHN,Container port traffic (TEU: 20 foot equivalent units),IS.SHP.GOOD.TU,transport,2017,218712874.0
Germany,DEU,Container port traffic (TEU: 20 foot equivalent units),IS.SHP.GOOD.TU,transport,2017,15163474.0
"Egypt, Arab Rep.",EGY,Container port traffic (TEU: 20 foot equivalent units),IS.SHP.GOOD.TU,transport,2017,6337413.0
Euro area,EMU,Container port traffic (TEU: 20 foot equivalent units),IS.SHP.GOOD.TU,transport,2017,88274181.0
European Union,EUU,Container port traffic (TEU: 20 foot equivalent units),IS.SHP.GOOD.TU,transport,2017,93732821.0
France,FRA,Container port traffic (TEU: 20 foot equivalent units),IS.SHP.GOOD.TU,transport,2017,4964947.0
United Kingdom,GBR,Container port traffic (TEU: 20 foot equivalent units),IS.SHP.GOOD.TU,transport,2017,10239674.0
Greece,GRC,Container port traffic (TEU: 20 foot equivalent units),IS.SHP.GOOD.TU,transport,2017,4602808.0
India,IND,Container port traffic (TEU: 20 foot equivalent units),IS.SHP.GOOD.TU,transport,2017,15450523.0
Iraq,IRQ,Container port traffic (TEU: 20 foot equivalent units),IS.SHP.GOOD.TU,transport,2017,823944.7
Italy,ITA,Container port traffic (TEU: 20 foot equivalent units),IS.SHP.GOOD.TU,transport,2017,10666550.0
Jordan,JOR,Container port traffic (TEU: 20 foot equivalent units),IS.SHP.GOOD.TU,transport,2017,796087.0
Kuwait,KWT,Container port traffic (TEU: 20 foot equivalent units),IS.SHP.GOOD.TU,transport,2017,964623.5
Lebanon,LBN,Container port traffic (TEU: 20 foot equivalent units),IS.SHP.GOOD.TU,transport,2017,1305038.0
Oman,OMN,Container port traffic (TEU: 20 foot equivalent units),IS.SHP.GOOD.TU,transport,2017,4785012.0
Qatar,QAT,Container port traffic (TEU: 20 foot equivalent units),IS.SHP.GOOD.TU,transport,2017,772800.0
Saudi Arabia,SAU,Container port traffic (TEU: 20 foot equivalent units),IS.SHP.GOOD.TU,transport,2017,8082329.0
Turkiye,TUR,Container port traffic (TEU: 20 foot equivalent units),IS.SHP.GOOD.TU,transport,2017,10001342.0
United States,USA,Container port traffic (TEU: 20 foot equivalent units),IS.SHP.GOOD.TU,transport,2017,50196165.0
World,WLD,Container port traffic (TEU: 20 foot equivalent units),IS.SHP.GOOD.TU,transport,2017,746691932.4302
United Arab Emirates,ARE,Container port traffic (TEU: 20 foot equivalent units),IS.SHP.GOOD.TU,transport,2018,18696000.0
Australia,AUS,Container port traffic (TEU: 20 foot equivalent units),IS.SHP.GOOD.TU,transport,2018,8667914.0
Bahrain,BHR,Container port traffic (TEU: 20 foot equivalent units),IS.SHP.GOOD.TU,transport,2018,432207.0
Canada,CAN,Container port traffic (TEU: 20 foot equivalent units),IS.SHP.GOOD.TU,transport,2018,6763247.0
China,CHN,Container port traffic (TEU: 20 foot equivalent units),IS.SHP.GOOD.TU,transport,2018,229127700.0
Germany,DEU,Container port traffic (TEU: 20 foot equivalent units),IS.SHP.GOOD.TU,transport,2018,15123221.0
"Egypt, Arab Rep.",EGY,Container port traffic (TEU: 20 foot equivalent units),IS.SHP.GOOD.TU,transport,2018,6701763.0
Euro area,EMU,Container port traffic (TEU: 20 foot equivalent units),IS.SHP.GOOD.TU,transport,2018,92252084.0
European Union,EUU,Container port traffic (TEU: 20 foot equivalent units),IS.SHP.GOOD.TU,transport,2018,98188428.0
France,FRA,Container port traffic (TEU: 20 foot equivalent units),IS.SHP.GOOD.TU,transport,2018,5051326.0
United Kingdom,GBR,Container port traffic (TEU: 20 foot equivalent units),IS.SHP.GOOD.TU,transport,2018,10315140.0
Greece,GRC,Container port traffic (TEU: 20 foot equivalent units),IS.SHP.GOOD.TU,transport,2018,5395401.0
India,IND,Container port traffic (TEU: 20 foot equivalent units),IS.SHP.GOOD.TU,transport,2018,16996593.0
Iraq,IRQ,Container port traffic (TEU: 20 foot equivalent units),IS.SHP.GOOD.TU,transport,2018,743211.1
Italy,ITA,Container port traffic (TEU: 20 foot equivalent units),IS.SHP.GOOD.TU,transport,2018,10620925.0
Jordan,JOR,Container port traffic (TEU: 20 foot equivalent units),IS.SHP.GOOD.TU,transport,2018,815345.0
Kuwait,KWT,Container port traffic (TEU: 20 foot equivalent units),IS.SHP.GOOD.TU,transport,2018,954527.75
Lebanon,LBN,Container port traffic (TEU: 20 foot equivalent units),IS.SHP.GOOD.TU,transport,2018,1332990.0
Oman,OMN,Container port traffic (TEU: 20 foot equivalent units),IS.SHP.GOOD.TU,transport,2018,4210679.0
Qatar,QAT,Container port traffic (TEU: 20 foot equivalent units),IS.SHP.GOOD.TU,transport,2018,1340000.0
Saudi Arabia,SAU,Container port traffic (TEU: 20 foot equivalent units),IS.SHP.GOOD.TU,transport,2018,8683456.0
Turkiye,TUR,Container port traffic (TEU: 20 foot equivalent units),IS.SHP.GOOD.TU,transport,2018,10801305.0
United States,USA,Container port traffic (TEU: 20 foot equivalent units),IS.SHP.GOOD.TU,transport,2018,52994177.0
World,WLD,Container port traffic (TEU: 20 foot equivalent units),IS.SHP.GOOD.TU,transport,2018,784294634.3772
United Arab Emirates,ARE,Container port traffic (TEU: 20 foot equivalent units),IS.SHP.GOOD.TU,transport,2019,18802000.0
Australia,AUS,Container port traffic (TEU: 20 foot equivalent units),IS.SHP.GOOD.TU,transport,2019,8778913.0
Bahrain,BHR,Container port traffic (TEU: 20 foot equivalent units),IS.SHP.GOOD.TU,transport,2019,418933.0
Canada,CAN,Container port traffic (TEU: 20 foot equivalent units),IS.SHP.GOOD.TU,transport,2019,7000133.0
China,CHN,Container port traffic (TEU: 20 foot equivalent units),IS.SHP.GOOD.TU,transport,2019,237570000.0
Germany,DEU,Container port traffic (TEU: 20 foot equivalent units),IS.SHP.GOOD.TU,transport,2019,15022386.0
"Egypt, Arab Rep.",EGY,Container port traffic (TEU: 20 foot equivalent units),IS.SHP.GOOD.TU,transport,2019,7403472.0
Euro area,EMU,Container port traffic (TEU: 20 foot equivalent units),IS.SHP.GOOD.TU,transport,2019,93774272.0
European Union,EUU,Container port traffic (TEU: 20 foot equivalent units),IS.SHP.GOOD.TU,transport,2019,99990193.0
France,FRA,Container port traffic (TEU: 20 foot equivalent units),IS.SHP.GOOD.TU,transport,2019,4992918.0
United Kingdom,GBR,Container port traffic (TEU: 20 foot equivalent units),IS.SHP.GOOD.TU,transport,2019,10508000.0
Greece,GRC,Container port traffic (TEU: 20 foot equivalent units),IS.SHP.GOOD.TU,transport,2019,6151556.0
India,IND,Container port traffic (TEU: 20 foot equivalent units),IS.SHP.GOOD.TU,transport,2019,17487621.0
Iraq,IRQ,Container port traffic (TEU: 20 foot equivalent units),IS.SHP.GOOD.TU,transport,2019,932728.6
Italy,ITA,Container port traffic (TEU: 20 foot equivalent units),IS.SHP.GOOD.TU,transport,2019,10789337.0
Jordan,JOR,Container port traffic (TEU: 20 foot equivalent units),IS.SHP.GOOD.TU,transport,2019,798160.0
Kuwait,KWT,Container port traffic (TEU: 20 foot equivalent units),IS.SHP.GOOD.TU,transport,2019,959575.625
Lebanon,LBN,Container port traffic (TEU: 20 foot equivalent units),IS.SHP.GOOD.TU,transport,2019,1257907.0
Oman,OMN,Container port traffic (TEU: 20 foot equivalent units),IS.SHP.GOOD.TU,transport,2019,4900767.0
Qatar,QAT,Container port traffic (TEU: 20 foot equivalent units),IS.SHP.GOOD.TU,transport,2019,1340000.0
Saudi Arabia,SAU,Container port traffic (TEU: 20 foot equivalent units),IS.SHP.GOOD.TU,transport,2019,8905621.0
Turkiye,TUR,Container port traffic (TEU: 20 foot equivalent units),IS.SHP.GOOD.TU,transport,2019,11591414.0
United States,USA,Container port traffic (TEU: 20 foot equivalent units),IS.SHP.GOOD.TU,transport,2019,54236516.0
World,WLD,Container port traffic (TEU: 20 foot equivalent units),IS.SHP.GOOD.TU,transport,2019,803124175.651
United Arab Emirates,ARE,Container port traffic (TEU: 20 foot equivalent units),IS.SHP.GOOD.TU,transport,2020,18720000.0
Australia,AUS,Container port traffic (TEU: 20 foot equivalent units),IS.SHP.GOOD.TU,transport,2020,8470466.0
Bahrain,BHR,Container port traffic (TEU: 20 foot equivalent units),IS.SHP.GOOD.TU,transport,2020,464010.0
Canada,CAN,Container port traffic (TEU: 20 foot equivalent units),IS.SHP.GOOD.TU,transport,2020,6298023.0
China,CHN,Container port traffic (TEU: 20 foot equivalent units),IS.SHP.GOOD.TU,transport,2020,240480000.0
Germany,DEU,Container port traffic (TEU: 20 foot equivalent units),IS.SHP.GOOD.TU,transport,2020,13946212.0
"Egypt, Arab Rep.",EGY,Container port traffic (TEU: 20 foot equivalent units),IS.SHP.GOOD.TU,transport,2020,7564385.0
Euro area,EMU,Container port traffic (TEU: 20 foot equivalent units),IS.SHP.GOOD.TU,transport,2020,90824769.0
European Union,EUU,Container port traffic (TEU: 20 foot equivalent units),IS.SHP.GOOD.TU,transport,2020,96930306.0
France,FRA,Container port traffic (TEU: 20 foot equivalent units),IS.SHP.GOOD.TU,transport,2020,4435697.0
United Kingdom,GBR,Container port traffic (TEU: 20 foot equivalent units),IS.SHP.GOOD.TU,transport,2020,9732000.0
Greece,GRC,Container port traffic (TEU: 20 foot equivalent units),IS.SHP.GOOD.TU,transport,2020,6188061.0
India,IND,Container port traffic (TEU: 20 foot equivalent units),IS.SHP.GOOD.TU,transport,2020,17597062.0
Italy,ITA,Container port traffic (TEU: 20 foot equivalent units),IS.SHP.GOOD.TU,transport,2020,10696962.0
Jordan,JOR,Container port traffic (TEU: 20 foot equivalent units),IS.SHP.GOOD.TU,transport,2020,857283.0
Kuwait,KWT,Container port traffic (TEU: 20 foot equivalent units),IS.SHP.GOOD.TU,transport,2020,863618.0
Lebanon,LBN,Container port traffic (TEU: 20 foot equivalent units),IS.SHP.GOOD.TU,transport,2020,798882.0
Oman,OMN,Container port traffic (TEU: 20 foot equivalent units),IS.SHP.GOOD.TU,transport,2020,5146009.0
Qatar,QAT,Container port traffic (TEU: 20 foot equivalent units),IS.SHP.GOOD.TU,transport,2020,1412689.0
Saudi Arabia,SAU,Container port traffic (TEU: 20 foot equivalent units),IS.SHP.GOOD.TU,transport,2020,9330437.0
Turkiye,TUR,Container port traffic (TEU: 20 foot equivalent units),IS.SHP.GOOD.TU,transport,2020,11626578.0
United States,USA,Container port traffic (TEU: 20 foot equivalent units),IS.SHP.GOOD.TU,transport,2020,53059014.0
World,WLD,Container port traffic (TEU: 20 foot equivalent units),IS.SHP.GOOD.TU,transport,2020,791062136.625
United Arab Emirates,ARE,Container port traffic (TEU: 20 foot equivalent units),IS.SHP.GOOD.TU,transport,2021,19236164.0
Australia,AUS,Container port traffic (TEU: 20 foot equivalent units),IS.SHP.GOOD.TU,transport,2021,9254828.0
Bahrain,BHR,Container port traffic (TEU: 20 foot equivalent units),IS.SHP.GOOD.TU,transport,2021,404904.0
Canada,CAN,Container port traffic (TEU: 20 foot equivalent units),IS.SHP.GOOD.TU,transport,2021,7169607.0
China,CHN,Container port traffic (TEU: 20 foot equivalent units),IS.SHP.GOOD.TU,transport,2021,256945700.0
Germany,DEU,Container port traffic (TEU: 20 foot equivalent units),IS.SHP.GOOD.TU,transport,2021,14710963.0
"Egypt, Arab Rep.",EGY,Container port traffic (TEU: 20 foot equivalent units),IS.SHP.GOOD.TU,transport,2021,7226065.0
Euro area,EMU,Container port traffic (TEU: 20 foot equivalent units),IS.SHP.GOOD.TU,transport,2021,96394219.0
European Union,EUU,Container port traffic (TEU: 20 foot equivalent units),IS.SHP.GOOD.TU,transport,2021,102903861.0
France,FRA,Container port traffic (TEU: 20 foot equivalent units),IS.SHP.GOOD.TU,transport,2021,5522541.0
United Kingdom,GBR,Container port traffic (TEU: 20 foot equivalent units),IS.SHP.GOOD.TU,transport,2021,10290181.0
Greece,GRC,Container port traffic (TEU: 20 foot equivalent units),IS.SHP.GOOD.TU,transport,2021,6077102.0
India,IND,Container port traffic (TEU: 20 foot equivalent units),IS.SHP.GOOD.TU,transport,2021,19561769.0
Italy,ITA,Container port traffic (TEU: 20 foot equivalent units),IS.SHP.GOOD.TU,transport,2021,11303247.0
Jordan,JOR,Container port traffic (TEU: 20 foot equivalent units),IS.SHP.GOOD.TU,transport,2021,765662.0
Lebanon,LBN,Container port traffic (TEU: 20 foot equivalent units),IS.SHP.GOOD.TU,transport,2021,640263.0
Oman,OMN,Container port traffic (TEU: 20 foot equivalent units),IS.SHP.GOOD.TU,transport,2021,5238968.0
Qatar,QAT,Container port traffic (TEU: 20 foot equivalent units),IS.SHP.GOOD.TU,transport,2021,1543591.0
Saudi Arabia,SAU,Container port traffic (TEU: 20 foot equivalent units),IS.SHP.GOOD.TU,transport,2021,9875946.0
Turkiye,TUR,Container port traffic (TEU: 20 foot equivalent units),IS.SHP.GOOD.TU,transport,2021,12591327.0
United States,USA,Container port traffic (TEU: 20 foot equivalent units),IS.SHP.GOOD.TU,transport,2021,60874671.0
World,WLD,Container port traffic (TEU: 20 foot equivalent units),IS.SHP.GOOD.TU,transport,2021,844570038.0
United Arab Emirates,ARE,Container port traffic (TEU: 20 foot equivalent units),IS.SHP.GOOD.TU,transport,2022,20391675.0
Australia,AUS,Container port traffic (TEU: 20 foot equivalent units),IS.SHP.GOOD.TU,transport,2022,9377619.0
Bahrain,BHR,Container port traffic (TEU: 20 foot equivalent units),IS.SHP.GOOD.TU,transport,2022,383435.0
Canada,CAN,Container port traffic (TEU: 20 foot equivalent units),IS.SHP.GOOD.TU,transport,2022,7075877.0
China,CHN,Container port traffic (TEU: 20 foot equivalent units),IS.SHP.GOOD.TU,transport,2022,268790000.0
Germany,DEU,Container port traffic (TEU: 20 foot equivalent units),IS.SHP.GOOD.TU,transport,2022,13733867.0
"Egypt, Arab Rep.",EGY,Container port traffic (TEU: 20 foot equivalent units),IS.SHP.GOOD.TU,transport,2022,7646643.0
Euro area,EMU,Container port traffic (TEU: 20 foot equivalent units),IS.SHP.GOOD.TU,transport,2022,93783645.0
European Union,EUU,Container port traffic (TEU: 20 foot equivalent units),IS.SHP.GOOD.TU,transport,2022,100328193.0
France,FRA,Container port traffic (TEU: 20 foot equivalent units),IS.SHP.GOOD.TU,transport,2022,5593633.0
United Kingdom,GBR,Container port traffic (TEU: 20 foot equivalent units),IS.SHP.GOOD.TU,transport,2022,9749676.0
Greece,GRC,Container port traffic (TEU: 20 foot equivalent units),IS.SHP.GOOD.TU,transport,2022,5707876.0
India,IND,Container port traffic (TEU: 20 foot equivalent units),IS.SHP.GOOD.TU,transport,2022,19717168.0
Italy,ITA,Container port traffic (TEU: 20 foot equivalent units),IS.SHP.GOOD.TU,transport,2022,11577612.0
Jordan,JOR,Container port traffic (TEU: 20 foot equivalent units),IS.SHP.GOOD.TU,transport,2022,852554.0
Lebanon,LBN,Container port traffic (TEU: 20 foot equivalent units),IS.SHP.GOOD.TU,transport,2022,434218.0
Oman,OMN,Container port traffic (TEU: 20 foot equivalent units),IS.SHP.GOOD.TU,transport,2022,5228483.0
Qatar,QAT,Container port traffic (TEU: 20 foot equivalent units),IS.SHP.GOOD.TU,transport,2022,1408804.0
Saudi Arabia,SAU,Container port traffic (TEU: 20 foot equivalent units),IS.SHP.GOOD.TU,transport,2022,10469213.0
Turkiye,TUR,Container port traffic (TEU: 20 foot equivalent units),IS.SHP.GOOD.TU,transport,2022,12366172.0
United States,USA,Container port traffic (TEU: 20 foot equivalent units),IS.SHP.GOOD.TU,transport,2022,61191458.0
World,WLD,Container port traffic (TEU: 20 foot equivalent units),IS.SHP.GOOD.TU,transport,2022,850416540.0
United Arab Emirates,ARE,Container port traffic (TEU: 20 foot equivalent units),IS.SHP.GOOD.TU,transport,2023,21531172.0
Australia,AUS,Container port traffic (TEU: 20 foot equivalent units),IS.SHP.GOOD.TU,transport,2023,9283435.0
Bahrain,BHR,Container port traffic (TEU: 20 foot equivalent units),IS.SHP.GOOD.TU,transport,2023,404097.0
Canada,CAN,Container port traffic (TEU: 20 foot equivalent units),IS.SHP.GOOD.TU,transport,2023,6102646.0
China,CHN,Container port traffic (TEU: 20 foot equivalent units),IS.SHP.GOOD.TU,transport,2023,278759834.0
Germany,DEU,Container port traffic (TEU: 20 foot equivalent units),IS.SHP.GOOD.TU,transport,2023,12608856.0
"Egypt, Arab Rep.",EGY,Container port traffic (TEU: 20 foot equivalent units),IS.SHP.GOOD.TU,transport,2023,8360875.0
Euro area,EMU,Container port traffic (TEU: 20 foot equivalent units),IS.SHP.GOOD.TU,transport,2023,89280869.0
European Union,EUU,Container port traffic (TEU: 20 foot equivalent units),IS.SHP.GOOD.TU,transport,2023,95631045.0
France,FRA,Container port traffic (TEU: 20 foot equivalent units),IS.SHP.GOOD.TU,transport,2023,4869539.0
United Kingdom,GBR,Container port traffic (TEU: 20 foot equivalent units),IS.SHP.GOOD.TU,transport,2023,9090140.0
Greece,GRC,Container port traffic (TEU: 20 foot equivalent units),IS.SHP.GOOD.TU,transport,2023,5926627.0
India,IND,Container port traffic (TEU: 20 foot equivalent units),IS.SHP.GOOD.TU,transport,2023,22208000.0
Italy,ITA,Container port traffic (TEU: 20 foot equivalent units),IS.SHP.GOOD.TU,transport,2023,11303925.0
Jordan,JOR,Container port traffic (TEU: 20 foot equivalent units),IS.SHP.GOOD.TU,transport,2023,898736.0
Oman,OMN,Container port traffic (TEU: 20 foot equivalent units),IS.SHP.GOOD.TU,transport,2023,4608110.0
Qatar,QAT,Container port traffic (TEU: 20 foot equivalent units),IS.SHP.GOOD.TU,transport,2023,1318414.0
Saudi Arabia,SAU,Container port traffic (TEU: 20 foot equivalent units),IS.SHP.GOOD.TU,transport,2023,11379951.0
Turkiye,TUR,Container port traffic (TEU: 20 foot equivalent units),IS.SHP.GOOD.TU,transport,2023,12554581.0
United States,USA,Container port traffic (TEU: 20 foot equivalent units),IS.SHP.GOOD.TU,transport,2023,54618858.0
World,WLD,Container port traffic (TEU: 20 foot equivalent units),IS.SHP.GOOD.TU,transport,2023,853611611.0
United Arab Emirates,ARE,Container port traffic (TEU: 20 foot equivalent units),IS.SHP.GOOD.TU,transport,2024,23466906.0
Australia,AUS,Container port traffic (TEU: 20 foot equivalent units),IS.SHP.GOOD.TU,transport,2024,9579396.0
Bahrain,BHR,Container port traffic (TEU: 20 foot equivalent units),IS.SHP.GOOD.TU,transport,2024,409382.0
Canada,CAN,Container port traffic (TEU: 20 foot equivalent units),IS.SHP.GOOD.TU,transport,2024,6394038.0
China,CHN,Container port traffic (TEU: 20 foot equivalent units),IS.SHP.GOOD.TU,transport,2024,299703800.0
Germany,DEU,Container port traffic (TEU: 20 foot equivalent units),IS.SHP.GOOD.TU,transport,2024,13294081.0
"Egypt, Arab Rep.",EGY,Container port traffic (TEU: 20 foot equivalent units),IS.SHP.GOOD.TU,transport,2024,8581339.0
Euro area,EMU,Container port traffic (TEU: 20 foot equivalent units),IS.SHP.GOOD.TU,transport,2024,94517241.0
European Union,EUU,Container port traffic (TEU: 20 foot equivalent units),IS.SHP.GOOD.TU,transport,2024,101354155.0
France,FRA,Container port traffic (TEU: 20 foot equivalent units),IS.SHP.GOOD.TU,transport,2024,5371045.0
United Kingdom,GBR,Container port traffic (TEU: 20 foot equivalent units),IS.SHP.GOOD.TU,transport,2024,9621469.0
Greece,GRC,Container port traffic (TEU: 20 foot equivalent units),IS.SHP.GOOD.TU,transport,2024,5691448.0
India,IND,Container port traffic (TEU: 20 foot equivalent units),IS.SHP.GOOD.TU,transport,2024,23898000.0
Italy,ITA,Container port traffic (TEU: 20 foot equivalent units),IS.SHP.GOOD.TU,transport,2024,11927016.0
Jordan,JOR,Container port traffic (TEU: 20 foot equivalent units),IS.SHP.GOOD.TU,transport,2024,824199.0
Lebanon,LBN,Container port traffic (TEU: 20 foot equivalent units),IS.SHP.GOOD.TU,transport,2024,762062.0
Oman,OMN,Container port traffic (TEU: 20 foot equivalent units),IS.SHP.GOOD.TU,transport,2024,4246786.0
Qatar,QAT,Container port traffic (TEU: 20 foot equivalent units),IS.SHP.GOOD.TU,transport,2024,1421000.0
Saudi Arabia,SAU,Container port traffic (TEU: 20 foot equivalent units),IS.SHP.GOOD.TU,transport,2024,8029571.0
Turkiye,TUR,Container port traffic (TEU: 20 foot equivalent units),IS.SHP.GOOD.TU,transport,2024,13507070.0
United States,USA,Container port traffic (TEU: 20 foot equivalent units),IS.SHP.GOOD.TU,transport,2024,59707490.0
World,WLD,Container port traffic (TEU: 20 foot equivalent units),IS.SHP.GOOD.TU,transport,2024,913279048.0
Australia,AUS,"Official exchange rate (LCU per US$, period average)",PA.NUS.FCRF,exchange_rate,1960,0.892856999892857
Canada,CAN,"Official exchange rate (LCU per US$, period average)",PA.NUS.FCRF,exchange_rate,1960,0.969766786666667
China,CHN,"Official exchange rate (LCU per US$, period average)",PA.NUS.FCRF,exchange_rate,1960,2.46180889882528
Germany,DEU,"Official exchange rate (LCU per US$, period average)",PA.NUS.FCRF,exchange_rate,1960,4.2000000032
"Egypt, Arab Rep.",EGY,"Official exchange rate (LCU per US$, period average)",PA.NUS.FCRF,exchange_rate,1960,0.348241999348242
France,FRA,"Official exchange rate (LCU per US$, period average)",PA.NUS.FCRF,exchange_rate,1960,4.93706000393706
United Kingdom,GBR,"Official exchange rate (LCU per US$, period average)",PA.NUS.FCRF,exchange_rate,1960,0.357142999357143
Greece,GRC,"Official exchange rate (LCU per US$, period average)",PA.NUS.FCRF,exchange_rate,1960,30.000300003
India,IND,"Official exchange rate (LCU per US$, period average)",PA.NUS.FCRF,exchange_rate,1960,4.7619000037619
Iraq,IRQ,"Official exchange rate (LCU per US$, period average)",PA.NUS.FCRF,exchange_rate,1960,0.357142999357143
Italy,ITA,"Official exchange rate (LCU per US$, period average)",PA.NUS.FCRF,exchange_rate,1960,623.98633587256
Jordan,JOR,"Official exchange rate (LCU per US$, period average)",PA.NUS.FCRF,exchange_rate,1960,0.357142999357143
Kuwait,KWT,"Official exchange rate (LCU per US$, period average)",PA.NUS.FCRF,exchange_rate,1960,0.357142999357143
Lebanon,LBN,"Official exchange rate (LCU per US$, period average)",PA.NUS.FCRF,exchange_rate,1960,3.169349999
Oman,OMN,"Official exchange rate (LCU per US$, period average)",PA.NUS.FCRF,exchange_rate,1960,0.357142999357143
Saudi Arabia,SAU,"Official exchange rate (LCU per US$, period average)",PA.NUS.FCRF,exchange_rate,1960,4.5000000035
Turkiye,TUR,"Official exchange rate (LCU per US$, period average)",PA.NUS.FCRF,exchange_rate,1960,9.01691666658333e-06
United States,USA,"Official exchange rate (LCU per US$, period average)",PA.NUS.FCRF,exchange_rate,1960,1.0
Australia,AUS,"Official exchange rate (LCU per US$, period average)",PA.NUS.FCRF,exchange_rate,1961,0.892856999892857
Canada,CAN,"Official exchange rate (LCU per US$, period average)",PA.NUS.FCRF,exchange_rate,1961,1.01306251583333
China,CHN,"Official exchange rate (LCU per US$, period average)",PA.NUS.FCRF,exchange_rate,1961,2.46180889882528
Germany,DEU,"Official exchange rate (LCU per US$, period average)",PA.NUS.FCRF,exchange_rate,1961,4.03333333636667
"Egypt, Arab Rep.",EGY,"Official exchange rate (LCU per US$, period average)",PA.NUS.FCRF,exchange_rate,1961,0.348241999348242
France,FRA,"Official exchange rate (LCU per US$, period average)",PA.NUS.FCRF,exchange_rate,1961,4.93706000393706
United Kingdom,GBR,"Official exchange rate (LCU per US$, period average)",PA.NUS.FCRF,exchange_rate,1961,0.357142999357143
Greece,GRC,"Official exchange rate (LCU per US$, period average)",PA.NUS.FCRF,exchange_rate,1961,30.0000500246667
India,IND,"Official exchange rate (LCU per US$, period average)",PA.NUS.FCRF,exchange_rate,1961,4.7619000037619
Iraq,IRQ,"Official exchange rate (LCU per US$, period average)",PA.NUS.FCRF,exchange_rate,1961,0.357142999357143
Italy,ITA,"Official exchange rate (LCU per US$, period average)",PA.NUS.FCRF,exchange_rate,1961,625.000000625
Jordan,JOR,"Official exchange rate (LCU per US$, period average)",PA.NUS.FCRF,exchange_rate,1961,0.357142999357143
Kuwait,KWT,"Official exchange rate (LCU per US$, period average)",PA.NUS.FCRF,exchange_rate,1961,0.357142999357143
Lebanon,LBN,"Official exchange rate (LCU per US$, period average)",PA.NUS.FCRF,exchange_rate,1961,3.07861666566667
Oman,OMN,"Official exchange rate (LCU per US$, period average)",PA.NUS.FCRF,exchange_rate,1961,0.357142999357143
Saudi Arabia,SAU,"Official exchange rate (LCU per US$, period average)",PA.NUS.FCRF,exchange_rate,1961,4.5000000035
Turkiye,TUR,"Official exchange rate (LCU per US$, period average)",PA.NUS.FCRF,exchange_rate,1961,9.02e-06
United States,USA,"Official exchange rate (LCU per US$, period average)",PA.NUS.FCRF,exchange_rate,1961,1.0
Australia,AUS,"Official exchange rate (LCU per US$, period average)",PA.NUS.FCRF,exchange_rate,1962,0.892856999892857
Canada,CAN,"Official exchange rate (LCU per US$, period average)",PA.NUS.FCRF,exchange_rate,1962,1.06876922408333
China,CHN,"Official exchange rate (LCU per US$, period average)",PA.NUS.FCRF,exchange_rate,1962,2.46180889882528
Germany,DEU,"Official exchange rate (LCU per US$, period average)",PA.NUS.FCRF,exchange_rate,1962,4.000000003
"Egypt, Arab Rep.",EGY,"Official exchange rate (LCU per US$, period average)",PA.NUS.FCRF,exchange_rate,1962,0.40448912538026
France,FRA,"Official exchange rate (LCU per US$, period average)",PA.NUS.FCRF,exchange_rate,1962,4.93706000393706
United Kingdom,GBR,"Official exchange rate (LCU per US$, period average)",PA.NUS.FCRF,exchange_rate,1962,0.357142999357143
Greece,GRC,"Official exchange rate (LCU per US$, period average)",PA.NUS.FCRF,exchange_rate,1962,30.000000029
India,IND,"Official exchange rate (LCU per US$, period average)",PA.NUS.FCRF,exchange_rate,1962,4.7619000037619
Iraq,IRQ,"Official exchange rate (LCU per US$, period average)",PA.NUS.FCRF,exchange_rate,1962,0.357142999357143
Italy,ITA,"Official exchange rate (LCU per US$, period average)",PA.NUS.FCRF,exchange_rate,1962,625.000000625
Jordan,JOR,"Official exchange rate (LCU per US$, period average)",PA.NUS.FCRF,exchange_rate,1962,0.357142999357143
Kuwait,KWT,"Official exchange rate (LCU per US$, period average)",PA.NUS.FCRF,exchange_rate,1962,0.357142999357143
Lebanon,LBN,"Official exchange rate (LCU per US$, period average)",PA.NUS.FCRF,exchange_rate,1962,3.00904166566667
Oman,OMN,"Official exchange rate (LCU per US$, period average)",PA.NUS.FCRF,exchange_rate,1962,0.357142999357143
Saudi Arabia,SAU,"Official exchange rate (LCU per US$, period average)",PA.NUS.FCRF,exchange_rate,1962,4.5000000035
Turkiye,TUR,"Official exchange rate (LCU per US$, period average)",PA.NUS.FCRF,exchange_rate,1962,9.02e-06
United States,USA,"Official exchange rate (LCU per US$, period average)",PA.NUS.FCRF,exchange_rate,1962,1.0
Australia,AUS,"Official exchange rate (LCU per US$, period average)",PA.NUS.FCRF,exchange_rate,1963,0.892856999892857
Canada,CAN,"Official exchange rate (LCU per US$, period average)",PA.NUS.FCRF,exchange_rate,1963,1.07851434416667
China,CHN,"Official exchange rate (LCU per US$, period average)",PA.NUS.FCRF,exchange_rate,1963,2.46180889882528
Germany,DEU,"Official exchange rate (LCU per US$, period average)",PA.NUS.FCRF,exchange_rate,1963,4.000000003
"Egypt, Arab Rep.",EGY,"Official exchange rate (LCU per US$, period average)",PA.NUS.FCRF,exchange_rate,1963,0.434782608884688
France,FRA,"Official exchange rate (LCU per US$, period average)",PA.NUS.FCRF,exchange_rate,1963,4.93706000393706
United Kingdom,GBR,"Official exchange rate (LCU per US$, period average)",PA.NUS.FCRF,exchange_rate,1963,0.357142999357143
Greece,GRC,"Official exchange rate (LCU per US$, period average)",PA.NUS.FCRF,exchange_rate,1963,30.000000029
India,IND,"Official exchange rate (LCU per US$, period average)",PA.NUS.FCRF,exchange_rate,1963,4.7619000037619
Iraq,IRQ,"Official exchange rate (LCU per US$, period average)",PA.NUS.FCRF,exchange_rate,1963,0.357142999357143
Italy,ITA,"Official exchange rate (LCU per US$, period average)",PA.NUS.FCRF,exchange_rate,1963,625.000000625
Jordan,JOR,"Official exchange rate (LCU per US$, period average)",PA.NUS.FCRF,exchange_rate,1963,0.357142999357143
Kuwait,KWT,"Official exchange rate (LCU per US$, period average)",PA.NUS.FCRF,exchange_rate,1963,0.357142999357143
Lebanon,LBN,"Official exchange rate (LCU per US$, period average)",PA.NUS.FCRF,exchange_rate,1963,3.09729166566667
Oman,OMN,"Official exchange rate (LCU per US$, period average)",PA.NUS.FCRF,exchange_rate,1963,0.357142999357143
Saudi Arabia,SAU,"Official exchange rate (LCU per US$, period average)",PA.NUS.FCRF,exchange_rate,1963,4.5000000035
Turkiye,TUR,"Official exchange rate (LCU per US$, period average)",PA.NUS.FCRF,exchange_rate,1963,9.02e-06
United States,USA,"Official exchange rate (LCU per US$, period average)",PA.NUS.FCRF,exchange_rate,1963,1.0
Australia,AUS,"Official exchange rate (LCU per US$, period average)",PA.NUS.FCRF,exchange_rate,1964,0.892856999892857
Canada,CAN,"Official exchange rate (LCU per US$, period average)",PA.NUS.FCRF,exchange_rate,1964,1.07859841916667
China,CHN,"Official exchange rate (LCU per US$, period average)",PA.NUS.FCRF,exchange_rate,1964,2.46180889882528
Germany,DEU,"Official exchange rate (LCU per US$, period average)",PA.NUS.FCRF,exchange_rate,1964,4.000000003
"Egypt, Arab Rep.",EGY,"Official exchange rate (LCU per US$, period average)",PA.NUS.FCRF,exchange_rate,1964,0.434782608884688
France,FRA,"Official exchange rate (LCU per US$, period average)",PA.NUS.FCRF,exchange_rate,1964,4.93706000393706
United Kingdom,GBR,"Official exchange rate (LCU per US$, period average)",PA.NUS.FCRF,exchange_rate,1964,0.357142999357143
Greece,GRC,"Official exchange rate (LCU per US$, period average)",PA.NUS.FCRF,exchange_rate,1964,30.000000029
India,IND,"Official exchange rate (LCU per US$, period average)",PA.NUS.FCRF,exchange_rate,1964,4.7619000037619
Iraq,IRQ,"Official exchange rate (LCU per US$, period average)",PA.NUS.FCRF,exchange_rate,1964,0.357142999357143
Italy,ITA,"Official exchange rate (LCU per US$, period average)",PA.NUS.FCRF,exchange_rate,1964,625.000000625
Jordan,JOR,"Official exchange rate (LCU per US$, period average)",PA.NUS.FCRF,exchange_rate,1964,0.357142999357143
Kuwait,KWT,"Official exchange rate (LCU per US$, period average)",PA.NUS.FCRF,exchange_rate,1964,0.357142999357143
Lebanon,LBN,"Official exchange rate (LCU per US$, period average)",PA.NUS.FCRF,exchange_rate,1964,3.07365833233333
Oman,OMN,"Official exchange rate (LCU per US$, period average)",PA.NUS.FCRF,exchange_rate,1964,0.357142999357143
Saudi Arabia,SAU,"Official exchange rate (LCU per US$, period average)",PA.NUS.FCRF,exchange_rate,1964,4.5000000035
Turkiye,TUR,"Official exchange rate (LCU per US$, period average)",PA.NUS.FCRF,exchange_rate,1964,9.03916666575e-06
United States,USA,"Official exchange rate (LCU per US$, period average)",PA.NUS.FCRF,exchange_rate,1964,1.0
Australia,AUS,"Official exchange rate (LCU per US$, period average)",PA.NUS.FCRF,exchange_rate,1965,0.892856999892857
Canada,CAN,"Official exchange rate (LCU per US$, period average)",PA.NUS.FCRF,exchange_rate,1965,1.07798428416667
China,CHN,"Official exchange rate (LCU per US$, period average)",PA.NUS.FCRF,exchange_rate,1965,2.46180889882528
Germany,DEU,"Official exchange rate (LCU per US$, period average)",PA.NUS.FCRF,exchange_rate,1965,4.000000003
"Egypt, Arab Rep.",EGY,"Official exchange rate (LCU per US$, period average)",PA.NUS.FCRF,exchange_rate,1965,0.434782608884688
France,FRA,"Official exchange rate (LCU per US$, period average)",PA.NUS.FCRF,exchange_rate,1965,4.93706000393706
United Kingdom,GBR,"Official exchange rate (LCU per US$, period average)",PA.NUS.FCRF,exchange_rate,1965,0.357142999357143
Greece,GRC,"Official exchange rate (LCU per US$, period average)",PA.NUS.FCRF,exchange_rate,1965,30.000000029
India,IND,"Official exchange rate (LCU per US$, period average)",PA.NUS.FCRF,exchange_rate,1965,4.7619000037619
Iraq,IRQ,"Official exchange rate (LCU per US$, period average)",PA.NUS.FCRF,exchange_rate,1965,0.357142999357143
Italy,ITA,"Official exchange rate (LCU per US$, period average)",PA.NUS.FCRF,exchange_rate,1965,625.000000625
Jordan,JOR,"Official exchange rate (LCU per US$, period average)",PA.NUS.FCRF,exchange_rate,1965,0.357142999357143
Kuwait,KWT,"Official exchange rate (LCU per US$, period average)",PA.NUS.FCRF,exchange_rate,1965,0.357142999357143
Lebanon,LBN,"Official exchange rate (LCU per US$, period average)",PA.NUS.FCRF,exchange_rate,1965,3.071849999
Oman,OMN,"Official exchange rate (LCU per US$, period average)",PA.NUS.FCRF,exchange_rate,1965,0.357142999357143
Saudi Arabia,SAU,"Official exchange rate (LCU per US$, period average)",PA.NUS.FCRF,exchange_rate,1965,4.5000000035
Turkiye,TUR,"Official exchange rate (LCU per US$, period average)",PA.NUS.FCRF,exchange_rate,1965,9.039999999e-06
United States,USA,"Official exchange rate (LCU per US$, period average)",PA.NUS.FCRF,exchange_rate,1965,1.0
United Arab Emirates,ARE,"Official exchange rate (LCU per US$, period average)",PA.NUS.FCRF,exchange_rate,1966,4.7619000037619
Australia,AUS,"Official exchange rate (LCU per US$, period average)",PA.NUS.FCRF,exchange_rate,1966,0.892856999892857
Bahrain,BHR,"Official exchange rate (LCU per US$, period average)",PA.NUS.FCRF,exchange_rate,1966,0.47618999947619
Canada,CAN,"Official exchange rate (LCU per US$, period average)",PA.NUS.FCRF,exchange_rate,1966,1.07734156666667
China,CHN,"Official exchange rate (LCU per US$, period average)",PA.NUS.FCRF,exchange_rate,1966,2.46180889882528
Germany,DEU,"Official exchange rate (LCU per US$, period average)",PA.NUS.FCRF,exchange_rate,1966,4.000000003
"Egypt, Arab Rep.",EGY,"Official exchange rate (LCU per US$, period average)",PA.NUS.FCRF,exchange_rate,1966,0.434782608884688
France,FRA,"Official exchange rate (LCU per US$, period average)",PA.NUS.FCRF,exchange_rate,1966,4.93706000393706
United Kingdom,GBR,"Official exchange rate (LCU per US$, period average)",PA.NUS.FCRF,exchange_rate,1966,0.357142999357143
Greece,GRC,"Official exchange rate (LCU per US$, period average)",PA.NUS.FCRF,exchange_rate,1966,30.000000029
India,IND,"Official exchange rate (LCU per US$, period average)",PA.NUS.FCRF,exchange_rate,1966,6.35912500535913
Iraq,IRQ,"Official exchange rate (LCU per US$, period average)",PA.NUS.FCRF,exchange_rate,1966,0.357142999357143
Italy,ITA,"Official exchange rate (LCU per US$, period average)",PA.NUS.FCRF,exchange_rate,1966,625.000000625
Jordan,JOR,"Official exchange rate (LCU per US$, period average)",PA.NUS.FCRF,exchange_rate,1966,0.357142999357143
Kuwait,KWT,"Official exchange rate (LCU per US$, period average)",PA.NUS.FCRF,exchange_rate,1966,0.357142999357143
Lebanon,LBN,"Official exchange rate (LCU per US$, period average)",PA.NUS.FCRF,exchange_rate,1966,3.130749999
Oman,OMN,"Official exchange rate (LCU per US$, period average)",PA.NUS.FCRF,exchange_rate,1966,0.357142999357143
Qatar,QAT,"Official exchange rate (LCU per US$, period average)",PA.NUS.FCRF,exchange_rate,1966,4.7619000037619
Saudi Arabia,SAU,"Official exchange rate (LCU per US$, period average)",PA.NUS.FCRF,exchange_rate,1966,4.5000000035
Turkiye,TUR,"Official exchange rate (LCU per US$, period average)",PA.NUS.FCRF,exchange_rate,1966,9.039999999e-06
United States,USA,"Official exchange rate (LCU per US$, period average)",PA.NUS.FCRF,exchange_rate,1966,1.0
United Arab Emirates,ARE,"Official exchange rate (LCU per US$, period average)",PA.NUS.FCRF,exchange_rate,1967,4.7619000037619
Australia,AUS,"Official exchange rate (LCU per US$, period average)",PA.NUS.FCRF,exchange_rate,1967,0.892856999892857
Bahrain,BHR,"Official exchange rate (LCU per US$, period average)",PA.NUS.FCRF,exchange_rate,1967,0.47618999947619
Canada,CAN,"Official exchange rate (LCU per US$, period average)",PA.NUS.FCRF,exchange_rate,1967,1.07871042416667
China,CHN,"Official exchange rate (LCU per US$, period average)",PA.NUS.FCRF,exchange_rate,1967,2.46180889882528
Germany,DEU,"Official exchange rate (LCU per US$, period average)",PA.NUS.FCRF,exchange_rate,1967,4.000000003
"Egypt, Arab Rep.",EGY,"Official exchange rate (LCU per US$, period average)",PA.NUS.FCRF,exchange_rate,1967,0.434782608884688
France,FRA,"Official exchange rate (LCU per US$, period average)",PA.NUS.FCRF,exchange_rate,1967,4.93706000393706
United Kingdom,GBR,"Official exchange rate (LCU per US$, period average)",PA.NUS.FCRF,exchange_rate,1967,0.362103332665675
Greece,GRC,"Official exchange rate (LCU per US$, period average)",PA.NUS.FCRF,exchange_rate,1967,30.000000029
India,IND,"Official exchange rate (LCU per US$, period average)",PA.NUS.FCRF,exchange_rate,1967,7.5000000065
Iraq,IRQ,"Official exchange rate (LCU per US$, period average)",PA.NUS.FCRF,exchange_rate,1967,0.357142999357143
Italy,ITA,"Official exchange rate (LCU per US$, period average)",PA.NUS.FCRF,exchange_rate,1967,625.000000625
Jordan,JOR,"Official exchange rate (LCU per US$, period average)",PA.NUS.FCRF,exchange_rate,1967,0.357142999357143
Kuwait,KWT,"Official exchange rate (LCU per US$, period average)",PA.NUS.FCRF,exchange_rate,1967,0.357142999357143
Lebanon,LBN,"Official exchange rate (LCU per US$, period average)",PA.NUS.FCRF,exchange_rate,1967,3.20451666566667
Oman,OMN,"Official exchange rate (LCU per US$, period average)",PA.NUS.FCRF,exchange_rate,1967,0.362103332665675
Qatar,QAT,"Official exchange rate (LCU per US$, period average)",PA.NUS.FCRF,exchange_rate,1967,4.7619000037619
Saudi Arabia,SAU,"Official exchange rate (LCU per US$, period average)",PA.NUS.FCRF,exchange_rate,1967,4.5000000035
Turkiye,TUR,"Official exchange rate (LCU per US$, period average)",PA.NUS.FCRF,exchange_rate,1967,9.039999999e-06
United States,USA,"Official exchange rate (LCU per US$, period average)",PA.NUS.FCRF,exchange_rate,1967,1.0
United Arab Emirates,ARE,"Official exchange rate (LCU per US$, period average)",PA.NUS.FCRF,exchange_rate,1968,4.7619000037619
Australia,AUS,"Official exchange rate (LCU per US$, period average)",PA.NUS.FCRF,exchange_rate,1968,0.892856999892857
Bahrain,BHR,"Official exchange rate (LCU per US$, period average)",PA.NUS.FCRF,exchange_rate,1968,0.47618999947619
Canada,CAN,"Official exchange rate (LCU per US$, period average)",PA.NUS.FCRF,exchange_rate,1968,1.07747140083333
China,CHN,"Official exchange rate (LCU per US$, period average)",PA.NUS.FCRF,exchange_rate,1968,2.46180889882528
Germany,DEU,"Official exchange rate (LCU per US$, period average)",PA.NUS.FCRF,exchange_rate,1968,4.000000003
"Egypt, Arab Rep.",EGY,"Official exchange rate (LCU per US$, period average)",PA.NUS.FCRF,exchange_rate,1968,0.434782608884688
France,FRA,"Official exchange rate (LCU per US$, period average)",PA.NUS.FCRF,exchange_rate,1968,4.93706000393706
United Kingdom,GBR,"Official exchange rate (LCU per US$, period average)",PA.NUS.FCRF,exchange_rate,1968,0.416666999416667
Greece,GRC,"Official exchange rate (LCU per US$, period average)",PA.NUS.FCRF,exchange_rate,1968,30.000000029
India,IND,"Official exchange rate (LCU per US$, period average)",PA.NUS.FCRF,exchange_rate,1968,7.5000000065
Iraq,IRQ,"Official exchange rate (LCU per US$, period average)",PA.NUS.FCRF,exchange_rate,1968,0.357142999357143
Italy,ITA,"Official exchange rate (LCU per US$, period average)",PA.NUS.FCRF,exchange_rate,1968,625.000000625
Jordan,JOR,"Official exchange rate (LCU per US$, period average)",PA.NUS.FCRF,exchange_rate,1968,0.357142999357143
Kuwait,KWT,"Official exchange rate (LCU per US$, period average)",PA.NUS.FCRF,exchange_rate,1968,0.357142999357143
Lebanon,LBN,"Official exchange rate (LCU per US$, period average)",PA.NUS.FCRF,exchange_rate,1968,3.156824999
Oman,OMN,"Official exchange rate (LCU per US$, period average)",PA.NUS.FCRF,exchange_rate,1968,0.416666999416667
Qatar,QAT,"Official exchange rate (LCU per US$, period average)",PA.NUS.FCRF,exchange_rate,1968,4.7619000037619
Saudi Arabia,SAU,"Official exchange rate (LCU per US$, period average)",PA.NUS.FCRF,exchange_rate,1968,4.5000000035
Turkiye,TUR,"Official exchange rate (LCU per US$, period average)",PA.NUS.FCRF,exchange_rate,1968,9.039999999e-06
United States,USA,"Official exchange rate (LCU per US$, period average)",PA.NUS.FCRF,exchange_rate,1968,1.0
United Arab Emirates,ARE,"Official exchange rate (LCU per US$, period average)",PA.NUS.FCRF,exchange_rate,1969,4.7619000037619
Australia,AUS,"Official exchange rate (LCU per US$, period average)",PA.NUS.FCRF,exchange_rate,1969,0.892856999892857
Bahrain,BHR,"Official exchange rate (LCU per US$, period average)",PA.NUS.FCRF,exchange_rate,1969,0.47618999947619
Canada,CAN,"Official exchange rate (LCU per US$, period average)",PA.NUS.FCRF,exchange_rate,1969,1.0767805125
China,CHN,"Official exchange rate (LCU per US$, period average)",PA.NUS.FCRF,exchange_rate,1969,2.46180889882528
Germany,DEU,"Official exchange rate (LCU per US$, period average)",PA.NUS.FCRF,exchange_rate,1969,3.94333333594333
"Egypt, Arab Rep.",EGY,"Official exchange rate (LCU per US$, period average)",PA.NUS.FCRF,exchange_rate,1969,0.434782608884688
France,FRA,"Official exchange rate (LCU per US$, period average)",PA.NUS.FCRF,exchange_rate,1969,5.1941975041942
United Kingdom,GBR,"Official exchange rate (LCU per US$, period average)",PA.NUS.FCRF,exchange_rate,1969,0.416666999416667
Greece,GRC,"Official exchange rate (LCU per US$, period average)",PA.NUS.FCRF,exchange_rate,1969,30.000000029
India,IND,"Official exchange rate (LCU per US$, period average)",PA.NUS.FCRF,exchange_rate,1969,7.5000000065
Iraq,IRQ,"Official exchange rate (LCU per US$, period average)",PA.NUS.FCRF,exchange_rate,1969,0.357142999357143
Italy,ITA,"Official exchange rate (LCU per US$, period average)",PA.NUS.FCRF,exchange_rate,1969,625.000000625
Jordan,JOR,"Official exchange rate (LCU per US$, period average)",PA.NUS.FCRF,exchange_rate,1969,0.357142999357143
Kuwait,KWT,"Official exchange rate (LCU per US$, period average)",PA.NUS.FCRF,exchange_rate,1969,0.357142999357143
Lebanon,LBN,"Official exchange rate (LCU per US$, period average)",PA.NUS.FCRF,exchange_rate,1969,3.25458333233333
Oman,OMN,"Official exchange rate (LCU per US$, period average)",PA.NUS.FCRF,exchange_rate,1969,0.416666999416667
Qatar,QAT,"Official exchange rate (LCU per US$, period average)",PA.NUS.FCRF,exchange_rate,1969,4.7619000037619
Saudi Arabia,SAU,"Official exchange rate (LCU per US$, period average)",PA.NUS.FCRF,exchange_rate,1969,4.5000000035
Turkiye,TUR,"Official exchange rate (LCU per US$, period average)",PA.NUS.FCRF,exchange_rate,1969,9.039999999e-06
United States,USA,"Official exchange rate (LCU per US$, period average)",PA.NUS.FCRF,exchange_rate,1969,1.0
United Arab Emirates,ARE,"Official exchange rate (LCU per US$, period average)",PA.NUS.FCRF,exchange_rate,1970,4.7619000037619
Australia,AUS,"Official exchange rate (LCU per US$, period average)",PA.NUS.FCRF,exchange_rate,1970,0.892856999892857
Bahrain,BHR,"Official exchange rate (LCU per US$, period average)",PA.NUS.FCRF,exchange_rate,1970,0.47618999947619
Canada,CAN,"Official exchange rate (LCU per US$, period average)",PA.NUS.FCRF,exchange_rate,1970,1.04421874416667
China,CHN,"Official exchange rate (LCU per US$, period average)",PA.NUS.FCRF,exchange_rate,1970,2.46180889882528
Germany,DEU,"Official exchange rate (LCU per US$, period average)",PA.NUS.FCRF,exchange_rate,1970,3.66000000266
"Egypt, Arab Rep.",EGY,"Official exchange rate (LCU per US$, period average)",PA.NUS.FCRF,exchange_rate,1970,0.434782608884688
France,FRA,"Official exchange rate (LCU per US$, period average)",PA.NUS.FCRF,exchange_rate,1970,5.55419000455419
United Kingdom,GBR,"Official exchange rate (LCU per US$, period average)",PA.NUS.FCRF,exchange_rate,1970,0.416666999416667
Greece,GRC,"Official exchange rate (LCU per US$, period average)",PA.NUS.FCRF,exchange_rate,1970,30.000000029
India,IND,"Official exchange rate (LCU per US$, period average)",PA.NUS.FCRF,exchange_rate,1970,7.5000000065
Iraq,IRQ,"Official exchange rate (LCU per US$, period average)",PA.NUS.FCRF,exchange_rate,1970,0.357142999357143
Italy,ITA,"Official exchange rate (LCU per US$, period average)",PA.NUS.FCRF,exchange_rate,1970,625.000000625
Jordan,JOR,"Official exchange rate (LCU per US$, period average)",PA.NUS.FCRF,exchange_rate,1970,0.357142999357143
Kuwait,KWT,"Official exchange rate (LCU per US$, period average)",PA.NUS.FCRF,exchange_rate,1970,0.357142999357143
Lebanon,LBN,"Official exchange rate (LCU per US$, period average)",PA.NUS.FCRF,exchange_rate,1970,3.26898333233333
Oman,OMN,"Official exchange rate (LCU per US$, period average)",PA.NUS.FCRF,exchange_rate,1970,0.416666999416667
Qatar,QAT,"Official exchange rate (LCU per US$, period average)",PA.NUS.FCRF,exchange_rate,1970,4.7619000037619
Saudi Arabia,SAU,"Official exchange rate (LCU per US$, period average)",PA.NUS.FCRF,exchange_rate,1970,4.5000000035
Turkiye,TUR,"Official exchange rate (LCU per US$, period average)",PA.NUS.FCRF,exchange_rate,1970,1.1328499999e-05
United States,USA,"Official exchange rate (LCU per US$, period average)",PA.NUS.FCRF,exchange_rate,1970,1.0
United Arab Emirates,ARE,"Official exchange rate (LCU per US$, period average)",PA.NUS.FCRF,exchange_rate,1971,4.74796288486442
Australia,AUS,"Official exchange rate (LCU per US$, period average)",PA.NUS.FCRF,exchange_rate,1971,0.882670259295548
Bahrain,BHR,"Official exchange rate (LCU per US$, period average)",PA.NUS.FCRF,exchange_rate,1971,0.474796287589076
Canada,CAN,"Official exchange rate (LCU per US$, period average)",PA.NUS.FCRF,exchange_rate,1971,1.00981054416667
China,CHN,"Official exchange rate (LCU per US$, period average)",PA.NUS.FCRF,exchange_rate,1971,2.46180889882528
Germany,DEU,"Official exchange rate (LCU per US$, period average)",PA.NUS.FCRF,exchange_rate,1971,3.50739351008637
"Egypt, Arab Rep.",EGY,"Official exchange rate (LCU per US$, period average)",PA.NUS.FCRF,exchange_rate,1971,0.434782641394297
France,FRA,"Official exchange rate (LCU per US$, period average)",PA.NUS.FCRF,exchange_rate,1971,5.54060135472093
United Kingdom,GBR,"Official exchange rate (LCU per US$, period average)",PA.NUS.FCRF,exchange_rate,1971,0.410920237429425
Greece,GRC,"Official exchange rate (LCU per US$, period average)",PA.NUS.FCRF,exchange_rate,1971,30.0000000289151
India,IND,"Official exchange rate (LCU per US$, period average)",PA.NUS.FCRF,exchange_rate,1971,7.49193523096824
Iraq,IRQ,"Official exchange rate (LCU per US$, period average)",PA.NUS.FCRF,exchange_rate,1971,935.617835005274
Italy,ITA,"Official exchange rate (LCU per US$, period average)",PA.NUS.FCRF,exchange_rate,1971,620.359289297562
Jordan,JOR,"Official exchange rate (LCU per US$, period average)",PA.NUS.FCRF,exchange_rate,1971,0.357142999327381
Kuwait,KWT,"Official exchange rate (LCU per US$, period average)",PA.NUS.FCRF,exchange_rate,1971,0.356097713860093
Lebanon,LBN,"Official exchange rate (LCU per US$, period average)",PA.NUS.FCRF,exchange_rate,1971,3.22773333233333
Oman,OMN,"Official exchange rate (LCU per US$, period average)",PA.NUS.FCRF,exchange_rate,1971,0.41544749932071
Qatar,QAT,"Official exchange rate (LCU per US$, period average)",PA.NUS.FCRF,exchange_rate,1971,4.74796288486442
Saudi Arabia,SAU,"Official exchange rate (LCU per US$, period average)",PA.NUS.FCRF,exchange_rate,1971,4.48682941297145
Turkiye,TUR,"Official exchange rate (LCU per US$, period average)",PA.NUS.FCRF,exchange_rate,1971,1.48666666670833e-05
United States,USA,"Official exchange rate (LCU per US$, period average)",PA.NUS.FCRF,exchange_rate,1971,1.0
United Arab Emirates,ARE,"Official exchange rate (LCU per US$, period average)",PA.NUS.FCRF,exchange_rate,1972,4.38597784250488
Australia,AUS,"Official exchange rate (LCU per US$, period average)",PA.NUS.FCRF,exchange_rate,1972,0.838697807262207
Bahrain,BHR,"Official exchange rate (LCU per US$, period average)",PA.NUS.FCRF,exchange_rate,1972,0.438597783421538
Canada,CAN,"Official exchange rate (LCU per US$, period average)",PA.NUS.FCRF,exchange_rate,1972,0.990662555833334
China,CHN,"Official exchange rate (LCU per US$, period average)",PA.NUS.FCRF,exchange_rate,1972,2.24506644860066
Germany,DEU,"Official exchange rate (LCU per US$, period average)",PA.NUS.FCRF,exchange_rate,1972,3.18864166566667
"Egypt, Arab Rep.",EGY,"Official exchange rate (LCU per US$, period average)",PA.NUS.FCRF,exchange_rate,1972,0.434782608884688
France,FRA,"Official exchange rate (LCU per US$, period average)",PA.NUS.FCRF,exchange_rate,1972,5.04454451564062
United Kingdom,GBR,"Official exchange rate (LCU per US$, period average)",PA.NUS.FCRF,exchange_rate,1972,0.400390461530008
Greece,GRC,"Official exchange rate (LCU per US$, period average)",PA.NUS.FCRF,exchange_rate,1972,30.000300003
India,IND,"Official exchange rate (LCU per US$, period average)",PA.NUS.FCRF,exchange_rate,1972,7.59446837394936
Iraq,IRQ,"Official exchange rate (LCU per US$, period average)",PA.NUS.FCRF,exchange_rate,1972,2144.56721419924
Italy,ITA,"Official exchange rate (LCU per US$, period average)",PA.NUS.FCRF,exchange_rate,1972,583.217499999417
Jordan,JOR,"Official exchange rate (LCU per US$, period average)",PA.NUS.FCRF,exchange_rate,1972,0.35714325128915
Kuwait,KWT,"Official exchange rate (LCU per US$, period average)",PA.NUS.FCRF,exchange_rate,1972,0.328948797864023
Lebanon,LBN,"Official exchange rate (LCU per US$, period average)",PA.NUS.FCRF,exchange_rate,1972,3.05071666566667
Oman,OMN,"Official exchange rate (LCU per US$, period average)",PA.NUS.FCRF,exchange_rate,1972,0.383772999
Qatar,QAT,"Official exchange rate (LCU per US$, period average)",PA.NUS.FCRF,exchange_rate,1972,4.38597784250488
Saudi Arabia,SAU,"Official exchange rate (LCU per US$, period average)",PA.NUS.FCRF,exchange_rate,1972,4.14475320586966
Turkiye,TUR,"Official exchange rate (LCU per US$, period average)",PA.NUS.FCRF,exchange_rate,1972,1.415e-05
United States,USA,"Official exchange rate (LCU per US$, period average)",PA.NUS.FCRF,exchange_rate,1972,1.0
United Arab Emirates,ARE,"Official exchange rate (LCU per US$, period average)",PA.NUS.FCRF,exchange_rate,1973,3.99627131386443
Australia,AUS,"Official exchange rate (LCU per US$, period average)",PA.NUS.FCRF,exchange_rate,1973,0.704113907966658
Bahrain,BHR,"Official exchange rate (LCU per US$, period average)",PA.NUS.FCRF,exchange_rate,1973,0.399630307154623
Canada,CAN,"Official exchange rate (LCU per US$, period average)",PA.NUS.FCRF,exchange_rate,1973,1.00009014
China,CHN,"Official exchange rate (LCU per US$, period average)",PA.NUS.FCRF,exchange_rate,1973,1.98941552463247
Germany,DEU,"Official exchange rate (LCU per US$, period average)",PA.NUS.FCRF,exchange_rate,1973,2.67259999908333
"Egypt, Arab Rep.",EGY,"Official exchange rate (LCU per US$, period average)",PA.NUS.FCRF,exchange_rate,1973,0.397956243179606
France,FRA,"Official exchange rate (LCU per US$, period average)",PA.NUS.FCRF,exchange_rate,1973,4.45277967399083
United Kingdom,GBR,"Official exchange rate (LCU per US$, period average)",PA.NUS.FCRF,exchange_rate,1973,0.408170945299307
Greece,GRC,"Official exchange rate (LCU per US$, period average)",PA.NUS.FCRF,exchange_rate,1973,29.625225002
India,IND,"Official exchange rate (LCU per US$, period average)",PA.NUS.FCRF,exchange_rate,1973,7.74203856214968
Iraq,IRQ,"Official exchange rate (LCU per US$, period average)",PA.NUS.FCRF,exchange_rate,1973,1950.84444829616
Italy,ITA,"Official exchange rate (LCU per US$, period average)",PA.NUS.FCRF,exchange_rate,1973,582.995833331917
Jordan,JOR,"Official exchange rate (LCU per US$, period average)",PA.NUS.FCRF,exchange_rate,1973,0.32857086795213
Kuwait,KWT,"Official exchange rate (LCU per US$, period average)",PA.NUS.FCRF,exchange_rate,1973,0.296572315572002
Lebanon,LBN,"Official exchange rate (LCU per US$, period average)",PA.NUS.FCRF,exchange_rate,1973,2.61039999908333
Oman,OMN,"Official exchange rate (LCU per US$, period average)",PA.NUS.FCRF,exchange_rate,1973,0.350676165666667
Qatar,QAT,"Official exchange rate (LCU per US$, period average)",PA.NUS.FCRF,exchange_rate,1973,3.99629355042679
Saudi Arabia,SAU,"Official exchange rate (LCU per US$, period average)",PA.NUS.FCRF,exchange_rate,1973,3.70658904010294
Turkiye,TUR,"Official exchange rate (LCU per US$, period average)",PA.NUS.FCRF,exchange_rate,1973,1.415e-05
United States,USA,"Official exchange rate (LCU per US$, period average)",PA.NUS.FCRF,exchange_rate,1973,1.0
United Arab Emirates,ARE,"Official exchange rate (LCU per US$, period average)",PA.NUS.FCRF,exchange_rate,1974,3.95904515568157
Australia,AUS,"Official exchange rate (LCU per US$, period average)",PA.NUS.FCRF,exchange_rate,1974,0.696665868638096
Bahrain,BHR,"Official exchange rate (LCU per US$, period average)",PA.NUS.FCRF,exchange_rate,1974,0.394739999
Canada,CAN,"Official exchange rate (LCU per US$, period average)",PA.NUS.FCRF,exchange_rate,1974,0.978017525583334
China,CHN,"Official exchange rate (LCU per US$, period average)",PA.NUS.FCRF,exchange_rate,1974,1.96110708887637
Germany,DEU,"Official exchange rate (LCU per US$, period average)",PA.NUS.FCRF,exchange_rate,1974,2.587749999
"Egypt, Arab Rep.",EGY,"Official exchange rate (LCU per US$, period average)",PA.NUS.FCRF,exchange_rate,1974,0.391303667451088
France,FRA,"Official exchange rate (LCU per US$, period average)",PA.NUS.FCRF,exchange_rate,1974,4.80961847285583
United Kingdom,GBR,"Official exchange rate (LCU per US$, period average)",PA.NUS.FCRF,exchange_rate,1974,0.427756439747663
Greece,GRC,"Official exchange rate (LCU per US$, period average)",PA.NUS.FCRF,exchange_rate,1974,30.000300003
India,IND,"Official exchange rate (LCU per US$, period average)",PA.NUS.FCRF,exchange_rate,1974,8.1016032272183
Iraq,IRQ,"Official exchange rate (LCU per US$, period average)",PA.NUS.FCRF,exchange_rate,1974,1902.26533390822
Italy,ITA,"Official exchange rate (LCU per US$, period average)",PA.NUS.FCRF,exchange_rate,1974,650.343333331833
Jordan,JOR,"Official exchange rate (LCU per US$, period average)",PA.NUS.FCRF,exchange_rate,1974,0.322091665666667
Kuwait,KWT,"Official exchange rate (LCU per US$, period average)",PA.NUS.FCRF,exchange_rate,1974,0.293151415666667
Lebanon,LBN,"Official exchange rate (LCU per US$, period average)",PA.NUS.FCRF,exchange_rate,1974,2.32775833241667
Oman,OMN,"Official exchange rate (LCU per US$, period average)",PA.NUS.FCRF,exchange_rate,1974,0.345399999
Qatar,QAT,"Official exchange rate (LCU per US$, period average)",PA.NUS.FCRF,exchange_rate,1974,3.947399999
Saudi Arabia,SAU,"Official exchange rate (LCU per US$, period average)",PA.NUS.FCRF,exchange_rate,1974,3.549999999
Turkiye,TUR,"Official exchange rate (LCU per US$, period average)",PA.NUS.FCRF,exchange_rate,1974,1.39270833330833e-05
United States,USA,"Official exchange rate (LCU per US$, period average)",PA.NUS.FCRF,exchange_rate,1974,1.0
United Arab Emirates,ARE,"Official exchange rate (LCU per US$, period average)",PA.NUS.FCRF,exchange_rate,1975,3.961284999
Australia,AUS,"Official exchange rate (LCU per US$, period average)",PA.NUS.FCRF,exchange_rate,1975,0.763871249
Bahrain,BHR,"Official exchange rate (LCU per US$, period average)",PA.NUS.FCRF,exchange_rate,1975,0.395499999
Canada,CAN,"Official exchange rate (LCU per US$, period average)",PA.NUS.FCRF,exchange_rate,1975,1.01715926333333
China,CHN,"Official exchange rate (LCU per US$, period average)",PA.NUS.FCRF,exchange_rate,1975,1.85982338938658
Germany,DEU,"Official exchange rate (LCU per US$, period average)",PA.NUS.FCRF,exchange_rate,1975,2.46029166608333
"Egypt, Arab Rep.",EGY,"Official exchange rate (LCU per US$, period average)",PA.NUS.FCRF,exchange_rate,1975,0.391303667451088
France,FRA,"Official exchange rate (LCU per US$, period average)",PA.NUS.FCRF,exchange_rate,1975,4.28779951537657
United Kingdom,GBR,"Official exchange rate (LCU per US$, period average)",PA.NUS.FCRF,exchange_rate,1975,0.452041165666667
Greece,GRC,"Official exchange rate (LCU per US$, period average)",PA.NUS.FCRF,exchange_rate,1975,32.051325
India,IND,"Official exchange rate (LCU per US$, period average)",PA.NUS.FCRF,exchange_rate,1975,8.37589194565386
Iraq,IRQ,"Official exchange rate (LCU per US$, period average)",PA.NUS.FCRF,exchange_rate,1975,1902.26533390822
Italy,ITA,"Official exchange rate (LCU per US$, period average)",PA.NUS.FCRF,exchange_rate,1975,652.849166666
Jordan,JOR,"Official exchange rate (LCU per US$, period average)",PA.NUS.FCRF,exchange_rate,1975,0.319791665666667
Kuwait,KWT,"Official exchange rate (LCU per US$, period average)",PA.NUS.FCRF,exchange_rate,1975,0.290032332333333
Lebanon,LBN,"Official exchange rate (LCU per US$, period average)",PA.NUS.FCRF,exchange_rate,1975,2.30198333241667
Oman,OMN,"Official exchange rate (LCU per US$, period average)",PA.NUS.FCRF,exchange_rate,1975,0.345399999
Qatar,QAT,"Official exchange rate (LCU per US$, period average)",PA.NUS.FCRF,exchange_rate,1975,3.93071666566667
Saudi Arabia,SAU,"Official exchange rate (LCU per US$, period average)",PA.NUS.FCRF,exchange_rate,1975,3.517612499
Turkiye,TUR,"Official exchange rate (LCU per US$, period average)",PA.NUS.FCRF,exchange_rate,1975,1.44420833326667e-05
United States,USA,"Official exchange rate (LCU per US$, period average)",PA.NUS.FCRF,exchange_rate,1975,1.0
United Arab Emirates,ARE,"Official exchange rate (LCU per US$, period average)",PA.NUS.FCRF,exchange_rate,1976,3.953072499
Australia,AUS,"Official exchange rate (LCU per US$, period average)",PA.NUS.FCRF,exchange_rate,1976,0.818284082333333
Bahrain,BHR,"Official exchange rate (LCU per US$, period average)",PA.NUS.FCRF,exchange_rate,1976,0.395599165666667
Canada,CAN,"Official exchange rate (LCU per US$, period average)",PA.NUS.FCRF,exchange_rate,1976,0.986028304083333
China,CHN,"Official exchange rate (LCU per US$, period average)",PA.NUS.FCRF,exchange_rate,1976,1.94141535102099
Germany,DEU,"Official exchange rate (LCU per US$, period average)",PA.NUS.FCRF,exchange_rate,1976,2.51799999908333
"Egypt, Arab Rep.",EGY,"Official exchange rate (LCU per US$, period average)",PA.NUS.FCRF,exchange_rate,1976,0.391303667451088
France,FRA,"Official exchange rate (LCU per US$, period average)",PA.NUS.FCRF,exchange_rate,1976,4.8028783632131
United Kingdom,GBR,"Official exchange rate (LCU per US$, period average)",PA.NUS.FCRF,exchange_rate,1976,0.556509832333334
Greece,GRC,"Official exchange rate (LCU per US$, period average)",PA.NUS.FCRF,exchange_rate,1976,36.5175833323333
India,IND,"Official exchange rate (LCU per US$, period average)",PA.NUS.FCRF,exchange_rate,1976,8.96041272812392
Iraq,IRQ,"Official exchange rate (LCU per US$, period average)",PA.NUS.FCRF,exchange_rate,1976,1902.26533390822
Italy,ITA,"Official exchange rate (LCU per US$, period average)",PA.NUS.FCRF,exchange_rate,1976,832.334999999667
Jordan,JOR,"Official exchange rate (LCU per US$, period average)",PA.NUS.FCRF,exchange_rate,1976,0.331983332333333
Kuwait,KWT,"Official exchange rate (LCU per US$, period average)",PA.NUS.FCRF,exchange_rate,1976,0.292387415666667
Lebanon,LBN,"Official exchange rate (LCU per US$, period average)",PA.NUS.FCRF,exchange_rate,1976,2.87159166591667
Oman,OMN,"Official exchange rate (LCU per US$, period average)",PA.NUS.FCRF,exchange_rate,1976,0.345399999
Qatar,QAT,"Official exchange rate (LCU per US$, period average)",PA.NUS.FCRF,exchange_rate,1976,3.96343333233333
Saudi Arabia,SAU,"Official exchange rate (LCU per US$, period average)",PA.NUS.FCRF,exchange_rate,1976,3.529999999
Turkiye,TUR,"Official exchange rate (LCU per US$, period average)",PA.NUS.FCRF,exchange_rate,1976,1.60530833323333e-05
United States,USA,"Official exchange rate (LCU per US$, period average)",PA.NUS.FCRF,exchange_rate,1976,1.0
United Arab Emirates,ARE,"Official exchange rate (LCU per US$, period average)",PA.NUS.FCRF,exchange_rate,1977,3.903247499
Australia,AUS,"Official exchange rate (LCU per US$, period average)",PA.NUS.FCRF,exchange_rate,1977,0.901824999
Bahrain,BHR,"Official exchange rate (LCU per US$, period average)",PA.NUS.FCRF,exchange_rate,1977,0.395649999
Canada,CAN,"Official exchange rate (LCU per US$, period average)",PA.NUS.FCRF,exchange_rate,1977,1.06344161083333
China,CHN,"Official exchange rate (LCU per US$, period average)",PA.NUS.FCRF,exchange_rate,1977,1.85782338223958
Germany,DEU,"Official exchange rate (LCU per US$, period average)",PA.NUS.FCRF,exchange_rate,1977,2.32218333241667
"Egypt, Arab Rep.",EGY,"Official exchange rate (LCU per US$, period average)",PA.NUS.FCRF,exchange_rate,1977,0.391303667451088
France,FRA,"Official exchange rate (LCU per US$, period average)",PA.NUS.FCRF,exchange_rate,1977,4.90517332253217
United Kingdom,GBR,"Official exchange rate (LCU per US$, period average)",PA.NUS.FCRF,exchange_rate,1977,0.573271999
Greece,GRC,"Official exchange rate (LCU per US$, period average)",PA.NUS.FCRF,exchange_rate,1977,36.8384166656667
India,IND,"Official exchange rate (LCU per US$, period average)",PA.NUS.FCRF,exchange_rate,1977,8.73857617131458
Iraq,IRQ,"Official exchange rate (LCU per US$, period average)",PA.NUS.FCRF,exchange_rate,1977,1902.26533390822
Italy,ITA,"Official exchange rate (LCU per US$, period average)",PA.NUS.FCRF,exchange_rate,1977,882.38833333125
Jordan,JOR,"Official exchange rate (LCU per US$, period average)",PA.NUS.FCRF,exchange_rate,1977,0.329266665666667
Kuwait,KWT,"Official exchange rate (LCU per US$, period average)",PA.NUS.FCRF,exchange_rate,1977,0.286565999
Lebanon,LBN,"Official exchange rate (LCU per US$, period average)",PA.NUS.FCRF,exchange_rate,1977,3.06895833233333
Oman,OMN,"Official exchange rate (LCU per US$, period average)",PA.NUS.FCRF,exchange_rate,1977,0.345399999
Qatar,QAT,"Official exchange rate (LCU per US$, period average)",PA.NUS.FCRF,exchange_rate,1977,3.95901666566667
Saudi Arabia,SAU,"Official exchange rate (LCU per US$, period average)",PA.NUS.FCRF,exchange_rate,1977,3.525064999
Turkiye,TUR,"Official exchange rate (LCU per US$, period average)",PA.NUS.FCRF,exchange_rate,1977,1.8002249999e-05
United States,USA,"Official exchange rate (LCU per US$, period average)",PA.NUS.FCRF,exchange_rate,1977,1.0
United Arab Emirates,ARE,"Official exchange rate (LCU per US$, period average)",PA.NUS.FCRF,exchange_rate,1978,3.87121083233334
Australia,AUS,"Official exchange rate (LCU per US$, period average)",PA.NUS.FCRF,exchange_rate,1978,0.873659249
Bahrain,BHR,"Official exchange rate (LCU per US$, period average)",PA.NUS.FCRF,exchange_rate,1978,0.387453332333333
Canada,CAN,"Official exchange rate (LCU per US$, period average)",PA.NUS.FCRF,exchange_rate,1978,1.14065917075
China,CHN,"Official exchange rate (LCU per US$, period average)",PA.NUS.FCRF,exchange_rate,1978,1.68358941885647
Germany,DEU,"Official exchange rate (LCU per US$, period average)",PA.NUS.FCRF,exchange_rate,1978,2.00862499916667
"Egypt, Arab Rep.",EGY,"Official exchange rate (LCU per US$, period average)",PA.NUS.FCRF,exchange_rate,1978,0.391303667451088
France,FRA,"Official exchange rate (LCU per US$, period average)",PA.NUS.FCRF,exchange_rate,1978,4.51309999933333
United Kingdom,GBR,"Official exchange rate (LCU per US$, period average)",PA.NUS.FCRF,exchange_rate,1978,0.521504582333334
Greece,GRC,"Official exchange rate (LCU per US$, period average)",PA.NUS.FCRF,exchange_rate,1978,36.7454166656667
India,IND,"Official exchange rate (LCU per US$, period average)",PA.NUS.FCRF,exchange_rate,1978,8.19284034840393
Iraq,IRQ,"Official exchange rate (LCU per US$, period average)",PA.NUS.FCRF,exchange_rate,1978,1902.26533390822
Italy,ITA,"Official exchange rate (LCU per US$, period average)",PA.NUS.FCRF,exchange_rate,1978,848.663333330917
Jordan,JOR,"Official exchange rate (LCU per US$, period average)",PA.NUS.FCRF,exchange_rate,1978,0.305624999
Kuwait,KWT,"Official exchange rate (LCU per US$, period average)",PA.NUS.FCRF,exchange_rate,1978,0.275052749
Lebanon,LBN,"Official exchange rate (LCU per US$, period average)",PA.NUS.FCRF,exchange_rate,1978,2.955374999
Oman,OMN,"Official exchange rate (LCU per US$, period average)",PA.NUS.FCRF,exchange_rate,1978,0.345399999
Qatar,QAT,"Official exchange rate (LCU per US$, period average)",PA.NUS.FCRF,exchange_rate,1978,3.876899999
Saudi Arabia,SAU,"Official exchange rate (LCU per US$, period average)",PA.NUS.FCRF,exchange_rate,1978,3.39956166566667
Turkiye,TUR,"Official exchange rate (LCU per US$, period average)",PA.NUS.FCRF,exchange_rate,1978,2.42821666656667e-05
United States,USA,"Official exchange rate (LCU per US$, period average)",PA.NUS.FCRF,exchange_rate,1978,1.0
United Arab Emirates,ARE,"Official exchange rate (LCU per US$, period average)",PA.NUS.FCRF,exchange_rate,1979,3.81567583233333
Australia,AUS,"Official exchange rate (LCU per US$, period average)",PA.NUS.FCRF,exchange_rate,1979,0.894640915666666
Bahrain,BHR,"Official exchange rate (LCU per US$, period average)",PA.NUS.FCRF,exchange_rate,1979,0.38161749925
Canada,CAN,"Official exchange rate (LCU per US$, period average)",PA.NUS.FCRF,exchange_rate,1979,1.17142449583333
China,CHN,"Official exchange rate (LCU per US$, period average)",PA.NUS.FCRF,exchange_rate,1979,1.55493895401486
Germany,DEU,"Official exchange rate (LCU per US$, period average)",PA.NUS.FCRF,exchange_rate,1979,1.8328833325
"Egypt, Arab Rep.",EGY,"Official exchange rate (LCU per US$, period average)",PA.NUS.FCRF,exchange_rate,1979,0.700000700490701
France,FRA,"Official exchange rate (LCU per US$, period average)",PA.NUS.FCRF,exchange_rate,1979,4.25441666608333
United Kingdom,GBR,"Official exchange rate (LCU per US$, period average)",PA.NUS.FCRF,exchange_rate,1979,0.472181165666667
Greece,GRC,"Official exchange rate (LCU per US$, period average)",PA.NUS.FCRF,exchange_rate,1979,37.0384166656667
India,IND,"Official exchange rate (LCU per US$, period average)",PA.NUS.FCRF,exchange_rate,1979,8.12579094635689
Iraq,IRQ,"Official exchange rate (LCU per US$, period average)",PA.NUS.FCRF,exchange_rate,1979,1902.26533390822
Italy,ITA,"Official exchange rate (LCU per US$, period average)",PA.NUS.FCRF,exchange_rate,1979,830.861666665917
Jordan,JOR,"Official exchange rate (LCU per US$, period average)",PA.NUS.FCRF,exchange_rate,1979,0.300333332333333
Kuwait,KWT,"Official exchange rate (LCU per US$, period average)",PA.NUS.FCRF,exchange_rate,1979,0.276366082333333
Lebanon,LBN,"Official exchange rate (LCU per US$, period average)",PA.NUS.FCRF,exchange_rate,1979,3.242749999
Oman,OMN,"Official exchange rate (LCU per US$, period average)",PA.NUS.FCRF,exchange_rate,1979,0.345399999
Qatar,QAT,"Official exchange rate (LCU per US$, period average)",PA.NUS.FCRF,exchange_rate,1979,3.773324999
Saudi Arabia,SAU,"Official exchange rate (LCU per US$, period average)",PA.NUS.FCRF,exchange_rate,1979,3.36083666566666
Turkiye,TUR,"Official exchange rate (LCU per US$, period average)",PA.NUS.FCRF,exchange_rate,1979,3.1077499999e-05
United States,USA,"Official exchange rate (LCU per US$, period average)",PA.NUS.FCRF,exchange_rate,1979,1.0
United Arab Emirates,ARE,"Official exchange rate (LCU per US$, period average)",PA.NUS.FCRF,exchange_rate,1980,3.707364999
Australia,AUS,"Official exchange rate (LCU per US$, period average)",PA.NUS.FCRF,exchange_rate,1980,0.878244332333333
Bahrain,BHR,"Official exchange rate (LCU per US$, period average)",PA.NUS.FCRF,exchange_rate,1980,0.377000234710101
Canada,CAN,"Official exchange rate (LCU per US$, period average)",PA.NUS.FCRF,exchange_rate,1980,1.16922686666667
China,CHN,"Official exchange rate (LCU per US$, period average)",PA.NUS.FCRF,exchange_rate,1980,1.49838605814132
Germany,DEU,"Official exchange rate (LCU per US$, period average)",PA.NUS.FCRF,exchange_rate,1980,1.81766666583333
"Egypt, Arab Rep.",EGY,"Official exchange rate (LCU per US$, period average)",PA.NUS.FCRF,exchange_rate,1980,0.700000700490701
France,FRA,"Official exchange rate (LCU per US$, period average)",PA.NUS.FCRF,exchange_rate,1980,4.22557499908333
United Kingdom,GBR,"Official exchange rate (LCU per US$, period average)",PA.NUS.FCRF,exchange_rate,1980,0.430294999
Greece,GRC,"Official exchange rate (LCU per US$, period average)",PA.NUS.FCRF,exchange_rate,1980,42.6165833323333
India,IND,"Official exchange rate (LCU per US$, period average)",PA.NUS.FCRF,exchange_rate,1980,7.86294470113798
Iraq,IRQ,"Official exchange rate (LCU per US$, period average)",PA.NUS.FCRF,exchange_rate,1980,1902.26533390822
Italy,ITA,"Official exchange rate (LCU per US$, period average)",PA.NUS.FCRF,exchange_rate,1980,856.447499997417
Jordan,JOR,"Official exchange rate (LCU per US$, period average)",PA.NUS.FCRF,exchange_rate,1980,0.297924999
Kuwait,KWT,"Official exchange rate (LCU per US$, period average)",PA.NUS.FCRF,exchange_rate,1980,0.270297415666667
Lebanon,LBN,"Official exchange rate (LCU per US$, period average)",PA.NUS.FCRF,exchange_rate,1980,3.43610833233334
Oman,OMN,"Official exchange rate (LCU per US$, period average)",PA.NUS.FCRF,exchange_rate,1980,0.345399999
Qatar,QAT,"Official exchange rate (LCU per US$, period average)",PA.NUS.FCRF,exchange_rate,1980,3.65696666566667
Saudi Arabia,SAU,"Official exchange rate (LCU per US$, period average)",PA.NUS.FCRF,exchange_rate,1980,3.32674166566667
Turkiye,TUR,"Official exchange rate (LCU per US$, period average)",PA.NUS.FCRF,exchange_rate,1980,7.60380833328333e-05
United States,USA,"Official exchange rate (LCU per US$, period average)",PA.NUS.FCRF,exchange_rate,1980,1.0
United Arab Emirates,ARE,"Official exchange rate (LCU per US$, period average)",PA.NUS.FCRF,exchange_rate,1981,3.670999999
Australia,AUS,"Official exchange rate (LCU per US$, period average)",PA.NUS.FCRF,exchange_rate,1981,0.870214582333333
Bahrain,BHR,"Official exchange rate (LCU per US$, period average)",PA.NUS.FCRF,exchange_rate,1981,0.375999999
Canada,CAN,"Official exchange rate (LCU per US$, period average)",PA.NUS.FCRF,exchange_rate,1981,1.19890312083333
China,CHN,"Official exchange rate (LCU per US$, period average)",PA.NUS.FCRF,exchange_rate,1981,1.70454166583333
Germany,DEU,"Official exchange rate (LCU per US$, period average)",PA.NUS.FCRF,exchange_rate,1981,2.25999999908333
"Egypt, Arab Rep.",EGY,"Official exchange rate (LCU per US$, period average)",PA.NUS.FCRF,exchange_rate,1981,0.700000700490701
France,FRA,"Official exchange rate (LCU per US$, period average)",PA.NUS.FCRF,exchange_rate,1981,5.43460833258333
United Kingdom,GBR,"Official exchange rate (LCU per US$, period average)",PA.NUS.FCRF,exchange_rate,1981,0.497641332333334
Greece,GRC,"Official exchange rate (LCU per US$, period average)",PA.NUS.FCRF,exchange_rate,1981,55.4084166656667
India,IND,"Official exchange rate (LCU per US$, period average)",PA.NUS.FCRF,exchange_rate,1981,8.65852281709317
Iraq,IRQ,"Official exchange rate (LCU per US$, period average)",PA.NUS.FCRF,exchange_rate,1981,1902.26533390822
Italy,ITA,"Official exchange rate (LCU per US$, period average)",PA.NUS.FCRF,exchange_rate,1981,1136.76499999958
Jordan,JOR,"Official exchange rate (LCU per US$, period average)",PA.NUS.FCRF,exchange_rate,1981,0.330433332333333
Kuwait,KWT,"Official exchange rate (LCU per US$, period average)",PA.NUS.FCRF,exchange_rate,1981,0.278785332333333
Lebanon,LBN,"Official exchange rate (LCU per US$, period average)",PA.NUS.FCRF,exchange_rate,1981,4.313874999
Oman,OMN,"Official exchange rate (LCU per US$, period average)",PA.NUS.FCRF,exchange_rate,1981,0.345399999
Qatar,QAT,"Official exchange rate (LCU per US$, period average)",PA.NUS.FCRF,exchange_rate,1981,3.639999999
Saudi Arabia,SAU,"Official exchange rate (LCU per US$, period average)",PA.NUS.FCRF,exchange_rate,1981,3.38250833258333
Turkiye,TUR,"Official exchange rate (LCU per US$, period average)",PA.NUS.FCRF,exchange_rate,1981,0.0001112185833326
United States,USA,"Official exchange rate (LCU per US$, period average)",PA.NUS.FCRF,exchange_rate,1981,1.0
United Arab Emirates,ARE,"Official exchange rate (LCU per US$, period average)",PA.NUS.FCRF,exchange_rate,1982,3.670999999
Australia,AUS,"Official exchange rate (LCU per US$, period average)",PA.NUS.FCRF,exchange_rate,1982,0.985862832333333
Bahrain,BHR,"Official exchange rate (LCU per US$, period average)",PA.NUS.FCRF,exchange_rate,1982,0.375999999
Canada,CAN,"Official exchange rate (LCU per US$, period average)",PA.NUS.FCRF,exchange_rate,1982,1.23373491166667
China,CHN,"Official exchange rate (LCU per US$, period average)",PA.NUS.FCRF,exchange_rate,1982,1.89254166583333
Germany,DEU,"Official exchange rate (LCU per US$, period average)",PA.NUS.FCRF,exchange_rate,1982,2.42659166575
"Egypt, Arab Rep.",EGY,"Official exchange rate (LCU per US$, period average)",PA.NUS.FCRF,exchange_rate,1982,0.700000700490701
France,FRA,"Official exchange rate (LCU per US$, period average)",PA.NUS.FCRF,exchange_rate,1982,6.57209999908333
United Kingdom,GBR,"Official exchange rate (LCU per US$, period average)",PA.NUS.FCRF,exchange_rate,1982,0.572446832333333
Greece,GRC,"Official exchange rate (LCU per US$, period average)",PA.NUS.FCRF,exchange_rate,1982,66.80316666575
India,IND,"Official exchange rate (LCU per US$, period average)",PA.NUS.FCRF,exchange_rate,1982,9.45513193348639
Iraq,IRQ,"Official exchange rate (LCU per US$, period average)",PA.NUS.FCRF,exchange_rate,1982,1922.92537384858
Italy,ITA,"Official exchange rate (LCU per US$, period average)",PA.NUS.FCRF,exchange_rate,1982,1352.50999999808
Jordan,JOR,"Official exchange rate (LCU per US$, period average)",PA.NUS.FCRF,exchange_rate,1982,0.352491665666667
Kuwait,KWT,"Official exchange rate (LCU per US$, period average)",PA.NUS.FCRF,exchange_rate,1982,0.287910999
Lebanon,LBN,"Official exchange rate (LCU per US$, period average)",PA.NUS.FCRF,exchange_rate,1982,4.74353333233333
Oman,OMN,"Official exchange rate (LCU per US$, period average)",PA.NUS.FCRF,exchange_rate,1982,0.345399999
Qatar,QAT,"Official exchange rate (LCU per US$, period average)",PA.NUS.FCRF,exchange_rate,1982,3.639999999
Saudi Arabia,SAU,"Official exchange rate (LCU per US$, period average)",PA.NUS.FCRF,exchange_rate,1982,3.42817083241667
Turkiye,TUR,"Official exchange rate (LCU per US$, period average)",PA.NUS.FCRF,exchange_rate,1982,0.0001625534166656
United States,USA,"Official exchange rate (LCU per US$, period average)",PA.NUS.FCRF,exchange_rate,1982,1.0
United Arab Emirates,ARE,"Official exchange rate (LCU per US$, period average)",PA.NUS.FCRF,exchange_rate,1983,3.670999999
Australia,AUS,"Official exchange rate (LCU per US$, period average)",PA.NUS.FCRF,exchange_rate,1983,1.11001499916667
Bahrain,BHR,"Official exchange rate (LCU per US$, period average)",PA.NUS.FCRF,exchange_rate,1983,0.375999999
Canada,CAN,"Official exchange rate (LCU per US$, period average)",PA.NUS.FCRF,exchange_rate,1983,1.23241182741667
China,CHN,"Official exchange rate (LCU per US$, period average)",PA.NUS.FCRF,exchange_rate,1983,1.97567499916667
Germany,DEU,"Official exchange rate (LCU per US$, period average)",PA.NUS.FCRF,exchange_rate,1983,2.55325833241667
"Egypt, Arab Rep.",EGY,"Official exchange rate (LCU per US$, period average)",PA.NUS.FCRF,exchange_rate,1983,0.700000700490701
France,FRA,"Official exchange rate (LCU per US$, period average)",PA.NUS.FCRF,exchange_rate,1983,7.62129166575
United Kingdom,GBR,"Official exchange rate (LCU per US$, period average)",PA.NUS.FCRF,exchange_rate,1983,0.659724582333334
Greece,GRC,"Official exchange rate (LCU per US$, period average)",PA.NUS.FCRF,exchange_rate,1983,88.0642499995
India,IND,"Official exchange rate (LCU per US$, period average)",PA.NUS.FCRF,exchange_rate,1983,10.0988982440461
Iraq,IRQ,"Official exchange rate (LCU per US$, period average)",PA.NUS.FCRF,exchange_rate,1983,2002.38557942674
Italy,ITA,"Official exchange rate (LCU per US$, period average)",PA.NUS.FCRF,exchange_rate,1983,1518.84833333283
Jordan,JOR,"Official exchange rate (LCU per US$, period average)",PA.NUS.FCRF,exchange_rate,1983,0.363079165666667
Kuwait,KWT,"Official exchange rate (LCU per US$, period average)",PA.NUS.FCRF,exchange_rate,1983,0.291476665666667
Lebanon,LBN,"Official exchange rate (LCU per US$, period average)",PA.NUS.FCRF,exchange_rate,1983,4.52816666566667
Oman,OMN,"Official exchange rate (LCU per US$, period average)",PA.NUS.FCRF,exchange_rate,1983,0.345399999
Qatar,QAT,"Official exchange rate (LCU per US$, period average)",PA.NUS.FCRF,exchange_rate,1983,3.639999999
Saudi Arabia,SAU,"Official exchange rate (LCU per US$, period average)",PA.NUS.FCRF,exchange_rate,1983,3.45475916575
Turkiye,TUR,"Official exchange rate (LCU per US$, period average)",PA.NUS.FCRF,exchange_rate,1983,0.0002254570833322
United States,USA,"Official exchange rate (LCU per US$, period average)",PA.NUS.FCRF,exchange_rate,1983,1.0
United Arab Emirates,ARE,"Official exchange rate (LCU per US$, period average)",PA.NUS.FCRF,exchange_rate,1984,3.67099999958333
Australia,AUS,"Official exchange rate (LCU per US$, period average)",PA.NUS.FCRF,exchange_rate,1984,1.13951916591667
Bahrain,BHR,"Official exchange rate (LCU per US$, period average)",PA.NUS.FCRF,exchange_rate,1984,0.375999999583333
Canada,CAN,"Official exchange rate (LCU per US$, period average)",PA.NUS.FCRF,exchange_rate,1984,1.29506561083333
China,CHN,"Official exchange rate (LCU per US$, period average)",PA.NUS.FCRF,exchange_rate,1984,2.32004166625
Germany,DEU,"Official exchange rate (LCU per US$, period average)",PA.NUS.FCRF,exchange_rate,1984,2.84594166616667
"Egypt, Arab Rep.",EGY,"Official exchange rate (LCU per US$, period average)",PA.NUS.FCRF,exchange_rate,1984,0.700000700204867
France,FRA,"Official exchange rate (LCU per US$, period average)",PA.NUS.FCRF,exchange_rate,1984,8.73909999958333
United Kingdom,GBR,"Official exchange rate (LCU per US$, period average)",PA.NUS.FCRF,exchange_rate,1984,0.75180666625
Greece,GRC,"Official exchange rate (LCU per US$, period average)",PA.NUS.FCRF,exchange_rate,1984,112.716583333
India,IND,"Official exchange rate (LCU per US$, period average)",PA.NUS.FCRF,exchange_rate,1984,11.3625833326667
Iraq,IRQ,"Official exchange rate (LCU per US$, period average)",PA.NUS.FCRF,exchange_rate,1984,2002.38558318428
Italy,ITA,"Official exchange rate (LCU per US$, period average)",PA.NUS.FCRF,exchange_rate,1984,1756.96083333183
Jordan,JOR,"Official exchange rate (LCU per US$, period average)",PA.NUS.FCRF,exchange_rate,1984,0.384464999416667
Kuwait,KWT,"Official exchange rate (LCU per US$, period average)",PA.NUS.FCRF,exchange_rate,1984,0.296061916166667
Lebanon,LBN,"Official exchange rate (LCU per US$, period average)",PA.NUS.FCRF,exchange_rate,1984,6.51109166625
Oman,OMN,"Official exchange rate (LCU per US$, period average)",PA.NUS.FCRF,exchange_rate,1984,0.345397499583333
Qatar,QAT,"Official exchange rate (LCU per US$, period average)",PA.NUS.FCRF,exchange_rate,1984,3.63999999958333
Saudi Arabia,SAU,"Official exchange rate (LCU per US$, period average)",PA.NUS.FCRF,exchange_rate,1984,3.523810833
Turkiye,TUR,"Official exchange rate (LCU per US$, period average)",PA.NUS.FCRF,exchange_rate,1984,0.0003666778333331
United States,USA,"Official exchange rate (LCU per US$, period average)",PA.NUS.FCRF,exchange_rate,1984,1.0
United Arab Emirates,ARE,"Official exchange rate (LCU per US$, period average)",PA.NUS.FCRF,exchange_rate,1985,3.671
Australia,AUS,"Official exchange rate (LCU per US$, period average)",PA.NUS.FCRF,exchange_rate,1985,1.4318949995
Bahrain,BHR,"Official exchange rate (LCU per US$, period average)",PA.NUS.FCRF,exchange_rate,1985,0.376
Canada,CAN,"Official exchange rate (LCU per US$, period average)",PA.NUS.FCRF,exchange_rate,1985,1.36550739166667
China,CHN,"Official exchange rate (LCU per US$, period average)",PA.NUS.FCRF,exchange_rate,1985,2.93665833325
Germany,DEU,"Official exchange rate (LCU per US$, period average)",PA.NUS.FCRF,exchange_rate,1985,2.9439666665
"Egypt, Arab Rep.",EGY,"Official exchange rate (LCU per US$, period average)",PA.NUS.FCRF,exchange_rate,1985,0.7000007000007
France,FRA,"Official exchange rate (LCU per US$, period average)",PA.NUS.FCRF,exchange_rate,1985,8.98522499975
United Kingdom,GBR,"Official exchange rate (LCU per US$, period average)",PA.NUS.FCRF,exchange_rate,1985,0.77924599975
Greece,GRC,"Official exchange rate (LCU per US$, period average)",PA.NUS.FCRF,exchange_rate,1985,138.119083333
India,IND,"Official exchange rate (LCU per US$, period average)",PA.NUS.FCRF,exchange_rate,1985,12.3687499995833
Iraq,IRQ,"Official exchange rate (LCU per US$, period average)",PA.NUS.FCRF,exchange_rate,1985,2002.38558586824
Italy,ITA,"Official exchange rate (LCU per US$, period average)",PA.NUS.FCRF,exchange_rate,1985,1909.439166664
Jordan,JOR,"Official exchange rate (LCU per US$, period average)",PA.NUS.FCRF,exchange_rate,1985,0.39462499975
Kuwait,KWT,"Official exchange rate (LCU per US$, period average)",PA.NUS.FCRF,exchange_rate,1985,0.300753249916667
Lebanon,LBN,"Official exchange rate (LCU per US$, period average)",PA.NUS.FCRF,exchange_rate,1985,16.4170249996667
Oman,OMN,"Official exchange rate (LCU per US$, period average)",PA.NUS.FCRF,exchange_rate,1985,0.345395
Qatar,QAT,"Official exchange rate (LCU per US$, period average)",PA.NUS.FCRF,exchange_rate,1985,3.64
Saudi Arabia,SAU,"Official exchange rate (LCU per US$, period average)",PA.NUS.FCRF,exchange_rate,1985,3.62213583316667
Turkiye,TUR,"Official exchange rate (LCU per US$, period average)",PA.NUS.FCRF,exchange_rate,1985,0.0005219830833331
United States,USA,"Official exchange rate (LCU per US$, period average)",PA.NUS.FCRF,exchange_rate,1985,1.0
United Arab Emirates,ARE,"Official exchange rate (LCU per US$, period average)",PA.NUS.FCRF,exchange_rate,1986,3.671
Australia,AUS,"Official exchange rate (LCU per US$, period average)",PA.NUS.FCRF,exchange_rate,1986,1.49597416641667
Bahrain,BHR,"Official exchange rate (LCU per US$, period average)",PA.NUS.FCRF,exchange_rate,1986,0.376
Canada,CAN,"Official exchange rate (LCU per US$, period average)",PA.NUS.FCRF,exchange_rate,1986,1.38947105916667
China,CHN,"Official exchange rate (LCU per US$, period average)",PA.NUS.FCRF,exchange_rate,1986,3.45279166658333
Germany,DEU,"Official exchange rate (LCU per US$, period average)",PA.NUS.FCRF,exchange_rate,1986,2.17148333308333
"Egypt, Arab Rep.",EGY,"Official exchange rate (LCU per US$, period average)",PA.NUS.FCRF,exchange_rate,1986,0.7000007000007
France,FRA,"Official exchange rate (LCU per US$, period average)",PA.NUS.FCRF,exchange_rate,1986,6.92609166666667
United Kingdom,GBR,"Official exchange rate (LCU per US$, period average)",PA.NUS.FCRF,exchange_rate,1986,0.682197333333333
Greece,GRC,"Official exchange rate (LCU per US$, period average)",PA.NUS.FCRF,exchange_rate,1986,139.981166666583
India,IND,"Official exchange rate (LCU per US$, period average)",PA.NUS.FCRF,exchange_rate,1986,12.61083333325
Iraq,IRQ,"Official exchange rate (LCU per US$, period average)",PA.NUS.FCRF,exchange_rate,1986,2002.38558586824
Italy,ITA,"Official exchange rate (LCU per US$, period average)",PA.NUS.FCRF,exchange_rate,1986,1490.80999999875
Jordan,JOR,"Official exchange rate (LCU per US$, period average)",PA.NUS.FCRF,exchange_rate,1986,0.349965833166667
Kuwait,KWT,"Official exchange rate (LCU per US$, period average)",PA.NUS.FCRF,exchange_rate,1986,0.290594666583333
Lebanon,LBN,"Official exchange rate (LCU per US$, period average)",PA.NUS.FCRF,exchange_rate,1986,38.3699166665833
Oman,OMN,"Official exchange rate (LCU per US$, period average)",PA.NUS.FCRF,exchange_rate,1986,0.381981916666667
Qatar,QAT,"Official exchange rate (LCU per US$, period average)",PA.NUS.FCRF,exchange_rate,1986,3.64
Saudi Arabia,SAU,"Official exchange rate (LCU per US$, period average)",PA.NUS.FCRF,exchange_rate,1986,3.70625
Turkiye,TUR,"Official exchange rate (LCU per US$, period average)",PA.NUS.FCRF,exchange_rate,1986,0.0006745117500002
United States,USA,"Official exchange rate (LCU per US$, period average)",PA.NUS.FCRF,exchange_rate,1986,1.0
United Arab Emirates,ARE,"Official exchange rate (LCU per US$, period average)",PA.NUS.FCRF,exchange_rate,1987,3.671
Australia,AUS,"Official exchange rate (LCU per US$, period average)",PA.NUS.FCRF,exchange_rate,1987,1.42818
Bahrain,BHR,"Official exchange rate (LCU per US$, period average)",PA.NUS.FCRF,exchange_rate,1987,0.376
Canada,CAN,"Official exchange rate (LCU per US$, period average)",PA.NUS.FCRF,exchange_rate,1987,1.32598258166667
China,CHN,"Official exchange rate (LCU per US$, period average)",PA.NUS.FCRF,exchange_rate,1987,3.7221
Germany,DEU,"Official exchange rate (LCU per US$, period average)",PA.NUS.FCRF,exchange_rate,1987,1.79739166666667
"Egypt, Arab Rep.",EGY,"Official exchange rate (LCU per US$, period average)",PA.NUS.FCRF,exchange_rate,1987,0.7000007000007
France,FRA,"Official exchange rate (LCU per US$, period average)",PA.NUS.FCRF,exchange_rate,1987,6.01070833333333
United Kingdom,GBR,"Official exchange rate (LCU per US$, period average)",PA.NUS.FCRF,exchange_rate,1987,0.6119265
Greece,GRC,"Official exchange rate (LCU per US$, period average)",PA.NUS.FCRF,exchange_rate,1987,135.4295
India,IND,"Official exchange rate (LCU per US$, period average)",PA.NUS.FCRF,exchange_rate,1987,12.9615
Iraq,IRQ,"Official exchange rate (LCU per US$, period average)",PA.NUS.FCRF,exchange_rate,1987,2002.38558586824
Italy,ITA,"Official exchange rate (LCU per US$, period average)",PA.NUS.FCRF,exchange_rate,1987,1296.07
Jordan,JOR,"Official exchange rate (LCU per US$, period average)",PA.NUS.FCRF,exchange_rate,1987,0.33845875
Kuwait,KWT,"Official exchange rate (LCU per US$, period average)",PA.NUS.FCRF,exchange_rate,1987,0.27866325
Lebanon,LBN,"Official exchange rate (LCU per US$, period average)",PA.NUS.FCRF,exchange_rate,1987,224.596333333333
Oman,OMN,"Official exchange rate (LCU per US$, period average)",PA.NUS.FCRF,exchange_rate,1987,0.3845
Qatar,QAT,"Official exchange rate (LCU per US$, period average)",PA.NUS.FCRF,exchange_rate,1987,3.64
Saudi Arabia,SAU,"Official exchange rate (LCU per US$, period average)",PA.NUS.FCRF,exchange_rate,1987,3.75
Turkiye,TUR,"Official exchange rate (LCU per US$, period average)",PA.NUS.FCRF,exchange_rate,1987,0.0008572141666666
United States,USA,"Official exchange rate (LCU per US$, period average)",PA.NUS.FCRF,exchange_rate,1987,1.0
United Arab Emirates,ARE,"Official exchange rate (LCU per US$, period average)",PA.NUS.FCRF,exchange_rate,1988,3.671
Australia,AUS,"Official exchange rate (LCU per US$, period average)",PA.NUS.FCRF,exchange_rate,1988,1.27990833333333
Bahrain,BHR,"Official exchange rate (LCU per US$, period average)",PA.NUS.FCRF,exchange_rate,1988,0.376
Canada,CAN,"Official exchange rate (LCU per US$, period average)",PA.NUS.FCRF,exchange_rate,1988,1.23070084666667
China,CHN,"Official exchange rate (LCU per US$, period average)",PA.NUS.FCRF,exchange_rate,1988,3.7221
Germany,DEU,"Official exchange rate (LCU per US$, period average)",PA.NUS.FCRF,exchange_rate,1988,1.756225
"Egypt, Arab Rep.",EGY,"Official exchange rate (LCU per US$, period average)",PA.NUS.FCRF,exchange_rate,1988,0.7000007000007
France,FRA,"Official exchange rate (LCU per US$, period average)",PA.NUS.FCRF,exchange_rate,1988,5.95694166666667
United Kingdom,GBR,"Official exchange rate (LCU per US$, period average)",PA.NUS.FCRF,exchange_rate,1988,0.562170166666667
Greece,GRC,"Official exchange rate (LCU per US$, period average)",PA.NUS.FCRF,exchange_rate,1988,141.8605
India,IND,"Official exchange rate (LCU per US$, period average)",PA.NUS.FCRF,exchange_rate,1988,13.9170833333333
Iraq,IRQ,"Official exchange rate (LCU per US$, period average)",PA.NUS.FCRF,exchange_rate,1988,2002.38558586824
Italy,ITA,"Official exchange rate (LCU per US$, period average)",PA.NUS.FCRF,exchange_rate,1988,1301.6275
Jordan,JOR,"Official exchange rate (LCU per US$, period average)",PA.NUS.FCRF,exchange_rate,1988,0.3742925
Kuwait,KWT,"Official exchange rate (LCU per US$, period average)",PA.NUS.FCRF,exchange_rate,1988,0.27902925
Lebanon,LBN,"Official exchange rate (LCU per US$, period average)",PA.NUS.FCRF,exchange_rate,1988,409.23
Oman,OMN,"Official exchange rate (LCU per US$, period average)",PA.NUS.FCRF,exchange_rate,1988,0.3845
Qatar,QAT,"Official exchange rate (LCU per US$, period average)",PA.NUS.FCRF,exchange_rate,1988,3.64
Saudi Arabia,SAU,"Official exchange rate (LCU per US$, period average)",PA.NUS.FCRF,exchange_rate,1988,3.75
Turkiye,TUR,"Official exchange rate (LCU per US$, period average)",PA.NUS.FCRF,exchange_rate,1988,0.0014223458333333
United States,USA,"Official exchange rate (LCU per US$, period average)",PA.NUS.FCRF,exchange_rate,1988,1.0
United Arab Emirates,ARE,"Official exchange rate (LCU per US$, period average)",PA.NUS.FCRF,exchange_rate,1989,3.671
Australia,AUS,"Official exchange rate (LCU per US$, period average)",PA.NUS.FCRF,exchange_rate,1989,1.26459666666667
Bahrain,BHR,"Official exchange rate (LCU per US$, period average)",PA.NUS.FCRF,exchange_rate,1989,0.376
Canada,CAN,"Official exchange rate (LCU per US$, period average)",PA.NUS.FCRF,exchange_rate,1989,1.18397208416667
China,CHN,"Official exchange rate (LCU per US$, period average)",PA.NUS.FCRF,exchange_rate,1989,3.76510833333333
Germany,DEU,"Official exchange rate (LCU per US$, period average)",PA.NUS.FCRF,exchange_rate,1989,1.88004166666667
"Egypt, Arab Rep.",EGY,"Official exchange rate (LCU per US$, period average)",PA.NUS.FCRF,exchange_rate,1989,0.866666666666667
France,FRA,"Official exchange rate (LCU per US$, period average)",PA.NUS.FCRF,exchange_rate,1989,6.38014166666667
United Kingdom,GBR,"Official exchange rate (LCU per US$, period average)",PA.NUS.FCRF,exchange_rate,1989,0.61117275
Greece,GRC,"Official exchange rate (LCU per US$, period average)",PA.NUS.FCRF,exchange_rate,1989,162.416583333333
India,IND,"Official exchange rate (LCU per US$, period average)",PA.NUS.FCRF,exchange_rate,1989,16.2255
Iraq,IRQ,"Official exchange rate (LCU per US$, period average)",PA.NUS.FCRF,exchange_rate,1989,2002.38558586824
Italy,ITA,"Official exchange rate (LCU per US$, period average)",PA.NUS.FCRF,exchange_rate,1989,1372.09333333333
Jordan,JOR,"Official exchange rate (LCU per US$, period average)",PA.NUS.FCRF,exchange_rate,1989,0.574575833333333
Kuwait,KWT,"Official exchange rate (LCU per US$, period average)",PA.NUS.FCRF,exchange_rate,1989,0.293779416666667
Lebanon,LBN,"Official exchange rate (LCU per US$, period average)",PA.NUS.FCRF,exchange_rate,1989,496.689166666667
Oman,OMN,"Official exchange rate (LCU per US$, period average)",PA.NUS.FCRF,exchange_rate,1989,0.3845
Qatar,QAT,"Official exchange rate (LCU per US$, period average)",PA.NUS.FCRF,exchange_rate,1989,3.64
Saudi Arabia,SAU,"Official exchange rate (LCU per US$, period average)",PA.NUS.FCRF,exchange_rate,1989,3.75
Turkiye,TUR,"Official exchange rate (LCU per US$, period average)",PA.NUS.FCRF,exchange_rate,1989,0.0021216791666666
United States,USA,"Official exchange rate (LCU per US$, period average)",PA.NUS.FCRF,exchange_rate,1989,1.0
United Arab Emirates,ARE,"Official exchange rate (LCU per US$, period average)",PA.NUS.FCRF,exchange_rate,1990,3.671
Australia,AUS,"Official exchange rate (LCU per US$, period average)",PA.NUS.FCRF,exchange_rate,1990,1.28105666666667
Bahrain,BHR,"Official exchange rate (LCU per US$, period average)",PA.NUS.FCRF,exchange_rate,1990,0.376
Canada,CAN,"Official exchange rate (LCU per US$, period average)",PA.NUS.FCRF,exchange_rate,1990,1.16677362666667
China,CHN,"Official exchange rate (LCU per US$, period average)",PA.NUS.FCRF,exchange_rate,1990,4.78320833333333
Germany,DEU,"Official exchange rate (LCU per US$, period average)",PA.NUS.FCRF,exchange_rate,1990,1.61573333333333
"Egypt, Arab Rep.",EGY,"Official exchange rate (LCU per US$, period average)",PA.NUS.FCRF,exchange_rate,1990,1.55
France,FRA,"Official exchange rate (LCU per US$, period average)",PA.NUS.FCRF,exchange_rate,1990,5.445275
United Kingdom,GBR,"Official exchange rate (LCU per US$, period average)",PA.NUS.FCRF,exchange_rate,1990,0.563177166666667
Greece,GRC,"Official exchange rate (LCU per US$, period average)",PA.NUS.FCRF,exchange_rate,1990,158.513916666667
India,IND,"Official exchange rate (LCU per US$, period average)",PA.NUS.FCRF,exchange_rate,1990,17.5035
Iraq,IRQ,"Official exchange rate (LCU per US$, period average)",PA.NUS.FCRF,exchange_rate,1990,2002.38558586824
Italy,ITA,"Official exchange rate (LCU per US$, period average)",PA.NUS.FCRF,exchange_rate,1990,1198.10166666667
Jordan,JOR,"Official exchange rate (LCU per US$, period average)",PA.NUS.FCRF,exchange_rate,1990,0.663711666666667
Lebanon,LBN,"Official exchange rate (LCU per US$, period average)",PA.NUS.FCRF,exchange_rate,1990,695.089166666667
Oman,OMN,"Official exchange rate (LCU per US$, period average)",PA.NUS.FCRF,exchange_rate,1990,0.3845
Qatar,QAT,"Official exchange rate (LCU per US$, period average)",PA.NUS.FCRF,exchange_rate,1990,3.64
Saudi Arabia,SAU,"Official exchange rate (LCU per US$, period average)",PA.NUS.FCRF,exchange_rate,1990,3.75
Turkiye,TUR,"Official exchange rate (LCU per US$, period average)",PA.NUS.FCRF,exchange_rate,1990,0.0026086416666666
United States,USA,"Official exchange rate (LCU per US$, period average)",PA.NUS.FCRF,exchange_rate,1990,1.0
United Arab Emirates,ARE,"Official exchange rate (LCU per US$, period average)",PA.NUS.FCRF,exchange_rate,1991,3.671
Australia,AUS,"Official exchange rate (LCU per US$, period average)",PA.NUS.FCRF,exchange_rate,1991,1.28375583333333
Bahrain,BHR,"Official exchange rate (LCU per US$, period average)",PA.NUS.FCRF,exchange_rate,1991,0.376
Canada,CAN,"Official exchange rate (LCU per US$, period average)",PA.NUS.FCRF,exchange_rate,1991,1.14572584416667
China,CHN,"Official exchange rate (LCU per US$, period average)",PA.NUS.FCRF,exchange_rate,1991,5.32339166666667
Germany,DEU,"Official exchange rate (LCU per US$, period average)",PA.NUS.FCRF,exchange_rate,1991,1.65954166666667
"Egypt, Arab Rep.",EGY,"Official exchange rate (LCU per US$, period average)",PA.NUS.FCRF,exchange_rate,1991,3.13800833333333
France,FRA,"Official exchange rate (LCU per US$, period average)",PA.NUS.FCRF,exchange_rate,1991,5.64211666666667
United Kingdom,GBR,"Official exchange rate (LCU per US$, period average)",PA.NUS.FCRF,exchange_rate,1991,0.567015333333333
Greece,GRC,"Official exchange rate (LCU per US$, period average)",PA.NUS.FCRF,exchange_rate,1991,182.266416666667
India,IND,"Official exchange rate (LCU per US$, period average)",PA.NUS.FCRF,exchange_rate,1991,22.7424333333333
Iraq,IRQ,"Official exchange rate (LCU per US$, period average)",PA.NUS.FCRF,exchange_rate,1991,2002.38558586824
Italy,ITA,"Official exchange rate (LCU per US$, period average)",PA.NUS.FCRF,exchange_rate,1991,1240.61333333333
Jordan,JOR,"Official exchange rate (LCU per US$, period average)",PA.NUS.FCRF,exchange_rate,1991,0.680865833333333
Lebanon,LBN,"Official exchange rate (LCU per US$, period average)",PA.NUS.FCRF,exchange_rate,1991,928.2275
Oman,OMN,"Official exchange rate (LCU per US$, period average)",PA.NUS.FCRF,exchange_rate,1991,0.3845
Qatar,QAT,"Official exchange rate (LCU per US$, period average)",PA.NUS.FCRF,exchange_rate,1991,3.64
Saudi Arabia,SAU,"Official exchange rate (LCU per US$, period average)",PA.NUS.FCRF,exchange_rate,1991,3.75
Turkiye,TUR,"Official exchange rate (LCU per US$, period average)",PA.NUS.FCRF,exchange_rate,1991,0.0041718158333333
United States,USA,"Official exchange rate (LCU per US$, period average)",PA.NUS.FCRF,exchange_rate,1991,1.0
United Arab Emirates,ARE,"Official exchange rate (LCU per US$, period average)",PA.NUS.FCRF,exchange_rate,1992,3.671
Australia,AUS,"Official exchange rate (LCU per US$, period average)",PA.NUS.FCRF,exchange_rate,1992,1.36164833333333
Bahrain,BHR,"Official exchange rate (LCU per US$, period average)",PA.NUS.FCRF,exchange_rate,1992,0.376
Canada,CAN,"Official exchange rate (LCU per US$, period average)",PA.NUS.FCRF,exchange_rate,1992,1.20872292
China,CHN,"Official exchange rate (LCU per US$, period average)",PA.NUS.FCRF,exchange_rate,1992,5.51459166666667
Germany,DEU,"Official exchange rate (LCU per US$, period average)",PA.NUS.FCRF,exchange_rate,1992,1.56165
"Egypt, Arab Rep.",EGY,"Official exchange rate (LCU per US$, period average)",PA.NUS.FCRF,exchange_rate,1992,3.32174833333333
France,FRA,"Official exchange rate (LCU per US$, period average)",PA.NUS.FCRF,exchange_rate,1992,5.29381583333333
United Kingdom,GBR,"Official exchange rate (LCU per US$, period average)",PA.NUS.FCRF,exchange_rate,1992,0.569774166666667
Greece,GRC,"Official exchange rate (LCU per US$, period average)",PA.NUS.FCRF,exchange_rate,1992,190.62425
India,IND,"Official exchange rate (LCU per US$, period average)",PA.NUS.FCRF,exchange_rate,1992,25.9180833333333
Iraq,IRQ,"Official exchange rate (LCU per US$, period average)",PA.NUS.FCRF,exchange_rate,1992,2002.38558586824
Italy,ITA,"Official exchange rate (LCU per US$, period average)",PA.NUS.FCRF,exchange_rate,1992,1232.40583333333
Jordan,JOR,"Official exchange rate (LCU per US$, period average)",PA.NUS.FCRF,exchange_rate,1992,0.679818333333333
Kuwait,KWT,"Official exchange rate (LCU per US$, period average)",PA.NUS.FCRF,exchange_rate,1992,0.293222666666667
Lebanon,LBN,"Official exchange rate (LCU per US$, period average)",PA.NUS.FCRF,exchange_rate,1992,1712.79083333333
Oman,OMN,"Official exchange rate (LCU per US$, period average)",PA.NUS.FCRF,exchange_rate,1992,0.3845
Qatar,QAT,"Official exchange rate (LCU per US$, period average)",PA.NUS.FCRF,exchange_rate,1992,3.64
Saudi Arabia,SAU,"Official exchange rate (LCU per US$, period average)",PA.NUS.FCRF,exchange_rate,1992,3.75
Turkiye,TUR,"Official exchange rate (LCU per US$, period average)",PA.NUS.FCRF,exchange_rate,1992,0.0068724233333333
United States,USA,"Official exchange rate (LCU per US$, period average)",PA.NUS.FCRF,exchange_rate,1992,1.0
United Arab Emirates,ARE,"Official exchange rate (LCU per US$, period average)",PA.NUS.FCRF,exchange_rate,1993,3.671
Australia,AUS,"Official exchange rate (LCU per US$, period average)",PA.NUS.FCRF,exchange_rate,1993,1.47056
Bahrain,BHR,"Official exchange rate (LCU per US$, period average)",PA.NUS.FCRF,exchange_rate,1993,0.375999989166667
Canada,CAN,"Official exchange rate (LCU per US$, period average)",PA.NUS.FCRF,exchange_rate,1993,1.29008788166667
China,CHN,"Official exchange rate (LCU per US$, period average)",PA.NUS.FCRF,exchange_rate,1993,5.76195833333334
Germany,DEU,"Official exchange rate (LCU per US$, period average)",PA.NUS.FCRF,exchange_rate,1993,1.65332083333333
"Egypt, Arab Rep.",EGY,"Official exchange rate (LCU per US$, period average)",PA.NUS.FCRF,exchange_rate,1993,3.3525175
France,FRA,"Official exchange rate (LCU per US$, period average)",PA.NUS.FCRF,exchange_rate,1993,5.66323
United Kingdom,GBR,"Official exchange rate (LCU per US$, period average)",PA.NUS.FCRF,exchange_rate,1993,0.666756553333333
Greece,GRC,"Official exchange rate (LCU per US$, period average)",PA.NUS.FCRF,exchange_rate,1993,229.249843333333
India,IND,"Official exchange rate (LCU per US$, period average)",PA.NUS.FCRF,exchange_rate,1993,30.4932916666667
Iraq,IRQ,"Official exchange rate (LCU per US$, period average)",PA.NUS.FCRF,exchange_rate,1993,2002.38629443332
Italy,ITA,"Official exchange rate (LCU per US$, period average)",PA.NUS.FCRF,exchange_rate,1993,1573.66586666667
Jordan,JOR,"Official exchange rate (LCU per US$, period average)",PA.NUS.FCRF,exchange_rate,1993,0.692850833333333
Kuwait,KWT,"Official exchange rate (LCU per US$, period average)",PA.NUS.FCRF,exchange_rate,1993,0.3018386
Lebanon,LBN,"Official exchange rate (LCU per US$, period average)",PA.NUS.FCRF,exchange_rate,1993,1741.36333333333
Oman,OMN,"Official exchange rate (LCU per US$, period average)",PA.NUS.FCRF,exchange_rate,1993,0.3845
Qatar,QAT,"Official exchange rate (LCU per US$, period average)",PA.NUS.FCRF,exchange_rate,1993,3.64
Saudi Arabia,SAU,"Official exchange rate (LCU per US$, period average)",PA.NUS.FCRF,exchange_rate,1993,3.75
Turkiye,TUR,"Official exchange rate (LCU per US$, period average)",PA.NUS.FCRF,exchange_rate,1993,0.0109846283333333
United States,USA,"Official exchange rate (LCU per US$, period average)",PA.NUS.FCRF,exchange_rate,1993,1.0
United Arab Emirates,ARE,"Official exchange rate (LCU per US$, period average)",PA.NUS.FCRF,exchange_rate,1994,3.671
Australia,AUS,"Official exchange rate (LCU per US$, period average)",PA.NUS.FCRF,exchange_rate,1994,1.36775083333333
Bahrain,BHR,"Official exchange rate (LCU per US$, period average)",PA.NUS.FCRF,exchange_rate,1994,0.375999965
Canada,CAN,"Official exchange rate (LCU per US$, period average)",PA.NUS.FCRF,exchange_rate,1994,1.3656734475
China,CHN,"Official exchange rate (LCU per US$, period average)",PA.NUS.FCRF,exchange_rate,1994,8.61874266666666
Germany,DEU,"Official exchange rate (LCU per US$, period average)",PA.NUS.FCRF,exchange_rate,1994,1.62279416666667
"Egypt, Arab Rep.",EGY,"Official exchange rate (LCU per US$, period average)",PA.NUS.FCRF,exchange_rate,1994,3.38513333333333
France,FRA,"Official exchange rate (LCU per US$, period average)",PA.NUS.FCRF,exchange_rate,1994,5.552045
United Kingdom,GBR,"Official exchange rate (LCU per US$, period average)",PA.NUS.FCRF,exchange_rate,1994,0.653426604166667
Greece,GRC,"Official exchange rate (LCU per US$, period average)",PA.NUS.FCRF,exchange_rate,1994,242.6028175
India,IND,"Official exchange rate (LCU per US$, period average)",PA.NUS.FCRF,exchange_rate,1994,31.3737425
Iraq,IRQ,"Official exchange rate (LCU per US$, period average)",PA.NUS.FCRF,exchange_rate,1994,2002.38738948844
Italy,ITA,"Official exchange rate (LCU per US$, period average)",PA.NUS.FCRF,exchange_rate,1994,1612.44498333333
Jordan,JOR,"Official exchange rate (LCU per US$, period average)",PA.NUS.FCRF,exchange_rate,1994,0.698764166666667
Kuwait,KWT,"Official exchange rate (LCU per US$, period average)",PA.NUS.FCRF,exchange_rate,1994,0.296870315
Lebanon,LBN,"Official exchange rate (LCU per US$, period average)",PA.NUS.FCRF,exchange_rate,1994,1680.07333333333
Oman,OMN,"Official exchange rate (LCU per US$, period average)",PA.NUS.FCRF,exchange_rate,1994,0.3845
Qatar,QAT,"Official exchange rate (LCU per US$, period average)",PA.NUS.FCRF,exchange_rate,1994,3.64
Saudi Arabia,SAU,"Official exchange rate (LCU per US$, period average)",PA.NUS.FCRF,exchange_rate,1994,3.75
Turkiye,TUR,"Official exchange rate (LCU per US$, period average)",PA.NUS.FCRF,exchange_rate,1994,0.0296086758333333
United States,USA,"Official exchange rate (LCU per US$, period average)",PA.NUS.FCRF,exchange_rate,1994,1.0
United Arab Emirates,ARE,"Official exchange rate (LCU per US$, period average)",PA.NUS.FCRF,exchange_rate,1995,3.671
Australia,AUS,"Official exchange rate (LCU per US$, period average)",PA.NUS.FCRF,exchange_rate,1995,1.3490325
Bahrain,BHR,"Official exchange rate (LCU per US$, period average)",PA.NUS.FCRF,exchange_rate,1995,0.375999970833333
Canada,CAN,"Official exchange rate (LCU per US$, period average)",PA.NUS.FCRF,exchange_rate,1995,1.37244541833333
China,CHN,"Official exchange rate (LCU per US$, period average)",PA.NUS.FCRF,exchange_rate,1995,8.35141666666667
Germany,DEU,"Official exchange rate (LCU per US$, period average)",PA.NUS.FCRF,exchange_rate,1995,1.4331325
"Egypt, Arab Rep.",EGY,"Official exchange rate (LCU per US$, period average)",PA.NUS.FCRF,exchange_rate,1995,3.39220833333333
France,FRA,"Official exchange rate (LCU per US$, period average)",PA.NUS.FCRF,exchange_rate,1995,4.9914825
United Kingdom,GBR,"Official exchange rate (LCU per US$, period average)",PA.NUS.FCRF,exchange_rate,1995,0.63366812
Greece,GRC,"Official exchange rate (LCU per US$, period average)",PA.NUS.FCRF,exchange_rate,1995,231.662735833333
India,IND,"Official exchange rate (LCU per US$, period average)",PA.NUS.FCRF,exchange_rate,1995,32.4270766666667
Iraq,IRQ,"Official exchange rate (LCU per US$, period average)",PA.NUS.FCRF,exchange_rate,1995,2002.38722845093
Italy,ITA,"Official exchange rate (LCU per US$, period average)",PA.NUS.FCRF,exchange_rate,1995,1628.93315833333
Jordan,JOR,"Official exchange rate (LCU per US$, period average)",PA.NUS.FCRF,exchange_rate,1995,0.7003775
Kuwait,KWT,"Official exchange rate (LCU per US$, period average)",PA.NUS.FCRF,exchange_rate,1995,0.298447720833333
Lebanon,LBN,"Official exchange rate (LCU per US$, period average)",PA.NUS.FCRF,exchange_rate,1995,1621.41333333333
Oman,OMN,"Official exchange rate (LCU per US$, period average)",PA.NUS.FCRF,exchange_rate,1995,0.3845
Qatar,QAT,"Official exchange rate (LCU per US$, period average)",PA.NUS.FCRF,exchange_rate,1995,3.64
Saudi Arabia,SAU,"Official exchange rate (LCU per US$, period average)",PA.NUS.FCRF,exchange_rate,1995,3.75
Turkiye,TUR,"Official exchange rate (LCU per US$, period average)",PA.NUS.FCRF,exchange_rate,1995,0.0458450608333333
United States,USA,"Official exchange rate (LCU per US$, period average)",PA.NUS.FCRF,exchange_rate,1995,1.0
United Arab Emirates,ARE,"Official exchange rate (LCU per US$, period average)",PA.NUS.FCRF,exchange_rate,1996,3.671
Australia,AUS,"Official exchange rate (LCU per US$, period average)",PA.NUS.FCRF,exchange_rate,1996,1.27786333333333
Bahrain,BHR,"Official exchange rate (LCU per US$, period average)",PA.NUS.FCRF,exchange_rate,1996,0.3759999675
Canada,CAN,"Official exchange rate (LCU per US$, period average)",PA.NUS.FCRF,exchange_rate,1996,1.36352163583333
China,CHN,"Official exchange rate (LCU per US$, period average)",PA.NUS.FCRF,exchange_rate,1996,8.314175
Germany,DEU,"Official exchange rate (LCU per US$, period average)",PA.NUS.FCRF,exchange_rate,1996,1.50477416666667
"Egypt, Arab Rep.",EGY,"Official exchange rate (LCU per US$, period average)",PA.NUS.FCRF,exchange_rate,1996,3.39148333333334
France,FRA,"Official exchange rate (LCU per US$, period average)",PA.NUS.FCRF,exchange_rate,1996,5.1155225
United Kingdom,GBR,"Official exchange rate (LCU per US$, period average)",PA.NUS.FCRF,exchange_rate,1996,0.640958255
Greece,GRC,"Official exchange rate (LCU per US$, period average)",PA.NUS.FCRF,exchange_rate,1996,240.7115425
India,IND,"Official exchange rate (LCU per US$, period average)",PA.NUS.FCRF,exchange_rate,1996,35.4331733333333
Iraq,IRQ,"Official exchange rate (LCU per US$, period average)",PA.NUS.FCRF,exchange_rate,1996,2002.38721234717
Italy,ITA,"Official exchange rate (LCU per US$, period average)",PA.NUS.FCRF,exchange_rate,1996,1542.94696666667
Jordan,JOR,"Official exchange rate (LCU per US$, period average)",PA.NUS.FCRF,exchange_rate,1996,0.709
Kuwait,KWT,"Official exchange rate (LCU per US$, period average)",PA.NUS.FCRF,exchange_rate,1996,0.299408563333333
Lebanon,LBN,"Official exchange rate (LCU per US$, period average)",PA.NUS.FCRF,exchange_rate,1996,1571.44416666667
Oman,OMN,"Official exchange rate (LCU per US$, period average)",PA.NUS.FCRF,exchange_rate,1996,0.3845
Qatar,QAT,"Official exchange rate (LCU per US$, period average)",PA.NUS.FCRF,exchange_rate,1996,3.64
Saudi Arabia,SAU,"Official exchange rate (LCU per US$, period average)",PA.NUS.FCRF,exchange_rate,1996,3.75
Turkiye,TUR,"Official exchange rate (LCU per US$, period average)",PA.NUS.FCRF,exchange_rate,1996,0.0814048916666666
United States,USA,"Official exchange rate (LCU per US$, period average)",PA.NUS.FCRF,exchange_rate,1996,1.0
United Arab Emirates,ARE,"Official exchange rate (LCU per US$, period average)",PA.NUS.FCRF,exchange_rate,1997,3.671125
Australia,AUS,"Official exchange rate (LCU per US$, period average)",PA.NUS.FCRF,exchange_rate,1997,1.34738
Bahrain,BHR,"Official exchange rate (LCU per US$, period average)",PA.NUS.FCRF,exchange_rate,1997,0.375999965
Canada,CAN,"Official exchange rate (LCU per US$, period average)",PA.NUS.FCRF,exchange_rate,1997,1.38459802833333
China,CHN,"Official exchange rate (LCU per US$, period average)",PA.NUS.FCRF,exchange_rate,1997,8.28981666666667
Germany,DEU,"Official exchange rate (LCU per US$, period average)",PA.NUS.FCRF,exchange_rate,1997,1.73405583333333
"Egypt, Arab Rep.",EGY,"Official exchange rate (LCU per US$, period average)",PA.NUS.FCRF,exchange_rate,1997,3.38875
France,FRA,"Official exchange rate (LCU per US$, period average)",PA.NUS.FCRF,exchange_rate,1997,5.83669166666667
United Kingdom,GBR,"Official exchange rate (LCU per US$, period average)",PA.NUS.FCRF,exchange_rate,1997,0.610836114166667
Greece,GRC,"Official exchange rate (LCU per US$, period average)",PA.NUS.FCRF,exchange_rate,1997,273.057853333333
India,IND,"Official exchange rate (LCU per US$, period average)",PA.NUS.FCRF,exchange_rate,1997,36.3132858333333
Iraq,IRQ,"Official exchange rate (LCU per US$, period average)",PA.NUS.FCRF,exchange_rate,1997,2002.38721234717
Italy,ITA,"Official exchange rate (LCU per US$, period average)",PA.NUS.FCRF,exchange_rate,1997,1703.09690833333
Jordan,JOR,"Official exchange rate (LCU per US$, period average)",PA.NUS.FCRF,exchange_rate,1997,0.709
Kuwait,KWT,"Official exchange rate (LCU per US$, period average)",PA.NUS.FCRF,exchange_rate,1997,0.303348835
Lebanon,LBN,"Official exchange rate (LCU per US$, period average)",PA.NUS.FCRF,exchange_rate,1997,1539.45
Oman,OMN,"Official exchange rate (LCU per US$, period average)",PA.NUS.FCRF,exchange_rate,1997,0.3845
Qatar,QAT,"Official exchange rate (LCU per US$, period average)",PA.NUS.FCRF,exchange_rate,1997,3.64
Saudi Arabia,SAU,"Official exchange rate (LCU per US$, period average)",PA.NUS.FCRF,exchange_rate,1997,3.75
Turkiye,TUR,"Official exchange rate (LCU per US$, period average)",PA.NUS.FCRF,exchange_rate,1997,0.151865
United States,USA,"Official exchange rate (LCU per US$, period average)",PA.NUS.FCRF,exchange_rate,1997,1.0
United Arab Emirates,ARE,"Official exchange rate (LCU per US$, period average)",PA.NUS.FCRF,exchange_rate,1998,3.6725
Australia,AUS,"Official exchange rate (LCU per US$, period average)",PA.NUS.FCRF,exchange_rate,1998,1.59182833333333
Bahrain,BHR,"Official exchange rate (LCU per US$, period average)",PA.NUS.FCRF,exchange_rate,1998,0.3759999625
Canada,CAN,"Official exchange rate (LCU per US$, period average)",PA.NUS.FCRF,exchange_rate,1998,1.48350530166667
China,CHN,"Official exchange rate (LCU per US$, period average)",PA.NUS.FCRF,exchange_rate,1998,8.27895833333333
Germany,DEU,"Official exchange rate (LCU per US$, period average)",PA.NUS.FCRF,exchange_rate,1998,1.7596676
"Egypt, Arab Rep.",EGY,"Official exchange rate (LCU per US$, period average)",PA.NUS.FCRF,exchange_rate,1998,3.388
France,FRA,"Official exchange rate (LCU per US$, period average)",PA.NUS.FCRF,exchange_rate,1998,5.89951566666667
United Kingdom,GBR,"Official exchange rate (LCU per US$, period average)",PA.NUS.FCRF,exchange_rate,1998,0.603823594166667
Greece,GRC,"Official exchange rate (LCU per US$, period average)",PA.NUS.FCRF,exchange_rate,1998,295.529105
India,IND,"Official exchange rate (LCU per US$, period average)",PA.NUS.FCRF,exchange_rate,1998,41.259365
Iraq,IRQ,"Official exchange rate (LCU per US$, period average)",PA.NUS.FCRF,exchange_rate,1998,2002.38724455468
Italy,ITA,"Official exchange rate (LCU per US$, period average)",PA.NUS.FCRF,exchange_rate,1998,1736.20738333333
Jordan,JOR,"Official exchange rate (LCU per US$, period average)",PA.NUS.FCRF,exchange_rate,1998,0.709
Kuwait,KWT,"Official exchange rate (LCU per US$, period average)",PA.NUS.FCRF,exchange_rate,1998,0.30475564
Lebanon,LBN,"Official exchange rate (LCU per US$, period average)",PA.NUS.FCRF,exchange_rate,1998,1516.13166666667
Oman,OMN,"Official exchange rate (LCU per US$, period average)",PA.NUS.FCRF,exchange_rate,1998,0.3845
Qatar,QAT,"Official exchange rate (LCU per US$, period average)",PA.NUS.FCRF,exchange_rate,1998,3.64
Saudi Arabia,SAU,"Official exchange rate (LCU per US$, period average)",PA.NUS.FCRF,exchange_rate,1998,3.75
Turkiye,TUR,"Official exchange rate (LCU per US$, period average)",PA.NUS.FCRF,exchange_rate,1998,0.26072425
United States,USA,"Official exchange rate (LCU per US$, period average)",PA.NUS.FCRF,exchange_rate,1998,1.0
United Arab Emirates,ARE,"Official exchange rate (LCU per US$, period average)",PA.NUS.FCRF,exchange_rate,1999,3.6725
Australia,AUS,"Official exchange rate (LCU per US$, period average)",PA.NUS.FCRF,exchange_rate,1999,1.54995
Bahrain,BHR,"Official exchange rate (LCU per US$, period average)",PA.NUS.FCRF,exchange_rate,1999,0.375999979166667
Canada,CAN,"Official exchange rate (LCU per US$, period average)",PA.NUS.FCRF,exchange_rate,1999,1.48570481916667
China,CHN,"Official exchange rate (LCU per US$, period average)",PA.NUS.FCRF,exchange_rate,1999,8.27825
Germany,DEU,"Official exchange rate (LCU per US$, period average)",PA.NUS.FCRF,exchange_rate,1999,0.938283072395283
"Egypt, Arab Rep.",EGY,"Official exchange rate (LCU per US$, period average)",PA.NUS.FCRF,exchange_rate,1999,3.39525
Euro area,EMU,"Official exchange rate (LCU per US$, period average)",PA.NUS.FCRF,exchange_rate,1999,0.938283072395283
France,FRA,"Official exchange rate (LCU per US$, period average)",PA.NUS.FCRF,exchange_rate,1999,0.938283072395283
United Kingdom,GBR,"Official exchange rate (LCU per US$, period average)",PA.NUS.FCRF,exchange_rate,1999,0.618056845
Greece,GRC,"Official exchange rate (LCU per US$, period average)",PA.NUS.FCRF,exchange_rate,1999,305.646604166667
India,IND,"Official exchange rate (LCU per US$, period average)",PA.NUS.FCRF,exchange_rate,1999,43.0554283333334
Iraq,IRQ,"Official exchange rate (LCU per US$, period average)",PA.NUS.FCRF,exchange_rate,1999,2002.3897728437
Italy,ITA,"Official exchange rate (LCU per US$, period average)",PA.NUS.FCRF,exchange_rate,1999,0.938283072395283
Jordan,JOR,"Official exchange rate (LCU per US$, period average)",PA.NUS.FCRF,exchange_rate,1999,0.709
Kuwait,KWT,"Official exchange rate (LCU per US$, period average)",PA.NUS.FCRF,exchange_rate,1999,0.304414666666667
Lebanon,LBN,"Official exchange rate (LCU per US$, period average)",PA.NUS.FCRF,exchange_rate,1999,1507.5
Oman,OMN,"Official exchange rate (LCU per US$, period average)",PA.NUS.FCRF,exchange_rate,1999,0.3845
Qatar,QAT,"Official exchange rate (LCU per US$, period average)",PA.NUS.FCRF,exchange_rate,1999,3.64
Saudi Arabia,SAU,"Official exchange rate (LCU per US$, period average)",PA.NUS.FCRF,exchange_rate,1999,3.75
Turkiye,TUR,"Official exchange rate (LCU per US$, period average)",PA.NUS.FCRF,exchange_rate,1999,0.418782916666667
United States,USA,"Official exchange rate (LCU per US$, period average)",PA.NUS.FCRF,exchange_rate,1999,1.0
United Arab Emirates,ARE,"Official exchange rate (LCU per US$, period average)",PA.NUS.FCRF,exchange_rate,2000,3.6725
Australia,AUS,"Official exchange rate (LCU per US$, period average)",PA.NUS.FCRF,exchange_rate,2000,1.72482666666667
Bahrain,BHR,"Official exchange rate (LCU per US$, period average)",PA.NUS.FCRF,exchange_rate,2000,0.376
Canada,CAN,"Official exchange rate (LCU per US$, period average)",PA.NUS.FCRF,exchange_rate,2000,1.485394095
China,CHN,"Official exchange rate (LCU per US$, period average)",PA.NUS.FCRF,exchange_rate,2000,8.27850416666666
Germany,DEU,"Official exchange rate (LCU per US$, period average)",PA.NUS.FCRF,exchange_rate,2000,1.08270508132602
"Egypt, Arab Rep.",EGY,"Official exchange rate (LCU per US$, period average)",PA.NUS.FCRF,exchange_rate,2000,3.47205
Euro area,EMU,"Official exchange rate (LCU per US$, period average)",PA.NUS.FCRF,exchange_rate,2000,1.08270508132602
France,FRA,"Official exchange rate (LCU per US$, period average)",PA.NUS.FCRF,exchange_rate,2000,1.08270508132602
United Kingdom,GBR,"Official exchange rate (LCU per US$, period average)",PA.NUS.FCRF,exchange_rate,2000,0.660930833333333
Greece,GRC,"Official exchange rate (LCU per US$, period average)",PA.NUS.FCRF,exchange_rate,2000,365.398560833333
India,IND,"Official exchange rate (LCU per US$, period average)",PA.NUS.FCRF,exchange_rate,2000,44.941605
Iraq,IRQ,"Official exchange rate (LCU per US$, period average)",PA.NUS.FCRF,exchange_rate,2000,2002.40340735354
Italy,ITA,"Official exchange rate (LCU per US$, period average)",PA.NUS.FCRF,exchange_rate,2000,1.08270508132602
Jordan,JOR,"Official exchange rate (LCU per US$, period average)",PA.NUS.FCRF,exchange_rate,2000,0.709
Kuwait,KWT,"Official exchange rate (LCU per US$, period average)",PA.NUS.FCRF,exchange_rate,2000,0.306751583333333
Lebanon,LBN,"Official exchange rate (LCU per US$, period average)",PA.NUS.FCRF,exchange_rate,2000,1507.5
Oman,OMN,"Official exchange rate (LCU per US$, period average)",PA.NUS.FCRF,exchange_rate,2000,0.3845
Qatar,QAT,"Official exchange rate (LCU per US$, period average)",PA.NUS.FCRF,exchange_rate,2000,3.64
Saudi Arabia,SAU,"Official exchange rate (LCU per US$, period average)",PA.NUS.FCRF,exchange_rate,2000,3.75
Turkiye,TUR,"Official exchange rate (LCU per US$, period average)",PA.NUS.FCRF,exchange_rate,2000,0.6252185
United States,USA,"Official exchange rate (LCU per US$, period average)",PA.NUS.FCRF,exchange_rate,2000,1.0
United Arab Emirates,ARE,"Official exchange rate (LCU per US$, period average)",PA.NUS.FCRF,exchange_rate,2001,3.6725
Australia,AUS,"Official exchange rate (LCU per US$, period average)",PA.NUS.FCRF,exchange_rate,2001,1.9334425
Bahrain,BHR,"Official exchange rate (LCU per US$, period average)",PA.NUS.FCRF,exchange_rate,2001,0.376
Canada,CAN,"Official exchange rate (LCU per US$, period average)",PA.NUS.FCRF,exchange_rate,2001,1.548839955
China,CHN,"Official exchange rate (LCU per US$, period average)",PA.NUS.FCRF,exchange_rate,2001,8.27706833333333
Germany,DEU,"Official exchange rate (LCU per US$, period average)",PA.NUS.FCRF,exchange_rate,2001,1.11653308564462
"Egypt, Arab Rep.",EGY,"Official exchange rate (LCU per US$, period average)",PA.NUS.FCRF,exchange_rate,2001,3.973
Euro area,EMU,"Official exchange rate (LCU per US$, period average)",PA.NUS.FCRF,exchange_rate,2001,1.11653308564462
France,FRA,"Official exchange rate (LCU per US$, period average)",PA.NUS.FCRF,exchange_rate,2001,1.11653308564462
United Kingdom,GBR,"Official exchange rate (LCU per US$, period average)",PA.NUS.FCRF,exchange_rate,2001,0.694655
Greece,GRC,"Official exchange rate (LCU per US$, period average)",PA.NUS.FCRF,exchange_rate,2001,1.11653308564462
India,IND,"Official exchange rate (LCU per US$, period average)",PA.NUS.FCRF,exchange_rate,2001,47.1864141666667
Iraq,IRQ,"Official exchange rate (LCU per US$, period average)",PA.NUS.FCRF,exchange_rate,2001,2002.40491037037
Italy,ITA,"Official exchange rate (LCU per US$, period average)",PA.NUS.FCRF,exchange_rate,2001,1.11653308564462
Jordan,JOR,"Official exchange rate (LCU per US$, period average)",PA.NUS.FCRF,exchange_rate,2001,0.708983174066667
Kuwait,KWT,"Official exchange rate (LCU per US$, period average)",PA.NUS.FCRF,exchange_rate,2001,0.306681666666667
Lebanon,LBN,"Official exchange rate (LCU per US$, period average)",PA.NUS.FCRF,exchange_rate,2001,1507.5
Oman,OMN,"Official exchange rate (LCU per US$, period average)",PA.NUS.FCRF,exchange_rate,2001,0.3845
Qatar,QAT,"Official exchange rate (LCU per US$, period average)",PA.NUS.FCRF,exchange_rate,2001,3.64
Saudi Arabia,SAU,"Official exchange rate (LCU per US$, period average)",PA.NUS.FCRF,exchange_rate,2001,3.75
Turkiye,TUR,"Official exchange rate (LCU per US$, period average)",PA.NUS.FCRF,exchange_rate,2001,1.22558808333333
United States,USA,"Official exchange rate (LCU per US$, period average)",PA.NUS.FCRF,exchange_rate,2001,1.0
United Arab Emirates,ARE,"Official exchange rate (LCU per US$, period average)",PA.NUS.FCRF,exchange_rate,2002,3.6725
Australia,AUS,"Official exchange rate (LCU per US$, period average)",PA.NUS.FCRF,exchange_rate,2002,1.8405625
Bahrain,BHR,"Official exchange rate (LCU per US$, period average)",PA.NUS.FCRF,exchange_rate,2002,0.376
Canada,CAN,"Official exchange rate (LCU per US$, period average)",PA.NUS.FCRF,exchange_rate,2002,1.57034283416667
China,CHN,"Official exchange rate (LCU per US$, period average)",PA.NUS.FCRF,exchange_rate,2002,8.2769575
Germany,DEU,"Official exchange rate (LCU per US$, period average)",PA.NUS.FCRF,exchange_rate,2002,1.05755899623965
"Egypt, Arab Rep.",EGY,"Official exchange rate (LCU per US$, period average)",PA.NUS.FCRF,exchange_rate,2002,4.49966666666667
Euro area,EMU,"Official exchange rate (LCU per US$, period average)",PA.NUS.FCRF,exchange_rate,2002,1.05755899623965
France,FRA,"Official exchange rate (LCU per US$, period average)",PA.NUS.FCRF,exchange_rate,2002,1.05755899623965
United Kingdom,GBR,"Official exchange rate (LCU per US$, period average)",PA.NUS.FCRF,exchange_rate,2002,0.667223333333333
Greece,GRC,"Official exchange rate (LCU per US$, period average)",PA.NUS.FCRF,exchange_rate,2002,1.05755899623965
India,IND,"Official exchange rate (LCU per US$, period average)",PA.NUS.FCRF,exchange_rate,2002,48.6103191666667
Iraq,IRQ,"Official exchange rate (LCU per US$, period average)",PA.NUS.FCRF,exchange_rate,2002,2002.37270286683
Italy,ITA,"Official exchange rate (LCU per US$, period average)",PA.NUS.FCRF,exchange_rate,2002,1.05755899623965
Jordan,JOR,"Official exchange rate (LCU per US$, period average)",PA.NUS.FCRF,exchange_rate,2002,0.708999833333333
Kuwait,KWT,"Official exchange rate (LCU per US$, period average)",PA.NUS.FCRF,exchange_rate,2002,0.303914251666667
Lebanon,LBN,"Official exchange rate (LCU per US$, period average)",PA.NUS.FCRF,exchange_rate,2002,1507.5
Oman,OMN,"Official exchange rate (LCU per US$, period average)",PA.NUS.FCRF,exchange_rate,2002,0.3845
Qatar,QAT,"Official exchange rate (LCU per US$, period average)",PA.NUS.FCRF,exchange_rate,2002,3.64
Saudi Arabia,SAU,"Official exchange rate (LCU per US$, period average)",PA.NUS.FCRF,exchange_rate,2002,3.75
Turkiye,TUR,"Official exchange rate (LCU per US$, period average)",PA.NUS.FCRF,exchange_rate,2002,1.50722641666667
United States,USA,"Official exchange rate (LCU per US$, period average)",PA.NUS.FCRF,exchange_rate,2002,1.0
United Arab Emirates,ARE,"Official exchange rate (LCU per US$, period average)",PA.NUS.FCRF,exchange_rate,2003,3.6725
Australia,AUS,"Official exchange rate (LCU per US$, period average)",PA.NUS.FCRF,exchange_rate,2003,1.54191416666667
Bahrain,BHR,"Official exchange rate (LCU per US$, period average)",PA.NUS.FCRF,exchange_rate,2003,0.376
Canada,CAN,"Official exchange rate (LCU per US$, period average)",PA.NUS.FCRF,exchange_rate,2003,1.4010145475
China,CHN,"Official exchange rate (LCU per US$, period average)",PA.NUS.FCRF,exchange_rate,2003,8.27703666666667
Germany,DEU,"Official exchange rate (LCU per US$, period average)",PA.NUS.FCRF,exchange_rate,2003,0.88404792718493
"Egypt, Arab Rep.",EGY,"Official exchange rate (LCU per US$, period average)",PA.NUS.FCRF,exchange_rate,2003,5.850875
Euro area,EMU,"Official exchange rate (LCU per US$, period average)",PA.NUS.FCRF,exchange_rate,2003,0.88404792718493
France,FRA,"Official exchange rate (LCU per US$, period average)",PA.NUS.FCRF,exchange_rate,2003,0.88404792718493
United Kingdom,GBR,"Official exchange rate (LCU per US$, period average)",PA.NUS.FCRF,exchange_rate,2003,0.6124725
Greece,GRC,"Official exchange rate (LCU per US$, period average)",PA.NUS.FCRF,exchange_rate,2003,0.88404792718493
India,IND,"Official exchange rate (LCU per US$, period average)",PA.NUS.FCRF,exchange_rate,2003,46.5832841666667
Italy,ITA,"Official exchange rate (LCU per US$, period average)",PA.NUS.FCRF,exchange_rate,2003,0.88404792718493
Jordan,JOR,"Official exchange rate (LCU per US$, period average)",PA.NUS.FCRF,exchange_rate,2003,0.709
Kuwait,KWT,"Official exchange rate (LCU per US$, period average)",PA.NUS.FCRF,exchange_rate,2003,0.298011521083333
Lebanon,LBN,"Official exchange rate (LCU per US$, period average)",PA.NUS.FCRF,exchange_rate,2003,1507.5
Oman,OMN,"Official exchange rate (LCU per US$, period average)",PA.NUS.FCRF,exchange_rate,2003,0.3845
Qatar,QAT,"Official exchange rate (LCU per US$, period average)",PA.NUS.FCRF,exchange_rate,2003,3.64
Saudi Arabia,SAU,"Official exchange rate (LCU per US$, period average)",PA.NUS.FCRF,exchange_rate,2003,3.75
Turkiye,TUR,"Official exchange rate (LCU per US$, period average)",PA.NUS.FCRF,exchange_rate,2003,1.50088520858333
United States,USA,"Official exchange rate (LCU per US$, period average)",PA.NUS.FCRF,exchange_rate,2003,1.0
United Arab Emirates,ARE,"Official exchange rate (LCU per US$, period average)",PA.NUS.FCRF,exchange_rate,2004,3.6725
Australia,AUS,"Official exchange rate (LCU per US$, period average)",PA.NUS.FCRF,exchange_rate,2004,1.3597525
Bahrain,BHR,"Official exchange rate (LCU per US$, period average)",PA.NUS.FCRF,exchange_rate,2004,0.376
Canada,CAN,"Official exchange rate (LCU per US$, period average)",PA.NUS.FCRF,exchange_rate,2004,1.301281595
China,CHN,"Official exchange rate (LCU per US$, period average)",PA.NUS.FCRF,exchange_rate,2004,8.27680083333333
Germany,DEU,"Official exchange rate (LCU per US$, period average)",PA.NUS.FCRF,exchange_rate,2004,0.803921647747618
"Egypt, Arab Rep.",EGY,"Official exchange rate (LCU per US$, period average)",PA.NUS.FCRF,exchange_rate,2004,6.19624166666666
Euro area,EMU,"Official exchange rate (LCU per US$, period average)",PA.NUS.FCRF,exchange_rate,2004,0.803921647747618
France,FRA,"Official exchange rate (LCU per US$, period average)",PA.NUS.FCRF,exchange_rate,2004,0.803921647747618
United Kingdom,GBR,"Official exchange rate (LCU per US$, period average)",PA.NUS.FCRF,exchange_rate,2004,0.54618
Greece,GRC,"Official exchange rate (LCU per US$, period average)",PA.NUS.FCRF,exchange_rate,2004,0.803921647747618
India,IND,"Official exchange rate (LCU per US$, period average)",PA.NUS.FCRF,exchange_rate,2004,45.3164666666666
Iraq,IRQ,"Official exchange rate (LCU per US$, period average)",PA.NUS.FCRF,exchange_rate,2004,1453.41666666667
Italy,ITA,"Official exchange rate (LCU per US$, period average)",PA.NUS.FCRF,exchange_rate,2004,0.803921647747618
Jordan,JOR,"Official exchange rate (LCU per US$, period average)",PA.NUS.FCRF,exchange_rate,2004,0.709
Kuwait,KWT,"Official exchange rate (LCU per US$, period average)",PA.NUS.FCRF,exchange_rate,2004,0.2947
Lebanon,LBN,"Official exchange rate (LCU per US$, period average)",PA.NUS.FCRF,exchange_rate,2004,1507.5
Oman,OMN,"Official exchange rate (LCU per US$, period average)",PA.NUS.FCRF,exchange_rate,2004,0.3845
Qatar,QAT,"Official exchange rate (LCU per US$, period average)",PA.NUS.FCRF,exchange_rate,2004,3.64
Saudi Arabia,SAU,"Official exchange rate (LCU per US$, period average)",PA.NUS.FCRF,exchange_rate,2004,3.75
Turkiye,TUR,"Official exchange rate (LCU per US$, period average)",PA.NUS.FCRF,exchange_rate,2004,1.42553725
United States,USA,"Official exchange rate (LCU per US$, period average)",PA.NUS.FCRF,exchange_rate,2004,1.0
United Arab Emirates,ARE,"Official exchange rate (LCU per US$, period average)",PA.NUS.FCRF,exchange_rate,2005,3.6725
Australia,AUS,"Official exchange rate (LCU per US$, period average)",PA.NUS.FCRF,exchange_rate,2005,1.30947333333333
Bahrain,BHR,"Official exchange rate (LCU per US$, period average)",PA.NUS.FCRF,exchange_rate,2005,0.376
Canada,CAN,"Official exchange rate (LCU per US$, period average)",PA.NUS.FCRF,exchange_rate,2005,1.21140513416667
China,CHN,"Official exchange rate (LCU per US$, period average)",PA.NUS.FCRF,exchange_rate,2005,8.19431666666667
Germany,DEU,"Official exchange rate (LCU per US$, period average)",PA.NUS.FCRF,exchange_rate,2005,0.803800192161442
"Egypt, Arab Rep.",EGY,"Official exchange rate (LCU per US$, period average)",PA.NUS.FCRF,exchange_rate,2005,5.77883333333333
Euro area,EMU,"Official exchange rate (LCU per US$, period average)",PA.NUS.FCRF,exchange_rate,2005,0.803800192161442
France,FRA,"Official exchange rate (LCU per US$, period average)",PA.NUS.FCRF,exchange_rate,2005,0.803800192161442
United Kingdom,GBR,"Official exchange rate (LCU per US$, period average)",PA.NUS.FCRF,exchange_rate,2005,0.549998333333333
Greece,GRC,"Official exchange rate (LCU per US$, period average)",PA.NUS.FCRF,exchange_rate,2005,0.803800192161442
India,IND,"Official exchange rate (LCU per US$, period average)",PA.NUS.FCRF,exchange_rate,2005,44.099975
Iraq,IRQ,"Official exchange rate (LCU per US$, period average)",PA.NUS.FCRF,exchange_rate,2005,1472.0
Italy,ITA,"Official exchange rate (LCU per US$, period average)",PA.NUS.FCRF,exchange_rate,2005,0.803800192161442
Jordan,JOR,"Official exchange rate (LCU per US$, period average)",PA.NUS.FCRF,exchange_rate,2005,0.709
Kuwait,KWT,"Official exchange rate (LCU per US$, period average)",PA.NUS.FCRF,exchange_rate,2005,0.292
Lebanon,LBN,"Official exchange rate (LCU per US$, period average)",PA.NUS.FCRF,exchange_rate,2005,1507.5
Oman,OMN,"Official exchange rate (LCU per US$, period average)",PA.NUS.FCRF,exchange_rate,2005,0.3845
Qatar,QAT,"Official exchange rate (LCU per US$, period average)",PA.NUS.FCRF,exchange_rate,2005,3.64
Saudi Arabia,SAU,"Official exchange rate (LCU per US$, period average)",PA.NUS.FCRF,exchange_rate,2005,3.75
Turkiye,TUR,"Official exchange rate (LCU per US$, period average)",PA.NUS.FCRF,exchange_rate,2005,1.34358310833333
United States,USA,"Official exchange rate (LCU per US$, period average)",PA.NUS.FCRF,exchange_rate,2005,1.0
United Arab Emirates,ARE,"Official exchange rate (LCU per US$, period average)",PA.NUS.FCRF,exchange_rate,2006,3.6725
Australia,AUS,"Official exchange rate (LCU per US$, period average)",PA.NUS.FCRF,exchange_rate,2006,1.3279734405
Bahrain,BHR,"Official exchange rate (LCU per US$, period average)",PA.NUS.FCRF,exchange_rate,2006,0.376
Canada,CAN,"Official exchange rate (LCU per US$, period average)",PA.NUS.FCRF,exchange_rate,2006,1.13434472583333
China,CHN,"Official exchange rate (LCU per US$, period average)",PA.NUS.FCRF,exchange_rate,2006,7.97343833333333
Germany,DEU,"Official exchange rate (LCU per US$, period average)",PA.NUS.FCRF,exchange_rate,2006,0.796432730949102
"Egypt, Arab Rep.",EGY,"Official exchange rate (LCU per US$, period average)",PA.NUS.FCRF,exchange_rate,2006,5.73316666666666
Euro area,EMU,"Official exchange rate (LCU per US$, period average)",PA.NUS.FCRF,exchange_rate,2006,0.796432730949102
France,FRA,"Official exchange rate (LCU per US$, period average)",PA.NUS.FCRF,exchange_rate,2006,0.796432730949102
United Kingdom,GBR,"Official exchange rate (LCU per US$, period average)",PA.NUS.FCRF,exchange_rate,2006,0.543486666666667
Greece,GRC,"Official exchange rate (LCU per US$, period average)",PA.NUS.FCRF,exchange_rate,2006,0.796432730949102
India,IND,"Official exchange rate (LCU per US$, period average)",PA.NUS.FCRF,exchange_rate,2006,45.3070083333333
Iraq,IRQ,"Official exchange rate (LCU per US$, period average)",PA.NUS.FCRF,exchange_rate,2006,1467.41666666667
Italy,ITA,"Official exchange rate (LCU per US$, period average)",PA.NUS.FCRF,exchange_rate,2006,0.796432730949102
Jordan,JOR,"Official exchange rate (LCU per US$, period average)",PA.NUS.FCRF,exchange_rate,2006,0.709
Kuwait,KWT,"Official exchange rate (LCU per US$, period average)",PA.NUS.FCRF,exchange_rate,2006,0.290176225
Lebanon,LBN,"Official exchange rate (LCU per US$, period average)",PA.NUS.FCRF,exchange_rate,2006,1507.5
Oman,OMN,"Official exchange rate (LCU per US$, period average)",PA.NUS.FCRF,exchange_rate,2006,0.3845
Qatar,QAT,"Official exchange rate (LCU per US$, period average)",PA.NUS.FCRF,exchange_rate,2006,3.64
Saudi Arabia,SAU,"Official exchange rate (LCU per US$, period average)",PA.NUS.FCRF,exchange_rate,2006,3.75
Turkiye,TUR,"Official exchange rate (LCU per US$, period average)",PA.NUS.FCRF,exchange_rate,2006,1.42845341333845
United States,USA,"Official exchange rate (LCU per US$, period average)",PA.NUS.FCRF,exchange_rate,2006,1.0
United Arab Emirates,ARE,"Official exchange rate (LCU per US$, period average)",PA.NUS.FCRF,exchange_rate,2007,3.6725
Australia,AUS,"Official exchange rate (LCU per US$, period average)",PA.NUS.FCRF,exchange_rate,2007,1.1950725
Bahrain,BHR,"Official exchange rate (LCU per US$, period average)",PA.NUS.FCRF,exchange_rate,2007,0.376
Canada,CAN,"Official exchange rate (LCU per US$, period average)",PA.NUS.FCRF,exchange_rate,2007,1.07404562166667
China,CHN,"Official exchange rate (LCU per US$, period average)",PA.NUS.FCRF,exchange_rate,2007,7.6075325
Germany,DEU,"Official exchange rate (LCU per US$, period average)",PA.NUS.FCRF,exchange_rate,2007,0.729672399984083
"Egypt, Arab Rep.",EGY,"Official exchange rate (LCU per US$, period average)",PA.NUS.FCRF,exchange_rate,2007,5.63543333333334
Euro area,EMU,"Official exchange rate (LCU per US$, period average)",PA.NUS.FCRF,exchange_rate,2007,0.729672399984083
France,FRA,"Official exchange rate (LCU per US$, period average)",PA.NUS.FCRF,exchange_rate,2007,0.729672399984083
United Kingdom,GBR,"Official exchange rate (LCU per US$, period average)",PA.NUS.FCRF,exchange_rate,2007,0.499771666666667
Greece,GRC,"Official exchange rate (LCU per US$, period average)",PA.NUS.FCRF,exchange_rate,2007,0.729672399984083
India,IND,"Official exchange rate (LCU per US$, period average)",PA.NUS.FCRF,exchange_rate,2007,41.3485333333333
Iraq,IRQ,"Official exchange rate (LCU per US$, period average)",PA.NUS.FCRF,exchange_rate,2007,1254.56721858704
Italy,ITA,"Official exchange rate (LCU per US$, period average)",PA.NUS.FCRF,exchange_rate,2007,0.729672399984083
Jordan,JOR,"Official exchange rate (LCU per US$, period average)",PA.NUS.FCRF,exchange_rate,2007,0.708999766666667
Kuwait,KWT,"Official exchange rate (LCU per US$, period average)",PA.NUS.FCRF,exchange_rate,2007,0.284213958333333
Lebanon,LBN,"Official exchange rate (LCU per US$, period average)",PA.NUS.FCRF,exchange_rate,2007,1507.5
Oman,OMN,"Official exchange rate (LCU per US$, period average)",PA.NUS.FCRF,exchange_rate,2007,0.3845
Qatar,QAT,"Official exchange rate (LCU per US$, period average)",PA.NUS.FCRF,exchange_rate,2007,3.64
Saudi Arabia,SAU,"Official exchange rate (LCU per US$, period average)",PA.NUS.FCRF,exchange_rate,2007,3.75
Turkiye,TUR,"Official exchange rate (LCU per US$, period average)",PA.NUS.FCRF,exchange_rate,2007,1.30293090533794
United States,USA,"Official exchange rate (LCU per US$, period average)",PA.NUS.FCRF,exchange_rate,2007,1.0
United Arab Emirates,ARE,"Official exchange rate (LCU per US$, period average)",PA.NUS.FCRF,exchange_rate,2008,3.6725
Australia,AUS,"Official exchange rate (LCU per US$, period average)",PA.NUS.FCRF,exchange_rate,2008,1.19217833333333
Bahrain,BHR,"Official exchange rate (LCU per US$, period average)",PA.NUS.FCRF,exchange_rate,2008,0.376
Canada,CAN,"Official exchange rate (LCU per US$, period average)",PA.NUS.FCRF,exchange_rate,2008,1.06708691833333
China,CHN,"Official exchange rate (LCU per US$, period average)",PA.NUS.FCRF,exchange_rate,2008,6.948655
Germany,DEU,"Official exchange rate (LCU per US$, period average)",PA.NUS.FCRF,exchange_rate,2008,0.679922680042729
"Egypt, Arab Rep.",EGY,"Official exchange rate (LCU per US$, period average)",PA.NUS.FCRF,exchange_rate,2008,5.4325
Euro area,EMU,"Official exchange rate (LCU per US$, period average)",PA.NUS.FCRF,exchange_rate,2008,0.679922680042729
France,FRA,"Official exchange rate (LCU per US$, period average)",PA.NUS.FCRF,exchange_rate,2008,0.679922680042729
United Kingdom,GBR,"Official exchange rate (LCU per US$, period average)",PA.NUS.FCRF,exchange_rate,2008,0.54396625
Greece,GRC,"Official exchange rate (LCU per US$, period average)",PA.NUS.FCRF,exchange_rate,2008,0.679922680042729
India,IND,"Official exchange rate (LCU per US$, period average)",PA.NUS.FCRF,exchange_rate,2008,43.5051833333333
Iraq,IRQ,"Official exchange rate (LCU per US$, period average)",PA.NUS.FCRF,exchange_rate,2008,1193.08333333333
Italy,ITA,"Official exchange rate (LCU per US$, period average)",PA.NUS.FCRF,exchange_rate,2008,0.679922680042729
Jordan,JOR,"Official exchange rate (LCU per US$, period average)",PA.NUS.FCRF,exchange_rate,2008,0.70966655
Kuwait,KWT,"Official exchange rate (LCU per US$, period average)",PA.NUS.FCRF,exchange_rate,2008,0.268828366666667
Lebanon,LBN,"Official exchange rate (LCU per US$, period average)",PA.NUS.FCRF,exchange_rate,2008,1507.5
Oman,OMN,"Official exchange rate (LCU per US$, period average)",PA.NUS.FCRF,exchange_rate,2008,0.3845
Qatar,QAT,"Official exchange rate (LCU per US$, period average)",PA.NUS.FCRF,exchange_rate,2008,3.64
Saudi Arabia,SAU,"Official exchange rate (LCU per US$, period average)",PA.NUS.FCRF,exchange_rate,2008,3.75
Turkiye,TUR,"Official exchange rate (LCU per US$, period average)",PA.NUS.FCRF,exchange_rate,2008,1.30152170281795
United States,USA,"Official exchange rate (LCU per US$, period average)",PA.NUS.FCRF,exchange_rate,2008,1.0
United Arab Emirates,ARE,"Official exchange rate (LCU per US$, period average)",PA.NUS.FCRF,exchange_rate,2009,3.6725
Australia,AUS,"Official exchange rate (LCU per US$, period average)",PA.NUS.FCRF,exchange_rate,2009,1.28218881008452
Bahrain,BHR,"Official exchange rate (LCU per US$, period average)",PA.NUS.FCRF,exchange_rate,2009,0.376
Canada,CAN,"Official exchange rate (LCU per US$, period average)",PA.NUS.FCRF,exchange_rate,2009,1.1415354059127
China,CHN,"Official exchange rate (LCU per US$, period average)",PA.NUS.FCRF,exchange_rate,2009,6.83141605176666
Germany,DEU,"Official exchange rate (LCU per US$, period average)",PA.NUS.FCRF,exchange_rate,2009,0.716957702016136
"Egypt, Arab Rep.",EGY,"Official exchange rate (LCU per US$, period average)",PA.NUS.FCRF,exchange_rate,2009,5.54455330862977
Euro area,EMU,"Official exchange rate (LCU per US$, period average)",PA.NUS.FCRF,exchange_rate,2009,0.716957702016136
France,FRA,"Official exchange rate (LCU per US$, period average)",PA.NUS.FCRF,exchange_rate,2009,0.716957702016136
United Kingdom,GBR,"Official exchange rate (LCU per US$, period average)",PA.NUS.FCRF,exchange_rate,2009,0.641919263495996
Greece,GRC,"Official exchange rate (LCU per US$, period average)",PA.NUS.FCRF,exchange_rate,2009,0.716957702016136
India,IND,"Official exchange rate (LCU per US$, period average)",PA.NUS.FCRF,exchange_rate,2009,48.4052666666666
Iraq,IRQ,"Official exchange rate (LCU per US$, period average)",PA.NUS.FCRF,exchange_rate,2009,1170.0
Italy,ITA,"Official exchange rate (LCU per US$, period average)",PA.NUS.FCRF,exchange_rate,2009,0.716957702016136
Jordan,JOR,"Official exchange rate (LCU per US$, period average)",PA.NUS.FCRF,exchange_rate,2009,0.71
Kuwait,KWT,"Official exchange rate (LCU per US$, period average)",PA.NUS.FCRF,exchange_rate,2009,0.287785416666667
Lebanon,LBN,"Official exchange rate (LCU per US$, period average)",PA.NUS.FCRF,exchange_rate,2009,1507.5
Oman,OMN,"Official exchange rate (LCU per US$, period average)",PA.NUS.FCRF,exchange_rate,2009,0.3845
Qatar,QAT,"Official exchange rate (LCU per US$, period average)",PA.NUS.FCRF,exchange_rate,2009,3.64
Saudi Arabia,SAU,"Official exchange rate (LCU per US$, period average)",PA.NUS.FCRF,exchange_rate,2009,3.75
Turkiye,TUR,"Official exchange rate (LCU per US$, period average)",PA.NUS.FCRF,exchange_rate,2009,1.54995977566564
United States,USA,"Official exchange rate (LCU per US$, period average)",PA.NUS.FCRF,exchange_rate,2009,1.0
United Arab Emirates,ARE,"Official exchange rate (LCU per US$, period average)",PA.NUS.FCRF,exchange_rate,2010,3.6725
Australia,AUS,"Official exchange rate (LCU per US$, period average)",PA.NUS.FCRF,exchange_rate,2010,1.09015948638677
Bahrain,BHR,"Official exchange rate (LCU per US$, period average)",PA.NUS.FCRF,exchange_rate,2010,0.376
Canada,CAN,"Official exchange rate (LCU per US$, period average)",PA.NUS.FCRF,exchange_rate,2010,1.03011273517598
China,CHN,"Official exchange rate (LCU per US$, period average)",PA.NUS.FCRF,exchange_rate,2010,6.77026902870939
Germany,DEU,"Official exchange rate (LCU per US$, period average)",PA.NUS.FCRF,exchange_rate,2010,0.754308990105961
"Egypt, Arab Rep.",EGY,"Official exchange rate (LCU per US$, period average)",PA.NUS.FCRF,exchange_rate,2010,5.6219429176105
Euro area,EMU,"Official exchange rate (LCU per US$, period average)",PA.NUS.FCRF,exchange_rate,2010,0.754308990105961
France,FRA,"Official exchange rate (LCU per US$, period average)",PA.NUS.FCRF,exchange_rate,2010,0.754308990105961
United Kingdom,GBR,"Official exchange rate (LCU per US$, period average)",PA.NUS.FCRF,exchange_rate,2010,0.647179345560165
Greece,GRC,"Official exchange rate (LCU per US$, period average)",PA.NUS.FCRF,exchange_rate,2010,0.754308990105961
India,IND,"Official exchange rate (LCU per US$, period average)",PA.NUS.FCRF,exchange_rate,2010,45.7258121212121
Iraq,IRQ,"Official exchange rate (LCU per US$, period average)",PA.NUS.FCRF,exchange_rate,2010,1170.0
Italy,ITA,"Official exchange rate (LCU per US$, period average)",PA.NUS.FCRF,exchange_rate,2010,0.754308990105961
Jordan,JOR,"Official exchange rate (LCU per US$, period average)",PA.NUS.FCRF,exchange_rate,2010,0.71
Kuwait,KWT,"Official exchange rate (LCU per US$, period average)",PA.NUS.FCRF,exchange_rate,2010,0.286606591666667
Lebanon,LBN,"Official exchange rate (LCU per US$, period average)",PA.NUS.FCRF,exchange_rate,2010,1507.5
Oman,OMN,"Official exchange rate (LCU per US$, period average)",PA.NUS.FCRF,exchange_rate,2010,0.3845
Qatar,QAT,"Official exchange rate (LCU per US$, period average)",PA.NUS.FCRF,exchange_rate,2010,3.64
Saudi Arabia,SAU,"Official exchange rate (LCU per US$, period average)",PA.NUS.FCRF,exchange_rate,2010,3.75
Turkiye,TUR,"Official exchange rate (LCU per US$, period average)",PA.NUS.FCRF,exchange_rate,2010,1.5028486296723
United States,USA,"Official exchange rate (LCU per US$, period average)",PA.NUS.FCRF,exchange_rate,2010,1.0
United Arab Emirates,ARE,"Official exchange rate (LCU per US$, period average)",PA.NUS.FCRF,exchange_rate,2011,3.6725
Australia,AUS,"Official exchange rate (LCU per US$, period average)",PA.NUS.FCRF,exchange_rate,2011,0.969463201496735
Bahrain,BHR,"Official exchange rate (LCU per US$, period average)",PA.NUS.FCRF,exchange_rate,2011,0.376
Canada,CAN,"Official exchange rate (LCU per US$, period average)",PA.NUS.FCRF,exchange_rate,2011,0.989258158636364
China,CHN,"Official exchange rate (LCU per US$, period average)",PA.NUS.FCRF,exchange_rate,2011,6.46146132655007
Germany,DEU,"Official exchange rate (LCU per US$, period average)",PA.NUS.FCRF,exchange_rate,2011,0.718413898653317
"Egypt, Arab Rep.",EGY,"Official exchange rate (LCU per US$, period average)",PA.NUS.FCRF,exchange_rate,2011,5.93282765151515
Euro area,EMU,"Official exchange rate (LCU per US$, period average)",PA.NUS.FCRF,exchange_rate,2011,0.718413898653317
France,FRA,"Official exchange rate (LCU per US$, period average)",PA.NUS.FCRF,exchange_rate,2011,0.718413898653317
United Kingdom,GBR,"Official exchange rate (LCU per US$, period average)",PA.NUS.FCRF,exchange_rate,2011,0.624140835740495
Greece,GRC,"Official exchange rate (LCU per US$, period average)",PA.NUS.FCRF,exchange_rate,2011,0.718413898653317
India,IND,"Official exchange rate (LCU per US$, period average)",PA.NUS.FCRF,exchange_rate,2011,46.6704666666667
Iraq,IRQ,"Official exchange rate (LCU per US$, period average)",PA.NUS.FCRF,exchange_rate,2011,1170.0
Italy,ITA,"Official exchange rate (LCU per US$, period average)",PA.NUS.FCRF,exchange_rate,2011,0.718413898653317
Jordan,JOR,"Official exchange rate (LCU per US$, period average)",PA.NUS.FCRF,exchange_rate,2011,0.71
Kuwait,KWT,"Official exchange rate (LCU per US$, period average)",PA.NUS.FCRF,exchange_rate,2011,0.275978944444444
Lebanon,LBN,"Official exchange rate (LCU per US$, period average)",PA.NUS.FCRF,exchange_rate,2011,1507.5
Oman,OMN,"Official exchange rate (LCU per US$, period average)",PA.NUS.FCRF,exchange_rate,2011,0.3845
Qatar,QAT,"Official exchange rate (LCU per US$, period average)",PA.NUS.FCRF,exchange_rate,2011,3.64
Saudi Arabia,SAU,"Official exchange rate (LCU per US$, period average)",PA.NUS.FCRF,exchange_rate,2011,3.75
Turkiye,TUR,"Official exchange rate (LCU per US$, period average)",PA.NUS.FCRF,exchange_rate,2011,1.67495455197133
United States,USA,"Official exchange rate (LCU per US$, period average)",PA.NUS.FCRF,exchange_rate,2011,1.0
United Arab Emirates,ARE,"Official exchange rate (LCU per US$, period average)",PA.NUS.FCRF,exchange_rate,2012,3.6725
Australia,AUS,"Official exchange rate (LCU per US$, period average)",PA.NUS.FCRF,exchange_rate,2012,0.965801030658708
Bahrain,BHR,"Official exchange rate (LCU per US$, period average)",PA.NUS.FCRF,exchange_rate,2012,0.376
Canada,CAN,"Official exchange rate (LCU per US$, period average)",PA.NUS.FCRF,exchange_rate,2012,0.999364743593074
China,CHN,"Official exchange rate (LCU per US$, period average)",PA.NUS.FCRF,exchange_rate,2012,6.31233282683186
Germany,DEU,"Official exchange rate (LCU per US$, period average)",PA.NUS.FCRF,exchange_rate,2012,0.778338120416812
"Egypt, Arab Rep.",EGY,"Official exchange rate (LCU per US$, period average)",PA.NUS.FCRF,exchange_rate,2012,6.05605833333333
Euro area,EMU,"Official exchange rate (LCU per US$, period average)",PA.NUS.FCRF,exchange_rate,2012,0.778338120416812
France,FRA,"Official exchange rate (LCU per US$, period average)",PA.NUS.FCRF,exchange_rate,2012,0.778338120416812
United Kingdom,GBR,"Official exchange rate (LCU per US$, period average)",PA.NUS.FCRF,exchange_rate,2012,0.633046988857327
Greece,GRC,"Official exchange rate (LCU per US$, period average)",PA.NUS.FCRF,exchange_rate,2012,0.778338120416812
India,IND,"Official exchange rate (LCU per US$, period average)",PA.NUS.FCRF,exchange_rate,2012,53.4372333333333
Iraq,IRQ,"Official exchange rate (LCU per US$, period average)",PA.NUS.FCRF,exchange_rate,2012,1166.16666666667
Italy,ITA,"Official exchange rate (LCU per US$, period average)",PA.NUS.FCRF,exchange_rate,2012,0.778338120416812
Jordan,JOR,"Official exchange rate (LCU per US$, period average)",PA.NUS.FCRF,exchange_rate,2012,0.71
Kuwait,KWT,"Official exchange rate (LCU per US$, period average)",PA.NUS.FCRF,exchange_rate,2012,0.279935558333333
Lebanon,LBN,"Official exchange rate (LCU per US$, period average)",PA.NUS.FCRF,exchange_rate,2012,1507.5
Oman,OMN,"Official exchange rate (LCU per US$, period average)",PA.NUS.FCRF,exchange_rate,2012,0.3845
Qatar,QAT,"Official exchange rate (LCU per US$, period average)",PA.NUS.FCRF,exchange_rate,2012,3.64
Saudi Arabia,SAU,"Official exchange rate (LCU per US$, period average)",PA.NUS.FCRF,exchange_rate,2012,3.75
Turkiye,TUR,"Official exchange rate (LCU per US$, period average)",PA.NUS.FCRF,exchange_rate,2012,1.79600094441355
United States,USA,"Official exchange rate (LCU per US$, period average)",PA.NUS.FCRF,exchange_rate,2012,1.0
United Arab Emirates,ARE,"Official exchange rate (LCU per US$, period average)",PA.NUS.FCRF,exchange_rate,2013,3.6725
Australia,AUS,"Official exchange rate (LCU per US$, period average)",PA.NUS.FCRF,exchange_rate,2013,1.03584309652054
Bahrain,BHR,"Official exchange rate (LCU per US$, period average)",PA.NUS.FCRF,exchange_rate,2013,0.376
Canada,CAN,"Official exchange rate (LCU per US$, period average)",PA.NUS.FCRF,exchange_rate,2013,1.03013736373016
China,CHN,"Official exchange rate (LCU per US$, period average)",PA.NUS.FCRF,exchange_rate,2013,6.19575834608231
Germany,DEU,"Official exchange rate (LCU per US$, period average)",PA.NUS.FCRF,exchange_rate,2013,0.752945122701996
"Egypt, Arab Rep.",EGY,"Official exchange rate (LCU per US$, period average)",PA.NUS.FCRF,exchange_rate,2013,6.870325
Euro area,EMU,"Official exchange rate (LCU per US$, period average)",PA.NUS.FCRF,exchange_rate,2013,0.752945122701996
France,FRA,"Official exchange rate (LCU per US$, period average)",PA.NUS.FCRF,exchange_rate,2013,0.752945122701996
United Kingdom,GBR,"Official exchange rate (LCU per US$, period average)",PA.NUS.FCRF,exchange_rate,2013,0.639660577613477
Greece,GRC,"Official exchange rate (LCU per US$, period average)",PA.NUS.FCRF,exchange_rate,2013,0.752945122701996
India,IND,"Official exchange rate (LCU per US$, period average)",PA.NUS.FCRF,exchange_rate,2013,58.5978454166667
Iraq,IRQ,"Official exchange rate (LCU per US$, period average)",PA.NUS.FCRF,exchange_rate,2013,1166.0
Italy,ITA,"Official exchange rate (LCU per US$, period average)",PA.NUS.FCRF,exchange_rate,2013,0.752945122701996
Jordan,JOR,"Official exchange rate (LCU per US$, period average)",PA.NUS.FCRF,exchange_rate,2013,0.71
Kuwait,KWT,"Official exchange rate (LCU per US$, period average)",PA.NUS.FCRF,exchange_rate,2013,0.283589441666667
Lebanon,LBN,"Official exchange rate (LCU per US$, period average)",PA.NUS.FCRF,exchange_rate,2013,1507.5
Oman,OMN,"Official exchange rate (LCU per US$, period average)",PA.NUS.FCRF,exchange_rate,2013,0.3845
Qatar,QAT,"Official exchange rate (LCU per US$, period average)",PA.NUS.FCRF,exchange_rate,2013,3.64
Saudi Arabia,SAU,"Official exchange rate (LCU per US$, period average)",PA.NUS.FCRF,exchange_rate,2013,3.75
Turkiye,TUR,"Official exchange rate (LCU per US$, period average)",PA.NUS.FCRF,exchange_rate,2013,1.90376824244752
United States,USA,"Official exchange rate (LCU per US$, period average)",PA.NUS.FCRF,exchange_rate,2013,1.0
United Arab Emirates,ARE,"Official exchange rate (LCU per US$, period average)",PA.NUS.FCRF,exchange_rate,2014,3.6725
Australia,AUS,"Official exchange rate (LCU per US$, period average)",PA.NUS.FCRF,exchange_rate,2014,1.10936329281692
Bahrain,BHR,"Official exchange rate (LCU per US$, period average)",PA.NUS.FCRF,exchange_rate,2014,0.376
Canada,CAN,"Official exchange rate (LCU per US$, period average)",PA.NUS.FCRF,exchange_rate,2014,1.10474713237886
China,CHN,"Official exchange rate (LCU per US$, period average)",PA.NUS.FCRF,exchange_rate,2014,6.14343409448867
Germany,DEU,"Official exchange rate (LCU per US$, period average)",PA.NUS.FCRF,exchange_rate,2014,0.752728196932603
"Egypt, Arab Rep.",EGY,"Official exchange rate (LCU per US$, period average)",PA.NUS.FCRF,exchange_rate,2014,7.07760856060606
Euro area,EMU,"Official exchange rate (LCU per US$, period average)",PA.NUS.FCRF,exchange_rate,2014,0.752728196932603
France,FRA,"Official exchange rate (LCU per US$, period average)",PA.NUS.FCRF,exchange_rate,2014,0.752728196932603
United Kingdom,GBR,"Official exchange rate (LCU per US$, period average)",PA.NUS.FCRF,exchange_rate,2014,0.607729626878255
Greece,GRC,"Official exchange rate (LCU per US$, period average)",PA.NUS.FCRF,exchange_rate,2014,0.752728196932603
India,IND,"Official exchange rate (LCU per US$, period average)",PA.NUS.FCRF,exchange_rate,2014,61.0295144607843
Iraq,IRQ,"Official exchange rate (LCU per US$, period average)",PA.NUS.FCRF,exchange_rate,2014,1166.0
Italy,ITA,"Official exchange rate (LCU per US$, period average)",PA.NUS.FCRF,exchange_rate,2014,0.752728196932603
Jordan,JOR,"Official exchange rate (LCU per US$, period average)",PA.NUS.FCRF,exchange_rate,2014,0.71
Kuwait,KWT,"Official exchange rate (LCU per US$, period average)",PA.NUS.FCRF,exchange_rate,2014,0.284567141666667
Lebanon,LBN,"Official exchange rate (LCU per US$, period average)",PA.NUS.FCRF,exchange_rate,2014,1507.5
Oman,OMN,"Official exchange rate (LCU per US$, period average)",PA.NUS.FCRF,exchange_rate,2014,0.3845
Qatar,QAT,"Official exchange rate (LCU per US$, period average)",PA.NUS.FCRF,exchange_rate,2014,3.64
Saudi Arabia,SAU,"Official exchange rate (LCU per US$, period average)",PA.NUS.FCRF,exchange_rate,2014,3.75
Turkiye,TUR,"Official exchange rate (LCU per US$, period average)",PA.NUS.FCRF,exchange_rate,2014,2.18854241775473
United States,USA,"Official exchange rate (LCU per US$, period average)",PA.NUS.FCRF,exchange_rate,2014,1.0
United Arab Emirates,ARE,"Official exchange rate (LCU per US$, period average)",PA.NUS.FCRF,exchange_rate,2015,3.6725
Australia,AUS,"Official exchange rate (LCU per US$, period average)",PA.NUS.FCRF,exchange_rate,2015,1.33109026245502
Bahrain,BHR,"Official exchange rate (LCU per US$, period average)",PA.NUS.FCRF,exchange_rate,2015,0.376
Canada,CAN,"Official exchange rate (LCU per US$, period average)",PA.NUS.FCRF,exchange_rate,2015,1.27878620362554
China,CHN,"Official exchange rate (LCU per US$, period average)",PA.NUS.FCRF,exchange_rate,2015,6.22748867298455
Germany,DEU,"Official exchange rate (LCU per US$, period average)",PA.NUS.FCRF,exchange_rate,2015,0.901296423367096
"Egypt, Arab Rep.",EGY,"Official exchange rate (LCU per US$, period average)",PA.NUS.FCRF,exchange_rate,2015,7.69125833333333
Euro area,EMU,"Official exchange rate (LCU per US$, period average)",PA.NUS.FCRF,exchange_rate,2015,0.901296423367096
France,FRA,"Official exchange rate (LCU per US$, period average)",PA.NUS.FCRF,exchange_rate,2015,0.901296423367096
United Kingdom,GBR,"Official exchange rate (LCU per US$, period average)",PA.NUS.FCRF,exchange_rate,2015,0.654545478931426
Greece,GRC,"Official exchange rate (LCU per US$, period average)",PA.NUS.FCRF,exchange_rate,2015,0.901296423367096
India,IND,"Official exchange rate (LCU per US$, period average)",PA.NUS.FCRF,exchange_rate,2015,64.1519444632786
Iraq,IRQ,"Official exchange rate (LCU per US$, period average)",PA.NUS.FCRF,exchange_rate,2015,1167.33333333333
Italy,ITA,"Official exchange rate (LCU per US$, period average)",PA.NUS.FCRF,exchange_rate,2015,0.901296423367096
Jordan,JOR,"Official exchange rate (LCU per US$, period average)",PA.NUS.FCRF,exchange_rate,2015,0.71
Kuwait,KWT,"Official exchange rate (LCU per US$, period average)",PA.NUS.FCRF,exchange_rate,2015,0.300852025
Lebanon,LBN,"Official exchange rate (LCU per US$, period average)",PA.NUS.FCRF,exchange_rate,2015,1507.5
Oman,OMN,"Official exchange rate (LCU per US$, period average)",PA.NUS.FCRF,exchange_rate,2015,0.3845
Qatar,QAT,"Official exchange rate (LCU per US$, period average)",PA.NUS.FCRF,exchange_rate,2015,3.64
Saudi Arabia,SAU,"Official exchange rate (LCU per US$, period average)",PA.NUS.FCRF,exchange_rate,2015,3.75
Turkiye,TUR,"Official exchange rate (LCU per US$, period average)",PA.NUS.FCRF,exchange_rate,2015,2.72000852790578
United States,USA,"Official exchange rate (LCU per US$, period average)",PA.NUS.FCRF,exchange_rate,2015,1.0
United Arab Emirates,ARE,"Official exchange rate (LCU per US$, period average)",PA.NUS.FCRF,exchange_rate,2016,3.6725
Australia,AUS,"Official exchange rate (LCU per US$, period average)",PA.NUS.FCRF,exchange_rate,2016,1.34521397601947
Bahrain,BHR,"Official exchange rate (LCU per US$, period average)",PA.NUS.FCRF,exchange_rate,2016,0.376
Canada,CAN,"Official exchange rate (LCU per US$, period average)",PA.NUS.FCRF,exchange_rate,2016,1.3256151637482
China,CHN,"Official exchange rate (LCU per US$, period average)",PA.NUS.FCRF,exchange_rate,2016,6.6444778294468
Germany,DEU,"Official exchange rate (LCU per US$, period average)",PA.NUS.FCRF,exchange_rate,2016,0.903421436257263
"Egypt, Arab Rep.",EGY,"Official exchange rate (LCU per US$, period average)",PA.NUS.FCRF,exchange_rate,2016,10.0254007885465
Euro area,EMU,"Official exchange rate (LCU per US$, period average)",PA.NUS.FCRF,exchange_rate,2016,0.903421436257263
France,FRA,"Official exchange rate (LCU per US$, period average)",PA.NUS.FCRF,exchange_rate,2016,0.903421436257263
United Kingdom,GBR,"Official exchange rate (LCU per US$, period average)",PA.NUS.FCRF,exchange_rate,2016,0.740634463697084
Greece,GRC,"Official exchange rate (LCU per US$, period average)",PA.NUS.FCRF,exchange_rate,2016,0.903421436257263
India,IND,"Official exchange rate (LCU per US$, period average)",PA.NUS.FCRF,exchange_rate,2016,67.1953128073894
Iraq,IRQ,"Official exchange rate (LCU per US$, period average)",PA.NUS.FCRF,exchange_rate,2016,1182.0
Italy,ITA,"Official exchange rate (LCU per US$, period average)",PA.NUS.FCRF,exchange_rate,2016,0.903421436257263
Jordan,JOR,"Official exchange rate (LCU per US$, period average)",PA.NUS.FCRF,exchange_rate,2016,0.71
Kuwait,KWT,"Official exchange rate (LCU per US$, period average)",PA.NUS.FCRF,exchange_rate,2016,0.302137441178496
Lebanon,LBN,"Official exchange rate (LCU per US$, period average)",PA.NUS.FCRF,exchange_rate,2016,1507.5
Oman,OMN,"Official exchange rate (LCU per US$, period average)",PA.NUS.FCRF,exchange_rate,2016,0.3845
Qatar,QAT,"Official exchange rate (LCU per US$, period average)",PA.NUS.FCRF,exchange_rate,2016,3.64
Saudi Arabia,SAU,"Official exchange rate (LCU per US$, period average)",PA.NUS.FCRF,exchange_rate,2016,3.75
Turkiye,TUR,"Official exchange rate (LCU per US$, period average)",PA.NUS.FCRF,exchange_rate,2016,3.02013474808043
United States,USA,"Official exchange rate (LCU per US$, period average)",PA.NUS.FCRF,exchange_rate,2016,1.0
United Arab Emirates,ARE,"Official exchange rate (LCU per US$, period average)",PA.NUS.FCRF,exchange_rate,2017,3.6725
Australia,AUS,"Official exchange rate (LCU per US$, period average)",PA.NUS.FCRF,exchange_rate,2017,1.30475807671592
Bahrain,BHR,"Official exchange rate (LCU per US$, period average)",PA.NUS.FCRF,exchange_rate,2017,0.376
Canada,CAN,"Official exchange rate (LCU per US$, period average)",PA.NUS.FCRF,exchange_rate,2017,1.29793584646039
China,CHN,"Official exchange rate (LCU per US$, period average)",PA.NUS.FCRF,exchange_rate,2017,6.75875508633597
Germany,DEU,"Official exchange rate (LCU per US$, period average)",PA.NUS.FCRF,exchange_rate,2017,0.885205508269372
"Egypt, Arab Rep.",EGY,"Official exchange rate (LCU per US$, period average)",PA.NUS.FCRF,exchange_rate,2017,17.7825335150636
Euro area,EMU,"Official exchange rate (LCU per US$, period average)",PA.NUS.FCRF,exchange_rate,2017,0.885205508269372
France,FRA,"Official exchange rate (LCU per US$, period average)",PA.NUS.FCRF,exchange_rate,2017,0.885205508269372
United Kingdom,GBR,"Official exchange rate (LCU per US$, period average)",PA.NUS.FCRF,exchange_rate,2017,0.776976682344123
Greece,GRC,"Official exchange rate (LCU per US$, period average)",PA.NUS.FCRF,exchange_rate,2017,0.885205508269372
India,IND,"Official exchange rate (LCU per US$, period average)",PA.NUS.FCRF,exchange_rate,2017,65.1215686450659
Iraq,IRQ,"Official exchange rate (LCU per US$, period average)",PA.NUS.FCRF,exchange_rate,2017,1184.0
Italy,ITA,"Official exchange rate (LCU per US$, period average)",PA.NUS.FCRF,exchange_rate,2017,0.885205508269372
Jordan,JOR,"Official exchange rate (LCU per US$, period average)",PA.NUS.FCRF,exchange_rate,2017,0.71
Kuwait,KWT,"Official exchange rate (LCU per US$, period average)",PA.NUS.FCRF,exchange_rate,2017,0.303349758333333
Lebanon,LBN,"Official exchange rate (LCU per US$, period average)",PA.NUS.FCRF,exchange_rate,2017,1507.5
Oman,OMN,"Official exchange rate (LCU per US$, period average)",PA.NUS.FCRF,exchange_rate,2017,0.3845
Qatar,QAT,"Official exchange rate (LCU per US$, period average)",PA.NUS.FCRF,exchange_rate,2017,3.64
Saudi Arabia,SAU,"Official exchange rate (LCU per US$, period average)",PA.NUS.FCRF,exchange_rate,2017,3.75
Turkiye,TUR,"Official exchange rate (LCU per US$, period average)",PA.NUS.FCRF,exchange_rate,2017,3.64813263536867
United States,USA,"Official exchange rate (LCU per US$, period average)",PA.NUS.FCRF,exchange_rate,2017,1.0
United Arab Emirates,ARE,"Official exchange rate (LCU per US$, period average)",PA.NUS.FCRF,exchange_rate,2018,3.6725
Australia,AUS,"Official exchange rate (LCU per US$, period average)",PA.NUS.FCRF,exchange_rate,2018,1.33841214646451
Bahrain,BHR,"Official exchange rate (LCU per US$, period average)",PA.NUS.FCRF,exchange_rate,2018,0.376
Canada,CAN,"Official exchange rate (LCU per US$, period average)",PA.NUS.FCRF,exchange_rate,2018,1.29581792813534
China,CHN,"Official exchange rate (LCU per US$, period average)",PA.NUS.FCRF,exchange_rate,2018,6.61595717735439
Germany,DEU,"Official exchange rate (LCU per US$, period average)",PA.NUS.FCRF,exchange_rate,2018,0.846772667108111
"Egypt, Arab Rep.",EGY,"Official exchange rate (LCU per US$, period average)",PA.NUS.FCRF,exchange_rate,2018,17.7672904218107
Euro area,EMU,"Official exchange rate (LCU per US$, period average)",PA.NUS.FCRF,exchange_rate,2018,0.846772667108111
France,FRA,"Official exchange rate (LCU per US$, period average)",PA.NUS.FCRF,exchange_rate,2018,0.846772667108111
United Kingdom,GBR,"Official exchange rate (LCU per US$, period average)",PA.NUS.FCRF,exchange_rate,2018,0.749531540259847
Greece,GRC,"Official exchange rate (LCU per US$, period average)",PA.NUS.FCRF,exchange_rate,2018,0.846772667108111
India,IND,"Official exchange rate (LCU per US$, period average)",PA.NUS.FCRF,exchange_rate,2018,68.3894670935422
Iraq,IRQ,"Official exchange rate (LCU per US$, period average)",PA.NUS.FCRF,exchange_rate,2018,1182.75
Italy,ITA,"Official exchange rate (LCU per US$, period average)",PA.NUS.FCRF,exchange_rate,2018,0.846772667108111
Jordan,JOR,"Official exchange rate (LCU per US$, period average)",PA.NUS.FCRF,exchange_rate,2018,0.71
Kuwait,KWT,"Official exchange rate (LCU per US$, period average)",PA.NUS.FCRF,exchange_rate,2018,0.301956493524177
Lebanon,LBN,"Official exchange rate (LCU per US$, period average)",PA.NUS.FCRF,exchange_rate,2018,1507.5
Oman,OMN,"Official exchange rate (LCU per US$, period average)",PA.NUS.FCRF,exchange_rate,2018,0.3845
Qatar,QAT,"Official exchange rate (LCU per US$, period average)",PA.NUS.FCRF,exchange_rate,2018,3.64
Saudi Arabia,SAU,"Official exchange rate (LCU per US$, period average)",PA.NUS.FCRF,exchange_rate,2018,3.75
Turkiye,TUR,"Official exchange rate (LCU per US$, period average)",PA.NUS.FCRF,exchange_rate,2018,4.82837014720942
United States,USA,"Official exchange rate (LCU per US$, period average)",PA.NUS.FCRF,exchange_rate,2018,1.0
United Arab Emirates,ARE,"Official exchange rate (LCU per US$, period average)",PA.NUS.FCRF,exchange_rate,2019,3.6725
Australia,AUS,"Official exchange rate (LCU per US$, period average)",PA.NUS.FCRF,exchange_rate,2019,1.43850654421382
Bahrain,BHR,"Official exchange rate (LCU per US$, period average)",PA.NUS.FCRF,exchange_rate,2019,0.376
Canada,CAN,"Official exchange rate (LCU per US$, period average)",PA.NUS.FCRF,exchange_rate,2019,1.32679336266012
China,CHN,"Official exchange rate (LCU per US$, period average)",PA.NUS.FCRF,exchange_rate,2019,6.90838500992901
Germany,DEU,"Official exchange rate (LCU per US$, period average)",PA.NUS.FCRF,exchange_rate,2019,0.893276257067409
"Egypt, Arab Rep.",EGY,"Official exchange rate (LCU per US$, period average)",PA.NUS.FCRF,exchange_rate,2019,16.7705818428763
Euro area,EMU,"Official exchange rate (LCU per US$, period average)",PA.NUS.FCRF,exchange_rate,2019,0.893276257067409
France,FRA,"Official exchange rate (LCU per US$, period average)",PA.NUS.FCRF,exchange_rate,2019,0.893276257067409
United Kingdom,GBR,"Official exchange rate (LCU per US$, period average)",PA.NUS.FCRF,exchange_rate,2019,0.783445110011929
Greece,GRC,"Official exchange rate (LCU per US$, period average)",PA.NUS.FCRF,exchange_rate,2019,0.893276257067409
India,IND,"Official exchange rate (LCU per US$, period average)",PA.NUS.FCRF,exchange_rate,2019,70.4203405359551
Iraq,IRQ,"Official exchange rate (LCU per US$, period average)",PA.NUS.FCRF,exchange_rate,2019,1182.0
Italy,ITA,"Official exchange rate (LCU per US$, period average)",PA.NUS.FCRF,exchange_rate,2019,0.893276257067409
Jordan,JOR,"Official exchange rate (LCU per US$, period average)",PA.NUS.FCRF,exchange_rate,2019,0.71
Kuwait,KWT,"Official exchange rate (LCU per US$, period average)",PA.NUS.FCRF,exchange_rate,2019,0.303611163035755
Lebanon,LBN,"Official exchange rate (LCU per US$, period average)",PA.NUS.FCRF,exchange_rate,2019,1507.5
Oman,OMN,"Official exchange rate (LCU per US$, period average)",PA.NUS.FCRF,exchange_rate,2019,0.3845
Qatar,QAT,"Official exchange rate (LCU per US$, period average)",PA.NUS.FCRF,exchange_rate,2019,3.64
Saudi Arabia,SAU,"Official exchange rate (LCU per US$, period average)",PA.NUS.FCRF,exchange_rate,2019,3.75
Turkiye,TUR,"Official exchange rate (LCU per US$, period average)",PA.NUS.FCRF,exchange_rate,2019,5.67381930843574
United States,USA,"Official exchange rate (LCU per US$, period average)",PA.NUS.FCRF,exchange_rate,2019,1.0
United Arab Emirates,ARE,"Official exchange rate (LCU per US$, period average)",PA.NUS.FCRF,exchange_rate,2020,3.6725
Australia,AUS,"Official exchange rate (LCU per US$, period average)",PA.NUS.FCRF,exchange_rate,2020,1.45308511847016
Bahrain,BHR,"Official exchange rate (LCU per US$, period average)",PA.NUS.FCRF,exchange_rate,2020,0.376
Canada,CAN,"Official exchange rate (LCU per US$, period average)",PA.NUS.FCRF,exchange_rate,2020,1.34115267222386
China,CHN,"Official exchange rate (LCU per US$, period average)",PA.NUS.FCRF,exchange_rate,2020,6.90076726944925
Germany,DEU,"Official exchange rate (LCU per US$, period average)",PA.NUS.FCRF,exchange_rate,2020,0.875506396987998
"Egypt, Arab Rep.",EGY,"Official exchange rate (LCU per US$, period average)",PA.NUS.FCRF,exchange_rate,2020,15.7591729166667
Euro area,EMU,"Official exchange rate (LCU per US$, period average)",PA.NUS.FCRF,exchange_rate,2020,0.875506396987998
France,FRA,"Official exchange rate (LCU per US$, period average)",PA.NUS.FCRF,exchange_rate,2020,0.875506396987998
United Kingdom,GBR,"Official exchange rate (LCU per US$, period average)",PA.NUS.FCRF,exchange_rate,2020,0.779999576697153
Greece,GRC,"Official exchange rate (LCU per US$, period average)",PA.NUS.FCRF,exchange_rate,2020,0.875506396987998
India,IND,"Official exchange rate (LCU per US$, period average)",PA.NUS.FCRF,exchange_rate,2020,74.0995668836052
Iraq,IRQ,"Official exchange rate (LCU per US$, period average)",PA.NUS.FCRF,exchange_rate,2020,1192.0
Italy,ITA,"Official exchange rate (LCU per US$, period average)",PA.NUS.FCRF,exchange_rate,2020,0.875506396987998
Jordan,JOR,"Official exchange rate (LCU per US$, period average)",PA.NUS.FCRF,exchange_rate,2020,0.71
Kuwait,KWT,"Official exchange rate (LCU per US$, period average)",PA.NUS.FCRF,exchange_rate,2020,0.306233121756716
Lebanon,LBN,"Official exchange rate (LCU per US$, period average)",PA.NUS.FCRF,exchange_rate,2020,1507.5
Oman,OMN,"Official exchange rate (LCU per US$, period average)",PA.NUS.FCRF,exchange_rate,2020,0.3845
Qatar,QAT,"Official exchange rate (LCU per US$, period average)",PA.NUS.FCRF,exchange_rate,2020,3.64
Saudi Arabia,SAU,"Official exchange rate (LCU per US$, period average)",PA.NUS.FCRF,exchange_rate,2020,3.75
Turkiye,TUR,"Official exchange rate (LCU per US$, period average)",PA.NUS.FCRF,exchange_rate,2020,7.00860541558522
United States,USA,"Official exchange rate (LCU per US$, period average)",PA.NUS.FCRF,exchange_rate,2020,1.0
United Arab Emirates,ARE,"Official exchange rate (LCU per US$, period average)",PA.NUS.FCRF,exchange_rate,2021,3.6725
Australia,AUS,"Official exchange rate (LCU per US$, period average)",PA.NUS.FCRF,exchange_rate,2021,1.33122425957081
Bahrain,BHR,"Official exchange rate (LCU per US$, period average)",PA.NUS.FCRF,exchange_rate,2021,0.376
Canada,CAN,"Official exchange rate (LCU per US$, period average)",PA.NUS.FCRF,exchange_rate,2021,1.2538769021268
China,CHN,"Official exchange rate (LCU per US$, period average)",PA.NUS.FCRF,exchange_rate,2021,6.44897518024316
Germany,DEU,"Official exchange rate (LCU per US$, period average)",PA.NUS.FCRF,exchange_rate,2021,0.84549413889045
"Egypt, Arab Rep.",EGY,"Official exchange rate (LCU per US$, period average)",PA.NUS.FCRF,exchange_rate,2021,15.6445272777113
Euro area,EMU,"Official exchange rate (LCU per US$, period average)",PA.NUS.FCRF,exchange_rate,2021,0.84549413889045
France,FRA,"Official exchange rate (LCU per US$, period average)",PA.NUS.FCRF,exchange_rate,2021,0.84549413889045
United Kingdom,GBR,"Official exchange rate (LCU per US$, period average)",PA.NUS.FCRF,exchange_rate,2021,0.727064944688323
Greece,GRC,"Official exchange rate (LCU per US$, period average)",PA.NUS.FCRF,exchange_rate,2021,0.84549413889045
India,IND,"Official exchange rate (LCU per US$, period average)",PA.NUS.FCRF,exchange_rate,2021,73.9180128154351
Iraq,IRQ,"Official exchange rate (LCU per US$, period average)",PA.NUS.FCRF,exchange_rate,2021,1450.0
Italy,ITA,"Official exchange rate (LCU per US$, period average)",PA.NUS.FCRF,exchange_rate,2021,0.84549413889045
Jordan,JOR,"Official exchange rate (LCU per US$, period average)",PA.NUS.FCRF,exchange_rate,2021,0.71
Kuwait,KWT,"Official exchange rate (LCU per US$, period average)",PA.NUS.FCRF,exchange_rate,2021,0.301643110769949
Lebanon,LBN,"Official exchange rate (LCU per US$, period average)",PA.NUS.FCRF,exchange_rate,2021,1507.5
Oman,OMN,"Official exchange rate (LCU per US$, period average)",PA.NUS.FCRF,exchange_rate,2021,0.3845
Qatar,QAT,"Official exchange rate (LCU per US$, period average)",PA.NUS.FCRF,exchange_rate,2021,3.64
Saudi Arabia,SAU,"Official exchange rate (LCU per US$, period average)",PA.NUS.FCRF,exchange_rate,2021,3.75
Turkiye,TUR,"Official exchange rate (LCU per US$, period average)",PA.NUS.FCRF,exchange_rate,2021,8.85040754928315
United States,USA,"Official exchange rate (LCU per US$, period average)",PA.NUS.FCRF,exchange_rate,2021,1.0
United Arab Emirates,ARE,"Official exchange rate (LCU per US$, period average)",PA.NUS.FCRF,exchange_rate,2022,3.6725
Australia,AUS,"Official exchange rate (LCU per US$, period average)",PA.NUS.FCRF,exchange_rate,2022,1.44166445896522
Bahrain,BHR,"Official exchange rate (LCU per US$, period average)",PA.NUS.FCRF,exchange_rate,2022,0.376
Canada,CAN,"Official exchange rate (LCU per US$, period average)",PA.NUS.FCRF,exchange_rate,2022,1.30155477474355
China,CHN,"Official exchange rate (LCU per US$, period average)",PA.NUS.FCRF,exchange_rate,2022,6.73715811237119
Germany,DEU,"Official exchange rate (LCU per US$, period average)",PA.NUS.FCRF,exchange_rate,2022,0.949623753156941
"Egypt, Arab Rep.",EGY,"Official exchange rate (LCU per US$, period average)",PA.NUS.FCRF,exchange_rate,2022,19.1604397412204
Euro area,EMU,"Official exchange rate (LCU per US$, period average)",PA.NUS.FCRF,exchange_rate,2022,0.949623753156941
France,FRA,"Official exchange rate (LCU per US$, period average)",PA.NUS.FCRF,exchange_rate,2022,0.949623753156941
United Kingdom,GBR,"Official exchange rate (LCU per US$, period average)",PA.NUS.FCRF,exchange_rate,2022,0.811301715827773
Greece,GRC,"Official exchange rate (LCU per US$, period average)",PA.NUS.FCRF,exchange_rate,2022,0.949623753156941
India,IND,"Official exchange rate (LCU per US$, period average)",PA.NUS.FCRF,exchange_rate,2022,78.6044905829916
Iraq,IRQ,"Official exchange rate (LCU per US$, period average)",PA.NUS.FCRF,exchange_rate,2022,1450.0
Italy,ITA,"Official exchange rate (LCU per US$, period average)",PA.NUS.FCRF,exchange_rate,2022,0.949623753156941
Jordan,JOR,"Official exchange rate (LCU per US$, period average)",PA.NUS.FCRF,exchange_rate,2022,0.71
Kuwait,KWT,"Official exchange rate (LCU per US$, period average)",PA.NUS.FCRF,exchange_rate,2022,0.306250154417753
Lebanon,LBN,"Official exchange rate (LCU per US$, period average)",PA.NUS.FCRF,exchange_rate,2022,1507.5
Oman,OMN,"Official exchange rate (LCU per US$, period average)",PA.NUS.FCRF,exchange_rate,2022,0.3845
Qatar,QAT,"Official exchange rate (LCU per US$, period average)",PA.NUS.FCRF,exchange_rate,2022,3.64
Saudi Arabia,SAU,"Official exchange rate (LCU per US$, period average)",PA.NUS.FCRF,exchange_rate,2022,3.75
Turkiye,TUR,"Official exchange rate (LCU per US$, period average)",PA.NUS.FCRF,exchange_rate,2022,16.5488604173067
United States,USA,"Official exchange rate (LCU per US$, period average)",PA.NUS.FCRF,exchange_rate,2022,1.0
United Arab Emirates,ARE,"Official exchange rate (LCU per US$, period average)",PA.NUS.FCRF,exchange_rate,2023,3.6725
Australia,AUS,"Official exchange rate (LCU per US$, period average)",PA.NUS.FCRF,exchange_rate,2023,1.50519106560509
Bahrain,BHR,"Official exchange rate (LCU per US$, period average)",PA.NUS.FCRF,exchange_rate,2023,0.376
Canada,CAN,"Official exchange rate (LCU per US$, period average)",PA.NUS.FCRF,exchange_rate,2023,1.3499086407939
China,CHN,"Official exchange rate (LCU per US$, period average)",PA.NUS.FCRF,exchange_rate,2023,7.08399842343631
Germany,DEU,"Official exchange rate (LCU per US$, period average)",PA.NUS.FCRF,exchange_rate,2023,0.924839558470698
"Egypt, Arab Rep.",EGY,"Official exchange rate (LCU per US$, period average)",PA.NUS.FCRF,exchange_rate,2023,30.6264136980311
Euro area,EMU,"Official exchange rate (LCU per US$, period average)",PA.NUS.FCRF,exchange_rate,2023,0.924839558470698
France,FRA,"Official exchange rate (LCU per US$, period average)",PA.NUS.FCRF,exchange_rate,2023,0.924839558470698
United Kingdom,GBR,"Official exchange rate (LCU per US$, period average)",PA.NUS.FCRF,exchange_rate,2023,0.804538906734353
Greece,GRC,"Official exchange rate (LCU per US$, period average)",PA.NUS.FCRF,exchange_rate,2023,0.924839558470698
India,IND,"Official exchange rate (LCU per US$, period average)",PA.NUS.FCRF,exchange_rate,2023,82.5992764460784
Iraq,IRQ,"Official exchange rate (LCU per US$, period average)",PA.NUS.FCRF,exchange_rate,2023,1312.5
Italy,ITA,"Official exchange rate (LCU per US$, period average)",PA.NUS.FCRF,exchange_rate,2023,0.924839558470698
Jordan,JOR,"Official exchange rate (LCU per US$, period average)",PA.NUS.FCRF,exchange_rate,2023,0.71
Kuwait,KWT,"Official exchange rate (LCU per US$, period average)",PA.NUS.FCRF,exchange_rate,2023,0.30718535125088
Lebanon,LBN,"Official exchange rate (LCU per US$, period average)",PA.NUS.FCRF,exchange_rate,2023,13875.625
Oman,OMN,"Official exchange rate (LCU per US$, period average)",PA.NUS.FCRF,exchange_rate,2023,0.3845
Qatar,QAT,"Official exchange rate (LCU per US$, period average)",PA.NUS.FCRF,exchange_rate,2023,3.64
Saudi Arabia,SAU,"Official exchange rate (LCU per US$, period average)",PA.NUS.FCRF,exchange_rate,2023,3.75
Turkiye,TUR,"Official exchange rate (LCU per US$, period average)",PA.NUS.FCRF,exchange_rate,2023,23.7385661219918
United States,USA,"Official exchange rate (LCU per US$, period average)",PA.NUS.FCRF,exchange_rate,2023,1.0
United Arab Emirates,ARE,"Official exchange rate (LCU per US$, period average)",PA.NUS.FCRF,exchange_rate,2024,3.6725
Australia,AUS,"Official exchange rate (LCU per US$, period average)",PA.NUS.FCRF,exchange_rate,2024,1.51535803855596
Bahrain,BHR,"Official exchange rate (LCU per US$, period average)",PA.NUS.FCRF,exchange_rate,2024,0.376
Canada,CAN,"Official exchange rate (LCU per US$, period average)",PA.NUS.FCRF,exchange_rate,2024,1.36935976604092
China,CHN,"Official exchange rate (LCU per US$, period average)",PA.NUS.FCRF,exchange_rate,2024,7.19749110789917
Germany,DEU,"Official exchange rate (LCU per US$, period average)",PA.NUS.FCRF,exchange_rate,2024,0.923889546117607
"Egypt, Arab Rep.",EGY,"Official exchange rate (LCU per US$, period average)",PA.NUS.FCRF,exchange_rate,2024,45.29926
Euro area,EMU,"Official exchange rate (LCU per US$, period average)",PA.NUS.FCRF,exchange_rate,2024,0.923889546117607
France,FRA,"Official exchange rate (LCU per US$, period average)",PA.NUS.FCRF,exchange_rate,2024,0.923889546117607
United Kingdom,GBR,"Official exchange rate (LCU per US$, period average)",PA.NUS.FCRF,exchange_rate,2024,0.782414580986262
Greece,GRC,"Official exchange rate (LCU per US$, period average)",PA.NUS.FCRF,exchange_rate,2024,0.923889546117607
India,IND,"Official exchange rate (LCU per US$, period average)",PA.NUS.FCRF,exchange_rate,2024,83.669281580941
Iraq,IRQ,"Official exchange rate (LCU per US$, period average)",PA.NUS.FCRF,exchange_rate,2024,1300.0
Italy,ITA,"Official exchange rate (LCU per US$, period average)",PA.NUS.FCRF,exchange_rate,2024,0.923889546117607
Jordan,JOR,"Official exchange rate (LCU per US$, period average)",PA.NUS.FCRF,exchange_rate,2024,0.71
Kuwait,KWT,"Official exchange rate (LCU per US$, period average)",PA.NUS.FCRF,exchange_rate,2024,0.306690648597046
Lebanon,LBN,"Official exchange rate (LCU per US$, period average)",PA.NUS.FCRF,exchange_rate,2024,89500.0
Oman,OMN,"Official exchange rate (LCU per US$, period average)",PA.NUS.FCRF,exchange_rate,2024,0.3845
Qatar,QAT,"Official exchange rate (LCU per US$, period average)",PA.NUS.FCRF,exchange_rate,2024,3.64
Saudi Arabia,SAU,"Official exchange rate (LCU per US$, period average)",PA.NUS.FCRF,exchange_rate,2024,3.75
Turkiye,TUR,"Official exchange rate (LCU per US$, period average)",PA.NUS.FCRF,exchange_rate,2024,32.8058614432703
United States,USA,"Official exchange rate (LCU per US$, period average)",PA.NUS.FCRF,exchange_rate,2024,1.0
United Arab Emirates,ARE,"Official exchange rate (LCU per US$, period average)",PA.NUS.FCRF,exchange_rate,2025,3.6725
Australia,AUS,"Official exchange rate (LCU per US$, period average)",PA.NUS.FCRF,exchange_rate,2025,1.5519978866485
Bahrain,BHR,"Official exchange rate (LCU per US$, period average)",PA.NUS.FCRF,exchange_rate,2025,0.376
Canada,CAN,"Official exchange rate (LCU per US$, period average)",PA.NUS.FCRF,exchange_rate,2025,1.39810565893901
China,CHN,"Official exchange rate (LCU per US$, period average)",PA.NUS.FCRF,exchange_rate,2025,7.18984737402171
Germany,DEU,"Official exchange rate (LCU per US$, period average)",PA.NUS.FCRF,exchange_rate,2025,0.88496895841236
"Egypt, Arab Rep.",EGY,"Official exchange rate (LCU per US$, period average)",PA.NUS.FCRF,exchange_rate,2025,49.2277558333333
Euro area,EMU,"Official exchange rate (LCU per US$, period average)",PA.NUS.FCRF,exchange_rate,2025,0.88496895841236
France,FRA,"Official exchange rate (LCU per US$, period average)",PA.NUS.FCRF,exchange_rate,2025,0.88496895841236
United Kingdom,GBR,"Official exchange rate (LCU per US$, period average)",PA.NUS.FCRF,exchange_rate,2025,0.759473957338608
Greece,GRC,"Official exchange rate (LCU per US$, period average)",PA.NUS.FCRF,exchange_rate,2025,0.88496895841236
India,IND,"Official exchange rate (LCU per US$, period average)",PA.NUS.FCRF,exchange_rate,2025,87.1584483507393
Italy,ITA,"Official exchange rate (LCU per US$, period average)",PA.NUS.FCRF,exchange_rate,2025,0.88496895841236
Jordan,JOR,"Official exchange rate (LCU per US$, period average)",PA.NUS.FCRF,exchange_rate,2025,0.71
Kuwait,KWT,"Official exchange rate (LCU per US$, period average)",PA.NUS.FCRF,exchange_rate,2025,0.306454776364578
Lebanon,LBN,"Official exchange rate (LCU per US$, period average)",PA.NUS.FCRF,exchange_rate,2025,89500.0
Oman,OMN,"Official exchange rate (LCU per US$, period average)",PA.NUS.FCRF,exchange_rate,2025,0.3845
Qatar,QAT,"Official exchange rate (LCU per US$, period average)",PA.NUS.FCRF,exchange_rate,2025,3.64
Saudi Arabia,SAU,"Official exchange rate (LCU per US$, period average)",PA.NUS.FCRF,exchange_rate,2025,3.75
Turkiye,TUR,"Official exchange rate (LCU per US$, period average)",PA.NUS.FCRF,exchange_rate,2025,39.4548130977983
United States,USA,"Official exchange rate (LCU per US$, period average)",PA.NUS.FCRF,exchange_rate,2025,1.0
Canada,CAN,Real effective exchange rate index (2010 = 100),PX.REX.REER,exchange_rate,1979,93.9508354542111
Germany,DEU,Real effective exchange rate index (2010 = 100),PX.REX.REER,exchange_rate,1979,121.142840996398
United Kingdom,GBR,Real effective exchange rate index (2010 = 100),PX.REX.REER,exchange_rate,1979,119.09746575474
Australia,AUS,Real effective exchange rate index (2010 = 100),PX.REX.REER,exchange_rate,1980,92.3155342611556
Bahrain,BHR,Real effective exchange rate index (2010 = 100),PX.REX.REER,exchange_rate,1980,175.023171312939
Canada,CAN,Real effective exchange rate index (2010 = 100),PX.REX.REER,exchange_rate,1980,92.3099478356868
China,CHN,Real effective exchange rate index (2010 = 100),PX.REX.REER,exchange_rate,1980,270.078118924503
Germany,DEU,Real effective exchange rate index (2010 = 100),PX.REX.REER,exchange_rate,1980,114.547657680231
France,FRA,Real effective exchange rate index (2010 = 100),PX.REX.REER,exchange_rate,1980,118.776803258486
United Kingdom,GBR,Real effective exchange rate index (2010 = 100),PX.REX.REER,exchange_rate,1980,139.281706572077
Greece,GRC,Real effective exchange rate index (2010 = 100),PX.REX.REER,exchange_rate,1980,83.9782465414495
Italy,ITA,Real effective exchange rate index (2010 = 100),PX.REX.REER,exchange_rate,1980,97.2760669695947
Saudi Arabia,SAU,Real effective exchange rate index (2010 = 100),PX.REX.REER,exchange_rate,1980,239.817725291781
United States,USA,Real effective exchange rate index (2010 = 100),PX.REX.REER,exchange_rate,1980,105.855086806289
Australia,AUS,Real effective exchange rate index (2010 = 100),PX.REX.REER,exchange_rate,1981,100.258551362448
Bahrain,BHR,Real effective exchange rate index (2010 = 100),PX.REX.REER,exchange_rate,1981,194.7372939181
Canada,CAN,Real effective exchange rate index (2010 = 100),PX.REX.REER,exchange_rate,1981,97.0240334549758
China,CHN,Real effective exchange rate index (2010 = 100),PX.REX.REER,exchange_rate,1981,242.986207942704
Germany,DEU,Real effective exchange rate index (2010 = 100),PX.REX.REER,exchange_rate,1981,104.747673082924
France,FRA,Real effective exchange rate index (2010 = 100),PX.REX.REER,exchange_rate,1981,113.689104376881
United Kingdom,GBR,Real effective exchange rate index (2010 = 100),PX.REX.REER,exchange_rate,1981,143.999408006101
Greece,GRC,Real effective exchange rate index (2010 = 100),PX.REX.REER,exchange_rate,1981,87.1670847599378
Italy,ITA,Real effective exchange rate index (2010 = 100),PX.REX.REER,exchange_rate,1981,93.7290425459519
Saudi Arabia,SAU,Real effective exchange rate index (2010 = 100),PX.REX.REER,exchange_rate,1981,240.869191688711
United States,USA,Real effective exchange rate index (2010 = 100),PX.REX.REER,exchange_rate,1981,116.933510701533
Australia,AUS,Real effective exchange rate index (2010 = 100),PX.REX.REER,exchange_rate,1982,100.65212410186
Bahrain,BHR,Real effective exchange rate index (2010 = 100),PX.REX.REER,exchange_rate,1982,218.264419571884
Canada,CAN,Real effective exchange rate index (2010 = 100),PX.REX.REER,exchange_rate,1982,103.510961474815
China,CHN,Real effective exchange rate index (2010 = 100),PX.REX.REER,exchange_rate,1982,231.951094092191
Germany,DEU,Real effective exchange rate index (2010 = 100),PX.REX.REER,exchange_rate,1982,106.659079765913
France,FRA,Real effective exchange rate index (2010 = 100),PX.REX.REER,exchange_rate,1982,108.557119526358
United Kingdom,GBR,Real effective exchange rate index (2010 = 100),PX.REX.REER,exchange_rate,1982,138.880268692983
Greece,GRC,Real effective exchange rate index (2010 = 100),PX.REX.REER,exchange_rate,1982,90.4480851056221
Italy,ITA,Real effective exchange rate index (2010 = 100),PX.REX.REER,exchange_rate,1982,94.8409691256153
Saudi Arabia,SAU,Real effective exchange rate index (2010 = 100),PX.REX.REER,exchange_rate,1982,245.907027778384
United States,USA,Real effective exchange rate index (2010 = 100),PX.REX.REER,exchange_rate,1982,130.889793485025
Australia,AUS,Real effective exchange rate index (2010 = 100),PX.REX.REER,exchange_rate,1983,98.5984345247899
Bahrain,BHR,Real effective exchange rate index (2010 = 100),PX.REX.REER,exchange_rate,1983,226.10359366446
Canada,CAN,Real effective exchange rate index (2010 = 100),PX.REX.REER,exchange_rate,1983,108.043449566947
China,CHN,Real effective exchange rate index (2010 = 100),PX.REX.REER,exchange_rate,1983,227.889434511907
Germany,DEU,Real effective exchange rate index (2010 = 100),PX.REX.REER,exchange_rate,1983,107.325801686046
France,FRA,Real effective exchange rate index (2010 = 100),PX.REX.REER,exchange_rate,1983,104.532271187161
United Kingdom,GBR,Real effective exchange rate index (2010 = 100),PX.REX.REER,exchange_rate,1983,127.528389757939
Greece,GRC,Real effective exchange rate index (2010 = 100),PX.REX.REER,exchange_rate,1983,83.6154647183908
Italy,ITA,Real effective exchange rate index (2010 = 100),PX.REX.REER,exchange_rate,1983,100.040136201241
Saudi Arabia,SAU,Real effective exchange rate index (2010 = 100),PX.REX.REER,exchange_rate,1983,243.392749173516
United States,USA,Real effective exchange rate index (2010 = 100),PX.REX.REER,exchange_rate,1983,136.994898859621
Australia,AUS,Real effective exchange rate index (2010 = 100),PX.REX.REER,exchange_rate,1984,101.715098603651
Bahrain,BHR,Real effective exchange rate index (2010 = 100),PX.REX.REER,exchange_rate,1984,231.726820236988
Canada,CAN,Real effective exchange rate index (2010 = 100),PX.REX.REER,exchange_rate,1984,106.014803478347
China,CHN,Real effective exchange rate index (2010 = 100),PX.REX.REER,exchange_rate,1984,203.260126459716
Germany,DEU,Real effective exchange rate index (2010 = 100),PX.REX.REER,exchange_rate,1984,102.592249695563
France,FRA,Real effective exchange rate index (2010 = 100),PX.REX.REER,exchange_rate,1984,102.87614710067
United Kingdom,GBR,Real effective exchange rate index (2010 = 100),PX.REX.REER,exchange_rate,1984,122.046454927391
Greece,GRC,Real effective exchange rate index (2010 = 100),PX.REX.REER,exchange_rate,1984,81.0682912998814
Italy,ITA,Real effective exchange rate index (2010 = 100),PX.REX.REER,exchange_rate,1984,100.896313776368
Saudi Arabia,SAU,Real effective exchange rate index (2010 = 100),PX.REX.REER,exchange_rate,1984,238.557483083379
United States,USA,Real effective exchange rate index (2010 = 100),PX.REX.REER,exchange_rate,1984,145.527180451533
Australia,AUS,Real effective exchange rate index (2010 = 100),PX.REX.REER,exchange_rate,1985,85.6056570938042
Bahrain,BHR,Real effective exchange rate index (2010 = 100),PX.REX.REER,exchange_rate,1985,223.281376361201
Canada,CAN,Real effective exchange rate index (2010 = 100),PX.REX.REER,exchange_rate,1985,101.92539403496
China,CHN,Real effective exchange rate index (2010 = 100),PX.REX.REER,exchange_rate,1985,171.77341002221
Germany,DEU,Real effective exchange rate index (2010 = 100),PX.REX.REER,exchange_rate,1985,99.8455260752533
France,FRA,Real effective exchange rate index (2010 = 100),PX.REX.REER,exchange_rate,1985,105.276116909565
United Kingdom,GBR,Real effective exchange rate index (2010 = 100),PX.REX.REER,exchange_rate,1985,124.045940663799
Greece,GRC,Real effective exchange rate index (2010 = 100),PX.REX.REER,exchange_rate,1985,78.4348729978208
Italy,ITA,Real effective exchange rate index (2010 = 100),PX.REX.REER,exchange_rate,1985,100.498118282987
Saudi Arabia,SAU,Real effective exchange rate index (2010 = 100),PX.REX.REER,exchange_rate,1985,222.40216078276
United States,USA,Real effective exchange rate index (2010 = 100),PX.REX.REER,exchange_rate,1985,150.187201361858
Australia,AUS,Real effective exchange rate index (2010 = 100),PX.REX.REER,exchange_rate,1986,74.879029147821
Bahrain,BHR,Real effective exchange rate index (2010 = 100),PX.REX.REER,exchange_rate,1986,180.57514392232
Canada,CAN,Real effective exchange rate index (2010 = 100),PX.REX.REER,exchange_rate,1986,92.1024250318942
China,CHN,Real effective exchange rate index (2010 = 100),PX.REX.REER,exchange_rate,1986,123.555785857908
Germany,DEU,Real effective exchange rate index (2010 = 100),PX.REX.REER,exchange_rate,1986,105.721046963249
France,FRA,Real effective exchange rate index (2010 = 100),PX.REX.REER,exchange_rate,1986,108.833278291247
United Kingdom,GBR,Real effective exchange rate index (2010 = 100),PX.REX.REER,exchange_rate,1986,115.175193792768
Greece,GRC,Real effective exchange rate index (2010 = 100),PX.REX.REER,exchange_rate,1986,73.4895610790557
Italy,ITA,Real effective exchange rate index (2010 = 100),PX.REX.REER,exchange_rate,1986,107.599060208082
Saudi Arabia,SAU,Real effective exchange rate index (2010 = 100),PX.REX.REER,exchange_rate,1986,169.974834595605
United States,USA,Real effective exchange rate index (2010 = 100),PX.REX.REER,exchange_rate,1986,125.728829657778
Australia,AUS,Real effective exchange rate index (2010 = 100),PX.REX.REER,exchange_rate,1987,74.7195824389342
Bahrain,BHR,Real effective exchange rate index (2010 = 100),PX.REX.REER,exchange_rate,1987,156.08367409462
Canada,CAN,Real effective exchange rate index (2010 = 100),PX.REX.REER,exchange_rate,1987,92.3068432003133
China,CHN,Real effective exchange rate index (2010 = 100),PX.REX.REER,exchange_rate,1987,106.689627426922
Germany,DEU,Real effective exchange rate index (2010 = 100),PX.REX.REER,exchange_rate,1987,109.185625658936
France,FRA,Real effective exchange rate index (2010 = 100),PX.REX.REER,exchange_rate,1987,110.085861840543
United Kingdom,GBR,Real effective exchange rate index (2010 = 100),PX.REX.REER,exchange_rate,1987,114.965962378834
Greece,GRC,Real effective exchange rate index (2010 = 100),PX.REX.REER,exchange_rate,1987,75.1956096284005
Italy,ITA,Real effective exchange rate index (2010 = 100),PX.REX.REER,exchange_rate,1987,110.743803004511
Saudi Arabia,SAU,Real effective exchange rate index (2010 = 100),PX.REX.REER,exchange_rate,1987,144.538038850724
United States,USA,Real effective exchange rate index (2010 = 100),PX.REX.REER,exchange_rate,1987,113.145490493324
Australia,AUS,Real effective exchange rate index (2010 = 100),PX.REX.REER,exchange_rate,1988,82.6508140134232
Bahrain,BHR,Real effective exchange rate index (2010 = 100),PX.REX.REER,exchange_rate,1988,145.429931066642
Canada,CAN,Real effective exchange rate index (2010 = 100),PX.REX.REER,exchange_rate,1988,97.7517681896224
China,CHN,Real effective exchange rate index (2010 = 100),PX.REX.REER,exchange_rate,1988,116.925703059401
Germany,DEU,Real effective exchange rate index (2010 = 100),PX.REX.REER,exchange_rate,1988,106.965120212502
France,FRA,Real effective exchange rate index (2010 = 100),PX.REX.REER,exchange_rate,1988,108.254309659236
United Kingdom,GBR,Real effective exchange rate index (2010 = 100),PX.REX.REER,exchange_rate,1988,118.679725129797
Greece,GRC,Real effective exchange rate index (2010 = 100),PX.REX.REER,exchange_rate,1988,77.3396239552428
Italy,ITA,Real effective exchange rate index (2010 = 100),PX.REX.REER,exchange_rate,1988,109.866543109872
Saudi Arabia,SAU,Real effective exchange rate index (2010 = 100),PX.REX.REER,exchange_rate,1988,135.39551558461
United States,USA,Real effective exchange rate index (2010 = 100),PX.REX.REER,exchange_rate,1988,107.158707455996
Australia,AUS,Real effective exchange rate index (2010 = 100),PX.REX.REER,exchange_rate,1989,88.7008168179872
Bahrain,BHR,Real effective exchange rate index (2010 = 100),PX.REX.REER,exchange_rate,1989,148.299490360876
Canada,CAN,Real effective exchange rate index (2010 = 100),PX.REX.REER,exchange_rate,1989,104.848794204019
China,CHN,Real effective exchange rate index (2010 = 100),PX.REX.REER,exchange_rate,1989,136.304668382625
Germany,DEU,Real effective exchange rate index (2010 = 100),PX.REX.REER,exchange_rate,1989,104.586419228434
France,FRA,Real effective exchange rate index (2010 = 100),PX.REX.REER,exchange_rate,1989,106.205497724967
United Kingdom,GBR,Real effective exchange rate index (2010 = 100),PX.REX.REER,exchange_rate,1989,117.08615203893
Greece,GRC,Real effective exchange rate index (2010 = 100),PX.REX.REER,exchange_rate,1989,78.2462135763737
Italy,ITA,Real effective exchange rate index (2010 = 100),PX.REX.REER,exchange_rate,1989,112.552981630338
Saudi Arabia,SAU,Real effective exchange rate index (2010 = 100),PX.REX.REER,exchange_rate,1989,137.170045327872
United States,USA,Real effective exchange rate index (2010 = 100),PX.REX.REER,exchange_rate,1989,110.966075761585
Australia,AUS,Real effective exchange rate index (2010 = 100),PX.REX.REER,exchange_rate,1990,86.5524906962236
Bahrain,BHR,Real effective exchange rate index (2010 = 100),PX.REX.REER,exchange_rate,1990,135.936137442783
Canada,CAN,Real effective exchange rate index (2010 = 100),PX.REX.REER,exchange_rate,1990,103.621776775977
China,CHN,Real effective exchange rate index (2010 = 100),PX.REX.REER,exchange_rate,1990,100.473478133264
Germany,DEU,Real effective exchange rate index (2010 = 100),PX.REX.REER,exchange_rate,1990,107.727250440556
France,FRA,Real effective exchange rate index (2010 = 100),PX.REX.REER,exchange_rate,1990,109.862018185279
United Kingdom,GBR,Real effective exchange rate index (2010 = 100),PX.REX.REER,exchange_rate,1990,119.424748734356
Greece,GRC,Real effective exchange rate index (2010 = 100),PX.REX.REER,exchange_rate,1990,82.66984705468
Italy,ITA,Real effective exchange rate index (2010 = 100),PX.REX.REER,exchange_rate,1990,118.241715944042
Saudi Arabia,SAU,Real effective exchange rate index (2010 = 100),PX.REX.REER,exchange_rate,1990,126.735290671332
United States,USA,Real effective exchange rate index (2010 = 100),PX.REX.REER,exchange_rate,1990,105.729650330117
Australia,AUS,Real effective exchange rate index (2010 = 100),PX.REX.REER,exchange_rate,1991,85.1721731048441
Bahrain,BHR,Real effective exchange rate index (2010 = 100),PX.REX.REER,exchange_rate,1991,130.957470235501
Canada,CAN,Real effective exchange rate index (2010 = 100),PX.REX.REER,exchange_rate,1991,106.557893930719
China,CHN,Real effective exchange rate index (2010 = 100),PX.REX.REER,exchange_rate,1991,88.1922460499811
Germany,DEU,Real effective exchange rate index (2010 = 100),PX.REX.REER,exchange_rate,1991,105.857979900834
France,FRA,Real effective exchange rate index (2010 = 100),PX.REX.REER,exchange_rate,1991,105.745672066487
United Kingdom,GBR,Real effective exchange rate index (2010 = 100),PX.REX.REER,exchange_rate,1991,123.514223274502
Greece,GRC,Real effective exchange rate index (2010 = 100),PX.REX.REER,exchange_rate,1991,83.5605292620281
Italy,ITA,Real effective exchange rate index (2010 = 100),PX.REX.REER,exchange_rate,1991,118.20004671643
Saudi Arabia,SAU,Real effective exchange rate index (2010 = 100),PX.REX.REER,exchange_rate,1991,126.828697782926
United States,USA,Real effective exchange rate index (2010 = 100),PX.REX.REER,exchange_rate,1991,104.232438727361
Australia,AUS,Real effective exchange rate index (2010 = 100),PX.REX.REER,exchange_rate,1992,76.9540464019819
Bahrain,BHR,Real effective exchange rate index (2010 = 100),PX.REX.REER,exchange_rate,1992,123.593278489216
Canada,CAN,Real effective exchange rate index (2010 = 100),PX.REX.REER,exchange_rate,1992,97.7215775775838
China,CHN,Real effective exchange rate index (2010 = 100),PX.REX.REER,exchange_rate,1992,84.2566542267833
Germany,DEU,Real effective exchange rate index (2010 = 100),PX.REX.REER,exchange_rate,1992,110.82307177819
France,FRA,Real effective exchange rate index (2010 = 100),PX.REX.REER,exchange_rate,1992,107.231935567838
United Kingdom,GBR,Real effective exchange rate index (2010 = 100),PX.REX.REER,exchange_rate,1992,120.063109127051
Greece,GRC,Real effective exchange rate index (2010 = 100),PX.REX.REER,exchange_rate,1992,85.9925507827106
Italy,ITA,Real effective exchange rate index (2010 = 100),PX.REX.REER,exchange_rate,1992,116.372798894379
Saudi Arabia,SAU,Real effective exchange rate index (2010 = 100),PX.REX.REER,exchange_rate,1992,119.472396319116
United States,USA,Real effective exchange rate index (2010 = 100),PX.REX.REER,exchange_rate,1992,101.502222877518
Australia,AUS,Real effective exchange rate index (2010 = 100),PX.REX.REER,exchange_rate,1993,71.636007640738
Bahrain,BHR,Real effective exchange rate index (2010 = 100),PX.REX.REER,exchange_rate,1993,129.450360392126
Canada,CAN,Real effective exchange rate index (2010 = 100),PX.REX.REER,exchange_rate,1993,91.3562549433592
China,CHN,Real effective exchange rate index (2010 = 100),PX.REX.REER,exchange_rate,1993,89.5077341470627
Germany,DEU,Real effective exchange rate index (2010 = 100),PX.REX.REER,exchange_rate,1993,115.152625311774
France,FRA,Real effective exchange rate index (2010 = 100),PX.REX.REER,exchange_rate,1993,108.315719937318
United Kingdom,GBR,Real effective exchange rate index (2010 = 100),PX.REX.REER,exchange_rate,1993,108.47881373235
Greece,GRC,Real effective exchange rate index (2010 = 100),PX.REX.REER,exchange_rate,1993,86.5505233839817
Italy,ITA,Real effective exchange rate index (2010 = 100),PX.REX.REER,exchange_rate,1993,98.0126354694668
Saudi Arabia,SAU,Real effective exchange rate index (2010 = 100),PX.REX.REER,exchange_rate,1993,122.764890787109
United States,USA,Real effective exchange rate index (2010 = 100),PX.REX.REER,exchange_rate,1993,104.369750364349
Australia,AUS,Real effective exchange rate index (2010 = 100),PX.REX.REER,exchange_rate,1994,75.2151325194693
Bahrain,BHR,Real effective exchange rate index (2010 = 100),PX.REX.REER,exchange_rate,1994,125.290986666354
Canada,CAN,Real effective exchange rate index (2010 = 100),PX.REX.REER,exchange_rate,1994,83.4577951904916
China,CHN,Real effective exchange rate index (2010 = 100),PX.REX.REER,exchange_rate,1994,70.2142986752433
Germany,DEU,Real effective exchange rate index (2010 = 100),PX.REX.REER,exchange_rate,1994,115.931238802071
France,FRA,Real effective exchange rate index (2010 = 100),PX.REX.REER,exchange_rate,1994,108.073970510579
United Kingdom,GBR,Real effective exchange rate index (2010 = 100),PX.REX.REER,exchange_rate,1994,108.565024372222
Greece,GRC,Real effective exchange rate index (2010 = 100),PX.REX.REER,exchange_rate,1994,87.6212632744238
Italy,ITA,Real effective exchange rate index (2010 = 100),PX.REX.REER,exchange_rate,1994,95.6034641410202
Saudi Arabia,SAU,Real effective exchange rate index (2010 = 100),PX.REX.REER,exchange_rate,1994,118.430528260965
United States,USA,Real effective exchange rate index (2010 = 100),PX.REX.REER,exchange_rate,1994,103.903647019305
Australia,AUS,Real effective exchange rate index (2010 = 100),PX.REX.REER,exchange_rate,1995,73.5284464149082
Bahrain,BHR,Real effective exchange rate index (2010 = 100),PX.REX.REER,exchange_rate,1995,119.383478279263
Canada,CAN,Real effective exchange rate index (2010 = 100),PX.REX.REER,exchange_rate,1995,80.735772175889
China,CHN,Real effective exchange rate index (2010 = 100),PX.REX.REER,exchange_rate,1995,78.2290580274682
Germany,DEU,Real effective exchange rate index (2010 = 100),PX.REX.REER,exchange_rate,1995,121.152800276608
France,FRA,Real effective exchange rate index (2010 = 100),PX.REX.REER,exchange_rate,1995,111.040205834177
United Kingdom,GBR,Real effective exchange rate index (2010 = 100),PX.REX.REER,exchange_rate,1995,103.939709685122
Greece,GRC,Real effective exchange rate index (2010 = 100),PX.REX.REER,exchange_rate,1995,90.4687254850442
Italy,ITA,Real effective exchange rate index (2010 = 100),PX.REX.REER,exchange_rate,1995,89.1862785698184
Saudi Arabia,SAU,Real effective exchange rate index (2010 = 100),PX.REX.REER,exchange_rate,1995,114.776254533622
United States,USA,Real effective exchange rate index (2010 = 100),PX.REX.REER,exchange_rate,1995,100.457375764842
Australia,AUS,Real effective exchange rate index (2010 = 100),PX.REX.REER,exchange_rate,1996,80.3813656800586
Bahrain,BHR,Real effective exchange rate index (2010 = 100),PX.REX.REER,exchange_rate,1996,119.017531186959
Canada,CAN,Real effective exchange rate index (2010 = 100),PX.REX.REER,exchange_rate,1996,81.5739792163179
China,CHN,Real effective exchange rate index (2010 = 100),PX.REX.REER,exchange_rate,1996,86.032319706827
Germany,DEU,Real effective exchange rate index (2010 = 100),PX.REX.REER,exchange_rate,1996,116.736431183061
France,FRA,Real effective exchange rate index (2010 = 100),PX.REX.REER,exchange_rate,1996,110.512092498015
United Kingdom,GBR,Real effective exchange rate index (2010 = 100),PX.REX.REER,exchange_rate,1996,106.316612708043
Greece,GRC,Real effective exchange rate index (2010 = 100),PX.REX.REER,exchange_rate,1996,94.4214994750667
Italy,ITA,Real effective exchange rate index (2010 = 100),PX.REX.REER,exchange_rate,1996,99.1766571274617
Saudi Arabia,SAU,Real effective exchange rate index (2010 = 100),PX.REX.REER,exchange_rate,1996,117.062954717864
United States,USA,Real effective exchange rate index (2010 = 100),PX.REX.REER,exchange_rate,1996,103.548460165132
Australia,AUS,Real effective exchange rate index (2010 = 100),PX.REX.REER,exchange_rate,1997,79.9674105183691
Bahrain,BHR,Real effective exchange rate index (2010 = 100),PX.REX.REER,exchange_rate,1997,126.825916757803
Canada,CAN,Real effective exchange rate index (2010 = 100),PX.REX.REER,exchange_rate,1997,80.7906891111161
China,CHN,Real effective exchange rate index (2010 = 100),PX.REX.REER,exchange_rate,1997,92.6406700425545
Germany,DEU,Real effective exchange rate index (2010 = 100),PX.REX.REER,exchange_rate,1997,110.114222219004
France,FRA,Real effective exchange rate index (2010 = 100),PX.REX.REER,exchange_rate,1997,105.138127148302
United Kingdom,GBR,Real effective exchange rate index (2010 = 100),PX.REX.REER,exchange_rate,1997,123.166340896991
Greece,GRC,Real effective exchange rate index (2010 = 100),PX.REX.REER,exchange_rate,1997,94.1163652764689
Italy,ITA,Real effective exchange rate index (2010 = 100),PX.REX.REER,exchange_rate,1997,98.6812711990087
Saudi Arabia,SAU,Real effective exchange rate index (2010 = 100),PX.REX.REER,exchange_rate,1997,122.315802859084
United States,USA,Real effective exchange rate index (2010 = 100),PX.REX.REER,exchange_rate,1997,108.624410458402
Australia,AUS,Real effective exchange rate index (2010 = 100),PX.REX.REER,exchange_rate,1998,73.256820103094
Bahrain,BHR,Real effective exchange rate index (2010 = 100),PX.REX.REER,exchange_rate,1998,129.267671709871
Canada,CAN,Real effective exchange rate index (2010 = 100),PX.REX.REER,exchange_rate,1998,76.0945248467904
China,CHN,Real effective exchange rate index (2010 = 100),PX.REX.REER,exchange_rate,1998,97.4851225700367
Germany,DEU,Real effective exchange rate index (2010 = 100),PX.REX.REER,exchange_rate,1998,110.290983608275
France,FRA,Real effective exchange rate index (2010 = 100),PX.REX.REER,exchange_rate,1998,105.510263957946
United Kingdom,GBR,Real effective exchange rate index (2010 = 100),PX.REX.REER,exchange_rate,1998,129.089623567348
Greece,GRC,Real effective exchange rate index (2010 = 100),PX.REX.REER,exchange_rate,1998,91.4500161465127
Italy,ITA,Real effective exchange rate index (2010 = 100),PX.REX.REER,exchange_rate,1998,99.1544249159858
Saudi Arabia,SAU,Real effective exchange rate index (2010 = 100),PX.REX.REER,exchange_rate,1998,127.930070308535
United States,USA,Real effective exchange rate index (2010 = 100),PX.REX.REER,exchange_rate,1998,116.309755803476
Australia,AUS,Real effective exchange rate index (2010 = 100),PX.REX.REER,exchange_rate,1999,73.5098171800325
Bahrain,BHR,Real effective exchange rate index (2010 = 100),PX.REX.REER,exchange_rate,1999,125.535160683964
Canada,CAN,Real effective exchange rate index (2010 = 100),PX.REX.REER,exchange_rate,1999,75.1692605460693
China,CHN,Real effective exchange rate index (2010 = 100),PX.REX.REER,exchange_rate,1999,92.1826549329255
Germany,DEU,Real effective exchange rate index (2010 = 100),PX.REX.REER,exchange_rate,1999,106.817660673489
France,FRA,Real effective exchange rate index (2010 = 100),PX.REX.REER,exchange_rate,1999,102.428888847299
United Kingdom,GBR,Real effective exchange rate index (2010 = 100),PX.REX.REER,exchange_rate,1999,128.945786925388
Greece,GRC,Real effective exchange rate index (2010 = 100),PX.REX.REER,exchange_rate,1999,91.4269193893441
Italy,ITA,Real effective exchange rate index (2010 = 100),PX.REX.REER,exchange_rate,1999,97.8925163110039
Saudi Arabia,SAU,Real effective exchange rate index (2010 = 100),PX.REX.REER,exchange_rate,1999,122.583169424895
United States,USA,Real effective exchange rate index (2010 = 100),PX.REX.REER,exchange_rate,1999,115.175330301751
Australia,AUS,Real effective exchange rate index (2010 = 100),PX.REX.REER,exchange_rate,2000,70.4442304396678
Bahrain,BHR,Real effective exchange rate index (2010 = 100),PX.REX.REER,exchange_rate,2000,128.252627720407
Canada,CAN,Real effective exchange rate index (2010 = 100),PX.REX.REER,exchange_rate,2000,75.5375671441967
China,CHN,Real effective exchange rate index (2010 = 100),PX.REX.REER,exchange_rate,2000,92.1675736605722
Germany,DEU,Real effective exchange rate index (2010 = 100),PX.REX.REER,exchange_rate,2000,99.6117427408472
France,FRA,Real effective exchange rate index (2010 = 100),PX.REX.REER,exchange_rate,2000,96.9961651430906
United Kingdom,GBR,Real effective exchange rate index (2010 = 100),PX.REX.REER,exchange_rate,2000,130.256542031015
Greece,GRC,Real effective exchange rate index (2010 = 100),PX.REX.REER,exchange_rate,2000,85.1583562027973
Italy,ITA,Real effective exchange rate index (2010 = 100),PX.REX.REER,exchange_rate,2000,93.1002212745413
Saudi Arabia,SAU,Real effective exchange rate index (2010 = 100),PX.REX.REER,exchange_rate,2000,123.947275090115
United States,USA,Real effective exchange rate index (2010 = 100),PX.REX.REER,exchange_rate,2000,118.969363979504
Australia,AUS,Real effective exchange rate index (2010 = 100),PX.REX.REER,exchange_rate,2001,67.5695648527208
Bahrain,BHR,Real effective exchange rate index (2010 = 100),PX.REX.REER,exchange_rate,2001,131.961246518644
Canada,CAN,Real effective exchange rate index (2010 = 100),PX.REX.REER,exchange_rate,2001,73.3186610659997
China,CHN,Real effective exchange rate index (2010 = 100),PX.REX.REER,exchange_rate,2001,96.0971795361352
Germany,DEU,Real effective exchange rate index (2010 = 100),PX.REX.REER,exchange_rate,2001,99.6364464939522
France,FRA,Real effective exchange rate index (2010 = 100),PX.REX.REER,exchange_rate,2001,96.6858746894062
United Kingdom,GBR,Real effective exchange rate index (2010 = 100),PX.REX.REER,exchange_rate,2001,127.105937721438
Greece,GRC,Real effective exchange rate index (2010 = 100),PX.REX.REER,exchange_rate,2001,86.2167124359382
Italy,ITA,Real effective exchange rate index (2010 = 100),PX.REX.REER,exchange_rate,2001,94.4118765693948
Saudi Arabia,SAU,Real effective exchange rate index (2010 = 100),PX.REX.REER,exchange_rate,2001,125.890448114584
United States,USA,Real effective exchange rate index (2010 = 100),PX.REX.REER,exchange_rate,2001,125.63656390646
Australia,AUS,Real effective exchange rate index (2010 = 100),PX.REX.REER,exchange_rate,2002,70.8600890877811
Bahrain,BHR,Real effective exchange rate index (2010 = 100),PX.REX.REER,exchange_rate,2002,135.184914737905
Canada,CAN,Real effective exchange rate index (2010 = 100),PX.REX.REER,exchange_rate,2002,72.6783556407601
China,CHN,Real effective exchange rate index (2010 = 100),PX.REX.REER,exchange_rate,2002,93.9941539602139
Germany,DEU,Real effective exchange rate index (2010 = 100),PX.REX.REER,exchange_rate,2002,100.693371864789
France,FRA,Real effective exchange rate index (2010 = 100),PX.REX.REER,exchange_rate,2002,98.2893360785615
United Kingdom,GBR,Real effective exchange rate index (2010 = 100),PX.REX.REER,exchange_rate,2002,128.004543838478
Greece,GRC,Real effective exchange rate index (2010 = 100),PX.REX.REER,exchange_rate,2002,88.8594810136268
Italy,ITA,Real effective exchange rate index (2010 = 100),PX.REX.REER,exchange_rate,2002,96.7094577817723
Saudi Arabia,SAU,Real effective exchange rate index (2010 = 100),PX.REX.REER,exchange_rate,2002,122.309040984527
United States,USA,Real effective exchange rate index (2010 = 100),PX.REX.REER,exchange_rate,2002,125.423335561389
Australia,AUS,Real effective exchange rate index (2010 = 100),PX.REX.REER,exchange_rate,2003,79.3713139078405
Bahrain,BHR,Real effective exchange rate index (2010 = 100),PX.REX.REER,exchange_rate,2003,125.046680753461
Canada,CAN,Real effective exchange rate index (2010 = 100),PX.REX.REER,exchange_rate,2003,80.8569761813142
China,CHN,Real effective exchange rate index (2010 = 100),PX.REX.REER,exchange_rate,2003,88.0205028997858
Germany,DEU,Real effective exchange rate index (2010 = 100),PX.REX.REER,exchange_rate,2003,106.05682417872
France,FRA,Real effective exchange rate index (2010 = 100),PX.REX.REER,exchange_rate,2003,103.66787166818
United Kingdom,GBR,Real effective exchange rate index (2010 = 100),PX.REX.REER,exchange_rate,2003,122.782279658608
Greece,GRC,Real effective exchange rate index (2010 = 100),PX.REX.REER,exchange_rate,2003,94.7083147412155
Italy,ITA,Real effective exchange rate index (2010 = 100),PX.REX.REER,exchange_rate,2003,102.78706880323
Saudi Arabia,SAU,Real effective exchange rate index (2010 = 100),PX.REX.REER,exchange_rate,2003,112.301585516505
United States,USA,Real effective exchange rate index (2010 = 100),PX.REX.REER,exchange_rate,2003,117.701052873655
Australia,AUS,Real effective exchange rate index (2010 = 100),PX.REX.REER,exchange_rate,2004,85.4220455748204
Bahrain,BHR,Real effective exchange rate index (2010 = 100),PX.REX.REER,exchange_rate,2004,114.599676681712
Canada,CAN,Real effective exchange rate index (2010 = 100),PX.REX.REER,exchange_rate,2004,85.3157705145083
China,CHN,Real effective exchange rate index (2010 = 100),PX.REX.REER,exchange_rate,2004,85.6048425446005
Germany,DEU,Real effective exchange rate index (2010 = 100),PX.REX.REER,exchange_rate,2004,107.52437590067
France,FRA,Real effective exchange rate index (2010 = 100),PX.REX.REER,exchange_rate,2004,105.413755773844
United Kingdom,GBR,Real effective exchange rate index (2010 = 100),PX.REX.REER,exchange_rate,2004,127.550637679756
Greece,GRC,Real effective exchange rate index (2010 = 100),PX.REX.REER,exchange_rate,2004,96.2960771218705
Italy,ITA,Real effective exchange rate index (2010 = 100),PX.REX.REER,exchange_rate,2004,104.504941757888
Saudi Arabia,SAU,Real effective exchange rate index (2010 = 100),PX.REX.REER,exchange_rate,2004,104.648126672379
United States,USA,Real effective exchange rate index (2010 = 100),PX.REX.REER,exchange_rate,2004,112.22703580483
Australia,AUS,Real effective exchange rate index (2010 = 100),PX.REX.REER,exchange_rate,2005,87.9653029435395
Bahrain,BHR,Real effective exchange rate index (2010 = 100),PX.REX.REER,exchange_rate,2005,108.872162763188
Canada,CAN,Real effective exchange rate index (2010 = 100),PX.REX.REER,exchange_rate,2005,90.4199008903329
China,CHN,Real effective exchange rate index (2010 = 100),PX.REX.REER,exchange_rate,2005,84.7065714848337
Germany,DEU,Real effective exchange rate index (2010 = 100),PX.REX.REER,exchange_rate,2005,105.113273412166
France,FRA,Real effective exchange rate index (2010 = 100),PX.REX.REER,exchange_rate,2005,103.924265562568
United Kingdom,GBR,Real effective exchange rate index (2010 = 100),PX.REX.REER,exchange_rate,2005,125.251977106755
Greece,GRC,Real effective exchange rate index (2010 = 100),PX.REX.REER,exchange_rate,2005,96.0924038280014
Italy,ITA,Real effective exchange rate index (2010 = 100),PX.REX.REER,exchange_rate,2005,102.722206594922
Saudi Arabia,SAU,Real effective exchange rate index (2010 = 100),PX.REX.REER,exchange_rate,2005,101.378454651734
United States,USA,Real effective exchange rate index (2010 = 100),PX.REX.REER,exchange_rate,2005,110.688608732034
Australia,AUS,Real effective exchange rate index (2010 = 100),PX.REX.REER,exchange_rate,2006,87.239874588495
Bahrain,BHR,Real effective exchange rate index (2010 = 100),PX.REX.REER,exchange_rate,2006,111.705399339844
Canada,CAN,Real effective exchange rate index (2010 = 100),PX.REX.REER,exchange_rate,2006,95.4030342575784
China,CHN,Real effective exchange rate index (2010 = 100),PX.REX.REER,exchange_rate,2006,86.0337830716584
Germany,DEU,Real effective exchange rate index (2010 = 100),PX.REX.REER,exchange_rate,2006,104.141922440445
France,FRA,Real effective exchange rate index (2010 = 100),PX.REX.REER,exchange_rate,2006,103.244750099666
United Kingdom,GBR,Real effective exchange rate index (2010 = 100),PX.REX.REER,exchange_rate,2006,125.98807979992
Greece,GRC,Real effective exchange rate index (2010 = 100),PX.REX.REER,exchange_rate,2006,96.6470443107287
Italy,ITA,Real effective exchange rate index (2010 = 100),PX.REX.REER,exchange_rate,2006,102.325046001305
Saudi Arabia,SAU,Real effective exchange rate index (2010 = 100),PX.REX.REER,exchange_rate,2006,99.5118783242126
United States,USA,Real effective exchange rate index (2010 = 100),PX.REX.REER,exchange_rate,2006,109.751444376983
Australia,AUS,Real effective exchange rate index (2010 = 100),PX.REX.REER,exchange_rate,2007,92.3333470254777
Bahrain,BHR,Real effective exchange rate index (2010 = 100),PX.REX.REER,exchange_rate,2007,104.924627681372
Canada,CAN,Real effective exchange rate index (2010 = 100),PX.REX.REER,exchange_rate,2007,98.5148994437694
China,CHN,Real effective exchange rate index (2010 = 100),PX.REX.REER,exchange_rate,2007,89.1885550423734
Germany,DEU,Real effective exchange rate index (2010 = 100),PX.REX.REER,exchange_rate,2007,105.676481951507
France,FRA,Real effective exchange rate index (2010 = 100),PX.REX.REER,exchange_rate,2007,103.784420394046
United Kingdom,GBR,Real effective exchange rate index (2010 = 100),PX.REX.REER,exchange_rate,2007,128.12296254508
Greece,GRC,Real effective exchange rate index (2010 = 100),PX.REX.REER,exchange_rate,2007,97.8931501762818
Italy,ITA,Real effective exchange rate index (2010 = 100),PX.REX.REER,exchange_rate,2007,102.982425977609
Saudi Arabia,SAU,Real effective exchange rate index (2010 = 100),PX.REX.REER,exchange_rate,2007,96.5004303973391
United States,USA,Real effective exchange rate index (2010 = 100),PX.REX.REER,exchange_rate,2007,104.790008529589
Australia,AUS,Real effective exchange rate index (2010 = 100),PX.REX.REER,exchange_rate,2008,90.3741744859522
Bahrain,BHR,Real effective exchange rate index (2010 = 100),PX.REX.REER,exchange_rate,2008,97.631287111854
Canada,CAN,Real effective exchange rate index (2010 = 100),PX.REX.REER,exchange_rate,2008,95.9081050493268
China,CHN,Real effective exchange rate index (2010 = 100),PX.REX.REER,exchange_rate,2008,96.8298184002403
Germany,DEU,Real effective exchange rate index (2010 = 100),PX.REX.REER,exchange_rate,2008,105.760381053813
France,FRA,Real effective exchange rate index (2010 = 100),PX.REX.REER,exchange_rate,2008,104.373799891058
United Kingdom,GBR,Real effective exchange rate index (2010 = 100),PX.REX.REER,exchange_rate,2008,111.600391073875
Greece,GRC,Real effective exchange rate index (2010 = 100),PX.REX.REER,exchange_rate,2008,99.4643051347734
Italy,ITA,Real effective exchange rate index (2010 = 100),PX.REX.REER,exchange_rate,2008,103.805678556479
Saudi Arabia,SAU,Real effective exchange rate index (2010 = 100),PX.REX.REER,exchange_rate,2008,94.1569784391617
United States,USA,Real effective exchange rate index (2010 = 100),PX.REX.REER,exchange_rate,2008,100.307558261519
Australia,AUS,Real effective exchange rate index (2010 = 100),PX.REX.REER,exchange_rate,2009,87.5934334377878
Bahrain,BHR,Real effective exchange rate index (2010 = 100),PX.REX.REER,exchange_rate,2009,102.147196699697
Canada,CAN,Real effective exchange rate index (2010 = 100),PX.REX.REER,exchange_rate,2009,91.4748093439814
China,CHN,Real effective exchange rate index (2010 = 100),PX.REX.REER,exchange_rate,2009,100.883213666495
Germany,DEU,Real effective exchange rate index (2010 = 100),PX.REX.REER,exchange_rate,2009,106.338837043081
France,FRA,Real effective exchange rate index (2010 = 100),PX.REX.REER,exchange_rate,2009,104.416829262384
United Kingdom,GBR,Real effective exchange rate index (2010 = 100),PX.REX.REER,exchange_rate,2009,100.139399406963
Greece,GRC,Real effective exchange rate index (2010 = 100),PX.REX.REER,exchange_rate,2009,100.772658502184
Italy,ITA,Real effective exchange rate index (2010 = 100),PX.REX.REER,exchange_rate,2009,104.935664610865
Saudi Arabia,SAU,Real effective exchange rate index (2010 = 100),PX.REX.REER,exchange_rate,2009,100.522168791456
United States,USA,Real effective exchange rate index (2010 = 100),PX.REX.REER,exchange_rate,2009,104.543021449134
Australia,AUS,Real effective exchange rate index (2010 = 100),PX.REX.REER,exchange_rate,2010,100.0
Bahrain,BHR,Real effective exchange rate index (2010 = 100),PX.REX.REER,exchange_rate,2010,100.0
Canada,CAN,Real effective exchange rate index (2010 = 100),PX.REX.REER,exchange_rate,2010,100.0
China,CHN,Real effective exchange rate index (2010 = 100),PX.REX.REER,exchange_rate,2010,100.0
Germany,DEU,Real effective exchange rate index (2010 = 100),PX.REX.REER,exchange_rate,2010,99.9999999999999
France,FRA,Real effective exchange rate index (2010 = 100),PX.REX.REER,exchange_rate,2010,100.0
United Kingdom,GBR,Real effective exchange rate index (2010 = 100),PX.REX.REER,exchange_rate,2010,99.9999999999999
Greece,GRC,Real effective exchange rate index (2010 = 100),PX.REX.REER,exchange_rate,2010,99.9999999999999
Italy,ITA,Real effective exchange rate index (2010 = 100),PX.REX.REER,exchange_rate,2010,100.0
Saudi Arabia,SAU,Real effective exchange rate index (2010 = 100),PX.REX.REER,exchange_rate,2010,100.0
United States,USA,Real effective exchange rate index (2010 = 100),PX.REX.REER,exchange_rate,2010,100.0
Australia,AUS,Real effective exchange rate index (2010 = 100),PX.REX.REER,exchange_rate,2011,106.963712401072
Bahrain,BHR,Real effective exchange rate index (2010 = 100),PX.REX.REER,exchange_rate,2011,93.3233873346997
Canada,CAN,Real effective exchange rate index (2010 = 100),PX.REX.REER,exchange_rate,2011,101.641884975139
China,CHN,Real effective exchange rate index (2010 = 100),PX.REX.REER,exchange_rate,2011,102.840824169933
Germany,DEU,Real effective exchange rate index (2010 = 100),PX.REX.REER,exchange_rate,2011,98.9534912058027
France,FRA,Real effective exchange rate index (2010 = 100),PX.REX.REER,exchange_rate,2011,99.263168349455
United Kingdom,GBR,Real effective exchange rate index (2010 = 100),PX.REX.REER,exchange_rate,2011,99.9115263730598
Greece,GRC,Real effective exchange rate index (2010 = 100),PX.REX.REER,exchange_rate,2011,100.725849852283
Italy,ITA,Real effective exchange rate index (2010 = 100),PX.REX.REER,exchange_rate,2011,99.9254988392588
Saudi Arabia,SAU,Real effective exchange rate index (2010 = 100),PX.REX.REER,exchange_rate,2011,96.6078925380212
United States,USA,Real effective exchange rate index (2010 = 100),PX.REX.REER,exchange_rate,2011,95.0874734816703
Australia,AUS,Real effective exchange rate index (2010 = 100),PX.REX.REER,exchange_rate,2012,109.023245858131
Bahrain,BHR,Real effective exchange rate index (2010 = 100),PX.REX.REER,exchange_rate,2012,95.9516952468467
Canada,CAN,Real effective exchange rate index (2010 = 100),PX.REX.REER,exchange_rate,2012,101.162300785218
China,CHN,Real effective exchange rate index (2010 = 100),PX.REX.REER,exchange_rate,2012,108.887002336216
Germany,DEU,Real effective exchange rate index (2010 = 100),PX.REX.REER,exchange_rate,2012,95.3246001905894
France,FRA,Real effective exchange rate index (2010 = 100),PX.REX.REER,exchange_rate,2012,96.0952165762919
United Kingdom,GBR,Real effective exchange rate index (2010 = 100),PX.REX.REER,exchange_rate,2012,103.536510963066
Greece,GRC,Real effective exchange rate index (2010 = 100),PX.REX.REER,exchange_rate,2012,97.4917795326544
Italy,ITA,Real effective exchange rate index (2010 = 100),PX.REX.REER,exchange_rate,2012,97.8517248333379
Saudi Arabia,SAU,Real effective exchange rate index (2010 = 100),PX.REX.REER,exchange_rate,2012,99.3878251205522
United States,USA,Real effective exchange rate index (2010 = 100),PX.REX.REER,exchange_rate,2012,97.4818933906182
Australia,AUS,Real effective exchange rate index (2010 = 100),PX.REX.REER,exchange_rate,2013,103.475469214371
Bahrain,BHR,Real effective exchange rate index (2010 = 100),PX.REX.REER,exchange_rate,2013,97.8205656014313
Canada,CAN,Real effective exchange rate index (2010 = 100),PX.REX.REER,exchange_rate,2013,97.5416806900049
China,CHN,Real effective exchange rate index (2010 = 100),PX.REX.REER,exchange_rate,2013,114.810440938741
Germany,DEU,Real effective exchange rate index (2010 = 100),PX.REX.REER,exchange_rate,2013,97.6467189010118
France,FRA,Real effective exchange rate index (2010 = 100),PX.REX.REER,exchange_rate,2013,97.3727480526189
United Kingdom,GBR,Real effective exchange rate index (2010 = 100),PX.REX.REER,exchange_rate,2013,102.141020606512
Greece,GRC,Real effective exchange rate index (2010 = 100),PX.REX.REER,exchange_rate,2013,96.4607385343488
Italy,ITA,Real effective exchange rate index (2010 = 100),PX.REX.REER,exchange_rate,2013,99.5465420095703
Saudi Arabia,SAU,Real effective exchange rate index (2010 = 100),PX.REX.REER,exchange_rate,2013,101.617988042209
United States,USA,Real effective exchange rate index (2010 = 100),PX.REX.REER,exchange_rate,2013,97.6106052417747
Australia,AUS,Real effective exchange rate index (2010 = 100),PX.REX.REER,exchange_rate,2014,98.340757109951
Bahrain,BHR,Real effective exchange rate index (2010 = 100),PX.REX.REER,exchange_rate,2014,99.0627052513993
Canada,CAN,Real effective exchange rate index (2010 = 100),PX.REX.REER,exchange_rate,2014,91.5171680081929
China,CHN,Real effective exchange rate index (2010 = 100),PX.REX.REER,exchange_rate,2014,118.434932696757
Germany,DEU,Real effective exchange rate index (2010 = 100),PX.REX.REER,exchange_rate,2014,98.2748265738675
France,FRA,Real effective exchange rate index (2010 = 100),PX.REX.REER,exchange_rate,2014,97.3564683336898
United Kingdom,GBR,Real effective exchange rate index (2010 = 100),PX.REX.REER,exchange_rate,2014,108.751370150057
Greece,GRC,Real effective exchange rate index (2010 = 100),PX.REX.REER,exchange_rate,2014,94.788827734785
Italy,ITA,Real effective exchange rate index (2010 = 100),PX.REX.REER,exchange_rate,2014,99.3446605743153
Saudi Arabia,SAU,Real effective exchange rate index (2010 = 100),PX.REX.REER,exchange_rate,2014,103.790987744944
United States,USA,Real effective exchange rate index (2010 = 100),PX.REX.REER,exchange_rate,2014,99.2042982625585
Australia,AUS,Real effective exchange rate index (2010 = 100),PX.REX.REER,exchange_rate,2015,89.8198980719344
Bahrain,BHR,Real effective exchange rate index (2010 = 100),PX.REX.REER,exchange_rate,2015,105.761657364824
Canada,CAN,Real effective exchange rate index (2010 = 100),PX.REX.REER,exchange_rate,2015,83.1854465963242
China,CHN,Real effective exchange rate index (2010 = 100),PX.REX.REER,exchange_rate,2015,129.95720059254
Germany,DEU,Real effective exchange rate index (2010 = 100),PX.REX.REER,exchange_rate,2015,92.4708405590837
France,FRA,Real effective exchange rate index (2010 = 100),PX.REX.REER,exchange_rate,2015,92.031764080037
United Kingdom,GBR,Real effective exchange rate index (2010 = 100),PX.REX.REER,exchange_rate,2015,113.724833704934
Greece,GRC,Real effective exchange rate index (2010 = 100),PX.REX.REER,exchange_rate,2015,89.2360245058807
Italy,ITA,Real effective exchange rate index (2010 = 100),PX.REX.REER,exchange_rate,2015,93.7933248440027
Saudi Arabia,SAU,Real effective exchange rate index (2010 = 100),PX.REX.REER,exchange_rate,2015,113.48323632978
United States,USA,Real effective exchange rate index (2010 = 100),PX.REX.REER,exchange_rate,2015,109.838718091848
Australia,AUS,Real effective exchange rate index (2010 = 100),PX.REX.REER,exchange_rate,2016,91.0016939062488
Bahrain,BHR,Real effective exchange rate index (2010 = 100),PX.REX.REER,exchange_rate,2016,108.98186657582
Canada,CAN,Real effective exchange rate index (2010 = 100),PX.REX.REER,exchange_rate,2016,81.6296738840544
China,CHN,Real effective exchange rate index (2010 = 100),PX.REX.REER,exchange_rate,2016,123.799021613572
Germany,DEU,Real effective exchange rate index (2010 = 100),PX.REX.REER,exchange_rate,2016,94.0630173746557
France,FRA,Real effective exchange rate index (2010 = 100),PX.REX.REER,exchange_rate,2016,93.0077153016663
United Kingdom,GBR,Real effective exchange rate index (2010 = 100),PX.REX.REER,exchange_rate,2016,102.480200416904
Greece,GRC,Real effective exchange rate index (2010 = 100),PX.REX.REER,exchange_rate,2016,89.4531285578949
Italy,ITA,Real effective exchange rate index (2010 = 100),PX.REX.REER,exchange_rate,2016,94.624701905068
Saudi Arabia,SAU,Real effective exchange rate index (2010 = 100),PX.REX.REER,exchange_rate,2016,117.159284454769
United States,USA,Real effective exchange rate index (2010 = 100),PX.REX.REER,exchange_rate,2016,114.531371490463
Australia,AUS,Real effective exchange rate index (2010 = 100),PX.REX.REER,exchange_rate,2017,93.7821941909945
Bahrain,BHR,Real effective exchange rate index (2010 = 100),PX.REX.REER,exchange_rate,2017,109.474716613637
Canada,CAN,Real effective exchange rate index (2010 = 100),PX.REX.REER,exchange_rate,2017,82.861841086802
China,CHN,Real effective exchange rate index (2010 = 100),PX.REX.REER,exchange_rate,2017,120.208002000555
Germany,DEU,Real effective exchange rate index (2010 = 100),PX.REX.REER,exchange_rate,2017,94.8952199262048
France,FRA,Real effective exchange rate index (2010 = 100),PX.REX.REER,exchange_rate,2017,93.5006232145984
United Kingdom,GBR,Real effective exchange rate index (2010 = 100),PX.REX.REER,exchange_rate,2017,97.2944162327363
Greece,GRC,Real effective exchange rate index (2010 = 100),PX.REX.REER,exchange_rate,2017,89.8809134233803
Italy,ITA,Real effective exchange rate index (2010 = 100),PX.REX.REER,exchange_rate,2017,95.4177618911688
Saudi Arabia,SAU,Real effective exchange rate index (2010 = 100),PX.REX.REER,exchange_rate,2017,114.825606772496
United States,USA,Real effective exchange rate index (2010 = 100),PX.REX.REER,exchange_rate,2017,114.330003458922
Australia,AUS,Real effective exchange rate index (2010 = 100),PX.REX.REER,exchange_rate,2018,89.9642679697642
Bahrain,BHR,Real effective exchange rate index (2010 = 100),PX.REX.REER,exchange_rate,2018,108.390642401017
Canada,CAN,Real effective exchange rate index (2010 = 100),PX.REX.REER,exchange_rate,2018,82.3403764892998
China,CHN,Real effective exchange rate index (2010 = 100),PX.REX.REER,exchange_rate,2018,121.679585572893
Germany,DEU,Real effective exchange rate index (2010 = 100),PX.REX.REER,exchange_rate,2018,97.013263901937
France,FRA,Real effective exchange rate index (2010 = 100),PX.REX.REER,exchange_rate,2018,95.5502149924322
United Kingdom,GBR,Real effective exchange rate index (2010 = 100),PX.REX.REER,exchange_rate,2018,98.9866449244651
Greece,GRC,Real effective exchange rate index (2010 = 100),PX.REX.REER,exchange_rate,2018,90.4082992149922
Italy,ITA,Real effective exchange rate index (2010 = 100),PX.REX.REER,exchange_rate,2018,96.8726343036776
Saudi Arabia,SAU,Real effective exchange rate index (2010 = 100),PX.REX.REER,exchange_rate,2018,113.856640629547
United States,USA,Real effective exchange rate index (2010 = 100),PX.REX.REER,exchange_rate,2018,113.155364873356
Australia,AUS,Real effective exchange rate index (2010 = 100),PX.REX.REER,exchange_rate,2019,86.0251557438463
Bahrain,BHR,Real effective exchange rate index (2010 = 100),PX.REX.REER,exchange_rate,2019,110.614593715656
Canada,CAN,Real effective exchange rate index (2010 = 100),PX.REX.REER,exchange_rate,2019,81.5961581645571
China,CHN,Real effective exchange rate index (2010 = 100),PX.REX.REER,exchange_rate,2019,120.957398898817
Germany,DEU,Real effective exchange rate index (2010 = 100),PX.REX.REER,exchange_rate,2019,95.4134918324131
France,FRA,Real effective exchange rate index (2010 = 100),PX.REX.REER,exchange_rate,2019,93.8558393193389
United Kingdom,GBR,Real effective exchange rate index (2010 = 100),PX.REX.REER,exchange_rate,2019,98.5110469715483
Greece,GRC,Real effective exchange rate index (2010 = 100),PX.REX.REER,exchange_rate,2019,88.6100089927725
Italy,ITA,Real effective exchange rate index (2010 = 100),PX.REX.REER,exchange_rate,2019,94.5042183045506
Saudi Arabia,SAU,Real effective exchange rate index (2010 = 100),PX.REX.REER,exchange_rate,2019,113.837301835059
United States,USA,Real effective exchange rate index (2010 = 100),PX.REX.REER,exchange_rate,2019,116.341572079931
Australia,AUS,Real effective exchange rate index (2010 = 100),PX.REX.REER,exchange_rate,2020,85.3255473928114
Bahrain,BHR,Real effective exchange rate index (2010 = 100),PX.REX.REER,exchange_rate,2020,107.059638734836
Canada,CAN,Real effective exchange rate index (2010 = 100),PX.REX.REER,exchange_rate,2020,80.7213249987492
China,CHN,Real effective exchange rate index (2010 = 100),PX.REX.REER,exchange_rate,2020,123.407684762158
Germany,DEU,Real effective exchange rate index (2010 = 100),PX.REX.REER,exchange_rate,2020,96.2889493399605
France,FRA,Real effective exchange rate index (2010 = 100),PX.REX.REER,exchange_rate,2020,94.8959862011926
United Kingdom,GBR,Real effective exchange rate index (2010 = 100),PX.REX.REER,exchange_rate,2020,98.7017651378779
Greece,GRC,Real effective exchange rate index (2010 = 100),PX.REX.REER,exchange_rate,2020,88.2171942721101
Italy,ITA,Real effective exchange rate index (2010 = 100),PX.REX.REER,exchange_rate,2020,95.0146231388646
Saudi Arabia,SAU,Real effective exchange rate index (2010 = 100),PX.REX.REER,exchange_rate,2020,116.620708339366
United States,USA,Real effective exchange rate index (2010 = 100),PX.REX.REER,exchange_rate,2020,117.897291311786
Australia,AUS,Real effective exchange rate index (2010 = 100),PX.REX.REER,exchange_rate,2021,90.5339252889702
Bahrain,BHR,Real effective exchange rate index (2010 = 100),PX.REX.REER,exchange_rate,2021,102.215044720297
Canada,CAN,Real effective exchange rate index (2010 = 100),PX.REX.REER,exchange_rate,2021,84.6676168620823
China,CHN,Real effective exchange rate index (2010 = 100),PX.REX.REER,exchange_rate,2021,127.222435048548
Germany,DEU,Real effective exchange rate index (2010 = 100),PX.REX.REER,exchange_rate,2021,97.1108471166708
France,FRA,Real effective exchange rate index (2010 = 100),PX.REX.REER,exchange_rate,2021,94.4029725102114
United Kingdom,GBR,Real effective exchange rate index (2010 = 100),PX.REX.REER,exchange_rate,2021,102.571838519256
Greece,GRC,Real effective exchange rate index (2010 = 100),PX.REX.REER,exchange_rate,2021,87.5982314965337
Italy,ITA,Real effective exchange rate index (2010 = 100),PX.REX.REER,exchange_rate,2021,94.8784736740814
Saudi Arabia,SAU,Real effective exchange rate index (2010 = 100),PX.REX.REER,exchange_rate,2021,114.428893985382
United States,USA,Real effective exchange rate index (2010 = 100),PX.REX.REER,exchange_rate,2021,115.574606180116
Australia,AUS,Real effective exchange rate index (2010 = 100),PX.REX.REER,exchange_rate,2022,91.1015045447196
Bahrain,BHR,Real effective exchange rate index (2010 = 100),PX.REX.REER,exchange_rate,2022,106.503019795442
Canada,CAN,Real effective exchange rate index (2010 = 100),PX.REX.REER,exchange_rate,2022,84.0629800968054
China,CHN,Real effective exchange rate index (2010 = 100),PX.REX.REER,exchange_rate,2022,125.861860039735
Germany,DEU,Real effective exchange rate index (2010 = 100),PX.REX.REER,exchange_rate,2022,93.698671724141
France,FRA,Real effective exchange rate index (2010 = 100),PX.REX.REER,exchange_rate,2022,90.0908847055854
United Kingdom,GBR,Real effective exchange rate index (2010 = 100),PX.REX.REER,exchange_rate,2022,101.161529422632
Greece,GRC,Real effective exchange rate index (2010 = 100),PX.REX.REER,exchange_rate,2022,87.5146567565553
Italy,ITA,Real effective exchange rate index (2010 = 100),PX.REX.REER,exchange_rate,2022,93.0911958696886
Saudi Arabia,SAU,Real effective exchange rate index (2010 = 100),PX.REX.REER,exchange_rate,2022,119.120345346805
United States,USA,Real effective exchange rate index (2010 = 100),PX.REX.REER,exchange_rate,2022,126.571053112815
Australia,AUS,Real effective exchange rate index (2010 = 100),PX.REX.REER,exchange_rate,2023,90.3634784248967
Bahrain,BHR,Real effective exchange rate index (2010 = 100),PX.REX.REER,exchange_rate,2023,104.318412878965
Canada,CAN,Real effective exchange rate index (2010 = 100),PX.REX.REER,exchange_rate,2023,81.1159967562601
China,CHN,Real effective exchange rate index (2010 = 100),PX.REX.REER,exchange_rate,2023,115.882131197704
Germany,DEU,Real effective exchange rate index (2010 = 100),PX.REX.REER,exchange_rate,2023,97.0817032682951
France,FRA,Real effective exchange rate index (2010 = 100),PX.REX.REER,exchange_rate,2023,91.9730898264038
United Kingdom,GBR,Real effective exchange rate index (2010 = 100),PX.REX.REER,exchange_rate,2023,103.838381521866
Greece,GRC,Real effective exchange rate index (2010 = 100),PX.REX.REER,exchange_rate,2023,87.3824817641475
Italy,ITA,Real effective exchange rate index (2010 = 100),PX.REX.REER,exchange_rate,2023,95.9722554503086
Saudi Arabia,SAU,Real effective exchange rate index (2010 = 100),PX.REX.REER,exchange_rate,2023,119.869252250316
United States,USA,Real effective exchange rate index (2010 = 100),PX.REX.REER,exchange_rate,2023,127.452671881985
Australia,AUS,Real effective exchange rate index (2010 = 100),PX.REX.REER,exchange_rate,2024,92.0521177434243
Bahrain,BHR,Real effective exchange rate index (2010 = 100),PX.REX.REER,exchange_rate,2024,103.83312557289
Canada,CAN,Real effective exchange rate index (2010 = 100),PX.REX.REER,exchange_rate,2024,80.3849068646693
China,CHN,Real effective exchange rate index (2010 = 100),PX.REX.REER,exchange_rate,2024,113.019052393098
Germany,DEU,Real effective exchange rate index (2010 = 100),PX.REX.REER,exchange_rate,2024,97.4319453912329
France,FRA,Real effective exchange rate index (2010 = 100),PX.REX.REER,exchange_rate,2024,91.9420074868268
United Kingdom,GBR,Real effective exchange rate index (2010 = 100),PX.REX.REER,exchange_rate,2024,108.301859810682
Greece,GRC,Real effective exchange rate index (2010 = 100),PX.REX.REER,exchange_rate,2024,87.2555555077129
Italy,ITA,Real effective exchange rate index (2010 = 100),PX.REX.REER,exchange_rate,2024,94.9723474108946
Saudi Arabia,SAU,Real effective exchange rate index (2010 = 100),PX.REX.REER,exchange_rate,2024,120.514281325502
United States,USA,Real effective exchange rate index (2010 = 100),PX.REX.REER,exchange_rate,2024,130.540697505451
Australia,AUS,Real effective exchange rate index (2010 = 100),PX.REX.REER,exchange_rate,2025,89.8385776635022
Bahrain,BHR,Real effective exchange rate index (2010 = 100),PX.REX.REER,exchange_rate,2025,101.188745455151
Canada,CAN,Real effective exchange rate index (2010 = 100),PX.REX.REER,exchange_rate,2025,78.2367875791673
China,CHN,Real effective exchange rate index (2010 = 100),PX.REX.REER,exchange_rate,2025,109.01812504271
Germany,DEU,Real effective exchange rate index (2010 = 100),PX.REX.REER,exchange_rate,2025,98.7923953967672
France,FRA,Real effective exchange rate index (2010 = 100),PX.REX.REER,exchange_rate,2025,91.9280975790243
United Kingdom,GBR,Real effective exchange rate index (2010 = 100),PX.REX.REER,exchange_rate,2025,110.63485674586
Greece,GRC,Real effective exchange rate index (2010 = 100),PX.REX.REER,exchange_rate,2025,88.0109950903036
Italy,ITA,Real effective exchange rate index (2010 = 100),PX.REX.REER,exchange_rate,2025,95.5536236978831
Saudi Arabia,SAU,Real effective exchange rate index (2010 = 100),PX.REX.REER,exchange_rate,2025,119.611129519823
United States,USA,Real effective exchange rate index (2010 = 100),PX.REX.REER,exchange_rate,2025,130.982082386953
European Union,EUU,"Tariff rate, applied, weighted mean, all products (%)",TM.TAX.MRCH.WM.AR.ZS,tariff,1988,3.59
Canada,CAN,"Tariff rate, applied, weighted mean, all products (%)",TM.TAX.MRCH.WM.AR.ZS,tariff,1989,7.02
European Union,EUU,"Tariff rate, applied, weighted mean, all products (%)",TM.TAX.MRCH.WM.AR.ZS,tariff,1989,3.77
United States,USA,"Tariff rate, applied, weighted mean, all products (%)",TM.TAX.MRCH.WM.AR.ZS,tariff,1989,3.91
European Union,EUU,"Tariff rate, applied, weighted mean, all products (%)",TM.TAX.MRCH.WM.AR.ZS,tariff,1990,4.8
India,IND,"Tariff rate, applied, weighted mean, all products (%)",TM.TAX.MRCH.WM.AR.ZS,tariff,1990,56.36
United States,USA,"Tariff rate, applied, weighted mean, all products (%)",TM.TAX.MRCH.WM.AR.ZS,tariff,1990,3.92
Australia,AUS,"Tariff rate, applied, weighted mean, all products (%)",TM.TAX.MRCH.WM.AR.ZS,tariff,1991,18.56
European Union,EUU,"Tariff rate, applied, weighted mean, all products (%)",TM.TAX.MRCH.WM.AR.ZS,tariff,1991,4.5
United States,USA,"Tariff rate, applied, weighted mean, all products (%)",TM.TAX.MRCH.WM.AR.ZS,tariff,1991,3.95
China,CHN,"Tariff rate, applied, weighted mean, all products (%)",TM.TAX.MRCH.WM.AR.ZS,tariff,1992,32.17
European Union,EUU,"Tariff rate, applied, weighted mean, all products (%)",TM.TAX.MRCH.WM.AR.ZS,tariff,1992,4.18
India,IND,"Tariff rate, applied, weighted mean, all products (%)",TM.TAX.MRCH.WM.AR.ZS,tariff,1992,27.01
Oman,OMN,"Tariff rate, applied, weighted mean, all products (%)",TM.TAX.MRCH.WM.AR.ZS,tariff,1992,7.43
United States,USA,"Tariff rate, applied, weighted mean, all products (%)",TM.TAX.MRCH.WM.AR.ZS,tariff,1992,3.95
Australia,AUS,"Tariff rate, applied, weighted mean, all products (%)",TM.TAX.MRCH.WM.AR.ZS,tariff,1993,9.75
Canada,CAN,"Tariff rate, applied, weighted mean, all products (%)",TM.TAX.MRCH.WM.AR.ZS,tariff,1993,3.59
China,CHN,"Tariff rate, applied, weighted mean, all products (%)",TM.TAX.MRCH.WM.AR.ZS,tariff,1993,30.29
European Union,EUU,"Tariff rate, applied, weighted mean, all products (%)",TM.TAX.MRCH.WM.AR.ZS,tariff,1993,3.79
Turkiye,TUR,"Tariff rate, applied, weighted mean, all products (%)",TM.TAX.MRCH.WM.AR.ZS,tariff,1993,6.1
United States,USA,"Tariff rate, applied, weighted mean, all products (%)",TM.TAX.MRCH.WM.AR.ZS,tariff,1993,3.75
China,CHN,"Tariff rate, applied, weighted mean, all products (%)",TM.TAX.MRCH.WM.AR.ZS,tariff,1994,27.93
European Union,EUU,"Tariff rate, applied, weighted mean, all products (%)",TM.TAX.MRCH.WM.AR.ZS,tariff,1994,4.16
Saudi Arabia,SAU,"Tariff rate, applied, weighted mean, all products (%)",TM.TAX.MRCH.WM.AR.ZS,tariff,1994,10.72
Canada,CAN,"Tariff rate, applied, weighted mean, all products (%)",TM.TAX.MRCH.WM.AR.ZS,tariff,1995,6.69
"Egypt, Arab Rep.",EGY,"Tariff rate, applied, weighted mean, all products (%)",TM.TAX.MRCH.WM.AR.ZS,tariff,1995,17.05
European Union,EUU,"Tariff rate, applied, weighted mean, all products (%)",TM.TAX.MRCH.WM.AR.ZS,tariff,1995,6.28
Turkiye,TUR,"Tariff rate, applied, weighted mean, all products (%)",TM.TAX.MRCH.WM.AR.ZS,tariff,1995,6.74
United States,USA,"Tariff rate, applied, weighted mean, all products (%)",TM.TAX.MRCH.WM.AR.ZS,tariff,1995,2.94
Australia,AUS,"Tariff rate, applied, weighted mean, all products (%)",TM.TAX.MRCH.WM.AR.ZS,tariff,1996,6.81
Canada,CAN,"Tariff rate, applied, weighted mean, all products (%)",TM.TAX.MRCH.WM.AR.ZS,tariff,1996,5.43
China,CHN,"Tariff rate, applied, weighted mean, all products (%)",TM.TAX.MRCH.WM.AR.ZS,tariff,1996,19.76
European Union,EUU,"Tariff rate, applied, weighted mean, all products (%)",TM.TAX.MRCH.WM.AR.ZS,tariff,1996,4.4
India,IND,"Tariff rate, applied, weighted mean, all products (%)",TM.TAX.MRCH.WM.AR.ZS,tariff,1996,23.72
Turkiye,TUR,"Tariff rate, applied, weighted mean, all products (%)",TM.TAX.MRCH.WM.AR.ZS,tariff,1996,3.19
United States,USA,"Tariff rate, applied, weighted mean, all products (%)",TM.TAX.MRCH.WM.AR.ZS,tariff,1996,2.86
Australia,AUS,"Tariff rate, applied, weighted mean, all products (%)",TM.TAX.MRCH.WM.AR.ZS,tariff,1997,6.82
Canada,CAN,"Tariff rate, applied, weighted mean, all products (%)",TM.TAX.MRCH.WM.AR.ZS,tariff,1997,1.99
China,CHN,"Tariff rate, applied, weighted mean, all products (%)",TM.TAX.MRCH.WM.AR.ZS,tariff,1997,15.82
European Union,EUU,"Tariff rate, applied, weighted mean, all products (%)",TM.TAX.MRCH.WM.AR.ZS,tariff,1997,3.66
India,IND,"Tariff rate, applied, weighted mean, all products (%)",TM.TAX.MRCH.WM.AR.ZS,tariff,1997,20.13
Oman,OMN,"Tariff rate, applied, weighted mean, all products (%)",TM.TAX.MRCH.WM.AR.ZS,tariff,1997,4.49
Turkiye,TUR,"Tariff rate, applied, weighted mean, all products (%)",TM.TAX.MRCH.WM.AR.ZS,tariff,1997,5.65
United States,USA,"Tariff rate, applied, weighted mean, all products (%)",TM.TAX.MRCH.WM.AR.ZS,tariff,1997,2.6
Australia,AUS,"Tariff rate, applied, weighted mean, all products (%)",TM.TAX.MRCH.WM.AR.ZS,tariff,1998,6.49
Canada,CAN,"Tariff rate, applied, weighted mean, all products (%)",TM.TAX.MRCH.WM.AR.ZS,tariff,1998,1.44
China,CHN,"Tariff rate, applied, weighted mean, all products (%)",TM.TAX.MRCH.WM.AR.ZS,tariff,1998,15.5
"Egypt, Arab Rep.",EGY,"Tariff rate, applied, weighted mean, all products (%)",TM.TAX.MRCH.WM.AR.ZS,tariff,1998,14.17
European Union,EUU,"Tariff rate, applied, weighted mean, all products (%)",TM.TAX.MRCH.WM.AR.ZS,tariff,1998,3.47
Turkiye,TUR,"Tariff rate, applied, weighted mean, all products (%)",TM.TAX.MRCH.WM.AR.ZS,tariff,1998,3.2
United States,USA,"Tariff rate, applied, weighted mean, all products (%)",TM.TAX.MRCH.WM.AR.ZS,tariff,1998,3.09
Australia,AUS,"Tariff rate, applied, weighted mean, all products (%)",TM.TAX.MRCH.WM.AR.ZS,tariff,1999,6.1
Bahrain,BHR,"Tariff rate, applied, weighted mean, all products (%)",TM.TAX.MRCH.WM.AR.ZS,tariff,1999,10.72
Canada,CAN,"Tariff rate, applied, weighted mean, all products (%)",TM.TAX.MRCH.WM.AR.ZS,tariff,1999,1.01
China,CHN,"Tariff rate, applied, weighted mean, all products (%)",TM.TAX.MRCH.WM.AR.ZS,tariff,1999,14.46
"Egypt, Arab Rep.",EGY,"Tariff rate, applied, weighted mean, all products (%)",TM.TAX.MRCH.WM.AR.ZS,tariff,1999,16.68
European Union,EUU,"Tariff rate, applied, weighted mean, all products (%)",TM.TAX.MRCH.WM.AR.ZS,tariff,1999,3.48
India,IND,"Tariff rate, applied, weighted mean, all products (%)",TM.TAX.MRCH.WM.AR.ZS,tariff,1999,28.51
Lebanon,LBN,"Tariff rate, applied, weighted mean, all products (%)",TM.TAX.MRCH.WM.AR.ZS,tariff,1999,11.59
Saudi Arabia,SAU,"Tariff rate, applied, weighted mean, all products (%)",TM.TAX.MRCH.WM.AR.ZS,tariff,1999,11.5
Turkiye,TUR,"Tariff rate, applied, weighted mean, all products (%)",TM.TAX.MRCH.WM.AR.ZS,tariff,1999,5.34
United States,USA,"Tariff rate, applied, weighted mean, all products (%)",TM.TAX.MRCH.WM.AR.ZS,tariff,1999,2.31
Australia,AUS,"Tariff rate, applied, weighted mean, all products (%)",TM.TAX.MRCH.WM.AR.ZS,tariff,2000,5.83
Bahrain,BHR,"Tariff rate, applied, weighted mean, all products (%)",TM.TAX.MRCH.WM.AR.ZS,tariff,2000,10.36
Canada,CAN,"Tariff rate, applied, weighted mean, all products (%)",TM.TAX.MRCH.WM.AR.ZS,tariff,2000,1.31
China,CHN,"Tariff rate, applied, weighted mean, all products (%)",TM.TAX.MRCH.WM.AR.ZS,tariff,2000,14.67
Germany,DEU,"Tariff rate, applied, weighted mean, all products (%)",TM.TAX.MRCH.WM.AR.ZS,tariff,2000,2.41
"Egypt, Arab Rep.",EGY,"Tariff rate, applied, weighted mean, all products (%)",TM.TAX.MRCH.WM.AR.ZS,tariff,2000,16.82
European Union,EUU,"Tariff rate, applied, weighted mean, all products (%)",TM.TAX.MRCH.WM.AR.ZS,tariff,2000,2.41
France,FRA,"Tariff rate, applied, weighted mean, all products (%)",TM.TAX.MRCH.WM.AR.ZS,tariff,2000,2.41
United Kingdom,GBR,"Tariff rate, applied, weighted mean, all products (%)",TM.TAX.MRCH.WM.AR.ZS,tariff,2000,2.41
Greece,GRC,"Tariff rate, applied, weighted mean, all products (%)",TM.TAX.MRCH.WM.AR.ZS,tariff,2000,2.41
India,IND,"Tariff rate, applied, weighted mean, all products (%)",TM.TAX.MRCH.WM.AR.ZS,tariff,2000,23.36
Italy,ITA,"Tariff rate, applied, weighted mean, all products (%)",TM.TAX.MRCH.WM.AR.ZS,tariff,2000,2.41
Jordan,JOR,"Tariff rate, applied, weighted mean, all products (%)",TM.TAX.MRCH.WM.AR.ZS,tariff,2000,18.92
Lebanon,LBN,"Tariff rate, applied, weighted mean, all products (%)",TM.TAX.MRCH.WM.AR.ZS,tariff,2000,16.94
Saudi Arabia,SAU,"Tariff rate, applied, weighted mean, all products (%)",TM.TAX.MRCH.WM.AR.ZS,tariff,2000,12.48
Turkiye,TUR,"Tariff rate, applied, weighted mean, all products (%)",TM.TAX.MRCH.WM.AR.ZS,tariff,2000,2.38
United States,USA,"Tariff rate, applied, weighted mean, all products (%)",TM.TAX.MRCH.WM.AR.ZS,tariff,2000,2.1
Australia,AUS,"Tariff rate, applied, weighted mean, all products (%)",TM.TAX.MRCH.WM.AR.ZS,tariff,2001,4.8
Bahrain,BHR,"Tariff rate, applied, weighted mean, all products (%)",TM.TAX.MRCH.WM.AR.ZS,tariff,2001,8.51
Canada,CAN,"Tariff rate, applied, weighted mean, all products (%)",TM.TAX.MRCH.WM.AR.ZS,tariff,2001,1.6
China,CHN,"Tariff rate, applied, weighted mean, all products (%)",TM.TAX.MRCH.WM.AR.ZS,tariff,2001,14.11
Germany,DEU,"Tariff rate, applied, weighted mean, all products (%)",TM.TAX.MRCH.WM.AR.ZS,tariff,2001,3.37
"Egypt, Arab Rep.",EGY,"Tariff rate, applied, weighted mean, all products (%)",TM.TAX.MRCH.WM.AR.ZS,tariff,2001,16.72
European Union,EUU,"Tariff rate, applied, weighted mean, all products (%)",TM.TAX.MRCH.WM.AR.ZS,tariff,2001,3.37
France,FRA,"Tariff rate, applied, weighted mean, all products (%)",TM.TAX.MRCH.WM.AR.ZS,tariff,2001,3.37
United Kingdom,GBR,"Tariff rate, applied, weighted mean, all products (%)",TM.TAX.MRCH.WM.AR.ZS,tariff,2001,3.37
Greece,GRC,"Tariff rate, applied, weighted mean, all products (%)",TM.TAX.MRCH.WM.AR.ZS,tariff,2001,3.37
India,IND,"Tariff rate, applied, weighted mean, all products (%)",TM.TAX.MRCH.WM.AR.ZS,tariff,2001,26.51
Italy,ITA,"Tariff rate, applied, weighted mean, all products (%)",TM.TAX.MRCH.WM.AR.ZS,tariff,2001,3.37
Jordan,JOR,"Tariff rate, applied, weighted mean, all products (%)",TM.TAX.MRCH.WM.AR.ZS,tariff,2001,12.32
Lebanon,LBN,"Tariff rate, applied, weighted mean, all products (%)",TM.TAX.MRCH.WM.AR.ZS,tariff,2001,8.36
Oman,OMN,"Tariff rate, applied, weighted mean, all products (%)",TM.TAX.MRCH.WM.AR.ZS,tariff,2001,12.73
Saudi Arabia,SAU,"Tariff rate, applied, weighted mean, all products (%)",TM.TAX.MRCH.WM.AR.ZS,tariff,2001,11.12
Turkiye,TUR,"Tariff rate, applied, weighted mean, all products (%)",TM.TAX.MRCH.WM.AR.ZS,tariff,2001,1.95
United States,USA,"Tariff rate, applied, weighted mean, all products (%)",TM.TAX.MRCH.WM.AR.ZS,tariff,2001,2.11
Australia,AUS,"Tariff rate, applied, weighted mean, all products (%)",TM.TAX.MRCH.WM.AR.ZS,tariff,2002,3.69
Bahrain,BHR,"Tariff rate, applied, weighted mean, all products (%)",TM.TAX.MRCH.WM.AR.ZS,tariff,2002,5.79
Canada,CAN,"Tariff rate, applied, weighted mean, all products (%)",TM.TAX.MRCH.WM.AR.ZS,tariff,2002,1.49
China,CHN,"Tariff rate, applied, weighted mean, all products (%)",TM.TAX.MRCH.WM.AR.ZS,tariff,2002,7.72
Germany,DEU,"Tariff rate, applied, weighted mean, all products (%)",TM.TAX.MRCH.WM.AR.ZS,tariff,2002,2.45
"Egypt, Arab Rep.",EGY,"Tariff rate, applied, weighted mean, all products (%)",TM.TAX.MRCH.WM.AR.ZS,tariff,2002,19.89
European Union,EUU,"Tariff rate, applied, weighted mean, all products (%)",TM.TAX.MRCH.WM.AR.ZS,tariff,2002,2.45
France,FRA,"Tariff rate, applied, weighted mean, all products (%)",TM.TAX.MRCH.WM.AR.ZS,tariff,2002,2.45
United Kingdom,GBR,"Tariff rate, applied, weighted mean, all products (%)",TM.TAX.MRCH.WM.AR.ZS,tariff,2002,2.45
Greece,GRC,"Tariff rate, applied, weighted mean, all products (%)",TM.TAX.MRCH.WM.AR.ZS,tariff,2002,2.45
India,IND,"Tariff rate, applied, weighted mean, all products (%)",TM.TAX.MRCH.WM.AR.ZS,tariff,2002,23.08
Italy,ITA,"Tariff rate, applied, weighted mean, all products (%)",TM.TAX.MRCH.WM.AR.ZS,tariff,2002,2.45
Jordan,JOR,"Tariff rate, applied, weighted mean, all products (%)",TM.TAX.MRCH.WM.AR.ZS,tariff,2002,12.66
Kuwait,KWT,"Tariff rate, applied, weighted mean, all products (%)",TM.TAX.MRCH.WM.AR.ZS,tariff,2002,4.3
Lebanon,LBN,"Tariff rate, applied, weighted mean, all products (%)",TM.TAX.MRCH.WM.AR.ZS,tariff,2002,27.08
Oman,OMN,"Tariff rate, applied, weighted mean, all products (%)",TM.TAX.MRCH.WM.AR.ZS,tariff,2002,13.65
Qatar,QAT,"Tariff rate, applied, weighted mean, all products (%)",TM.TAX.MRCH.WM.AR.ZS,tariff,2002,4.28
Saudi Arabia,SAU,"Tariff rate, applied, weighted mean, all products (%)",TM.TAX.MRCH.WM.AR.ZS,tariff,2002,6.53
Turkiye,TUR,"Tariff rate, applied, weighted mean, all products (%)",TM.TAX.MRCH.WM.AR.ZS,tariff,2002,1.84
United States,USA,"Tariff rate, applied, weighted mean, all products (%)",TM.TAX.MRCH.WM.AR.ZS,tariff,2002,2.16
Australia,AUS,"Tariff rate, applied, weighted mean, all products (%)",TM.TAX.MRCH.WM.AR.ZS,tariff,2003,3.74
Bahrain,BHR,"Tariff rate, applied, weighted mean, all products (%)",TM.TAX.MRCH.WM.AR.ZS,tariff,2003,5.76
Canada,CAN,"Tariff rate, applied, weighted mean, all products (%)",TM.TAX.MRCH.WM.AR.ZS,tariff,2003,2.46
China,CHN,"Tariff rate, applied, weighted mean, all products (%)",TM.TAX.MRCH.WM.AR.ZS,tariff,2003,6.48
Germany,DEU,"Tariff rate, applied, weighted mean, all products (%)",TM.TAX.MRCH.WM.AR.ZS,tariff,2003,2.52
"Egypt, Arab Rep.",EGY,"Tariff rate, applied, weighted mean, all products (%)",TM.TAX.MRCH.WM.AR.ZS,tariff,2003,15.04
European Union,EUU,"Tariff rate, applied, weighted mean, all products (%)",TM.TAX.MRCH.WM.AR.ZS,tariff,2003,2.52
France,FRA,"Tariff rate, applied, weighted mean, all products (%)",TM.TAX.MRCH.WM.AR.ZS,tariff,2003,2.52
United Kingdom,GBR,"Tariff rate, applied, weighted mean, all products (%)",TM.TAX.MRCH.WM.AR.ZS,tariff,2003,2.52
Greece,GRC,"Tariff rate, applied, weighted mean, all products (%)",TM.TAX.MRCH.WM.AR.ZS,tariff,2003,2.52
India,IND,"Tariff rate, applied, weighted mean, all products (%)",TM.TAX.MRCH.WM.AR.ZS,tariff,2003,21.45
Italy,ITA,"Tariff rate, applied, weighted mean, all products (%)",TM.TAX.MRCH.WM.AR.ZS,tariff,2003,2.52
Jordan,JOR,"Tariff rate, applied, weighted mean, all products (%)",TM.TAX.MRCH.WM.AR.ZS,tariff,2003,11.44
Kuwait,KWT,"Tariff rate, applied, weighted mean, all products (%)",TM.TAX.MRCH.WM.AR.ZS,tariff,2003,4.52
Oman,OMN,"Tariff rate, applied, weighted mean, all products (%)",TM.TAX.MRCH.WM.AR.ZS,tariff,2003,5.07
Qatar,QAT,"Tariff rate, applied, weighted mean, all products (%)",TM.TAX.MRCH.WM.AR.ZS,tariff,2003,4.98
Saudi Arabia,SAU,"Tariff rate, applied, weighted mean, all products (%)",TM.TAX.MRCH.WM.AR.ZS,tariff,2003,7.28
Turkiye,TUR,"Tariff rate, applied, weighted mean, all products (%)",TM.TAX.MRCH.WM.AR.ZS,tariff,2003,1.92
United States,USA,"Tariff rate, applied, weighted mean, all products (%)",TM.TAX.MRCH.WM.AR.ZS,tariff,2003,1.96
Australia,AUS,"Tariff rate, applied, weighted mean, all products (%)",TM.TAX.MRCH.WM.AR.ZS,tariff,2004,3.69
Bahrain,BHR,"Tariff rate, applied, weighted mean, all products (%)",TM.TAX.MRCH.WM.AR.ZS,tariff,2004,5.77
Canada,CAN,"Tariff rate, applied, weighted mean, all products (%)",TM.TAX.MRCH.WM.AR.ZS,tariff,2004,1.51
China,CHN,"Tariff rate, applied, weighted mean, all products (%)",TM.TAX.MRCH.WM.AR.ZS,tariff,2004,5.96
Germany,DEU,"Tariff rate, applied, weighted mean, all products (%)",TM.TAX.MRCH.WM.AR.ZS,tariff,2004,2.24
"Egypt, Arab Rep.",EGY,"Tariff rate, applied, weighted mean, all products (%)",TM.TAX.MRCH.WM.AR.ZS,tariff,2004,10.63
European Union,EUU,"Tariff rate, applied, weighted mean, all products (%)",TM.TAX.MRCH.WM.AR.ZS,tariff,2004,2.24
France,FRA,"Tariff rate, applied, weighted mean, all products (%)",TM.TAX.MRCH.WM.AR.ZS,tariff,2004,2.24
United Kingdom,GBR,"Tariff rate, applied, weighted mean, all products (%)",TM.TAX.MRCH.WM.AR.ZS,tariff,2004,2.24
Greece,GRC,"Tariff rate, applied, weighted mean, all products (%)",TM.TAX.MRCH.WM.AR.ZS,tariff,2004,2.24
India,IND,"Tariff rate, applied, weighted mean, all products (%)",TM.TAX.MRCH.WM.AR.ZS,tariff,2004,22.96
Italy,ITA,"Tariff rate, applied, weighted mean, all products (%)",TM.TAX.MRCH.WM.AR.ZS,tariff,2004,2.24
Jordan,JOR,"Tariff rate, applied, weighted mean, all products (%)",TM.TAX.MRCH.WM.AR.ZS,tariff,2004,11.23
Kuwait,KWT,"Tariff rate, applied, weighted mean, all products (%)",TM.TAX.MRCH.WM.AR.ZS,tariff,2004,4.52
Lebanon,LBN,"Tariff rate, applied, weighted mean, all products (%)",TM.TAX.MRCH.WM.AR.ZS,tariff,2004,5.33
Oman,OMN,"Tariff rate, applied, weighted mean, all products (%)",TM.TAX.MRCH.WM.AR.ZS,tariff,2004,4.68
Qatar,QAT,"Tariff rate, applied, weighted mean, all products (%)",TM.TAX.MRCH.WM.AR.ZS,tariff,2004,5.12
Saudi Arabia,SAU,"Tariff rate, applied, weighted mean, all products (%)",TM.TAX.MRCH.WM.AR.ZS,tariff,2004,7.01
Turkiye,TUR,"Tariff rate, applied, weighted mean, all products (%)",TM.TAX.MRCH.WM.AR.ZS,tariff,2004,2.18
United States,USA,"Tariff rate, applied, weighted mean, all products (%)",TM.TAX.MRCH.WM.AR.ZS,tariff,2004,1.79
United Arab Emirates,ARE,"Tariff rate, applied, weighted mean, all products (%)",TM.TAX.MRCH.WM.AR.ZS,tariff,2005,4.2
Australia,AUS,"Tariff rate, applied, weighted mean, all products (%)",TM.TAX.MRCH.WM.AR.ZS,tariff,2005,3.07
Bahrain,BHR,"Tariff rate, applied, weighted mean, all products (%)",TM.TAX.MRCH.WM.AR.ZS,tariff,2005,5.14
Canada,CAN,"Tariff rate, applied, weighted mean, all products (%)",TM.TAX.MRCH.WM.AR.ZS,tariff,2005,1.46
China,CHN,"Tariff rate, applied, weighted mean, all products (%)",TM.TAX.MRCH.WM.AR.ZS,tariff,2005,4.87
Germany,DEU,"Tariff rate, applied, weighted mean, all products (%)",TM.TAX.MRCH.WM.AR.ZS,tariff,2005,2.46
"Egypt, Arab Rep.",EGY,"Tariff rate, applied, weighted mean, all products (%)",TM.TAX.MRCH.WM.AR.ZS,tariff,2005,8.76
European Union,EUU,"Tariff rate, applied, weighted mean, all products (%)",TM.TAX.MRCH.WM.AR.ZS,tariff,2005,2.46
France,FRA,"Tariff rate, applied, weighted mean, all products (%)",TM.TAX.MRCH.WM.AR.ZS,tariff,2005,2.46
United Kingdom,GBR,"Tariff rate, applied, weighted mean, all products (%)",TM.TAX.MRCH.WM.AR.ZS,tariff,2005,2.46
Greece,GRC,"Tariff rate, applied, weighted mean, all products (%)",TM.TAX.MRCH.WM.AR.ZS,tariff,2005,2.46
India,IND,"Tariff rate, applied, weighted mean, all products (%)",TM.TAX.MRCH.WM.AR.ZS,tariff,2005,13.9
Italy,ITA,"Tariff rate, applied, weighted mean, all products (%)",TM.TAX.MRCH.WM.AR.ZS,tariff,2005,2.46
Jordan,JOR,"Tariff rate, applied, weighted mean, all products (%)",TM.TAX.MRCH.WM.AR.ZS,tariff,2005,7.5
Kuwait,KWT,"Tariff rate, applied, weighted mean, all products (%)",TM.TAX.MRCH.WM.AR.ZS,tariff,2005,3.91
Lebanon,LBN,"Tariff rate, applied, weighted mean, all products (%)",TM.TAX.MRCH.WM.AR.ZS,tariff,2005,6.13
Oman,OMN,"Tariff rate, applied, weighted mean, all products (%)",TM.TAX.MRCH.WM.AR.ZS,tariff,2005,3.22
Qatar,QAT,"Tariff rate, applied, weighted mean, all products (%)",TM.TAX.MRCH.WM.AR.ZS,tariff,2005,4.3
Saudi Arabia,SAU,"Tariff rate, applied, weighted mean, all products (%)",TM.TAX.MRCH.WM.AR.ZS,tariff,2005,4.05
Turkiye,TUR,"Tariff rate, applied, weighted mean, all products (%)",TM.TAX.MRCH.WM.AR.ZS,tariff,2005,1.5
United States,USA,"Tariff rate, applied, weighted mean, all products (%)",TM.TAX.MRCH.WM.AR.ZS,tariff,2005,1.75
Australia,AUS,"Tariff rate, applied, weighted mean, all products (%)",TM.TAX.MRCH.WM.AR.ZS,tariff,2006,3.38
Bahrain,BHR,"Tariff rate, applied, weighted mean, all products (%)",TM.TAX.MRCH.WM.AR.ZS,tariff,2006,4.96
Canada,CAN,"Tariff rate, applied, weighted mean, all products (%)",TM.TAX.MRCH.WM.AR.ZS,tariff,2006,1.45
China,CHN,"Tariff rate, applied, weighted mean, all products (%)",TM.TAX.MRCH.WM.AR.ZS,tariff,2006,4.25
Germany,DEU,"Tariff rate, applied, weighted mean, all products (%)",TM.TAX.MRCH.WM.AR.ZS,tariff,2006,2.3
"Egypt, Arab Rep.",EGY,"Tariff rate, applied, weighted mean, all products (%)",TM.TAX.MRCH.WM.AR.ZS,tariff,2006,10.05
European Union,EUU,"Tariff rate, applied, weighted mean, all products (%)",TM.TAX.MRCH.WM.AR.ZS,tariff,2006,2.3
France,FRA,"Tariff rate, applied, weighted mean, all products (%)",TM.TAX.MRCH.WM.AR.ZS,tariff,2006,2.3
United Kingdom,GBR,"Tariff rate, applied, weighted mean, all products (%)",TM.TAX.MRCH.WM.AR.ZS,tariff,2006,2.3
Greece,GRC,"Tariff rate, applied, weighted mean, all products (%)",TM.TAX.MRCH.WM.AR.ZS,tariff,2006,2.3
India,IND,"Tariff rate, applied, weighted mean, all products (%)",TM.TAX.MRCH.WM.AR.ZS,tariff,2006,8.99
Italy,ITA,"Tariff rate, applied, weighted mean, all products (%)",TM.TAX.MRCH.WM.AR.ZS,tariff,2006,2.3
Jordan,JOR,"Tariff rate, applied, weighted mean, all products (%)",TM.TAX.MRCH.WM.AR.ZS,tariff,2006,5.63
Kuwait,KWT,"Tariff rate, applied, weighted mean, all products (%)",TM.TAX.MRCH.WM.AR.ZS,tariff,2006,3.74
Lebanon,LBN,"Tariff rate, applied, weighted mean, all products (%)",TM.TAX.MRCH.WM.AR.ZS,tariff,2006,4.32
Oman,OMN,"Tariff rate, applied, weighted mean, all products (%)",TM.TAX.MRCH.WM.AR.ZS,tariff,2006,3.4
Qatar,QAT,"Tariff rate, applied, weighted mean, all products (%)",TM.TAX.MRCH.WM.AR.ZS,tariff,2006,4.28
Saudi Arabia,SAU,"Tariff rate, applied, weighted mean, all products (%)",TM.TAX.MRCH.WM.AR.ZS,tariff,2006,4.12
Turkiye,TUR,"Tariff rate, applied, weighted mean, all products (%)",TM.TAX.MRCH.WM.AR.ZS,tariff,2006,1.47
United States,USA,"Tariff rate, applied, weighted mean, all products (%)",TM.TAX.MRCH.WM.AR.ZS,tariff,2006,1.7
United Arab Emirates,ARE,"Tariff rate, applied, weighted mean, all products (%)",TM.TAX.MRCH.WM.AR.ZS,tariff,2007,3.69
Australia,AUS,"Tariff rate, applied, weighted mean, all products (%)",TM.TAX.MRCH.WM.AR.ZS,tariff,2007,3.45
Bahrain,BHR,"Tariff rate, applied, weighted mean, all products (%)",TM.TAX.MRCH.WM.AR.ZS,tariff,2007,4.48
Canada,CAN,"Tariff rate, applied, weighted mean, all products (%)",TM.TAX.MRCH.WM.AR.ZS,tariff,2007,1.54
China,CHN,"Tariff rate, applied, weighted mean, all products (%)",TM.TAX.MRCH.WM.AR.ZS,tariff,2007,5.07
Germany,DEU,"Tariff rate, applied, weighted mean, all products (%)",TM.TAX.MRCH.WM.AR.ZS,tariff,2007,2.24
"Egypt, Arab Rep.",EGY,"Tariff rate, applied, weighted mean, all products (%)",TM.TAX.MRCH.WM.AR.ZS,tariff,2007,8.92
European Union,EUU,"Tariff rate, applied, weighted mean, all products (%)",TM.TAX.MRCH.WM.AR.ZS,tariff,2007,2.24
France,FRA,"Tariff rate, applied, weighted mean, all products (%)",TM.TAX.MRCH.WM.AR.ZS,tariff,2007,2.24
United Kingdom,GBR,"Tariff rate, applied, weighted mean, all products (%)",TM.TAX.MRCH.WM.AR.ZS,tariff,2007,2.24
Greece,GRC,"Tariff rate, applied, weighted mean, all products (%)",TM.TAX.MRCH.WM.AR.ZS,tariff,2007,2.24
India,IND,"Tariff rate, applied, weighted mean, all products (%)",TM.TAX.MRCH.WM.AR.ZS,tariff,2007,11.99
Italy,ITA,"Tariff rate, applied, weighted mean, all products (%)",TM.TAX.MRCH.WM.AR.ZS,tariff,2007,2.24
Jordan,JOR,"Tariff rate, applied, weighted mean, all products (%)",TM.TAX.MRCH.WM.AR.ZS,tariff,2007,5.62
Kuwait,KWT,"Tariff rate, applied, weighted mean, all products (%)",TM.TAX.MRCH.WM.AR.ZS,tariff,2007,3.53
Lebanon,LBN,"Tariff rate, applied, weighted mean, all products (%)",TM.TAX.MRCH.WM.AR.ZS,tariff,2007,4.79
Oman,OMN,"Tariff rate, applied, weighted mean, all products (%)",TM.TAX.MRCH.WM.AR.ZS,tariff,2007,3.29
Qatar,QAT,"Tariff rate, applied, weighted mean, all products (%)",TM.TAX.MRCH.WM.AR.ZS,tariff,2007,3.68
Saudi Arabia,SAU,"Tariff rate, applied, weighted mean, all products (%)",TM.TAX.MRCH.WM.AR.ZS,tariff,2007,3.77
Turkiye,TUR,"Tariff rate, applied, weighted mean, all products (%)",TM.TAX.MRCH.WM.AR.ZS,tariff,2007,2.06
United States,USA,"Tariff rate, applied, weighted mean, all products (%)",TM.TAX.MRCH.WM.AR.ZS,tariff,2007,1.55
United Arab Emirates,ARE,"Tariff rate, applied, weighted mean, all products (%)",TM.TAX.MRCH.WM.AR.ZS,tariff,2008,3.62
Australia,AUS,"Tariff rate, applied, weighted mean, all products (%)",TM.TAX.MRCH.WM.AR.ZS,tariff,2008,3.15
Bahrain,BHR,"Tariff rate, applied, weighted mean, all products (%)",TM.TAX.MRCH.WM.AR.ZS,tariff,2008,4.23
Canada,CAN,"Tariff rate, applied, weighted mean, all products (%)",TM.TAX.MRCH.WM.AR.ZS,tariff,2008,1.54
China,CHN,"Tariff rate, applied, weighted mean, all products (%)",TM.TAX.MRCH.WM.AR.ZS,tariff,2008,4.47
Germany,DEU,"Tariff rate, applied, weighted mean, all products (%)",TM.TAX.MRCH.WM.AR.ZS,tariff,2008,1.72
"Egypt, Arab Rep.",EGY,"Tariff rate, applied, weighted mean, all products (%)",TM.TAX.MRCH.WM.AR.ZS,tariff,2008,8.02
European Union,EUU,"Tariff rate, applied, weighted mean, all products (%)",TM.TAX.MRCH.WM.AR.ZS,tariff,2008,1.72
France,FRA,"Tariff rate, applied, weighted mean, all products (%)",TM.TAX.MRCH.WM.AR.ZS,tariff,2008,1.72
United Kingdom,GBR,"Tariff rate, applied, weighted mean, all products (%)",TM.TAX.MRCH.WM.AR.ZS,tariff,2008,1.72
Greece,GRC,"Tariff rate, applied, weighted mean, all products (%)",TM.TAX.MRCH.WM.AR.ZS,tariff,2008,1.72
India,IND,"Tariff rate, applied, weighted mean, all products (%)",TM.TAX.MRCH.WM.AR.ZS,tariff,2008,5.98
Italy,ITA,"Tariff rate, applied, weighted mean, all products (%)",TM.TAX.MRCH.WM.AR.ZS,tariff,2008,1.72
Jordan,JOR,"Tariff rate, applied, weighted mean, all products (%)",TM.TAX.MRCH.WM.AR.ZS,tariff,2008,5.09
Kuwait,KWT,"Tariff rate, applied, weighted mean, all products (%)",TM.TAX.MRCH.WM.AR.ZS,tariff,2008,3.98
Oman,OMN,"Tariff rate, applied, weighted mean, all products (%)",TM.TAX.MRCH.WM.AR.ZS,tariff,2008,2.75
Qatar,QAT,"Tariff rate, applied, weighted mean, all products (%)",TM.TAX.MRCH.WM.AR.ZS,tariff,2008,3.7
Saudi Arabia,SAU,"Tariff rate, applied, weighted mean, all products (%)",TM.TAX.MRCH.WM.AR.ZS,tariff,2008,3.25
Turkiye,TUR,"Tariff rate, applied, weighted mean, all products (%)",TM.TAX.MRCH.WM.AR.ZS,tariff,2008,1.97
United States,USA,"Tariff rate, applied, weighted mean, all products (%)",TM.TAX.MRCH.WM.AR.ZS,tariff,2008,1.58
United Arab Emirates,ARE,"Tariff rate, applied, weighted mean, all products (%)",TM.TAX.MRCH.WM.AR.ZS,tariff,2009,3.62
Australia,AUS,"Tariff rate, applied, weighted mean, all products (%)",TM.TAX.MRCH.WM.AR.ZS,tariff,2009,3.67
Bahrain,BHR,"Tariff rate, applied, weighted mean, all products (%)",TM.TAX.MRCH.WM.AR.ZS,tariff,2009,4.61
Canada,CAN,"Tariff rate, applied, weighted mean, all products (%)",TM.TAX.MRCH.WM.AR.ZS,tariff,2009,1.7
China,CHN,"Tariff rate, applied, weighted mean, all products (%)",TM.TAX.MRCH.WM.AR.ZS,tariff,2009,3.94
Germany,DEU,"Tariff rate, applied, weighted mean, all products (%)",TM.TAX.MRCH.WM.AR.ZS,tariff,2009,1.85
"Egypt, Arab Rep.",EGY,"Tariff rate, applied, weighted mean, all products (%)",TM.TAX.MRCH.WM.AR.ZS,tariff,2009,8.26
European Union,EUU,"Tariff rate, applied, weighted mean, all products (%)",TM.TAX.MRCH.WM.AR.ZS,tariff,2009,1.85
France,FRA,"Tariff rate, applied, weighted mean, all products (%)",TM.TAX.MRCH.WM.AR.ZS,tariff,2009,1.85
United Kingdom,GBR,"Tariff rate, applied, weighted mean, all products (%)",TM.TAX.MRCH.WM.AR.ZS,tariff,2009,1.85
Greece,GRC,"Tariff rate, applied, weighted mean, all products (%)",TM.TAX.MRCH.WM.AR.ZS,tariff,2009,1.85
India,IND,"Tariff rate, applied, weighted mean, all products (%)",TM.TAX.MRCH.WM.AR.ZS,tariff,2009,6.84
Italy,ITA,"Tariff rate, applied, weighted mean, all products (%)",TM.TAX.MRCH.WM.AR.ZS,tariff,2009,1.85
Jordan,JOR,"Tariff rate, applied, weighted mean, all products (%)",TM.TAX.MRCH.WM.AR.ZS,tariff,2009,5.13
Kuwait,KWT,"Tariff rate, applied, weighted mean, all products (%)",TM.TAX.MRCH.WM.AR.ZS,tariff,2009,2.87
Oman,OMN,"Tariff rate, applied, weighted mean, all products (%)",TM.TAX.MRCH.WM.AR.ZS,tariff,2009,2.91
Qatar,QAT,"Tariff rate, applied, weighted mean, all products (%)",TM.TAX.MRCH.WM.AR.ZS,tariff,2009,4.28
Saudi Arabia,SAU,"Tariff rate, applied, weighted mean, all products (%)",TM.TAX.MRCH.WM.AR.ZS,tariff,2009,3.13
Turkiye,TUR,"Tariff rate, applied, weighted mean, all products (%)",TM.TAX.MRCH.WM.AR.ZS,tariff,2009,2.21
United States,USA,"Tariff rate, applied, weighted mean, all products (%)",TM.TAX.MRCH.WM.AR.ZS,tariff,2009,1.71
Australia,AUS,"Tariff rate, applied, weighted mean, all products (%)",TM.TAX.MRCH.WM.AR.ZS,tariff,2010,2.8
Bahrain,BHR,"Tariff rate, applied, weighted mean, all products (%)",TM.TAX.MRCH.WM.AR.ZS,tariff,2010,5.15
Canada,CAN,"Tariff rate, applied, weighted mean, all products (%)",TM.TAX.MRCH.WM.AR.ZS,tariff,2010,1.46
China,CHN,"Tariff rate, applied, weighted mean, all products (%)",TM.TAX.MRCH.WM.AR.ZS,tariff,2010,4.65
Germany,DEU,"Tariff rate, applied, weighted mean, all products (%)",TM.TAX.MRCH.WM.AR.ZS,tariff,2010,2.13
"Egypt, Arab Rep.",EGY,"Tariff rate, applied, weighted mean, all products (%)",TM.TAX.MRCH.WM.AR.ZS,tariff,2010,9.71
European Union,EUU,"Tariff rate, applied, weighted mean, all products (%)",TM.TAX.MRCH.WM.AR.ZS,tariff,2010,2.13
France,FRA,"Tariff rate, applied, weighted mean, all products (%)",TM.TAX.MRCH.WM.AR.ZS,tariff,2010,2.13
United Kingdom,GBR,"Tariff rate, applied, weighted mean, all products (%)",TM.TAX.MRCH.WM.AR.ZS,tariff,2010,2.13
Greece,GRC,"Tariff rate, applied, weighted mean, all products (%)",TM.TAX.MRCH.WM.AR.ZS,tariff,2010,2.13
India,IND,"Tariff rate, applied, weighted mean, all products (%)",TM.TAX.MRCH.WM.AR.ZS,tariff,2010,6.1
Italy,ITA,"Tariff rate, applied, weighted mean, all products (%)",TM.TAX.MRCH.WM.AR.ZS,tariff,2010,2.13
Jordan,JOR,"Tariff rate, applied, weighted mean, all products (%)",TM.TAX.MRCH.WM.AR.ZS,tariff,2010,8.46
Kuwait,KWT,"Tariff rate, applied, weighted mean, all products (%)",TM.TAX.MRCH.WM.AR.ZS,tariff,2010,3.94
Qatar,QAT,"Tariff rate, applied, weighted mean, all products (%)",TM.TAX.MRCH.WM.AR.ZS,tariff,2010,4.42
Turkiye,TUR,"Tariff rate, applied, weighted mean, all products (%)",TM.TAX.MRCH.WM.AR.ZS,tariff,2010,2.35
United States,USA,"Tariff rate, applied, weighted mean, all products (%)",TM.TAX.MRCH.WM.AR.ZS,tariff,2010,1.66
United Arab Emirates,ARE,"Tariff rate, applied, weighted mean, all products (%)",TM.TAX.MRCH.WM.AR.ZS,tariff,2011,3.87
Australia,AUS,"Tariff rate, applied, weighted mean, all products (%)",TM.TAX.MRCH.WM.AR.ZS,tariff,2011,1.77
Bahrain,BHR,"Tariff rate, applied, weighted mean, all products (%)",TM.TAX.MRCH.WM.AR.ZS,tariff,2011,3.15
Canada,CAN,"Tariff rate, applied, weighted mean, all products (%)",TM.TAX.MRCH.WM.AR.ZS,tariff,2011,1.38
China,CHN,"Tariff rate, applied, weighted mean, all products (%)",TM.TAX.MRCH.WM.AR.ZS,tariff,2011,5.99
Germany,DEU,"Tariff rate, applied, weighted mean, all products (%)",TM.TAX.MRCH.WM.AR.ZS,tariff,2011,1.59
"Egypt, Arab Rep.",EGY,"Tariff rate, applied, weighted mean, all products (%)",TM.TAX.MRCH.WM.AR.ZS,tariff,2011,7.71
European Union,EUU,"Tariff rate, applied, weighted mean, all products (%)",TM.TAX.MRCH.WM.AR.ZS,tariff,2011,1.59
France,FRA,"Tariff rate, applied, weighted mean, all products (%)",TM.TAX.MRCH.WM.AR.ZS,tariff,2011,1.59
United Kingdom,GBR,"Tariff rate, applied, weighted mean, all products (%)",TM.TAX.MRCH.WM.AR.ZS,tariff,2011,1.59
Greece,GRC,"Tariff rate, applied, weighted mean, all products (%)",TM.TAX.MRCH.WM.AR.ZS,tariff,2011,1.59
India,IND,"Tariff rate, applied, weighted mean, all products (%)",TM.TAX.MRCH.WM.AR.ZS,tariff,2011,7.33
Italy,ITA,"Tariff rate, applied, weighted mean, all products (%)",TM.TAX.MRCH.WM.AR.ZS,tariff,2011,1.59
Jordan,JOR,"Tariff rate, applied, weighted mean, all products (%)",TM.TAX.MRCH.WM.AR.ZS,tariff,2011,8.06
Kuwait,KWT,"Tariff rate, applied, weighted mean, all products (%)",TM.TAX.MRCH.WM.AR.ZS,tariff,2011,3.94
Qatar,QAT,"Tariff rate, applied, weighted mean, all products (%)",TM.TAX.MRCH.WM.AR.ZS,tariff,2011,4.42
Saudi Arabia,SAU,"Tariff rate, applied, weighted mean, all products (%)",TM.TAX.MRCH.WM.AR.ZS,tariff,2011,4.16
Turkiye,TUR,"Tariff rate, applied, weighted mean, all products (%)",TM.TAX.MRCH.WM.AR.ZS,tariff,2011,2.65
United States,USA,"Tariff rate, applied, weighted mean, all products (%)",TM.TAX.MRCH.WM.AR.ZS,tariff,2011,1.67
United Arab Emirates,ARE,"Tariff rate, applied, weighted mean, all products (%)",TM.TAX.MRCH.WM.AR.ZS,tariff,2012,3.53
Australia,AUS,"Tariff rate, applied, weighted mean, all products (%)",TM.TAX.MRCH.WM.AR.ZS,tariff,2012,1.81
Bahrain,BHR,"Tariff rate, applied, weighted mean, all products (%)",TM.TAX.MRCH.WM.AR.ZS,tariff,2012,3.15
Canada,CAN,"Tariff rate, applied, weighted mean, all products (%)",TM.TAX.MRCH.WM.AR.ZS,tariff,2012,1.4
Germany,DEU,"Tariff rate, applied, weighted mean, all products (%)",TM.TAX.MRCH.WM.AR.ZS,tariff,2012,1.46
"Egypt, Arab Rep.",EGY,"Tariff rate, applied, weighted mean, all products (%)",TM.TAX.MRCH.WM.AR.ZS,tariff,2012,7.47
European Union,EUU,"Tariff rate, applied, weighted mean, all products (%)",TM.TAX.MRCH.WM.AR.ZS,tariff,2012,1.46
France,FRA,"Tariff rate, applied, weighted mean, all products (%)",TM.TAX.MRCH.WM.AR.ZS,tariff,2012,1.46
United Kingdom,GBR,"Tariff rate, applied, weighted mean, all products (%)",TM.TAX.MRCH.WM.AR.ZS,tariff,2012,1.46
Greece,GRC,"Tariff rate, applied, weighted mean, all products (%)",TM.TAX.MRCH.WM.AR.ZS,tariff,2012,1.46
India,IND,"Tariff rate, applied, weighted mean, all products (%)",TM.TAX.MRCH.WM.AR.ZS,tariff,2012,6.32
Italy,ITA,"Tariff rate, applied, weighted mean, all products (%)",TM.TAX.MRCH.WM.AR.ZS,tariff,2012,1.46
Jordan,JOR,"Tariff rate, applied, weighted mean, all products (%)",TM.TAX.MRCH.WM.AR.ZS,tariff,2012,8.1
Kuwait,KWT,"Tariff rate, applied, weighted mean, all products (%)",TM.TAX.MRCH.WM.AR.ZS,tariff,2012,4.15
Oman,OMN,"Tariff rate, applied, weighted mean, all products (%)",TM.TAX.MRCH.WM.AR.ZS,tariff,2012,2.34
Qatar,QAT,"Tariff rate, applied, weighted mean, all products (%)",TM.TAX.MRCH.WM.AR.ZS,tariff,2012,4.0
Saudi Arabia,SAU,"Tariff rate, applied, weighted mean, all products (%)",TM.TAX.MRCH.WM.AR.ZS,tariff,2012,3.57
United States,USA,"Tariff rate, applied, weighted mean, all products (%)",TM.TAX.MRCH.WM.AR.ZS,tariff,2012,1.67
United Arab Emirates,ARE,"Tariff rate, applied, weighted mean, all products (%)",TM.TAX.MRCH.WM.AR.ZS,tariff,2013,3.61
Australia,AUS,"Tariff rate, applied, weighted mean, all products (%)",TM.TAX.MRCH.WM.AR.ZS,tariff,2013,1.84
Bahrain,BHR,"Tariff rate, applied, weighted mean, all products (%)",TM.TAX.MRCH.WM.AR.ZS,tariff,2013,3.76
Canada,CAN,"Tariff rate, applied, weighted mean, all products (%)",TM.TAX.MRCH.WM.AR.ZS,tariff,2013,1.45
Germany,DEU,"Tariff rate, applied, weighted mean, all products (%)",TM.TAX.MRCH.WM.AR.ZS,tariff,2013,1.49
"Egypt, Arab Rep.",EGY,"Tariff rate, applied, weighted mean, all products (%)",TM.TAX.MRCH.WM.AR.ZS,tariff,2013,8.55
European Union,EUU,"Tariff rate, applied, weighted mean, all products (%)",TM.TAX.MRCH.WM.AR.ZS,tariff,2013,1.49
France,FRA,"Tariff rate, applied, weighted mean, all products (%)",TM.TAX.MRCH.WM.AR.ZS,tariff,2013,1.49
United Kingdom,GBR,"Tariff rate, applied, weighted mean, all products (%)",TM.TAX.MRCH.WM.AR.ZS,tariff,2013,1.49
Greece,GRC,"Tariff rate, applied, weighted mean, all products (%)",TM.TAX.MRCH.WM.AR.ZS,tariff,2013,1.49
India,IND,"Tariff rate, applied, weighted mean, all products (%)",TM.TAX.MRCH.WM.AR.ZS,tariff,2013,6.34
Italy,ITA,"Tariff rate, applied, weighted mean, all products (%)",TM.TAX.MRCH.WM.AR.ZS,tariff,2013,1.49
Jordan,JOR,"Tariff rate, applied, weighted mean, all products (%)",TM.TAX.MRCH.WM.AR.ZS,tariff,2013,8.08
Kuwait,KWT,"Tariff rate, applied, weighted mean, all products (%)",TM.TAX.MRCH.WM.AR.ZS,tariff,2013,3.93
Oman,OMN,"Tariff rate, applied, weighted mean, all products (%)",TM.TAX.MRCH.WM.AR.ZS,tariff,2013,2.45
Qatar,QAT,"Tariff rate, applied, weighted mean, all products (%)",TM.TAX.MRCH.WM.AR.ZS,tariff,2013,4.1
Saudi Arabia,SAU,"Tariff rate, applied, weighted mean, all products (%)",TM.TAX.MRCH.WM.AR.ZS,tariff,2013,3.57
Turkiye,TUR,"Tariff rate, applied, weighted mean, all products (%)",TM.TAX.MRCH.WM.AR.ZS,tariff,2013,2.78
United States,USA,"Tariff rate, applied, weighted mean, all products (%)",TM.TAX.MRCH.WM.AR.ZS,tariff,2013,1.67
United Arab Emirates,ARE,"Tariff rate, applied, weighted mean, all products (%)",TM.TAX.MRCH.WM.AR.ZS,tariff,2014,3.21
Australia,AUS,"Tariff rate, applied, weighted mean, all products (%)",TM.TAX.MRCH.WM.AR.ZS,tariff,2014,1.91
Bahrain,BHR,"Tariff rate, applied, weighted mean, all products (%)",TM.TAX.MRCH.WM.AR.ZS,tariff,2014,2.93
Canada,CAN,"Tariff rate, applied, weighted mean, all products (%)",TM.TAX.MRCH.WM.AR.ZS,tariff,2014,1.43
China,CHN,"Tariff rate, applied, weighted mean, all products (%)",TM.TAX.MRCH.WM.AR.ZS,tariff,2014,4.74
Germany,DEU,"Tariff rate, applied, weighted mean, all products (%)",TM.TAX.MRCH.WM.AR.ZS,tariff,2014,2.03
"Egypt, Arab Rep.",EGY,"Tariff rate, applied, weighted mean, all products (%)",TM.TAX.MRCH.WM.AR.ZS,tariff,2014,7.43
European Union,EUU,"Tariff rate, applied, weighted mean, all products (%)",TM.TAX.MRCH.WM.AR.ZS,tariff,2014,2.03
France,FRA,"Tariff rate, applied, weighted mean, all products (%)",TM.TAX.MRCH.WM.AR.ZS,tariff,2014,2.03
United Kingdom,GBR,"Tariff rate, applied, weighted mean, all products (%)",TM.TAX.MRCH.WM.AR.ZS,tariff,2014,2.03
Greece,GRC,"Tariff rate, applied, weighted mean, all products (%)",TM.TAX.MRCH.WM.AR.ZS,tariff,2014,2.03
Italy,ITA,"Tariff rate, applied, weighted mean, all products (%)",TM.TAX.MRCH.WM.AR.ZS,tariff,2014,2.03
Jordan,JOR,"Tariff rate, applied, weighted mean, all products (%)",TM.TAX.MRCH.WM.AR.ZS,tariff,2014,4.0
Kuwait,KWT,"Tariff rate, applied, weighted mean, all products (%)",TM.TAX.MRCH.WM.AR.ZS,tariff,2014,3.14
Lebanon,LBN,"Tariff rate, applied, weighted mean, all products (%)",TM.TAX.MRCH.WM.AR.ZS,tariff,2014,3.26
Oman,OMN,"Tariff rate, applied, weighted mean, all products (%)",TM.TAX.MRCH.WM.AR.ZS,tariff,2014,2.41
Qatar,QAT,"Tariff rate, applied, weighted mean, all products (%)",TM.TAX.MRCH.WM.AR.ZS,tariff,2014,3.42
Saudi Arabia,SAU,"Tariff rate, applied, weighted mean, all products (%)",TM.TAX.MRCH.WM.AR.ZS,tariff,2014,3.39
United States,USA,"Tariff rate, applied, weighted mean, all products (%)",TM.TAX.MRCH.WM.AR.ZS,tariff,2014,1.69
United Arab Emirates,ARE,"Tariff rate, applied, weighted mean, all products (%)",TM.TAX.MRCH.WM.AR.ZS,tariff,2015,2.99
Australia,AUS,"Tariff rate, applied, weighted mean, all products (%)",TM.TAX.MRCH.WM.AR.ZS,tariff,2015,1.9
Bahrain,BHR,"Tariff rate, applied, weighted mean, all products (%)",TM.TAX.MRCH.WM.AR.ZS,tariff,2015,3.3
Canada,CAN,"Tariff rate, applied, weighted mean, all products (%)",TM.TAX.MRCH.WM.AR.ZS,tariff,2015,1.65
China,CHN,"Tariff rate, applied, weighted mean, all products (%)",TM.TAX.MRCH.WM.AR.ZS,tariff,2015,4.52
Germany,DEU,"Tariff rate, applied, weighted mean, all products (%)",TM.TAX.MRCH.WM.AR.ZS,tariff,2015,2.02
"Egypt, Arab Rep.",EGY,"Tariff rate, applied, weighted mean, all products (%)",TM.TAX.MRCH.WM.AR.ZS,tariff,2015,7.08
European Union,EUU,"Tariff rate, applied, weighted mean, all products (%)",TM.TAX.MRCH.WM.AR.ZS,tariff,2015,2.02
France,FRA,"Tariff rate, applied, weighted mean, all products (%)",TM.TAX.MRCH.WM.AR.ZS,tariff,2015,2.02
United Kingdom,GBR,"Tariff rate, applied, weighted mean, all products (%)",TM.TAX.MRCH.WM.AR.ZS,tariff,2015,2.02
Greece,GRC,"Tariff rate, applied, weighted mean, all products (%)",TM.TAX.MRCH.WM.AR.ZS,tariff,2015,2.02
India,IND,"Tariff rate, applied, weighted mean, all products (%)",TM.TAX.MRCH.WM.AR.ZS,tariff,2015,7.32
Italy,ITA,"Tariff rate, applied, weighted mean, all products (%)",TM.TAX.MRCH.WM.AR.ZS,tariff,2015,2.02
Jordan,JOR,"Tariff rate, applied, weighted mean, all products (%)",TM.TAX.MRCH.WM.AR.ZS,tariff,2015,3.98
Kuwait,KWT,"Tariff rate, applied, weighted mean, all products (%)",TM.TAX.MRCH.WM.AR.ZS,tariff,2015,2.96
Lebanon,LBN,"Tariff rate, applied, weighted mean, all products (%)",TM.TAX.MRCH.WM.AR.ZS,tariff,2015,3.39
Oman,OMN,"Tariff rate, applied, weighted mean, all products (%)",TM.TAX.MRCH.WM.AR.ZS,tariff,2015,1.9
Qatar,QAT,"Tariff rate, applied, weighted mean, all products (%)",TM.TAX.MRCH.WM.AR.ZS,tariff,2015,3.37
Saudi Arabia,SAU,"Tariff rate, applied, weighted mean, all products (%)",TM.TAX.MRCH.WM.AR.ZS,tariff,2015,4.45
Turkiye,TUR,"Tariff rate, applied, weighted mean, all products (%)",TM.TAX.MRCH.WM.AR.ZS,tariff,2015,3.19
United States,USA,"Tariff rate, applied, weighted mean, all products (%)",TM.TAX.MRCH.WM.AR.ZS,tariff,2015,1.69
United Arab Emirates,ARE,"Tariff rate, applied, weighted mean, all products (%)",TM.TAX.MRCH.WM.AR.ZS,tariff,2016,2.82
Australia,AUS,"Tariff rate, applied, weighted mean, all products (%)",TM.TAX.MRCH.WM.AR.ZS,tariff,2016,1.18
Bahrain,BHR,"Tariff rate, applied, weighted mean, all products (%)",TM.TAX.MRCH.WM.AR.ZS,tariff,2016,3.13
Canada,CAN,"Tariff rate, applied, weighted mean, all products (%)",TM.TAX.MRCH.WM.AR.ZS,tariff,2016,1.56
China,CHN,"Tariff rate, applied, weighted mean, all products (%)",TM.TAX.MRCH.WM.AR.ZS,tariff,2016,3.54
Germany,DEU,"Tariff rate, applied, weighted mean, all products (%)",TM.TAX.MRCH.WM.AR.ZS,tariff,2016,2.09
"Egypt, Arab Rep.",EGY,"Tariff rate, applied, weighted mean, all products (%)",TM.TAX.MRCH.WM.AR.ZS,tariff,2016,6.63
European Union,EUU,"Tariff rate, applied, weighted mean, all products (%)",TM.TAX.MRCH.WM.AR.ZS,tariff,2016,2.09
France,FRA,"Tariff rate, applied, weighted mean, all products (%)",TM.TAX.MRCH.WM.AR.ZS,tariff,2016,2.09
United Kingdom,GBR,"Tariff rate, applied, weighted mean, all products (%)",TM.TAX.MRCH.WM.AR.ZS,tariff,2016,2.09
Greece,GRC,"Tariff rate, applied, weighted mean, all products (%)",TM.TAX.MRCH.WM.AR.ZS,tariff,2016,2.09
India,IND,"Tariff rate, applied, weighted mean, all products (%)",TM.TAX.MRCH.WM.AR.ZS,tariff,2016,6.35
Italy,ITA,"Tariff rate, applied, weighted mean, all products (%)",TM.TAX.MRCH.WM.AR.ZS,tariff,2016,2.09
Jordan,JOR,"Tariff rate, applied, weighted mean, all products (%)",TM.TAX.MRCH.WM.AR.ZS,tariff,2016,4.32
Kuwait,KWT,"Tariff rate, applied, weighted mean, all products (%)",TM.TAX.MRCH.WM.AR.ZS,tariff,2016,2.96
Lebanon,LBN,"Tariff rate, applied, weighted mean, all products (%)",TM.TAX.MRCH.WM.AR.ZS,tariff,2016,2.98
Oman,OMN,"Tariff rate, applied, weighted mean, all products (%)",TM.TAX.MRCH.WM.AR.ZS,tariff,2016,1.46
Qatar,QAT,"Tariff rate, applied, weighted mean, all products (%)",TM.TAX.MRCH.WM.AR.ZS,tariff,2016,3.37
Turkiye,TUR,"Tariff rate, applied, weighted mean, all products (%)",TM.TAX.MRCH.WM.AR.ZS,tariff,2016,2.74
United States,USA,"Tariff rate, applied, weighted mean, all products (%)",TM.TAX.MRCH.WM.AR.ZS,tariff,2016,1.65
United Arab Emirates,ARE,"Tariff rate, applied, weighted mean, all products (%)",TM.TAX.MRCH.WM.AR.ZS,tariff,2017,4.75
Australia,AUS,"Tariff rate, applied, weighted mean, all products (%)",TM.TAX.MRCH.WM.AR.ZS,tariff,2017,0.89
Bahrain,BHR,"Tariff rate, applied, weighted mean, all products (%)",TM.TAX.MRCH.WM.AR.ZS,tariff,2017,7.83
Canada,CAN,"Tariff rate, applied, weighted mean, all products (%)",TM.TAX.MRCH.WM.AR.ZS,tariff,2017,1.52
China,CHN,"Tariff rate, applied, weighted mean, all products (%)",TM.TAX.MRCH.WM.AR.ZS,tariff,2017,3.83
Germany,DEU,"Tariff rate, applied, weighted mean, all products (%)",TM.TAX.MRCH.WM.AR.ZS,tariff,2017,1.96
"Egypt, Arab Rep.",EGY,"Tariff rate, applied, weighted mean, all products (%)",TM.TAX.MRCH.WM.AR.ZS,tariff,2017,7.41
European Union,EUU,"Tariff rate, applied, weighted mean, all products (%)",TM.TAX.MRCH.WM.AR.ZS,tariff,2017,1.96
France,FRA,"Tariff rate, applied, weighted mean, all products (%)",TM.TAX.MRCH.WM.AR.ZS,tariff,2017,1.96
United Kingdom,GBR,"Tariff rate, applied, weighted mean, all products (%)",TM.TAX.MRCH.WM.AR.ZS,tariff,2017,1.96
Greece,GRC,"Tariff rate, applied, weighted mean, all products (%)",TM.TAX.MRCH.WM.AR.ZS,tariff,2017,1.96
India,IND,"Tariff rate, applied, weighted mean, all products (%)",TM.TAX.MRCH.WM.AR.ZS,tariff,2017,5.78
Italy,ITA,"Tariff rate, applied, weighted mean, all products (%)",TM.TAX.MRCH.WM.AR.ZS,tariff,2017,1.96
Jordan,JOR,"Tariff rate, applied, weighted mean, all products (%)",TM.TAX.MRCH.WM.AR.ZS,tariff,2017,4.41
Kuwait,KWT,"Tariff rate, applied, weighted mean, all products (%)",TM.TAX.MRCH.WM.AR.ZS,tariff,2017,4.34
Lebanon,LBN,"Tariff rate, applied, weighted mean, all products (%)",TM.TAX.MRCH.WM.AR.ZS,tariff,2017,3.76
Oman,OMN,"Tariff rate, applied, weighted mean, all products (%)",TM.TAX.MRCH.WM.AR.ZS,tariff,2017,1.73
Qatar,QAT,"Tariff rate, applied, weighted mean, all products (%)",TM.TAX.MRCH.WM.AR.ZS,tariff,2017,4.22
Saudi Arabia,SAU,"Tariff rate, applied, weighted mean, all products (%)",TM.TAX.MRCH.WM.AR.ZS,tariff,2017,4.85
Turkiye,TUR,"Tariff rate, applied, weighted mean, all products (%)",TM.TAX.MRCH.WM.AR.ZS,tariff,2017,3.45
United States,USA,"Tariff rate, applied, weighted mean, all products (%)",TM.TAX.MRCH.WM.AR.ZS,tariff,2017,1.66
United Arab Emirates,ARE,"Tariff rate, applied, weighted mean, all products (%)",TM.TAX.MRCH.WM.AR.ZS,tariff,2018,4.4
Australia,AUS,"Tariff rate, applied, weighted mean, all products (%)",TM.TAX.MRCH.WM.AR.ZS,tariff,2018,0.86
Bahrain,BHR,"Tariff rate, applied, weighted mean, all products (%)",TM.TAX.MRCH.WM.AR.ZS,tariff,2018,4.28
Canada,CAN,"Tariff rate, applied, weighted mean, all products (%)",TM.TAX.MRCH.WM.AR.ZS,tariff,2018,1.47
China,CHN,"Tariff rate, applied, weighted mean, all products (%)",TM.TAX.MRCH.WM.AR.ZS,tariff,2018,3.39
Germany,DEU,"Tariff rate, applied, weighted mean, all products (%)",TM.TAX.MRCH.WM.AR.ZS,tariff,2018,1.83
"Egypt, Arab Rep.",EGY,"Tariff rate, applied, weighted mean, all products (%)",TM.TAX.MRCH.WM.AR.ZS,tariff,2018,8.19
European Union,EUU,"Tariff rate, applied, weighted mean, all products (%)",TM.TAX.MRCH.WM.AR.ZS,tariff,2018,1.83
France,FRA,"Tariff rate, applied, weighted mean, all products (%)",TM.TAX.MRCH.WM.AR.ZS,tariff,2018,1.83
United Kingdom,GBR,"Tariff rate, applied, weighted mean, all products (%)",TM.TAX.MRCH.WM.AR.ZS,tariff,2018,1.83
Greece,GRC,"Tariff rate, applied, weighted mean, all products (%)",TM.TAX.MRCH.WM.AR.ZS,tariff,2018,1.83
India,IND,"Tariff rate, applied, weighted mean, all products (%)",TM.TAX.MRCH.WM.AR.ZS,tariff,2018,4.88
Italy,ITA,"Tariff rate, applied, weighted mean, all products (%)",TM.TAX.MRCH.WM.AR.ZS,tariff,2018,1.83
Kuwait,KWT,"Tariff rate, applied, weighted mean, all products (%)",TM.TAX.MRCH.WM.AR.ZS,tariff,2018,4.77
Lebanon,LBN,"Tariff rate, applied, weighted mean, all products (%)",TM.TAX.MRCH.WM.AR.ZS,tariff,2018,1.05
Oman,OMN,"Tariff rate, applied, weighted mean, all products (%)",TM.TAX.MRCH.WM.AR.ZS,tariff,2018,1.73
Qatar,QAT,"Tariff rate, applied, weighted mean, all products (%)",TM.TAX.MRCH.WM.AR.ZS,tariff,2018,3.68
Turkiye,TUR,"Tariff rate, applied, weighted mean, all products (%)",TM.TAX.MRCH.WM.AR.ZS,tariff,2018,2.5
United States,USA,"Tariff rate, applied, weighted mean, all products (%)",TM.TAX.MRCH.WM.AR.ZS,tariff,2018,1.59
United Arab Emirates,ARE,"Tariff rate, applied, weighted mean, all products (%)",TM.TAX.MRCH.WM.AR.ZS,tariff,2019,3.94
Australia,AUS,"Tariff rate, applied, weighted mean, all products (%)",TM.TAX.MRCH.WM.AR.ZS,tariff,2019,0.77
Bahrain,BHR,"Tariff rate, applied, weighted mean, all products (%)",TM.TAX.MRCH.WM.AR.ZS,tariff,2019,3.5
Canada,CAN,"Tariff rate, applied, weighted mean, all products (%)",TM.TAX.MRCH.WM.AR.ZS,tariff,2019,1.51
China,CHN,"Tariff rate, applied, weighted mean, all products (%)",TM.TAX.MRCH.WM.AR.ZS,tariff,2019,2.53
Germany,DEU,"Tariff rate, applied, weighted mean, all products (%)",TM.TAX.MRCH.WM.AR.ZS,tariff,2019,1.84
"Egypt, Arab Rep.",EGY,"Tariff rate, applied, weighted mean, all products (%)",TM.TAX.MRCH.WM.AR.ZS,tariff,2019,10.43
European Union,EUU,"Tariff rate, applied, weighted mean, all products (%)",TM.TAX.MRCH.WM.AR.ZS,tariff,2019,1.84
France,FRA,"Tariff rate, applied, weighted mean, all products (%)",TM.TAX.MRCH.WM.AR.ZS,tariff,2019,1.84
United Kingdom,GBR,"Tariff rate, applied, weighted mean, all products (%)",TM.TAX.MRCH.WM.AR.ZS,tariff,2019,1.84
Greece,GRC,"Tariff rate, applied, weighted mean, all products (%)",TM.TAX.MRCH.WM.AR.ZS,tariff,2019,1.84
India,IND,"Tariff rate, applied, weighted mean, all products (%)",TM.TAX.MRCH.WM.AR.ZS,tariff,2019,6.59
Italy,ITA,"Tariff rate, applied, weighted mean, all products (%)",TM.TAX.MRCH.WM.AR.ZS,tariff,2019,1.84
Kuwait,KWT,"Tariff rate, applied, weighted mean, all products (%)",TM.TAX.MRCH.WM.AR.ZS,tariff,2019,4.51
Lebanon,LBN,"Tariff rate, applied, weighted mean, all products (%)",TM.TAX.MRCH.WM.AR.ZS,tariff,2019,3.33
Oman,OMN,"Tariff rate, applied, weighted mean, all products (%)",TM.TAX.MRCH.WM.AR.ZS,tariff,2019,1.71
Qatar,QAT,"Tariff rate, applied, weighted mean, all products (%)",TM.TAX.MRCH.WM.AR.ZS,tariff,2019,3.47
Turkiye,TUR,"Tariff rate, applied, weighted mean, all products (%)",TM.TAX.MRCH.WM.AR.ZS,tariff,2019,3.13
United States,USA,"Tariff rate, applied, weighted mean, all products (%)",TM.TAX.MRCH.WM.AR.ZS,tariff,2019,13.78
United Arab Emirates,ARE,"Tariff rate, applied, weighted mean, all products (%)",TM.TAX.MRCH.WM.AR.ZS,tariff,2020,3.28
Australia,AUS,"Tariff rate, applied, weighted mean, all products (%)",TM.TAX.MRCH.WM.AR.ZS,tariff,2020,0.71
Bahrain,BHR,"Tariff rate, applied, weighted mean, all products (%)",TM.TAX.MRCH.WM.AR.ZS,tariff,2020,2.02
Canada,CAN,"Tariff rate, applied, weighted mean, all products (%)",TM.TAX.MRCH.WM.AR.ZS,tariff,2020,1.49
China,CHN,"Tariff rate, applied, weighted mean, all products (%)",TM.TAX.MRCH.WM.AR.ZS,tariff,2020,2.47
Germany,DEU,"Tariff rate, applied, weighted mean, all products (%)",TM.TAX.MRCH.WM.AR.ZS,tariff,2020,1.48
European Union,EUU,"Tariff rate, applied, weighted mean, all products (%)",TM.TAX.MRCH.WM.AR.ZS,tariff,2020,1.48
France,FRA,"Tariff rate, applied, weighted mean, all products (%)",TM.TAX.MRCH.WM.AR.ZS,tariff,2020,1.48
United Kingdom,GBR,"Tariff rate, applied, weighted mean, all products (%)",TM.TAX.MRCH.WM.AR.ZS,tariff,2020,1.28
Greece,GRC,"Tariff rate, applied, weighted mean, all products (%)",TM.TAX.MRCH.WM.AR.ZS,tariff,2020,1.48
India,IND,"Tariff rate, applied, weighted mean, all products (%)",TM.TAX.MRCH.WM.AR.ZS,tariff,2020,6.19
Italy,ITA,"Tariff rate, applied, weighted mean, all products (%)",TM.TAX.MRCH.WM.AR.ZS,tariff,2020,1.48
Jordan,JOR,"Tariff rate, applied, weighted mean, all products (%)",TM.TAX.MRCH.WM.AR.ZS,tariff,2020,3.98
Kuwait,KWT,"Tariff rate, applied, weighted mean, all products (%)",TM.TAX.MRCH.WM.AR.ZS,tariff,2020,3.01
Lebanon,LBN,"Tariff rate, applied, weighted mean, all products (%)",TM.TAX.MRCH.WM.AR.ZS,tariff,2020,2.83
Oman,OMN,"Tariff rate, applied, weighted mean, all products (%)",TM.TAX.MRCH.WM.AR.ZS,tariff,2020,1.71
Qatar,QAT,"Tariff rate, applied, weighted mean, all products (%)",TM.TAX.MRCH.WM.AR.ZS,tariff,2020,3.55
Saudi Arabia,SAU,"Tariff rate, applied, weighted mean, all products (%)",TM.TAX.MRCH.WM.AR.ZS,tariff,2020,4.23
Turkiye,TUR,"Tariff rate, applied, weighted mean, all products (%)",TM.TAX.MRCH.WM.AR.ZS,tariff,2020,2.85
United States,USA,"Tariff rate, applied, weighted mean, all products (%)",TM.TAX.MRCH.WM.AR.ZS,tariff,2020,1.52
United Arab Emirates,ARE,"Tariff rate, applied, weighted mean, all products (%)",TM.TAX.MRCH.WM.AR.ZS,tariff,2021,2.63
Australia,AUS,"Tariff rate, applied, weighted mean, all products (%)",TM.TAX.MRCH.WM.AR.ZS,tariff,2021,0.81
Bahrain,BHR,"Tariff rate, applied, weighted mean, all products (%)",TM.TAX.MRCH.WM.AR.ZS,tariff,2021,2.09
Canada,CAN,"Tariff rate, applied, weighted mean, all products (%)",TM.TAX.MRCH.WM.AR.ZS,tariff,2021,2.35
China,CHN,"Tariff rate, applied, weighted mean, all products (%)",TM.TAX.MRCH.WM.AR.ZS,tariff,2021,2.31
Germany,DEU,"Tariff rate, applied, weighted mean, all products (%)",TM.TAX.MRCH.WM.AR.ZS,tariff,2021,1.39
European Union,EUU,"Tariff rate, applied, weighted mean, all products (%)",TM.TAX.MRCH.WM.AR.ZS,tariff,2021,1.39
France,FRA,"Tariff rate, applied, weighted mean, all products (%)",TM.TAX.MRCH.WM.AR.ZS,tariff,2021,1.39
United Kingdom,GBR,"Tariff rate, applied, weighted mean, all products (%)",TM.TAX.MRCH.WM.AR.ZS,tariff,2021,0.72
Greece,GRC,"Tariff rate, applied, weighted mean, all products (%)",TM.TAX.MRCH.WM.AR.ZS,tariff,2021,1.39
India,IND,"Tariff rate, applied, weighted mean, all products (%)",TM.TAX.MRCH.WM.AR.ZS,tariff,2021,5.87
Italy,ITA,"Tariff rate, applied, weighted mean, all products (%)",TM.TAX.MRCH.WM.AR.ZS,tariff,2021,1.39
Kuwait,KWT,"Tariff rate, applied, weighted mean, all products (%)",TM.TAX.MRCH.WM.AR.ZS,tariff,2021,2.85
Oman,OMN,"Tariff rate, applied, weighted mean, all products (%)",TM.TAX.MRCH.WM.AR.ZS,tariff,2021,2.0
Qatar,QAT,"Tariff rate, applied, weighted mean, all products (%)",TM.TAX.MRCH.WM.AR.ZS,tariff,2021,3.53
Turkiye,TUR,"Tariff rate, applied, weighted mean, all products (%)",TM.TAX.MRCH.WM.AR.ZS,tariff,2021,3.22
United States,USA,"Tariff rate, applied, weighted mean, all products (%)",TM.TAX.MRCH.WM.AR.ZS,tariff,2021,1.47
Australia,AUS,"Tariff rate, applied, weighted mean, all products (%)",TM.TAX.MRCH.WM.AR.ZS,tariff,2022,0.99
Bahrain,BHR,"Tariff rate, applied, weighted mean, all products (%)",TM.TAX.MRCH.WM.AR.ZS,tariff,2022,3.66
Canada,CAN,"Tariff rate, applied, weighted mean, all products (%)",TM.TAX.MRCH.WM.AR.ZS,tariff,2022,1.37
China,CHN,"Tariff rate, applied, weighted mean, all products (%)",TM.TAX.MRCH.WM.AR.ZS,tariff,2022,2.18
Germany,DEU,"Tariff rate, applied, weighted mean, all products (%)",TM.TAX.MRCH.WM.AR.ZS,tariff,2022,1.33
European Union,EUU,"Tariff rate, applied, weighted mean, all products (%)",TM.TAX.MRCH.WM.AR.ZS,tariff,2022,1.33
France,FRA,"Tariff rate, applied, weighted mean, all products (%)",TM.TAX.MRCH.WM.AR.ZS,tariff,2022,1.33
United Kingdom,GBR,"Tariff rate, applied, weighted mean, all products (%)",TM.TAX.MRCH.WM.AR.ZS,tariff,2022,1.0
Greece,GRC,"Tariff rate, applied, weighted mean, all products (%)",TM.TAX.MRCH.WM.AR.ZS,tariff,2022,1.33
India,IND,"Tariff rate, applied, weighted mean, all products (%)",TM.TAX.MRCH.WM.AR.ZS,tariff,2022,4.59
Italy,ITA,"Tariff rate, applied, weighted mean, all products (%)",TM.TAX.MRCH.WM.AR.ZS,tariff,2022,1.33
Jordan,JOR,"Tariff rate, applied, weighted mean, all products (%)",TM.TAX.MRCH.WM.AR.ZS,tariff,2022,3.2
Kuwait,KWT,"Tariff rate, applied, weighted mean, all products (%)",TM.TAX.MRCH.WM.AR.ZS,tariff,2022,4.01
Oman,OMN,"Tariff rate, applied, weighted mean, all products (%)",TM.TAX.MRCH.WM.AR.ZS,tariff,2022,2.14
Qatar,QAT,"Tariff rate, applied, weighted mean, all products (%)",TM.TAX.MRCH.WM.AR.ZS,tariff,2022,3.69
Saudi Arabia,SAU,"Tariff rate, applied, weighted mean, all products (%)",TM.TAX.MRCH.WM.AR.ZS,tariff,2022,5.4
Turkiye,TUR,"Tariff rate, applied, weighted mean, all products (%)",TM.TAX.MRCH.WM.AR.ZS,tariff,2022,4.31
United States,USA,"Tariff rate, applied, weighted mean, all products (%)",TM.TAX.MRCH.WM.AR.ZS,tariff,2022,1.49
European Union,EUU,"Tariff rate, most favored nation, weighted mean, all products (%)",TM.TAX.MRCH.WM.FN.ZS,tariff,1988,4.73
Canada,CAN,"Tariff rate, most favored nation, weighted mean, all products (%)",TM.TAX.MRCH.WM.FN.ZS,tariff,1989,8.08
European Union,EUU,"Tariff rate, most favored nation, weighted mean, all products (%)",TM.TAX.MRCH.WM.FN.ZS,tariff,1989,4.73
United States,USA,"Tariff rate, most favored nation, weighted mean, all products (%)",TM.TAX.MRCH.WM.FN.ZS,tariff,1989,4.56
European Union,EUU,"Tariff rate, most favored nation, weighted mean, all products (%)",TM.TAX.MRCH.WM.FN.ZS,tariff,1990,5.97
India,IND,"Tariff rate, most favored nation, weighted mean, all products (%)",TM.TAX.MRCH.WM.FN.ZS,tariff,1990,56.36
United States,USA,"Tariff rate, most favored nation, weighted mean, all products (%)",TM.TAX.MRCH.WM.FN.ZS,tariff,1990,4.66
Australia,AUS,"Tariff rate, most favored nation, weighted mean, all products (%)",TM.TAX.MRCH.WM.FN.ZS,tariff,1991,19.87
European Union,EUU,"Tariff rate, most favored nation, weighted mean, all products (%)",TM.TAX.MRCH.WM.FN.ZS,tariff,1991,5.68
United States,USA,"Tariff rate, most favored nation, weighted mean, all products (%)",TM.TAX.MRCH.WM.FN.ZS,tariff,1991,4.73
China,CHN,"Tariff rate, most favored nation, weighted mean, all products (%)",TM.TAX.MRCH.WM.FN.ZS,tariff,1992,32.17
European Union,EUU,"Tariff rate, most favored nation, weighted mean, all products (%)",TM.TAX.MRCH.WM.FN.ZS,tariff,1992,6.06
India,IND,"Tariff rate, most favored nation, weighted mean, all products (%)",TM.TAX.MRCH.WM.FN.ZS,tariff,1992,27.01
Oman,OMN,"Tariff rate, most favored nation, weighted mean, all products (%)",TM.TAX.MRCH.WM.FN.ZS,tariff,1992,7.43
United States,USA,"Tariff rate, most favored nation, weighted mean, all products (%)",TM.TAX.MRCH.WM.FN.ZS,tariff,1992,4.8
Australia,AUS,"Tariff rate, most favored nation, weighted mean, all products (%)",TM.TAX.MRCH.WM.FN.ZS,tariff,1993,11.01
Canada,CAN,"Tariff rate, most favored nation, weighted mean, all products (%)",TM.TAX.MRCH.WM.FN.ZS,tariff,1993,6.98
China,CHN,"Tariff rate, most favored nation, weighted mean, all products (%)",TM.TAX.MRCH.WM.FN.ZS,tariff,1993,30.29
European Union,EUU,"Tariff rate, most favored nation, weighted mean, all products (%)",TM.TAX.MRCH.WM.FN.ZS,tariff,1993,5.97
Turkiye,TUR,"Tariff rate, most favored nation, weighted mean, all products (%)",TM.TAX.MRCH.WM.FN.ZS,tariff,1993,7.9
United States,USA,"Tariff rate, most favored nation, weighted mean, all products (%)",TM.TAX.MRCH.WM.FN.ZS,tariff,1993,4.71
China,CHN,"Tariff rate, most favored nation, weighted mean, all products (%)",TM.TAX.MRCH.WM.FN.ZS,tariff,1994,27.93
European Union,EUU,"Tariff rate, most favored nation, weighted mean, all products (%)",TM.TAX.MRCH.WM.FN.ZS,tariff,1994,5.87
Saudi Arabia,SAU,"Tariff rate, most favored nation, weighted mean, all products (%)",TM.TAX.MRCH.WM.FN.ZS,tariff,1994,10.72
Canada,CAN,"Tariff rate, most favored nation, weighted mean, all products (%)",TM.TAX.MRCH.WM.FN.ZS,tariff,1995,6.93
"Egypt, Arab Rep.",EGY,"Tariff rate, most favored nation, weighted mean, all products (%)",TM.TAX.MRCH.WM.FN.ZS,tariff,1995,17.05
European Union,EUU,"Tariff rate, most favored nation, weighted mean, all products (%)",TM.TAX.MRCH.WM.FN.ZS,tariff,1995,7.38
Turkiye,TUR,"Tariff rate, most favored nation, weighted mean, all products (%)",TM.TAX.MRCH.WM.FN.ZS,tariff,1995,6.74
United States,USA,"Tariff rate, most favored nation, weighted mean, all products (%)",TM.TAX.MRCH.WM.FN.ZS,tariff,1995,4.27
Australia,AUS,"Tariff rate, most favored nation, weighted mean, all products (%)",TM.TAX.MRCH.WM.FN.ZS,tariff,1996,6.91
Canada,CAN,"Tariff rate, most favored nation, weighted mean, all products (%)",TM.TAX.MRCH.WM.FN.ZS,tariff,1996,5.6
China,CHN,"Tariff rate, most favored nation, weighted mean, all products (%)",TM.TAX.MRCH.WM.FN.ZS,tariff,1996,19.76
European Union,EUU,"Tariff rate, most favored nation, weighted mean, all products (%)",TM.TAX.MRCH.WM.FN.ZS,tariff,1996,6.07
India,IND,"Tariff rate, most favored nation, weighted mean, all products (%)",TM.TAX.MRCH.WM.FN.ZS,tariff,1996,23.72
Turkiye,TUR,"Tariff rate, most favored nation, weighted mean, all products (%)",TM.TAX.MRCH.WM.FN.ZS,tariff,1996,5.71
United States,USA,"Tariff rate, most favored nation, weighted mean, all products (%)",TM.TAX.MRCH.WM.FN.ZS,tariff,1996,4.11
Australia,AUS,"Tariff rate, most favored nation, weighted mean, all products (%)",TM.TAX.MRCH.WM.FN.ZS,tariff,1997,6.93
Canada,CAN,"Tariff rate, most favored nation, weighted mean, all products (%)",TM.TAX.MRCH.WM.FN.ZS,tariff,1997,5.19
China,CHN,"Tariff rate, most favored nation, weighted mean, all products (%)",TM.TAX.MRCH.WM.FN.ZS,tariff,1997,15.82
European Union,EUU,"Tariff rate, most favored nation, weighted mean, all products (%)",TM.TAX.MRCH.WM.FN.ZS,tariff,1997,5.67
India,IND,"Tariff rate, most favored nation, weighted mean, all products (%)",TM.TAX.MRCH.WM.FN.ZS,tariff,1997,20.14
Oman,OMN,"Tariff rate, most favored nation, weighted mean, all products (%)",TM.TAX.MRCH.WM.FN.ZS,tariff,1997,4.49
Turkiye,TUR,"Tariff rate, most favored nation, weighted mean, all products (%)",TM.TAX.MRCH.WM.FN.ZS,tariff,1997,5.65
United States,USA,"Tariff rate, most favored nation, weighted mean, all products (%)",TM.TAX.MRCH.WM.FN.ZS,tariff,1997,3.67
Australia,AUS,"Tariff rate, most favored nation, weighted mean, all products (%)",TM.TAX.MRCH.WM.FN.ZS,tariff,1998,6.6
Canada,CAN,"Tariff rate, most favored nation, weighted mean, all products (%)",TM.TAX.MRCH.WM.FN.ZS,tariff,1998,3.95
China,CHN,"Tariff rate, most favored nation, weighted mean, all products (%)",TM.TAX.MRCH.WM.FN.ZS,tariff,1998,15.5
"Egypt, Arab Rep.",EGY,"Tariff rate, most favored nation, weighted mean, all products (%)",TM.TAX.MRCH.WM.FN.ZS,tariff,1998,14.17
European Union,EUU,"Tariff rate, most favored nation, weighted mean, all products (%)",TM.TAX.MRCH.WM.FN.ZS,tariff,1998,4.86
Turkiye,TUR,"Tariff rate, most favored nation, weighted mean, all products (%)",TM.TAX.MRCH.WM.FN.ZS,tariff,1998,5.73
United States,USA,"Tariff rate, most favored nation, weighted mean, all products (%)",TM.TAX.MRCH.WM.FN.ZS,tariff,1998,3.6
Australia,AUS,"Tariff rate, most favored nation, weighted mean, all products (%)",TM.TAX.MRCH.WM.FN.ZS,tariff,1999,6.21
Bahrain,BHR,"Tariff rate, most favored nation, weighted mean, all products (%)",TM.TAX.MRCH.WM.FN.ZS,tariff,1999,10.72
Canada,CAN,"Tariff rate, most favored nation, weighted mean, all products (%)",TM.TAX.MRCH.WM.FN.ZS,tariff,1999,3.73
China,CHN,"Tariff rate, most favored nation, weighted mean, all products (%)",TM.TAX.MRCH.WM.FN.ZS,tariff,1999,14.46
"Egypt, Arab Rep.",EGY,"Tariff rate, most favored nation, weighted mean, all products (%)",TM.TAX.MRCH.WM.FN.ZS,tariff,1999,16.68
European Union,EUU,"Tariff rate, most favored nation, weighted mean, all products (%)",TM.TAX.MRCH.WM.FN.ZS,tariff,1999,4.52
India,IND,"Tariff rate, most favored nation, weighted mean, all products (%)",TM.TAX.MRCH.WM.FN.ZS,tariff,1999,28.54
Lebanon,LBN,"Tariff rate, most favored nation, weighted mean, all products (%)",TM.TAX.MRCH.WM.FN.ZS,tariff,1999,11.59
Saudi Arabia,SAU,"Tariff rate, most favored nation, weighted mean, all products (%)",TM.TAX.MRCH.WM.FN.ZS,tariff,1999,11.5
Turkiye,TUR,"Tariff rate, most favored nation, weighted mean, all products (%)",TM.TAX.MRCH.WM.FN.ZS,tariff,1999,5.34
United States,USA,"Tariff rate, most favored nation, weighted mean, all products (%)",TM.TAX.MRCH.WM.FN.ZS,tariff,1999,3.89
Australia,AUS,"Tariff rate, most favored nation, weighted mean, all products (%)",TM.TAX.MRCH.WM.FN.ZS,tariff,2000,5.95
Bahrain,BHR,"Tariff rate, most favored nation, weighted mean, all products (%)",TM.TAX.MRCH.WM.FN.ZS,tariff,2000,10.36
Canada,CAN,"Tariff rate, most favored nation, weighted mean, all products (%)",TM.TAX.MRCH.WM.FN.ZS,tariff,2000,3.43
China,CHN,"Tariff rate, most favored nation, weighted mean, all products (%)",TM.TAX.MRCH.WM.FN.ZS,tariff,2000,14.67
Germany,DEU,"Tariff rate, most favored nation, weighted mean, all products (%)",TM.TAX.MRCH.WM.FN.ZS,tariff,2000,3.75
"Egypt, Arab Rep.",EGY,"Tariff rate, most favored nation, weighted mean, all products (%)",TM.TAX.MRCH.WM.FN.ZS,tariff,2000,16.82
European Union,EUU,"Tariff rate, most favored nation, weighted mean, all products (%)",TM.TAX.MRCH.WM.FN.ZS,tariff,2000,3.75
France,FRA,"Tariff rate, most favored nation, weighted mean, all products (%)",TM.TAX.MRCH.WM.FN.ZS,tariff,2000,3.75
United Kingdom,GBR,"Tariff rate, most favored nation, weighted mean, all products (%)",TM.TAX.MRCH.WM.FN.ZS,tariff,2000,3.75
Greece,GRC,"Tariff rate, most favored nation, weighted mean, all products (%)",TM.TAX.MRCH.WM.FN.ZS,tariff,2000,3.75
India,IND,"Tariff rate, most favored nation, weighted mean, all products (%)",TM.TAX.MRCH.WM.FN.ZS,tariff,2000,23.36
Italy,ITA,"Tariff rate, most favored nation, weighted mean, all products (%)",TM.TAX.MRCH.WM.FN.ZS,tariff,2000,3.75
Jordan,JOR,"Tariff rate, most favored nation, weighted mean, all products (%)",TM.TAX.MRCH.WM.FN.ZS,tariff,2000,18.92
Lebanon,LBN,"Tariff rate, most favored nation, weighted mean, all products (%)",TM.TAX.MRCH.WM.FN.ZS,tariff,2000,16.94
Saudi Arabia,SAU,"Tariff rate, most favored nation, weighted mean, all products (%)",TM.TAX.MRCH.WM.FN.ZS,tariff,2000,12.48
Turkiye,TUR,"Tariff rate, most favored nation, weighted mean, all products (%)",TM.TAX.MRCH.WM.FN.ZS,tariff,2000,4.98
United States,USA,"Tariff rate, most favored nation, weighted mean, all products (%)",TM.TAX.MRCH.WM.FN.ZS,tariff,2000,3.4
Australia,AUS,"Tariff rate, most favored nation, weighted mean, all products (%)",TM.TAX.MRCH.WM.FN.ZS,tariff,2001,4.91
Bahrain,BHR,"Tariff rate, most favored nation, weighted mean, all products (%)",TM.TAX.MRCH.WM.FN.ZS,tariff,2001,8.51
Canada,CAN,"Tariff rate, most favored nation, weighted mean, all products (%)",TM.TAX.MRCH.WM.FN.ZS,tariff,2001,3.61
China,CHN,"Tariff rate, most favored nation, weighted mean, all products (%)",TM.TAX.MRCH.WM.FN.ZS,tariff,2001,14.11
Germany,DEU,"Tariff rate, most favored nation, weighted mean, all products (%)",TM.TAX.MRCH.WM.FN.ZS,tariff,2001,4.07
"Egypt, Arab Rep.",EGY,"Tariff rate, most favored nation, weighted mean, all products (%)",TM.TAX.MRCH.WM.FN.ZS,tariff,2001,16.72
European Union,EUU,"Tariff rate, most favored nation, weighted mean, all products (%)",TM.TAX.MRCH.WM.FN.ZS,tariff,2001,4.07
France,FRA,"Tariff rate, most favored nation, weighted mean, all products (%)",TM.TAX.MRCH.WM.FN.ZS,tariff,2001,4.07
United Kingdom,GBR,"Tariff rate, most favored nation, weighted mean, all products (%)",TM.TAX.MRCH.WM.FN.ZS,tariff,2001,4.07
Greece,GRC,"Tariff rate, most favored nation, weighted mean, all products (%)",TM.TAX.MRCH.WM.FN.ZS,tariff,2001,4.07
India,IND,"Tariff rate, most favored nation, weighted mean, all products (%)",TM.TAX.MRCH.WM.FN.ZS,tariff,2001,26.65
Italy,ITA,"Tariff rate, most favored nation, weighted mean, all products (%)",TM.TAX.MRCH.WM.FN.ZS,tariff,2001,4.07
Jordan,JOR,"Tariff rate, most favored nation, weighted mean, all products (%)",TM.TAX.MRCH.WM.FN.ZS,tariff,2001,12.32
Lebanon,LBN,"Tariff rate, most favored nation, weighted mean, all products (%)",TM.TAX.MRCH.WM.FN.ZS,tariff,2001,8.36
Oman,OMN,"Tariff rate, most favored nation, weighted mean, all products (%)",TM.TAX.MRCH.WM.FN.ZS,tariff,2001,12.73
Saudi Arabia,SAU,"Tariff rate, most favored nation, weighted mean, all products (%)",TM.TAX.MRCH.WM.FN.ZS,tariff,2001,11.12
Turkiye,TUR,"Tariff rate, most favored nation, weighted mean, all products (%)",TM.TAX.MRCH.WM.FN.ZS,tariff,2001,3.93
United States,USA,"Tariff rate, most favored nation, weighted mean, all products (%)",TM.TAX.MRCH.WM.FN.ZS,tariff,2001,3.46
Australia,AUS,"Tariff rate, most favored nation, weighted mean, all products (%)",TM.TAX.MRCH.WM.FN.ZS,tariff,2002,3.99
Bahrain,BHR,"Tariff rate, most favored nation, weighted mean, all products (%)",TM.TAX.MRCH.WM.FN.ZS,tariff,2002,5.79
Canada,CAN,"Tariff rate, most favored nation, weighted mean, all products (%)",TM.TAX.MRCH.WM.FN.ZS,tariff,2002,3.67
China,CHN,"Tariff rate, most favored nation, weighted mean, all products (%)",TM.TAX.MRCH.WM.FN.ZS,tariff,2002,7.72
Germany,DEU,"Tariff rate, most favored nation, weighted mean, all products (%)",TM.TAX.MRCH.WM.FN.ZS,tariff,2002,3.91
"Egypt, Arab Rep.",EGY,"Tariff rate, most favored nation, weighted mean, all products (%)",TM.TAX.MRCH.WM.FN.ZS,tariff,2002,19.89
European Union,EUU,"Tariff rate, most favored nation, weighted mean, all products (%)",TM.TAX.MRCH.WM.FN.ZS,tariff,2002,3.91
France,FRA,"Tariff rate, most favored nation, weighted mean, all products (%)",TM.TAX.MRCH.WM.FN.ZS,tariff,2002,3.91
United Kingdom,GBR,"Tariff rate, most favored nation, weighted mean, all products (%)",TM.TAX.MRCH.WM.FN.ZS,tariff,2002,3.91
Greece,GRC,"Tariff rate, most favored nation, weighted mean, all products (%)",TM.TAX.MRCH.WM.FN.ZS,tariff,2002,3.91
India,IND,"Tariff rate, most favored nation, weighted mean, all products (%)",TM.TAX.MRCH.WM.FN.ZS,tariff,2002,23.08
Italy,ITA,"Tariff rate, most favored nation, weighted mean, all products (%)",TM.TAX.MRCH.WM.FN.ZS,tariff,2002,3.91
Jordan,JOR,"Tariff rate, most favored nation, weighted mean, all products (%)",TM.TAX.MRCH.WM.FN.ZS,tariff,2002,12.66
Kuwait,KWT,"Tariff rate, most favored nation, weighted mean, all products (%)",TM.TAX.MRCH.WM.FN.ZS,tariff,2002,4.3
Lebanon,LBN,"Tariff rate, most favored nation, weighted mean, all products (%)",TM.TAX.MRCH.WM.FN.ZS,tariff,2002,27.31
Oman,OMN,"Tariff rate, most favored nation, weighted mean, all products (%)",TM.TAX.MRCH.WM.FN.ZS,tariff,2002,13.65
Qatar,QAT,"Tariff rate, most favored nation, weighted mean, all products (%)",TM.TAX.MRCH.WM.FN.ZS,tariff,2002,4.28
Saudi Arabia,SAU,"Tariff rate, most favored nation, weighted mean, all products (%)",TM.TAX.MRCH.WM.FN.ZS,tariff,2002,6.53
Turkiye,TUR,"Tariff rate, most favored nation, weighted mean, all products (%)",TM.TAX.MRCH.WM.FN.ZS,tariff,2002,3.95
United States,USA,"Tariff rate, most favored nation, weighted mean, all products (%)",TM.TAX.MRCH.WM.FN.ZS,tariff,2002,3.33
Australia,AUS,"Tariff rate, most favored nation, weighted mean, all products (%)",TM.TAX.MRCH.WM.FN.ZS,tariff,2003,4.05
Bahrain,BHR,"Tariff rate, most favored nation, weighted mean, all products (%)",TM.TAX.MRCH.WM.FN.ZS,tariff,2003,5.76
Canada,CAN,"Tariff rate, most favored nation, weighted mean, all products (%)",TM.TAX.MRCH.WM.FN.ZS,tariff,2003,6.11
China,CHN,"Tariff rate, most favored nation, weighted mean, all products (%)",TM.TAX.MRCH.WM.FN.ZS,tariff,2003,6.48
Germany,DEU,"Tariff rate, most favored nation, weighted mean, all products (%)",TM.TAX.MRCH.WM.FN.ZS,tariff,2003,4.01
"Egypt, Arab Rep.",EGY,"Tariff rate, most favored nation, weighted mean, all products (%)",TM.TAX.MRCH.WM.FN.ZS,tariff,2003,15.04
European Union,EUU,"Tariff rate, most favored nation, weighted mean, all products (%)",TM.TAX.MRCH.WM.FN.ZS,tariff,2003,4.01
France,FRA,"Tariff rate, most favored nation, weighted mean, all products (%)",TM.TAX.MRCH.WM.FN.ZS,tariff,2003,4.01
United Kingdom,GBR,"Tariff rate, most favored nation, weighted mean, all products (%)",TM.TAX.MRCH.WM.FN.ZS,tariff,2003,4.01
Greece,GRC,"Tariff rate, most favored nation, weighted mean, all products (%)",TM.TAX.MRCH.WM.FN.ZS,tariff,2003,4.01
India,IND,"Tariff rate, most favored nation, weighted mean, all products (%)",TM.TAX.MRCH.WM.FN.ZS,tariff,2003,21.45
Italy,ITA,"Tariff rate, most favored nation, weighted mean, all products (%)",TM.TAX.MRCH.WM.FN.ZS,tariff,2003,4.01
Jordan,JOR,"Tariff rate, most favored nation, weighted mean, all products (%)",TM.TAX.MRCH.WM.FN.ZS,tariff,2003,11.44
Kuwait,KWT,"Tariff rate, most favored nation, weighted mean, all products (%)",TM.TAX.MRCH.WM.FN.ZS,tariff,2003,4.52
Oman,OMN,"Tariff rate, most favored nation, weighted mean, all products (%)",TM.TAX.MRCH.WM.FN.ZS,tariff,2003,5.07
Qatar,QAT,"Tariff rate, most favored nation, weighted mean, all products (%)",TM.TAX.MRCH.WM.FN.ZS,tariff,2003,4.98
Saudi Arabia,SAU,"Tariff rate, most favored nation, weighted mean, all products (%)",TM.TAX.MRCH.WM.FN.ZS,tariff,2003,7.28
Turkiye,TUR,"Tariff rate, most favored nation, weighted mean, all products (%)",TM.TAX.MRCH.WM.FN.ZS,tariff,2003,4.33
United States,USA,"Tariff rate, most favored nation, weighted mean, all products (%)",TM.TAX.MRCH.WM.FN.ZS,tariff,2003,3.2
Australia,AUS,"Tariff rate, most favored nation, weighted mean, all products (%)",TM.TAX.MRCH.WM.FN.ZS,tariff,2004,4.0
Bahrain,BHR,"Tariff rate, most favored nation, weighted mean, all products (%)",TM.TAX.MRCH.WM.FN.ZS,tariff,2004,5.77
Canada,CAN,"Tariff rate, most favored nation, weighted mean, all products (%)",TM.TAX.MRCH.WM.FN.ZS,tariff,2004,3.54
China,CHN,"Tariff rate, most favored nation, weighted mean, all products (%)",TM.TAX.MRCH.WM.FN.ZS,tariff,2004,5.96
Germany,DEU,"Tariff rate, most favored nation, weighted mean, all products (%)",TM.TAX.MRCH.WM.FN.ZS,tariff,2004,3.64
"Egypt, Arab Rep.",EGY,"Tariff rate, most favored nation, weighted mean, all products (%)",TM.TAX.MRCH.WM.FN.ZS,tariff,2004,10.63
European Union,EUU,"Tariff rate, most favored nation, weighted mean, all products (%)",TM.TAX.MRCH.WM.FN.ZS,tariff,2004,3.64
France,FRA,"Tariff rate, most favored nation, weighted mean, all products (%)",TM.TAX.MRCH.WM.FN.ZS,tariff,2004,3.64
United Kingdom,GBR,"Tariff rate, most favored nation, weighted mean, all products (%)",TM.TAX.MRCH.WM.FN.ZS,tariff,2004,3.64
Greece,GRC,"Tariff rate, most favored nation, weighted mean, all products (%)",TM.TAX.MRCH.WM.FN.ZS,tariff,2004,3.64
India,IND,"Tariff rate, most favored nation, weighted mean, all products (%)",TM.TAX.MRCH.WM.FN.ZS,tariff,2004,22.97
Italy,ITA,"Tariff rate, most favored nation, weighted mean, all products (%)",TM.TAX.MRCH.WM.FN.ZS,tariff,2004,3.64
Jordan,JOR,"Tariff rate, most favored nation, weighted mean, all products (%)",TM.TAX.MRCH.WM.FN.ZS,tariff,2004,11.23
Kuwait,KWT,"Tariff rate, most favored nation, weighted mean, all products (%)",TM.TAX.MRCH.WM.FN.ZS,tariff,2004,4.52
Lebanon,LBN,"Tariff rate, most favored nation, weighted mean, all products (%)",TM.TAX.MRCH.WM.FN.ZS,tariff,2004,5.33
Oman,OMN,"Tariff rate, most favored nation, weighted mean, all products (%)",TM.TAX.MRCH.WM.FN.ZS,tariff,2004,4.68
Qatar,QAT,"Tariff rate, most favored nation, weighted mean, all products (%)",TM.TAX.MRCH.WM.FN.ZS,tariff,2004,5.12
Saudi Arabia,SAU,"Tariff rate, most favored nation, weighted mean, all products (%)",TM.TAX.MRCH.WM.FN.ZS,tariff,2004,7.01
Turkiye,TUR,"Tariff rate, most favored nation, weighted mean, all products (%)",TM.TAX.MRCH.WM.FN.ZS,tariff,2004,4.15
United States,USA,"Tariff rate, most favored nation, weighted mean, all products (%)",TM.TAX.MRCH.WM.FN.ZS,tariff,2004,2.99
United Arab Emirates,ARE,"Tariff rate, most favored nation, weighted mean, all products (%)",TM.TAX.MRCH.WM.FN.ZS,tariff,2005,4.42
Australia,AUS,"Tariff rate, most favored nation, weighted mean, all products (%)",TM.TAX.MRCH.WM.FN.ZS,tariff,2005,3.3
Bahrain,BHR,"Tariff rate, most favored nation, weighted mean, all products (%)",TM.TAX.MRCH.WM.FN.ZS,tariff,2005,5.53
Canada,CAN,"Tariff rate, most favored nation, weighted mean, all products (%)",TM.TAX.MRCH.WM.FN.ZS,tariff,2005,3.4
China,CHN,"Tariff rate, most favored nation, weighted mean, all products (%)",TM.TAX.MRCH.WM.FN.ZS,tariff,2005,4.9
Germany,DEU,"Tariff rate, most favored nation, weighted mean, all products (%)",TM.TAX.MRCH.WM.FN.ZS,tariff,2005,3.54
"Egypt, Arab Rep.",EGY,"Tariff rate, most favored nation, weighted mean, all products (%)",TM.TAX.MRCH.WM.FN.ZS,tariff,2005,10.01
European Union,EUU,"Tariff rate, most favored nation, weighted mean, all products (%)",TM.TAX.MRCH.WM.FN.ZS,tariff,2005,3.54
France,FRA,"Tariff rate, most favored nation, weighted mean, all products (%)",TM.TAX.MRCH.WM.FN.ZS,tariff,2005,3.54
United Kingdom,GBR,"Tariff rate, most favored nation, weighted mean, all products (%)",TM.TAX.MRCH.WM.FN.ZS,tariff,2005,3.54
Greece,GRC,"Tariff rate, most favored nation, weighted mean, all products (%)",TM.TAX.MRCH.WM.FN.ZS,tariff,2005,3.54
India,IND,"Tariff rate, most favored nation, weighted mean, all products (%)",TM.TAX.MRCH.WM.FN.ZS,tariff,2005,14.06
Italy,ITA,"Tariff rate, most favored nation, weighted mean, all products (%)",TM.TAX.MRCH.WM.FN.ZS,tariff,2005,3.54
Jordan,JOR,"Tariff rate, most favored nation, weighted mean, all products (%)",TM.TAX.MRCH.WM.FN.ZS,tariff,2005,12.04
Kuwait,KWT,"Tariff rate, most favored nation, weighted mean, all products (%)",TM.TAX.MRCH.WM.FN.ZS,tariff,2005,4.71
Lebanon,LBN,"Tariff rate, most favored nation, weighted mean, all products (%)",TM.TAX.MRCH.WM.FN.ZS,tariff,2005,6.13
Oman,OMN,"Tariff rate, most favored nation, weighted mean, all products (%)",TM.TAX.MRCH.WM.FN.ZS,tariff,2005,4.76
Qatar,QAT,"Tariff rate, most favored nation, weighted mean, all products (%)",TM.TAX.MRCH.WM.FN.ZS,tariff,2005,5.02
Saudi Arabia,SAU,"Tariff rate, most favored nation, weighted mean, all products (%)",TM.TAX.MRCH.WM.FN.ZS,tariff,2005,4.35
Turkiye,TUR,"Tariff rate, most favored nation, weighted mean, all products (%)",TM.TAX.MRCH.WM.FN.ZS,tariff,2005,3.85
United States,USA,"Tariff rate, most favored nation, weighted mean, all products (%)",TM.TAX.MRCH.WM.FN.ZS,tariff,2005,2.96
Australia,AUS,"Tariff rate, most favored nation, weighted mean, all products (%)",TM.TAX.MRCH.WM.FN.ZS,tariff,2006,4.09
Bahrain,BHR,"Tariff rate, most favored nation, weighted mean, all products (%)",TM.TAX.MRCH.WM.FN.ZS,tariff,2006,5.41
Canada,CAN,"Tariff rate, most favored nation, weighted mean, all products (%)",TM.TAX.MRCH.WM.FN.ZS,tariff,2006,3.38
China,CHN,"Tariff rate, most favored nation, weighted mean, all products (%)",TM.TAX.MRCH.WM.FN.ZS,tariff,2006,4.4
Germany,DEU,"Tariff rate, most favored nation, weighted mean, all products (%)",TM.TAX.MRCH.WM.FN.ZS,tariff,2006,3.33
"Egypt, Arab Rep.",EGY,"Tariff rate, most favored nation, weighted mean, all products (%)",TM.TAX.MRCH.WM.FN.ZS,tariff,2006,10.05
European Union,EUU,"Tariff rate, most favored nation, weighted mean, all products (%)",TM.TAX.MRCH.WM.FN.ZS,tariff,2006,3.33
France,FRA,"Tariff rate, most favored nation, weighted mean, all products (%)",TM.TAX.MRCH.WM.FN.ZS,tariff,2006,3.33
United Kingdom,GBR,"Tariff rate, most favored nation, weighted mean, all products (%)",TM.TAX.MRCH.WM.FN.ZS,tariff,2006,3.33
Greece,GRC,"Tariff rate, most favored nation, weighted mean, all products (%)",TM.TAX.MRCH.WM.FN.ZS,tariff,2006,3.33
India,IND,"Tariff rate, most favored nation, weighted mean, all products (%)",TM.TAX.MRCH.WM.FN.ZS,tariff,2006,8.99
Italy,ITA,"Tariff rate, most favored nation, weighted mean, all products (%)",TM.TAX.MRCH.WM.FN.ZS,tariff,2006,3.33
Jordan,JOR,"Tariff rate, most favored nation, weighted mean, all products (%)",TM.TAX.MRCH.WM.FN.ZS,tariff,2006,9.38
Kuwait,KWT,"Tariff rate, most favored nation, weighted mean, all products (%)",TM.TAX.MRCH.WM.FN.ZS,tariff,2006,4.54
Lebanon,LBN,"Tariff rate, most favored nation, weighted mean, all products (%)",TM.TAX.MRCH.WM.FN.ZS,tariff,2006,5.69
Oman,OMN,"Tariff rate, most favored nation, weighted mean, all products (%)",TM.TAX.MRCH.WM.FN.ZS,tariff,2006,4.9
Qatar,QAT,"Tariff rate, most favored nation, weighted mean, all products (%)",TM.TAX.MRCH.WM.FN.ZS,tariff,2006,5.03
Saudi Arabia,SAU,"Tariff rate, most favored nation, weighted mean, all products (%)",TM.TAX.MRCH.WM.FN.ZS,tariff,2006,4.41
Turkiye,TUR,"Tariff rate, most favored nation, weighted mean, all products (%)",TM.TAX.MRCH.WM.FN.ZS,tariff,2006,3.72
United States,USA,"Tariff rate, most favored nation, weighted mean, all products (%)",TM.TAX.MRCH.WM.FN.ZS,tariff,2006,2.91
United Arab Emirates,ARE,"Tariff rate, most favored nation, weighted mean, all products (%)",TM.TAX.MRCH.WM.FN.ZS,tariff,2007,3.95
Australia,AUS,"Tariff rate, most favored nation, weighted mean, all products (%)",TM.TAX.MRCH.WM.FN.ZS,tariff,2007,4.26
Bahrain,BHR,"Tariff rate, most favored nation, weighted mean, all products (%)",TM.TAX.MRCH.WM.FN.ZS,tariff,2007,5.71
Canada,CAN,"Tariff rate, most favored nation, weighted mean, all products (%)",TM.TAX.MRCH.WM.FN.ZS,tariff,2007,3.49
China,CHN,"Tariff rate, most favored nation, weighted mean, all products (%)",TM.TAX.MRCH.WM.FN.ZS,tariff,2007,5.48
Germany,DEU,"Tariff rate, most favored nation, weighted mean, all products (%)",TM.TAX.MRCH.WM.FN.ZS,tariff,2007,3.23
"Egypt, Arab Rep.",EGY,"Tariff rate, most favored nation, weighted mean, all products (%)",TM.TAX.MRCH.WM.FN.ZS,tariff,2007,8.92
European Union,EUU,"Tariff rate, most favored nation, weighted mean, all products (%)",TM.TAX.MRCH.WM.FN.ZS,tariff,2007,3.23
France,FRA,"Tariff rate, most favored nation, weighted mean, all products (%)",TM.TAX.MRCH.WM.FN.ZS,tariff,2007,3.23
United Kingdom,GBR,"Tariff rate, most favored nation, weighted mean, all products (%)",TM.TAX.MRCH.WM.FN.ZS,tariff,2007,3.23
Greece,GRC,"Tariff rate, most favored nation, weighted mean, all products (%)",TM.TAX.MRCH.WM.FN.ZS,tariff,2007,3.23
India,IND,"Tariff rate, most favored nation, weighted mean, all products (%)",TM.TAX.MRCH.WM.FN.ZS,tariff,2007,11.99
Italy,ITA,"Tariff rate, most favored nation, weighted mean, all products (%)",TM.TAX.MRCH.WM.FN.ZS,tariff,2007,3.23
Jordan,JOR,"Tariff rate, most favored nation, weighted mean, all products (%)",TM.TAX.MRCH.WM.FN.ZS,tariff,2007,9.21
Kuwait,KWT,"Tariff rate, most favored nation, weighted mean, all products (%)",TM.TAX.MRCH.WM.FN.ZS,tariff,2007,4.11
Lebanon,LBN,"Tariff rate, most favored nation, weighted mean, all products (%)",TM.TAX.MRCH.WM.FN.ZS,tariff,2007,6.53
Oman,OMN,"Tariff rate, most favored nation, weighted mean, all products (%)",TM.TAX.MRCH.WM.FN.ZS,tariff,2007,4.66
Qatar,QAT,"Tariff rate, most favored nation, weighted mean, all products (%)",TM.TAX.MRCH.WM.FN.ZS,tariff,2007,4.43
Saudi Arabia,SAU,"Tariff rate, most favored nation, weighted mean, all products (%)",TM.TAX.MRCH.WM.FN.ZS,tariff,2007,4.06
Turkiye,TUR,"Tariff rate, most favored nation, weighted mean, all products (%)",TM.TAX.MRCH.WM.FN.ZS,tariff,2007,4.06
United States,USA,"Tariff rate, most favored nation, weighted mean, all products (%)",TM.TAX.MRCH.WM.FN.ZS,tariff,2007,2.42
United Arab Emirates,ARE,"Tariff rate, most favored nation, weighted mean, all products (%)",TM.TAX.MRCH.WM.FN.ZS,tariff,2008,3.88
Australia,AUS,"Tariff rate, most favored nation, weighted mean, all products (%)",TM.TAX.MRCH.WM.FN.ZS,tariff,2008,3.88
Bahrain,BHR,"Tariff rate, most favored nation, weighted mean, all products (%)",TM.TAX.MRCH.WM.FN.ZS,tariff,2008,5.31
Canada,CAN,"Tariff rate, most favored nation, weighted mean, all products (%)",TM.TAX.MRCH.WM.FN.ZS,tariff,2008,3.36
China,CHN,"Tariff rate, most favored nation, weighted mean, all products (%)",TM.TAX.MRCH.WM.FN.ZS,tariff,2008,4.87
Germany,DEU,"Tariff rate, most favored nation, weighted mean, all products (%)",TM.TAX.MRCH.WM.FN.ZS,tariff,2008,2.99
"Egypt, Arab Rep.",EGY,"Tariff rate, most favored nation, weighted mean, all products (%)",TM.TAX.MRCH.WM.FN.ZS,tariff,2008,8.85
European Union,EUU,"Tariff rate, most favored nation, weighted mean, all products (%)",TM.TAX.MRCH.WM.FN.ZS,tariff,2008,2.99
France,FRA,"Tariff rate, most favored nation, weighted mean, all products (%)",TM.TAX.MRCH.WM.FN.ZS,tariff,2008,2.99
United Kingdom,GBR,"Tariff rate, most favored nation, weighted mean, all products (%)",TM.TAX.MRCH.WM.FN.ZS,tariff,2008,2.99
Greece,GRC,"Tariff rate, most favored nation, weighted mean, all products (%)",TM.TAX.MRCH.WM.FN.ZS,tariff,2008,2.99
India,IND,"Tariff rate, most favored nation, weighted mean, all products (%)",TM.TAX.MRCH.WM.FN.ZS,tariff,2008,6.13
Italy,ITA,"Tariff rate, most favored nation, weighted mean, all products (%)",TM.TAX.MRCH.WM.FN.ZS,tariff,2008,2.99
Jordan,JOR,"Tariff rate, most favored nation, weighted mean, all products (%)",TM.TAX.MRCH.WM.FN.ZS,tariff,2008,8.5
Kuwait,KWT,"Tariff rate, most favored nation, weighted mean, all products (%)",TM.TAX.MRCH.WM.FN.ZS,tariff,2008,4.32
Oman,OMN,"Tariff rate, most favored nation, weighted mean, all products (%)",TM.TAX.MRCH.WM.FN.ZS,tariff,2008,4.56
Qatar,QAT,"Tariff rate, most favored nation, weighted mean, all products (%)",TM.TAX.MRCH.WM.FN.ZS,tariff,2008,4.36
Saudi Arabia,SAU,"Tariff rate, most favored nation, weighted mean, all products (%)",TM.TAX.MRCH.WM.FN.ZS,tariff,2008,3.56
Turkiye,TUR,"Tariff rate, most favored nation, weighted mean, all products (%)",TM.TAX.MRCH.WM.FN.ZS,tariff,2008,3.93
United States,USA,"Tariff rate, most favored nation, weighted mean, all products (%)",TM.TAX.MRCH.WM.FN.ZS,tariff,2008,2.76
United Arab Emirates,ARE,"Tariff rate, most favored nation, weighted mean, all products (%)",TM.TAX.MRCH.WM.FN.ZS,tariff,2009,3.88
Australia,AUS,"Tariff rate, most favored nation, weighted mean, all products (%)",TM.TAX.MRCH.WM.FN.ZS,tariff,2009,3.96
Bahrain,BHR,"Tariff rate, most favored nation, weighted mean, all products (%)",TM.TAX.MRCH.WM.FN.ZS,tariff,2009,5.3
Canada,CAN,"Tariff rate, most favored nation, weighted mean, all products (%)",TM.TAX.MRCH.WM.FN.ZS,tariff,2009,3.49
China,CHN,"Tariff rate, most favored nation, weighted mean, all products (%)",TM.TAX.MRCH.WM.FN.ZS,tariff,2009,3.97
Germany,DEU,"Tariff rate, most favored nation, weighted mean, all products (%)",TM.TAX.MRCH.WM.FN.ZS,tariff,2009,3.23
"Egypt, Arab Rep.",EGY,"Tariff rate, most favored nation, weighted mean, all products (%)",TM.TAX.MRCH.WM.FN.ZS,tariff,2009,9.0
European Union,EUU,"Tariff rate, most favored nation, weighted mean, all products (%)",TM.TAX.MRCH.WM.FN.ZS,tariff,2009,3.23
France,FRA,"Tariff rate, most favored nation, weighted mean, all products (%)",TM.TAX.MRCH.WM.FN.ZS,tariff,2009,3.23
United Kingdom,GBR,"Tariff rate, most favored nation, weighted mean, all products (%)",TM.TAX.MRCH.WM.FN.ZS,tariff,2009,3.23
Greece,GRC,"Tariff rate, most favored nation, weighted mean, all products (%)",TM.TAX.MRCH.WM.FN.ZS,tariff,2009,3.23
India,IND,"Tariff rate, most favored nation, weighted mean, all products (%)",TM.TAX.MRCH.WM.FN.ZS,tariff,2009,7.04
Italy,ITA,"Tariff rate, most favored nation, weighted mean, all products (%)",TM.TAX.MRCH.WM.FN.ZS,tariff,2009,3.23
Jordan,JOR,"Tariff rate, most favored nation, weighted mean, all products (%)",TM.TAX.MRCH.WM.FN.ZS,tariff,2009,8.67
Kuwait,KWT,"Tariff rate, most favored nation, weighted mean, all products (%)",TM.TAX.MRCH.WM.FN.ZS,tariff,2009,3.9
Oman,OMN,"Tariff rate, most favored nation, weighted mean, all products (%)",TM.TAX.MRCH.WM.FN.ZS,tariff,2009,4.54
Qatar,QAT,"Tariff rate, most favored nation, weighted mean, all products (%)",TM.TAX.MRCH.WM.FN.ZS,tariff,2009,4.49
Saudi Arabia,SAU,"Tariff rate, most favored nation, weighted mean, all products (%)",TM.TAX.MRCH.WM.FN.ZS,tariff,2009,3.44
Turkiye,TUR,"Tariff rate, most favored nation, weighted mean, all products (%)",TM.TAX.MRCH.WM.FN.ZS,tariff,2009,4.42
United States,USA,"Tariff rate, most favored nation, weighted mean, all products (%)",TM.TAX.MRCH.WM.FN.ZS,tariff,2009,2.82
Australia,AUS,"Tariff rate, most favored nation, weighted mean, all products (%)",TM.TAX.MRCH.WM.FN.ZS,tariff,2010,3.61
Bahrain,BHR,"Tariff rate, most favored nation, weighted mean, all products (%)",TM.TAX.MRCH.WM.FN.ZS,tariff,2010,5.15
Canada,CAN,"Tariff rate, most favored nation, weighted mean, all products (%)",TM.TAX.MRCH.WM.FN.ZS,tariff,2010,2.96
China,CHN,"Tariff rate, most favored nation, weighted mean, all products (%)",TM.TAX.MRCH.WM.FN.ZS,tariff,2010,5.3
Germany,DEU,"Tariff rate, most favored nation, weighted mean, all products (%)",TM.TAX.MRCH.WM.FN.ZS,tariff,2010,3.08
"Egypt, Arab Rep.",EGY,"Tariff rate, most favored nation, weighted mean, all products (%)",TM.TAX.MRCH.WM.FN.ZS,tariff,2010,11.76
European Union,EUU,"Tariff rate, most favored nation, weighted mean, all products (%)",TM.TAX.MRCH.WM.FN.ZS,tariff,2010,3.08
France,FRA,"Tariff rate, most favored nation, weighted mean, all products (%)",TM.TAX.MRCH.WM.FN.ZS,tariff,2010,3.08
United Kingdom,GBR,"Tariff rate, most favored nation, weighted mean, all products (%)",TM.TAX.MRCH.WM.FN.ZS,tariff,2010,3.08
Greece,GRC,"Tariff rate, most favored nation, weighted mean, all products (%)",TM.TAX.MRCH.WM.FN.ZS,tariff,2010,3.08
India,IND,"Tariff rate, most favored nation, weighted mean, all products (%)",TM.TAX.MRCH.WM.FN.ZS,tariff,2010,7.34
Italy,ITA,"Tariff rate, most favored nation, weighted mean, all products (%)",TM.TAX.MRCH.WM.FN.ZS,tariff,2010,3.08
Jordan,JOR,"Tariff rate, most favored nation, weighted mean, all products (%)",TM.TAX.MRCH.WM.FN.ZS,tariff,2010,8.46
Kuwait,KWT,"Tariff rate, most favored nation, weighted mean, all products (%)",TM.TAX.MRCH.WM.FN.ZS,tariff,2010,3.94
Qatar,QAT,"Tariff rate, most favored nation, weighted mean, all products (%)",TM.TAX.MRCH.WM.FN.ZS,tariff,2010,4.42
Turkiye,TUR,"Tariff rate, most favored nation, weighted mean, all products (%)",TM.TAX.MRCH.WM.FN.ZS,tariff,2010,4.7
United States,USA,"Tariff rate, most favored nation, weighted mean, all products (%)",TM.TAX.MRCH.WM.FN.ZS,tariff,2010,2.81
United Arab Emirates,ARE,"Tariff rate, most favored nation, weighted mean, all products (%)",TM.TAX.MRCH.WM.FN.ZS,tariff,2011,3.87
Australia,AUS,"Tariff rate, most favored nation, weighted mean, all products (%)",TM.TAX.MRCH.WM.FN.ZS,tariff,2011,2.47
Bahrain,BHR,"Tariff rate, most favored nation, weighted mean, all products (%)",TM.TAX.MRCH.WM.FN.ZS,tariff,2011,5.92
Canada,CAN,"Tariff rate, most favored nation, weighted mean, all products (%)",TM.TAX.MRCH.WM.FN.ZS,tariff,2011,2.84
China,CHN,"Tariff rate, most favored nation, weighted mean, all products (%)",TM.TAX.MRCH.WM.FN.ZS,tariff,2011,6.97
Germany,DEU,"Tariff rate, most favored nation, weighted mean, all products (%)",TM.TAX.MRCH.WM.FN.ZS,tariff,2011,3.0
"Egypt, Arab Rep.",EGY,"Tariff rate, most favored nation, weighted mean, all products (%)",TM.TAX.MRCH.WM.FN.ZS,tariff,2011,9.69
European Union,EUU,"Tariff rate, most favored nation, weighted mean, all products (%)",TM.TAX.MRCH.WM.FN.ZS,tariff,2011,3.0
France,FRA,"Tariff rate, most favored nation, weighted mean, all products (%)",TM.TAX.MRCH.WM.FN.ZS,tariff,2011,3.0
United Kingdom,GBR,"Tariff rate, most favored nation, weighted mean, all products (%)",TM.TAX.MRCH.WM.FN.ZS,tariff,2011,3.0
Greece,GRC,"Tariff rate, most favored nation, weighted mean, all products (%)",TM.TAX.MRCH.WM.FN.ZS,tariff,2011,3.0
India,IND,"Tariff rate, most favored nation, weighted mean, all products (%)",TM.TAX.MRCH.WM.FN.ZS,tariff,2011,7.33
Italy,ITA,"Tariff rate, most favored nation, weighted mean, all products (%)",TM.TAX.MRCH.WM.FN.ZS,tariff,2011,3.0
Jordan,JOR,"Tariff rate, most favored nation, weighted mean, all products (%)",TM.TAX.MRCH.WM.FN.ZS,tariff,2011,8.06
Kuwait,KWT,"Tariff rate, most favored nation, weighted mean, all products (%)",TM.TAX.MRCH.WM.FN.ZS,tariff,2011,3.94
Qatar,QAT,"Tariff rate, most favored nation, weighted mean, all products (%)",TM.TAX.MRCH.WM.FN.ZS,tariff,2011,4.42
Saudi Arabia,SAU,"Tariff rate, most favored nation, weighted mean, all products (%)",TM.TAX.MRCH.WM.FN.ZS,tariff,2011,4.16
Turkiye,TUR,"Tariff rate, most favored nation, weighted mean, all products (%)",TM.TAX.MRCH.WM.FN.ZS,tariff,2011,5.11
United States,USA,"Tariff rate, most favored nation, weighted mean, all products (%)",TM.TAX.MRCH.WM.FN.ZS,tariff,2011,2.81
United Arab Emirates,ARE,"Tariff rate, most favored nation, weighted mean, all products (%)",TM.TAX.MRCH.WM.FN.ZS,tariff,2012,3.6
Australia,AUS,"Tariff rate, most favored nation, weighted mean, all products (%)",TM.TAX.MRCH.WM.FN.ZS,tariff,2012,2.58
Bahrain,BHR,"Tariff rate, most favored nation, weighted mean, all products (%)",TM.TAX.MRCH.WM.FN.ZS,tariff,2012,5.92
Canada,CAN,"Tariff rate, most favored nation, weighted mean, all products (%)",TM.TAX.MRCH.WM.FN.ZS,tariff,2012,2.88
Germany,DEU,"Tariff rate, most favored nation, weighted mean, all products (%)",TM.TAX.MRCH.WM.FN.ZS,tariff,2012,2.84
"Egypt, Arab Rep.",EGY,"Tariff rate, most favored nation, weighted mean, all products (%)",TM.TAX.MRCH.WM.FN.ZS,tariff,2012,9.82
European Union,EUU,"Tariff rate, most favored nation, weighted mean, all products (%)",TM.TAX.MRCH.WM.FN.ZS,tariff,2012,2.84
France,FRA,"Tariff rate, most favored nation, weighted mean, all products (%)",TM.TAX.MRCH.WM.FN.ZS,tariff,2012,2.84
United Kingdom,GBR,"Tariff rate, most favored nation, weighted mean, all products (%)",TM.TAX.MRCH.WM.FN.ZS,tariff,2012,2.84
Greece,GRC,"Tariff rate, most favored nation, weighted mean, all products (%)",TM.TAX.MRCH.WM.FN.ZS,tariff,2012,2.84
India,IND,"Tariff rate, most favored nation, weighted mean, all products (%)",TM.TAX.MRCH.WM.FN.ZS,tariff,2012,6.32
Italy,ITA,"Tariff rate, most favored nation, weighted mean, all products (%)",TM.TAX.MRCH.WM.FN.ZS,tariff,2012,2.84
Jordan,JOR,"Tariff rate, most favored nation, weighted mean, all products (%)",TM.TAX.MRCH.WM.FN.ZS,tariff,2012,8.1
Kuwait,KWT,"Tariff rate, most favored nation, weighted mean, all products (%)",TM.TAX.MRCH.WM.FN.ZS,tariff,2012,4.26
Oman,OMN,"Tariff rate, most favored nation, weighted mean, all products (%)",TM.TAX.MRCH.WM.FN.ZS,tariff,2012,4.32
Qatar,QAT,"Tariff rate, most favored nation, weighted mean, all products (%)",TM.TAX.MRCH.WM.FN.ZS,tariff,2012,4.08
Saudi Arabia,SAU,"Tariff rate, most favored nation, weighted mean, all products (%)",TM.TAX.MRCH.WM.FN.ZS,tariff,2012,3.96
United States,USA,"Tariff rate, most favored nation, weighted mean, all products (%)",TM.TAX.MRCH.WM.FN.ZS,tariff,2012,2.79
United Arab Emirates,ARE,"Tariff rate, most favored nation, weighted mean, all products (%)",TM.TAX.MRCH.WM.FN.ZS,tariff,2013,3.69
Australia,AUS,"Tariff rate, most favored nation, weighted mean, all products (%)",TM.TAX.MRCH.WM.FN.ZS,tariff,2013,2.63
Bahrain,BHR,"Tariff rate, most favored nation, weighted mean, all products (%)",TM.TAX.MRCH.WM.FN.ZS,tariff,2013,4.49
Canada,CAN,"Tariff rate, most favored nation, weighted mean, all products (%)",TM.TAX.MRCH.WM.FN.ZS,tariff,2013,2.97
Germany,DEU,"Tariff rate, most favored nation, weighted mean, all products (%)",TM.TAX.MRCH.WM.FN.ZS,tariff,2013,2.95
"Egypt, Arab Rep.",EGY,"Tariff rate, most favored nation, weighted mean, all products (%)",TM.TAX.MRCH.WM.FN.ZS,tariff,2013,11.1
European Union,EUU,"Tariff rate, most favored nation, weighted mean, all products (%)",TM.TAX.MRCH.WM.FN.ZS,tariff,2013,2.95
France,FRA,"Tariff rate, most favored nation, weighted mean, all products (%)",TM.TAX.MRCH.WM.FN.ZS,tariff,2013,2.95
United Kingdom,GBR,"Tariff rate, most favored nation, weighted mean, all products (%)",TM.TAX.MRCH.WM.FN.ZS,tariff,2013,2.95
Greece,GRC,"Tariff rate, most favored nation, weighted mean, all products (%)",TM.TAX.MRCH.WM.FN.ZS,tariff,2013,2.95
India,IND,"Tariff rate, most favored nation, weighted mean, all products (%)",TM.TAX.MRCH.WM.FN.ZS,tariff,2013,6.34
Italy,ITA,"Tariff rate, most favored nation, weighted mean, all products (%)",TM.TAX.MRCH.WM.FN.ZS,tariff,2013,2.95
Jordan,JOR,"Tariff rate, most favored nation, weighted mean, all products (%)",TM.TAX.MRCH.WM.FN.ZS,tariff,2013,8.08
Kuwait,KWT,"Tariff rate, most favored nation, weighted mean, all products (%)",TM.TAX.MRCH.WM.FN.ZS,tariff,2013,4.07
Oman,OMN,"Tariff rate, most favored nation, weighted mean, all products (%)",TM.TAX.MRCH.WM.FN.ZS,tariff,2013,4.53
Qatar,QAT,"Tariff rate, most favored nation, weighted mean, all products (%)",TM.TAX.MRCH.WM.FN.ZS,tariff,2013,4.23
Saudi Arabia,SAU,"Tariff rate, most favored nation, weighted mean, all products (%)",TM.TAX.MRCH.WM.FN.ZS,tariff,2013,3.96
Turkiye,TUR,"Tariff rate, most favored nation, weighted mean, all products (%)",TM.TAX.MRCH.WM.FN.ZS,tariff,2013,5.21
United States,USA,"Tariff rate, most favored nation, weighted mean, all products (%)",TM.TAX.MRCH.WM.FN.ZS,tariff,2013,2.81
United Arab Emirates,ARE,"Tariff rate, most favored nation, weighted mean, all products (%)",TM.TAX.MRCH.WM.FN.ZS,tariff,2014,3.6
Australia,AUS,"Tariff rate, most favored nation, weighted mean, all products (%)",TM.TAX.MRCH.WM.FN.ZS,tariff,2014,2.69
Bahrain,BHR,"Tariff rate, most favored nation, weighted mean, all products (%)",TM.TAX.MRCH.WM.FN.ZS,tariff,2014,3.99
Canada,CAN,"Tariff rate, most favored nation, weighted mean, all products (%)",TM.TAX.MRCH.WM.FN.ZS,tariff,2014,2.94
China,CHN,"Tariff rate, most favored nation, weighted mean, all products (%)",TM.TAX.MRCH.WM.FN.ZS,tariff,2014,5.6
Germany,DEU,"Tariff rate, most favored nation, weighted mean, all products (%)",TM.TAX.MRCH.WM.FN.ZS,tariff,2014,3.07
"Egypt, Arab Rep.",EGY,"Tariff rate, most favored nation, weighted mean, all products (%)",TM.TAX.MRCH.WM.FN.ZS,tariff,2014,10.61
European Union,EUU,"Tariff rate, most favored nation, weighted mean, all products (%)",TM.TAX.MRCH.WM.FN.ZS,tariff,2014,3.07
France,FRA,"Tariff rate, most favored nation, weighted mean, all products (%)",TM.TAX.MRCH.WM.FN.ZS,tariff,2014,3.07
United Kingdom,GBR,"Tariff rate, most favored nation, weighted mean, all products (%)",TM.TAX.MRCH.WM.FN.ZS,tariff,2014,3.07
Greece,GRC,"Tariff rate, most favored nation, weighted mean, all products (%)",TM.TAX.MRCH.WM.FN.ZS,tariff,2014,3.07
Italy,ITA,"Tariff rate, most favored nation, weighted mean, all products (%)",TM.TAX.MRCH.WM.FN.ZS,tariff,2014,3.07
Jordan,JOR,"Tariff rate, most favored nation, weighted mean, all products (%)",TM.TAX.MRCH.WM.FN.ZS,tariff,2014,8.7
Kuwait,KWT,"Tariff rate, most favored nation, weighted mean, all products (%)",TM.TAX.MRCH.WM.FN.ZS,tariff,2014,3.87
Lebanon,LBN,"Tariff rate, most favored nation, weighted mean, all products (%)",TM.TAX.MRCH.WM.FN.ZS,tariff,2014,5.05
Oman,OMN,"Tariff rate, most favored nation, weighted mean, all products (%)",TM.TAX.MRCH.WM.FN.ZS,tariff,2014,4.53
Qatar,QAT,"Tariff rate, most favored nation, weighted mean, all products (%)",TM.TAX.MRCH.WM.FN.ZS,tariff,2014,4.18
Saudi Arabia,SAU,"Tariff rate, most favored nation, weighted mean, all products (%)",TM.TAX.MRCH.WM.FN.ZS,tariff,2014,3.84
United States,USA,"Tariff rate, most favored nation, weighted mean, all products (%)",TM.TAX.MRCH.WM.FN.ZS,tariff,2014,2.78
United Arab Emirates,ARE,"Tariff rate, most favored nation, weighted mean, all products (%)",TM.TAX.MRCH.WM.FN.ZS,tariff,2015,3.34
Australia,AUS,"Tariff rate, most favored nation, weighted mean, all products (%)",TM.TAX.MRCH.WM.FN.ZS,tariff,2015,2.72
Bahrain,BHR,"Tariff rate, most favored nation, weighted mean, all products (%)",TM.TAX.MRCH.WM.FN.ZS,tariff,2015,4.23
Canada,CAN,"Tariff rate, most favored nation, weighted mean, all products (%)",TM.TAX.MRCH.WM.FN.ZS,tariff,2015,3.11
China,CHN,"Tariff rate, most favored nation, weighted mean, all products (%)",TM.TAX.MRCH.WM.FN.ZS,tariff,2015,5.58
Germany,DEU,"Tariff rate, most favored nation, weighted mean, all products (%)",TM.TAX.MRCH.WM.FN.ZS,tariff,2015,3.09
"Egypt, Arab Rep.",EGY,"Tariff rate, most favored nation, weighted mean, all products (%)",TM.TAX.MRCH.WM.FN.ZS,tariff,2015,10.51
European Union,EUU,"Tariff rate, most favored nation, weighted mean, all products (%)",TM.TAX.MRCH.WM.FN.ZS,tariff,2015,3.09
France,FRA,"Tariff rate, most favored nation, weighted mean, all products (%)",TM.TAX.MRCH.WM.FN.ZS,tariff,2015,3.09
United Kingdom,GBR,"Tariff rate, most favored nation, weighted mean, all products (%)",TM.TAX.MRCH.WM.FN.ZS,tariff,2015,3.09
Greece,GRC,"Tariff rate, most favored nation, weighted mean, all products (%)",TM.TAX.MRCH.WM.FN.ZS,tariff,2015,3.09
India,IND,"Tariff rate, most favored nation, weighted mean, all products (%)",TM.TAX.MRCH.WM.FN.ZS,tariff,2015,7.49
Italy,ITA,"Tariff rate, most favored nation, weighted mean, all products (%)",TM.TAX.MRCH.WM.FN.ZS,tariff,2015,3.09
Jordan,JOR,"Tariff rate, most favored nation, weighted mean, all products (%)",TM.TAX.MRCH.WM.FN.ZS,tariff,2015,8.65
Kuwait,KWT,"Tariff rate, most favored nation, weighted mean, all products (%)",TM.TAX.MRCH.WM.FN.ZS,tariff,2015,3.78
Lebanon,LBN,"Tariff rate, most favored nation, weighted mean, all products (%)",TM.TAX.MRCH.WM.FN.ZS,tariff,2015,5.46
Oman,OMN,"Tariff rate, most favored nation, weighted mean, all products (%)",TM.TAX.MRCH.WM.FN.ZS,tariff,2015,4.41
Qatar,QAT,"Tariff rate, most favored nation, weighted mean, all products (%)",TM.TAX.MRCH.WM.FN.ZS,tariff,2015,4.27
Saudi Arabia,SAU,"Tariff rate, most favored nation, weighted mean, all products (%)",TM.TAX.MRCH.WM.FN.ZS,tariff,2015,4.45
Turkiye,TUR,"Tariff rate, most favored nation, weighted mean, all products (%)",TM.TAX.MRCH.WM.FN.ZS,tariff,2015,5.8
United States,USA,"Tariff rate, most favored nation, weighted mean, all products (%)",TM.TAX.MRCH.WM.FN.ZS,tariff,2015,2.79
United Arab Emirates,ARE,"Tariff rate, most favored nation, weighted mean, all products (%)",TM.TAX.MRCH.WM.FN.ZS,tariff,2016,3.18
Australia,AUS,"Tariff rate, most favored nation, weighted mean, all products (%)",TM.TAX.MRCH.WM.FN.ZS,tariff,2016,2.71
Bahrain,BHR,"Tariff rate, most favored nation, weighted mean, all products (%)",TM.TAX.MRCH.WM.FN.ZS,tariff,2016,4.16
Canada,CAN,"Tariff rate, most favored nation, weighted mean, all products (%)",TM.TAX.MRCH.WM.FN.ZS,tariff,2016,3.2
China,CHN,"Tariff rate, most favored nation, weighted mean, all products (%)",TM.TAX.MRCH.WM.FN.ZS,tariff,2016,4.29
Germany,DEU,"Tariff rate, most favored nation, weighted mean, all products (%)",TM.TAX.MRCH.WM.FN.ZS,tariff,2016,3.29
"Egypt, Arab Rep.",EGY,"Tariff rate, most favored nation, weighted mean, all products (%)",TM.TAX.MRCH.WM.FN.ZS,tariff,2016,11.47
European Union,EUU,"Tariff rate, most favored nation, weighted mean, all products (%)",TM.TAX.MRCH.WM.FN.ZS,tariff,2016,3.29
France,FRA,"Tariff rate, most favored nation, weighted mean, all products (%)",TM.TAX.MRCH.WM.FN.ZS,tariff,2016,3.29
United Kingdom,GBR,"Tariff rate, most favored nation, weighted mean, all products (%)",TM.TAX.MRCH.WM.FN.ZS,tariff,2016,3.29
Greece,GRC,"Tariff rate, most favored nation, weighted mean, all products (%)",TM.TAX.MRCH.WM.FN.ZS,tariff,2016,3.29
India,IND,"Tariff rate, most favored nation, weighted mean, all products (%)",TM.TAX.MRCH.WM.FN.ZS,tariff,2016,7.57
Italy,ITA,"Tariff rate, most favored nation, weighted mean, all products (%)",TM.TAX.MRCH.WM.FN.ZS,tariff,2016,3.29
Jordan,JOR,"Tariff rate, most favored nation, weighted mean, all products (%)",TM.TAX.MRCH.WM.FN.ZS,tariff,2016,9.22
Kuwait,KWT,"Tariff rate, most favored nation, weighted mean, all products (%)",TM.TAX.MRCH.WM.FN.ZS,tariff,2016,3.78
Lebanon,LBN,"Tariff rate, most favored nation, weighted mean, all products (%)",TM.TAX.MRCH.WM.FN.ZS,tariff,2016,5.47
Oman,OMN,"Tariff rate, most favored nation, weighted mean, all products (%)",TM.TAX.MRCH.WM.FN.ZS,tariff,2016,4.35
Qatar,QAT,"Tariff rate, most favored nation, weighted mean, all products (%)",TM.TAX.MRCH.WM.FN.ZS,tariff,2016,4.27
Turkiye,TUR,"Tariff rate, most favored nation, weighted mean, all products (%)",TM.TAX.MRCH.WM.FN.ZS,tariff,2016,5.37
United States,USA,"Tariff rate, most favored nation, weighted mean, all products (%)",TM.TAX.MRCH.WM.FN.ZS,tariff,2016,2.79
United Arab Emirates,ARE,"Tariff rate, most favored nation, weighted mean, all products (%)",TM.TAX.MRCH.WM.FN.ZS,tariff,2017,4.91
Australia,AUS,"Tariff rate, most favored nation, weighted mean, all products (%)",TM.TAX.MRCH.WM.FN.ZS,tariff,2017,2.9
Bahrain,BHR,"Tariff rate, most favored nation, weighted mean, all products (%)",TM.TAX.MRCH.WM.FN.ZS,tariff,2017,8.56
Canada,CAN,"Tariff rate, most favored nation, weighted mean, all products (%)",TM.TAX.MRCH.WM.FN.ZS,tariff,2017,3.17
China,CHN,"Tariff rate, most favored nation, weighted mean, all products (%)",TM.TAX.MRCH.WM.FN.ZS,tariff,2017,4.89
Germany,DEU,"Tariff rate, most favored nation, weighted mean, all products (%)",TM.TAX.MRCH.WM.FN.ZS,tariff,2017,3.27
"Egypt, Arab Rep.",EGY,"Tariff rate, most favored nation, weighted mean, all products (%)",TM.TAX.MRCH.WM.FN.ZS,tariff,2017,11.92
European Union,EUU,"Tariff rate, most favored nation, weighted mean, all products (%)",TM.TAX.MRCH.WM.FN.ZS,tariff,2017,3.27
France,FRA,"Tariff rate, most favored nation, weighted mean, all products (%)",TM.TAX.MRCH.WM.FN.ZS,tariff,2017,3.27
United Kingdom,GBR,"Tariff rate, most favored nation, weighted mean, all products (%)",TM.TAX.MRCH.WM.FN.ZS,tariff,2017,3.27
Greece,GRC,"Tariff rate, most favored nation, weighted mean, all products (%)",TM.TAX.MRCH.WM.FN.ZS,tariff,2017,3.27
India,IND,"Tariff rate, most favored nation, weighted mean, all products (%)",TM.TAX.MRCH.WM.FN.ZS,tariff,2017,6.85
Italy,ITA,"Tariff rate, most favored nation, weighted mean, all products (%)",TM.TAX.MRCH.WM.FN.ZS,tariff,2017,3.27
Jordan,JOR,"Tariff rate, most favored nation, weighted mean, all products (%)",TM.TAX.MRCH.WM.FN.ZS,tariff,2017,9.39
Kuwait,KWT,"Tariff rate, most favored nation, weighted mean, all products (%)",TM.TAX.MRCH.WM.FN.ZS,tariff,2017,5.16
Lebanon,LBN,"Tariff rate, most favored nation, weighted mean, all products (%)",TM.TAX.MRCH.WM.FN.ZS,tariff,2017,6.67
Oman,OMN,"Tariff rate, most favored nation, weighted mean, all products (%)",TM.TAX.MRCH.WM.FN.ZS,tariff,2017,4.43
Qatar,QAT,"Tariff rate, most favored nation, weighted mean, all products (%)",TM.TAX.MRCH.WM.FN.ZS,tariff,2017,4.7
Saudi Arabia,SAU,"Tariff rate, most favored nation, weighted mean, all products (%)",TM.TAX.MRCH.WM.FN.ZS,tariff,2017,5.02
Turkiye,TUR,"Tariff rate, most favored nation, weighted mean, all products (%)",TM.TAX.MRCH.WM.FN.ZS,tariff,2017,5.58
United States,USA,"Tariff rate, most favored nation, weighted mean, all products (%)",TM.TAX.MRCH.WM.FN.ZS,tariff,2017,3.07
United Arab Emirates,ARE,"Tariff rate, most favored nation, weighted mean, all products (%)",TM.TAX.MRCH.WM.FN.ZS,tariff,2018,4.71
Australia,AUS,"Tariff rate, most favored nation, weighted mean, all products (%)",TM.TAX.MRCH.WM.FN.ZS,tariff,2018,2.86
Bahrain,BHR,"Tariff rate, most favored nation, weighted mean, all products (%)",TM.TAX.MRCH.WM.FN.ZS,tariff,2018,6.17
Canada,CAN,"Tariff rate, most favored nation, weighted mean, all products (%)",TM.TAX.MRCH.WM.FN.ZS,tariff,2018,3.09
China,CHN,"Tariff rate, most favored nation, weighted mean, all products (%)",TM.TAX.MRCH.WM.FN.ZS,tariff,2018,4.27
Germany,DEU,"Tariff rate, most favored nation, weighted mean, all products (%)",TM.TAX.MRCH.WM.FN.ZS,tariff,2018,3.11
"Egypt, Arab Rep.",EGY,"Tariff rate, most favored nation, weighted mean, all products (%)",TM.TAX.MRCH.WM.FN.ZS,tariff,2018,12.96
European Union,EUU,"Tariff rate, most favored nation, weighted mean, all products (%)",TM.TAX.MRCH.WM.FN.ZS,tariff,2018,3.11
France,FRA,"Tariff rate, most favored nation, weighted mean, all products (%)",TM.TAX.MRCH.WM.FN.ZS,tariff,2018,3.11
United Kingdom,GBR,"Tariff rate, most favored nation, weighted mean, all products (%)",TM.TAX.MRCH.WM.FN.ZS,tariff,2018,3.11
Greece,GRC,"Tariff rate, most favored nation, weighted mean, all products (%)",TM.TAX.MRCH.WM.FN.ZS,tariff,2018,3.11
India,IND,"Tariff rate, most favored nation, weighted mean, all products (%)",TM.TAX.MRCH.WM.FN.ZS,tariff,2018,6.0
Italy,ITA,"Tariff rate, most favored nation, weighted mean, all products (%)",TM.TAX.MRCH.WM.FN.ZS,tariff,2018,3.11
Kuwait,KWT,"Tariff rate, most favored nation, weighted mean, all products (%)",TM.TAX.MRCH.WM.FN.ZS,tariff,2018,5.65
Lebanon,LBN,"Tariff rate, most favored nation, weighted mean, all products (%)",TM.TAX.MRCH.WM.FN.ZS,tariff,2018,26.51
Oman,OMN,"Tariff rate, most favored nation, weighted mean, all products (%)",TM.TAX.MRCH.WM.FN.ZS,tariff,2018,4.43
Qatar,QAT,"Tariff rate, most favored nation, weighted mean, all products (%)",TM.TAX.MRCH.WM.FN.ZS,tariff,2018,4.02
Turkiye,TUR,"Tariff rate, most favored nation, weighted mean, all products (%)",TM.TAX.MRCH.WM.FN.ZS,tariff,2018,4.56
United States,USA,"Tariff rate, most favored nation, weighted mean, all products (%)",TM.TAX.MRCH.WM.FN.ZS,tariff,2018,3.19
United Arab Emirates,ARE,"Tariff rate, most favored nation, weighted mean, all products (%)",TM.TAX.MRCH.WM.FN.ZS,tariff,2019,4.27
Australia,AUS,"Tariff rate, most favored nation, weighted mean, all products (%)",TM.TAX.MRCH.WM.FN.ZS,tariff,2019,2.72
Bahrain,BHR,"Tariff rate, most favored nation, weighted mean, all products (%)",TM.TAX.MRCH.WM.FN.ZS,tariff,2019,5.83
Canada,CAN,"Tariff rate, most favored nation, weighted mean, all products (%)",TM.TAX.MRCH.WM.FN.ZS,tariff,2019,7.24
China,CHN,"Tariff rate, most favored nation, weighted mean, all products (%)",TM.TAX.MRCH.WM.FN.ZS,tariff,2019,3.29
Germany,DEU,"Tariff rate, most favored nation, weighted mean, all products (%)",TM.TAX.MRCH.WM.FN.ZS,tariff,2019,3.08
"Egypt, Arab Rep.",EGY,"Tariff rate, most favored nation, weighted mean, all products (%)",TM.TAX.MRCH.WM.FN.ZS,tariff,2019,17.88
European Union,EUU,"Tariff rate, most favored nation, weighted mean, all products (%)",TM.TAX.MRCH.WM.FN.ZS,tariff,2019,3.08
France,FRA,"Tariff rate, most favored nation, weighted mean, all products (%)",TM.TAX.MRCH.WM.FN.ZS,tariff,2019,3.08
United Kingdom,GBR,"Tariff rate, most favored nation, weighted mean, all products (%)",TM.TAX.MRCH.WM.FN.ZS,tariff,2019,3.08
Greece,GRC,"Tariff rate, most favored nation, weighted mean, all products (%)",TM.TAX.MRCH.WM.FN.ZS,tariff,2019,3.08
India,IND,"Tariff rate, most favored nation, weighted mean, all products (%)",TM.TAX.MRCH.WM.FN.ZS,tariff,2019,8.77
Italy,ITA,"Tariff rate, most favored nation, weighted mean, all products (%)",TM.TAX.MRCH.WM.FN.ZS,tariff,2019,3.08
Kuwait,KWT,"Tariff rate, most favored nation, weighted mean, all products (%)",TM.TAX.MRCH.WM.FN.ZS,tariff,2019,5.39
Lebanon,LBN,"Tariff rate, most favored nation, weighted mean, all products (%)",TM.TAX.MRCH.WM.FN.ZS,tariff,2019,6.16
Oman,OMN,"Tariff rate, most favored nation, weighted mean, all products (%)",TM.TAX.MRCH.WM.FN.ZS,tariff,2019,4.42
Qatar,QAT,"Tariff rate, most favored nation, weighted mean, all products (%)",TM.TAX.MRCH.WM.FN.ZS,tariff,2019,3.77
Turkiye,TUR,"Tariff rate, most favored nation, weighted mean, all products (%)",TM.TAX.MRCH.WM.FN.ZS,tariff,2019,5.09
United States,USA,"Tariff rate, most favored nation, weighted mean, all products (%)",TM.TAX.MRCH.WM.FN.ZS,tariff,2019,17.94
United Arab Emirates,ARE,"Tariff rate, most favored nation, weighted mean, all products (%)",TM.TAX.MRCH.WM.FN.ZS,tariff,2020,3.6
Australia,AUS,"Tariff rate, most favored nation, weighted mean, all products (%)",TM.TAX.MRCH.WM.FN.ZS,tariff,2020,2.73
Bahrain,BHR,"Tariff rate, most favored nation, weighted mean, all products (%)",TM.TAX.MRCH.WM.FN.ZS,tariff,2020,4.32
Canada,CAN,"Tariff rate, most favored nation, weighted mean, all products (%)",TM.TAX.MRCH.WM.FN.ZS,tariff,2020,3.16
China,CHN,"Tariff rate, most favored nation, weighted mean, all products (%)",TM.TAX.MRCH.WM.FN.ZS,tariff,2020,3.31
Germany,DEU,"Tariff rate, most favored nation, weighted mean, all products (%)",TM.TAX.MRCH.WM.FN.ZS,tariff,2020,2.8
European Union,EUU,"Tariff rate, most favored nation, weighted mean, all products (%)",TM.TAX.MRCH.WM.FN.ZS,tariff,2020,2.8
France,FRA,"Tariff rate, most favored nation, weighted mean, all products (%)",TM.TAX.MRCH.WM.FN.ZS,tariff,2020,2.8
United Kingdom,GBR,"Tariff rate, most favored nation, weighted mean, all products (%)",TM.TAX.MRCH.WM.FN.ZS,tariff,2020,2.14
Greece,GRC,"Tariff rate, most favored nation, weighted mean, all products (%)",TM.TAX.MRCH.WM.FN.ZS,tariff,2020,2.8
India,IND,"Tariff rate, most favored nation, weighted mean, all products (%)",TM.TAX.MRCH.WM.FN.ZS,tariff,2020,7.65
Italy,ITA,"Tariff rate, most favored nation, weighted mean, all products (%)",TM.TAX.MRCH.WM.FN.ZS,tariff,2020,2.8
Jordan,JOR,"Tariff rate, most favored nation, weighted mean, all products (%)",TM.TAX.MRCH.WM.FN.ZS,tariff,2020,8.86
Kuwait,KWT,"Tariff rate, most favored nation, weighted mean, all products (%)",TM.TAX.MRCH.WM.FN.ZS,tariff,2020,3.91
Lebanon,LBN,"Tariff rate, most favored nation, weighted mean, all products (%)",TM.TAX.MRCH.WM.FN.ZS,tariff,2020,5.42
Oman,OMN,"Tariff rate, most favored nation, weighted mean, all products (%)",TM.TAX.MRCH.WM.FN.ZS,tariff,2020,4.42
Qatar,QAT,"Tariff rate, most favored nation, weighted mean, all products (%)",TM.TAX.MRCH.WM.FN.ZS,tariff,2020,3.89
Saudi Arabia,SAU,"Tariff rate, most favored nation, weighted mean, all products (%)",TM.TAX.MRCH.WM.FN.ZS,tariff,2020,5.19
Turkiye,TUR,"Tariff rate, most favored nation, weighted mean, all products (%)",TM.TAX.MRCH.WM.FN.ZS,tariff,2020,4.81
United States,USA,"Tariff rate, most favored nation, weighted mean, all products (%)",TM.TAX.MRCH.WM.FN.ZS,tariff,2020,2.56
United Arab Emirates,ARE,"Tariff rate, most favored nation, weighted mean, all products (%)",TM.TAX.MRCH.WM.FN.ZS,tariff,2021,2.97
Australia,AUS,"Tariff rate, most favored nation, weighted mean, all products (%)",TM.TAX.MRCH.WM.FN.ZS,tariff,2021,2.86
Bahrain,BHR,"Tariff rate, most favored nation, weighted mean, all products (%)",TM.TAX.MRCH.WM.FN.ZS,tariff,2021,4.39
Canada,CAN,"Tariff rate, most favored nation, weighted mean, all products (%)",TM.TAX.MRCH.WM.FN.ZS,tariff,2021,3.03
China,CHN,"Tariff rate, most favored nation, weighted mean, all products (%)",TM.TAX.MRCH.WM.FN.ZS,tariff,2021,3.08
Germany,DEU,"Tariff rate, most favored nation, weighted mean, all products (%)",TM.TAX.MRCH.WM.FN.ZS,tariff,2021,2.85
European Union,EUU,"Tariff rate, most favored nation, weighted mean, all products (%)",TM.TAX.MRCH.WM.FN.ZS,tariff,2021,2.85
France,FRA,"Tariff rate, most favored nation, weighted mean, all products (%)",TM.TAX.MRCH.WM.FN.ZS,tariff,2021,2.85
United Kingdom,GBR,"Tariff rate, most favored nation, weighted mean, all products (%)",TM.TAX.MRCH.WM.FN.ZS,tariff,2021,3.45
Greece,GRC,"Tariff rate, most favored nation, weighted mean, all products (%)",TM.TAX.MRCH.WM.FN.ZS,tariff,2021,2.85
India,IND,"Tariff rate, most favored nation, weighted mean, all products (%)",TM.TAX.MRCH.WM.FN.ZS,tariff,2021,7.31
Italy,ITA,"Tariff rate, most favored nation, weighted mean, all products (%)",TM.TAX.MRCH.WM.FN.ZS,tariff,2021,2.85
Kuwait,KWT,"Tariff rate, most favored nation, weighted mean, all products (%)",TM.TAX.MRCH.WM.FN.ZS,tariff,2021,3.75
Oman,OMN,"Tariff rate, most favored nation, weighted mean, all products (%)",TM.TAX.MRCH.WM.FN.ZS,tariff,2021,4.3
Qatar,QAT,"Tariff rate, most favored nation, weighted mean, all products (%)",TM.TAX.MRCH.WM.FN.ZS,tariff,2021,3.95
Turkiye,TUR,"Tariff rate, most favored nation, weighted mean, all products (%)",TM.TAX.MRCH.WM.FN.ZS,tariff,2021,5.09
United States,USA,"Tariff rate, most favored nation, weighted mean, all products (%)",TM.TAX.MRCH.WM.FN.ZS,tariff,2021,2.57
Australia,AUS,"Tariff rate, most favored nation, weighted mean, all products (%)",TM.TAX.MRCH.WM.FN.ZS,tariff,2022,2.84
Bahrain,BHR,"Tariff rate, most favored nation, weighted mean, all products (%)",TM.TAX.MRCH.WM.FN.ZS,tariff,2022,4.78
Canada,CAN,"Tariff rate, most favored nation, weighted mean, all products (%)",TM.TAX.MRCH.WM.FN.ZS,tariff,2022,3.05
China,CHN,"Tariff rate, most favored nation, weighted mean, all products (%)",TM.TAX.MRCH.WM.FN.ZS,tariff,2022,2.86
Germany,DEU,"Tariff rate, most favored nation, weighted mean, all products (%)",TM.TAX.MRCH.WM.FN.ZS,tariff,2022,2.68
European Union,EUU,"Tariff rate, most favored nation, weighted mean, all products (%)",TM.TAX.MRCH.WM.FN.ZS,tariff,2022,2.68
France,FRA,"Tariff rate, most favored nation, weighted mean, all products (%)",TM.TAX.MRCH.WM.FN.ZS,tariff,2022,2.68
United Kingdom,GBR,"Tariff rate, most favored nation, weighted mean, all products (%)",TM.TAX.MRCH.WM.FN.ZS,tariff,2022,3.21
Greece,GRC,"Tariff rate, most favored nation, weighted mean, all products (%)",TM.TAX.MRCH.WM.FN.ZS,tariff,2022,2.68
India,IND,"Tariff rate, most favored nation, weighted mean, all products (%)",TM.TAX.MRCH.WM.FN.ZS,tariff,2022,5.99
Italy,ITA,"Tariff rate, most favored nation, weighted mean, all products (%)",TM.TAX.MRCH.WM.FN.ZS,tariff,2022,2.68
Jordan,JOR,"Tariff rate, most favored nation, weighted mean, all products (%)",TM.TAX.MRCH.WM.FN.ZS,tariff,2022,7.21
Kuwait,KWT,"Tariff rate, most favored nation, weighted mean, all products (%)",TM.TAX.MRCH.WM.FN.ZS,tariff,2022,4.01
Oman,OMN,"Tariff rate, most favored nation, weighted mean, all products (%)",TM.TAX.MRCH.WM.FN.ZS,tariff,2022,4.52
Qatar,QAT,"Tariff rate, most favored nation, weighted mean, all products (%)",TM.TAX.MRCH.WM.FN.ZS,tariff,2022,4.21
Saudi Arabia,SAU,"Tariff rate, most favored nation, weighted mean, all products (%)",TM.TAX.MRCH.WM.FN.ZS,tariff,2022,5.4
Turkiye,TUR,"Tariff rate, most favored nation, weighted mean, all products (%)",TM.TAX.MRCH.WM.FN.ZS,tariff,2022,7.64
United States,USA,"Tariff rate, most favored nation, weighted mean, all products (%)",TM.TAX.MRCH.WM.FN.ZS,tariff,2022,2.53
European Union,EUU,"Tariff rate, applied, weighted mean, primary products (%)",TM.TAX.TCOM.WM.AR.ZS,tariff,1988,2.73
Canada,CAN,"Tariff rate, applied, weighted mean, primary products (%)",TM.TAX.TCOM.WM.AR.ZS,tariff,1989,8.71
European Union,EUU,"Tariff rate, applied, weighted mean, primary products (%)",TM.TAX.TCOM.WM.AR.ZS,tariff,1989,2.71
United States,USA,"Tariff rate, applied, weighted mean, primary products (%)",TM.TAX.TCOM.WM.AR.ZS,tariff,1989,2.44
European Union,EUU,"Tariff rate, applied, weighted mean, primary products (%)",TM.TAX.TCOM.WM.AR.ZS,tariff,1990,3.03
India,IND,"Tariff rate, applied, weighted mean, primary products (%)",TM.TAX.TCOM.WM.AR.ZS,tariff,1990,38.66
United States,USA,"Tariff rate, applied, weighted mean, primary products (%)",TM.TAX.TCOM.WM.AR.ZS,tariff,1990,2.51
Australia,AUS,"Tariff rate, applied, weighted mean, primary products (%)",TM.TAX.TCOM.WM.AR.ZS,tariff,1991,68.05
European Union,EUU,"Tariff rate, applied, weighted mean, primary products (%)",TM.TAX.TCOM.WM.AR.ZS,tariff,1991,3.04
United States,USA,"Tariff rate, applied, weighted mean, primary products (%)",TM.TAX.TCOM.WM.AR.ZS,tariff,1991,2.41
China,CHN,"Tariff rate, applied, weighted mean, primary products (%)",TM.TAX.TCOM.WM.AR.ZS,tariff,1992,13.96
European Union,EUU,"Tariff rate, applied, weighted mean, primary products (%)",TM.TAX.TCOM.WM.AR.ZS,tariff,1992,3.21
India,IND,"Tariff rate, applied, weighted mean, primary products (%)",TM.TAX.TCOM.WM.AR.ZS,tariff,1992,8.37
Oman,OMN,"Tariff rate, applied, weighted mean, primary products (%)",TM.TAX.TCOM.WM.AR.ZS,tariff,1992,14.15
United States,USA,"Tariff rate, applied, weighted mean, primary products (%)",TM.TAX.TCOM.WM.AR.ZS,tariff,1992,2.31
Australia,AUS,"Tariff rate, applied, weighted mean, primary products (%)",TM.TAX.TCOM.WM.AR.ZS,tariff,1993,8.52
Canada,CAN,"Tariff rate, applied, weighted mean, primary products (%)",TM.TAX.TCOM.WM.AR.ZS,tariff,1993,1.8
China,CHN,"Tariff rate, applied, weighted mean, primary products (%)",TM.TAX.TCOM.WM.AR.ZS,tariff,1993,13.94
European Union,EUU,"Tariff rate, applied, weighted mean, primary products (%)",TM.TAX.TCOM.WM.AR.ZS,tariff,1993,2.57
Turkiye,TUR,"Tariff rate, applied, weighted mean, primary products (%)",TM.TAX.TCOM.WM.AR.ZS,tariff,1993,7.9
United States,USA,"Tariff rate, applied, weighted mean, primary products (%)",TM.TAX.TCOM.WM.AR.ZS,tariff,1993,1.89
China,CHN,"Tariff rate, applied, weighted mean, primary products (%)",TM.TAX.TCOM.WM.AR.ZS,tariff,1994,12.81
European Union,EUU,"Tariff rate, applied, weighted mean, primary products (%)",TM.TAX.TCOM.WM.AR.ZS,tariff,1994,2.65
Saudi Arabia,SAU,"Tariff rate, applied, weighted mean, primary products (%)",TM.TAX.TCOM.WM.AR.ZS,tariff,1994,9.14
Canada,CAN,"Tariff rate, applied, weighted mean, primary products (%)",TM.TAX.TCOM.WM.AR.ZS,tariff,1995,7.56
"Egypt, Arab Rep.",EGY,"Tariff rate, applied, weighted mean, primary products (%)",TM.TAX.TCOM.WM.AR.ZS,tariff,1995,8.94
European Union,EUU,"Tariff rate, applied, weighted mean, primary products (%)",TM.TAX.TCOM.WM.AR.ZS,tariff,1995,8.81
Turkiye,TUR,"Tariff rate, applied, weighted mean, primary products (%)",TM.TAX.TCOM.WM.AR.ZS,tariff,1995,5.52
United States,USA,"Tariff rate, applied, weighted mean, primary products (%)",TM.TAX.TCOM.WM.AR.ZS,tariff,1995,1.91
Australia,AUS,"Tariff rate, applied, weighted mean, primary products (%)",TM.TAX.TCOM.WM.AR.ZS,tariff,1996,8.43
Canada,CAN,"Tariff rate, applied, weighted mean, primary products (%)",TM.TAX.TCOM.WM.AR.ZS,tariff,1996,6.13
China,CHN,"Tariff rate, applied, weighted mean, primary products (%)",TM.TAX.TCOM.WM.AR.ZS,tariff,1996,24.98
European Union,EUU,"Tariff rate, applied, weighted mean, primary products (%)",TM.TAX.TCOM.WM.AR.ZS,tariff,1996,7.09
India,IND,"Tariff rate, applied, weighted mean, primary products (%)",TM.TAX.TCOM.WM.AR.ZS,tariff,1996,18.76
Turkiye,TUR,"Tariff rate, applied, weighted mean, primary products (%)",TM.TAX.TCOM.WM.AR.ZS,tariff,1996,5.09
United States,USA,"Tariff rate, applied, weighted mean, primary products (%)",TM.TAX.TCOM.WM.AR.ZS,tariff,1996,2.36
Australia,AUS,"Tariff rate, applied, weighted mean, primary products (%)",TM.TAX.TCOM.WM.AR.ZS,tariff,1997,7.96
Canada,CAN,"Tariff rate, applied, weighted mean, primary products (%)",TM.TAX.TCOM.WM.AR.ZS,tariff,1997,4.46
China,CHN,"Tariff rate, applied, weighted mean, primary products (%)",TM.TAX.TCOM.WM.AR.ZS,tariff,1997,19.89
European Union,EUU,"Tariff rate, applied, weighted mean, primary products (%)",TM.TAX.TCOM.WM.AR.ZS,tariff,1997,5.12
India,IND,"Tariff rate, applied, weighted mean, primary products (%)",TM.TAX.TCOM.WM.AR.ZS,tariff,1997,16.19
Oman,OMN,"Tariff rate, applied, weighted mean, primary products (%)",TM.TAX.TCOM.WM.AR.ZS,tariff,1997,3.6
Turkiye,TUR,"Tariff rate, applied, weighted mean, primary products (%)",TM.TAX.TCOM.WM.AR.ZS,tariff,1997,5.23
United States,USA,"Tariff rate, applied, weighted mean, primary products (%)",TM.TAX.TCOM.WM.AR.ZS,tariff,1997,1.66
Australia,AUS,"Tariff rate, applied, weighted mean, primary products (%)",TM.TAX.TCOM.WM.AR.ZS,tariff,1998,8.03
Canada,CAN,"Tariff rate, applied, weighted mean, primary products (%)",TM.TAX.TCOM.WM.AR.ZS,tariff,1998,4.66
China,CHN,"Tariff rate, applied, weighted mean, primary products (%)",TM.TAX.TCOM.WM.AR.ZS,tariff,1998,17.55
"Egypt, Arab Rep.",EGY,"Tariff rate, applied, weighted mean, primary products (%)",TM.TAX.TCOM.WM.AR.ZS,tariff,1998,8.87
European Union,EUU,"Tariff rate, applied, weighted mean, primary products (%)",TM.TAX.TCOM.WM.AR.ZS,tariff,1998,5.48
Turkiye,TUR,"Tariff rate, applied, weighted mean, primary products (%)",TM.TAX.TCOM.WM.AR.ZS,tariff,1998,5.12
United States,USA,"Tariff rate, applied, weighted mean, primary products (%)",TM.TAX.TCOM.WM.AR.ZS,tariff,1998,3.15
Australia,AUS,"Tariff rate, applied, weighted mean, primary products (%)",TM.TAX.TCOM.WM.AR.ZS,tariff,1999,7.51
Bahrain,BHR,"Tariff rate, applied, weighted mean, primary products (%)",TM.TAX.TCOM.WM.AR.ZS,tariff,1999,12.67
Canada,CAN,"Tariff rate, applied, weighted mean, primary products (%)",TM.TAX.TCOM.WM.AR.ZS,tariff,1999,1.97
China,CHN,"Tariff rate, applied, weighted mean, primary products (%)",TM.TAX.TCOM.WM.AR.ZS,tariff,1999,16.67
"Egypt, Arab Rep.",EGY,"Tariff rate, applied, weighted mean, primary products (%)",TM.TAX.TCOM.WM.AR.ZS,tariff,1999,12.53
European Union,EUU,"Tariff rate, applied, weighted mean, primary products (%)",TM.TAX.TCOM.WM.AR.ZS,tariff,1999,5.61
India,IND,"Tariff rate, applied, weighted mean, primary products (%)",TM.TAX.TCOM.WM.AR.ZS,tariff,1999,23.3
Lebanon,LBN,"Tariff rate, applied, weighted mean, primary products (%)",TM.TAX.TCOM.WM.AR.ZS,tariff,1999,11.19
Saudi Arabia,SAU,"Tariff rate, applied, weighted mean, primary products (%)",TM.TAX.TCOM.WM.AR.ZS,tariff,1999,13.24
Turkiye,TUR,"Tariff rate, applied, weighted mean, primary products (%)",TM.TAX.TCOM.WM.AR.ZS,tariff,1999,5.45
United States,USA,"Tariff rate, applied, weighted mean, primary products (%)",TM.TAX.TCOM.WM.AR.ZS,tariff,1999,3.67
Australia,AUS,"Tariff rate, applied, weighted mean, primary products (%)",TM.TAX.TCOM.WM.AR.ZS,tariff,2000,6.53
Bahrain,BHR,"Tariff rate, applied, weighted mean, primary products (%)",TM.TAX.TCOM.WM.AR.ZS,tariff,2000,11.87
Canada,CAN,"Tariff rate, applied, weighted mean, primary products (%)",TM.TAX.TCOM.WM.AR.ZS,tariff,2000,3.74
China,CHN,"Tariff rate, applied, weighted mean, primary products (%)",TM.TAX.TCOM.WM.AR.ZS,tariff,2000,18.82
Germany,DEU,"Tariff rate, applied, weighted mean, primary products (%)",TM.TAX.TCOM.WM.AR.ZS,tariff,2000,3.14
"Egypt, Arab Rep.",EGY,"Tariff rate, applied, weighted mean, primary products (%)",TM.TAX.TCOM.WM.AR.ZS,tariff,2000,12.88
European Union,EUU,"Tariff rate, applied, weighted mean, primary products (%)",TM.TAX.TCOM.WM.AR.ZS,tariff,2000,3.14
France,FRA,"Tariff rate, applied, weighted mean, primary products (%)",TM.TAX.TCOM.WM.AR.ZS,tariff,2000,3.14
United Kingdom,GBR,"Tariff rate, applied, weighted mean, primary products (%)",TM.TAX.TCOM.WM.AR.ZS,tariff,2000,3.14
Greece,GRC,"Tariff rate, applied, weighted mean, primary products (%)",TM.TAX.TCOM.WM.AR.ZS,tariff,2000,3.14
India,IND,"Tariff rate, applied, weighted mean, primary products (%)",TM.TAX.TCOM.WM.AR.ZS,tariff,2000,15.89
Italy,ITA,"Tariff rate, applied, weighted mean, primary products (%)",TM.TAX.TCOM.WM.AR.ZS,tariff,2000,3.14
Jordan,JOR,"Tariff rate, applied, weighted mean, primary products (%)",TM.TAX.TCOM.WM.AR.ZS,tariff,2000,16.97
Lebanon,LBN,"Tariff rate, applied, weighted mean, primary products (%)",TM.TAX.TCOM.WM.AR.ZS,tariff,2000,19.69
Saudi Arabia,SAU,"Tariff rate, applied, weighted mean, primary products (%)",TM.TAX.TCOM.WM.AR.ZS,tariff,2000,17.07
Turkiye,TUR,"Tariff rate, applied, weighted mean, primary products (%)",TM.TAX.TCOM.WM.AR.ZS,tariff,2000,3.93
United States,USA,"Tariff rate, applied, weighted mean, primary products (%)",TM.TAX.TCOM.WM.AR.ZS,tariff,2000,2.35
Australia,AUS,"Tariff rate, applied, weighted mean, primary products (%)",TM.TAX.TCOM.WM.AR.ZS,tariff,2001,0.97
Bahrain,BHR,"Tariff rate, applied, weighted mean, primary products (%)",TM.TAX.TCOM.WM.AR.ZS,tariff,2001,7.41
Canada,CAN,"Tariff rate, applied, weighted mean, primary products (%)",TM.TAX.TCOM.WM.AR.ZS,tariff,2001,4.57
China,CHN,"Tariff rate, applied, weighted mean, primary products (%)",TM.TAX.TCOM.WM.AR.ZS,tariff,2001,19.18
Germany,DEU,"Tariff rate, applied, weighted mean, primary products (%)",TM.TAX.TCOM.WM.AR.ZS,tariff,2001,4.8
"Egypt, Arab Rep.",EGY,"Tariff rate, applied, weighted mean, primary products (%)",TM.TAX.TCOM.WM.AR.ZS,tariff,2001,12.45
European Union,EUU,"Tariff rate, applied, weighted mean, primary products (%)",TM.TAX.TCOM.WM.AR.ZS,tariff,2001,4.8
France,FRA,"Tariff rate, applied, weighted mean, primary products (%)",TM.TAX.TCOM.WM.AR.ZS,tariff,2001,4.8
United Kingdom,GBR,"Tariff rate, applied, weighted mean, primary products (%)",TM.TAX.TCOM.WM.AR.ZS,tariff,2001,4.8
Greece,GRC,"Tariff rate, applied, weighted mean, primary products (%)",TM.TAX.TCOM.WM.AR.ZS,tariff,2001,4.8
India,IND,"Tariff rate, applied, weighted mean, primary products (%)",TM.TAX.TCOM.WM.AR.ZS,tariff,2001,23.16
Italy,ITA,"Tariff rate, applied, weighted mean, primary products (%)",TM.TAX.TCOM.WM.AR.ZS,tariff,2001,4.8
Jordan,JOR,"Tariff rate, applied, weighted mean, primary products (%)",TM.TAX.TCOM.WM.AR.ZS,tariff,2001,11.4
Lebanon,LBN,"Tariff rate, applied, weighted mean, primary products (%)",TM.TAX.TCOM.WM.AR.ZS,tariff,2001,11.18
Oman,OMN,"Tariff rate, applied, weighted mean, primary products (%)",TM.TAX.TCOM.WM.AR.ZS,tariff,2001,31.95
Saudi Arabia,SAU,"Tariff rate, applied, weighted mean, primary products (%)",TM.TAX.TCOM.WM.AR.ZS,tariff,2001,10.71
Turkiye,TUR,"Tariff rate, applied, weighted mean, primary products (%)",TM.TAX.TCOM.WM.AR.ZS,tariff,2001,3.13
United States,USA,"Tariff rate, applied, weighted mean, primary products (%)",TM.TAX.TCOM.WM.AR.ZS,tariff,2001,2.04
Australia,AUS,"Tariff rate, applied, weighted mean, primary products (%)",TM.TAX.TCOM.WM.AR.ZS,tariff,2002,0.78
Bahrain,BHR,"Tariff rate, applied, weighted mean, primary products (%)",TM.TAX.TCOM.WM.AR.ZS,tariff,2002,6.45
Canada,CAN,"Tariff rate, applied, weighted mean, primary products (%)",TM.TAX.TCOM.WM.AR.ZS,tariff,2002,4.32
China,CHN,"Tariff rate, applied, weighted mean, primary products (%)",TM.TAX.TCOM.WM.AR.ZS,tariff,2002,6.08
Germany,DEU,"Tariff rate, applied, weighted mean, primary products (%)",TM.TAX.TCOM.WM.AR.ZS,tariff,2002,2.92
"Egypt, Arab Rep.",EGY,"Tariff rate, applied, weighted mean, primary products (%)",TM.TAX.TCOM.WM.AR.ZS,tariff,2002,8.61
European Union,EUU,"Tariff rate, applied, weighted mean, primary products (%)",TM.TAX.TCOM.WM.AR.ZS,tariff,2002,2.92
France,FRA,"Tariff rate, applied, weighted mean, primary products (%)",TM.TAX.TCOM.WM.AR.ZS,tariff,2002,2.92
United Kingdom,GBR,"Tariff rate, applied, weighted mean, primary products (%)",TM.TAX.TCOM.WM.AR.ZS,tariff,2002,2.92
Greece,GRC,"Tariff rate, applied, weighted mean, primary products (%)",TM.TAX.TCOM.WM.AR.ZS,tariff,2002,2.92
India,IND,"Tariff rate, applied, weighted mean, primary products (%)",TM.TAX.TCOM.WM.AR.ZS,tariff,2002,19.8
Italy,ITA,"Tariff rate, applied, weighted mean, primary products (%)",TM.TAX.TCOM.WM.AR.ZS,tariff,2002,2.92
Jordan,JOR,"Tariff rate, applied, weighted mean, primary products (%)",TM.TAX.TCOM.WM.AR.ZS,tariff,2002,11.64
Kuwait,KWT,"Tariff rate, applied, weighted mean, primary products (%)",TM.TAX.TCOM.WM.AR.ZS,tariff,2002,5.07
Lebanon,LBN,"Tariff rate, applied, weighted mean, primary products (%)",TM.TAX.TCOM.WM.AR.ZS,tariff,2002,62.01
Oman,OMN,"Tariff rate, applied, weighted mean, primary products (%)",TM.TAX.TCOM.WM.AR.ZS,tariff,2002,31.61
Qatar,QAT,"Tariff rate, applied, weighted mean, primary products (%)",TM.TAX.TCOM.WM.AR.ZS,tariff,2002,5.74
Saudi Arabia,SAU,"Tariff rate, applied, weighted mean, primary products (%)",TM.TAX.TCOM.WM.AR.ZS,tariff,2002,7.22
Turkiye,TUR,"Tariff rate, applied, weighted mean, primary products (%)",TM.TAX.TCOM.WM.AR.ZS,tariff,2002,2.73
United States,USA,"Tariff rate, applied, weighted mean, primary products (%)",TM.TAX.TCOM.WM.AR.ZS,tariff,2002,1.91
Australia,AUS,"Tariff rate, applied, weighted mean, primary products (%)",TM.TAX.TCOM.WM.AR.ZS,tariff,2003,0.79
Bahrain,BHR,"Tariff rate, applied, weighted mean, primary products (%)",TM.TAX.TCOM.WM.AR.ZS,tariff,2003,6.44
Canada,CAN,"Tariff rate, applied, weighted mean, primary products (%)",TM.TAX.TCOM.WM.AR.ZS,tariff,2003,9.8
China,CHN,"Tariff rate, applied, weighted mean, primary products (%)",TM.TAX.TCOM.WM.AR.ZS,tariff,2003,5.73
Germany,DEU,"Tariff rate, applied, weighted mean, primary products (%)",TM.TAX.TCOM.WM.AR.ZS,tariff,2003,3.35
"Egypt, Arab Rep.",EGY,"Tariff rate, applied, weighted mean, primary products (%)",TM.TAX.TCOM.WM.AR.ZS,tariff,2003,11.83
European Union,EUU,"Tariff rate, applied, weighted mean, primary products (%)",TM.TAX.TCOM.WM.AR.ZS,tariff,2003,3.35
France,FRA,"Tariff rate, applied, weighted mean, primary products (%)",TM.TAX.TCOM.WM.AR.ZS,tariff,2003,3.35
United Kingdom,GBR,"Tariff rate, applied, weighted mean, primary products (%)",TM.TAX.TCOM.WM.AR.ZS,tariff,2003,3.35
Greece,GRC,"Tariff rate, applied, weighted mean, primary products (%)",TM.TAX.TCOM.WM.AR.ZS,tariff,2003,3.35
India,IND,"Tariff rate, applied, weighted mean, primary products (%)",TM.TAX.TCOM.WM.AR.ZS,tariff,2003,19.87
Italy,ITA,"Tariff rate, applied, weighted mean, primary products (%)",TM.TAX.TCOM.WM.AR.ZS,tariff,2003,3.35
Jordan,JOR,"Tariff rate, applied, weighted mean, primary products (%)",TM.TAX.TCOM.WM.AR.ZS,tariff,2003,11.98
Kuwait,KWT,"Tariff rate, applied, weighted mean, primary products (%)",TM.TAX.TCOM.WM.AR.ZS,tariff,2003,3.33
Oman,OMN,"Tariff rate, applied, weighted mean, primary products (%)",TM.TAX.TCOM.WM.AR.ZS,tariff,2003,5.12
Qatar,QAT,"Tariff rate, applied, weighted mean, primary products (%)",TM.TAX.TCOM.WM.AR.ZS,tariff,2003,5.53
Saudi Arabia,SAU,"Tariff rate, applied, weighted mean, primary products (%)",TM.TAX.TCOM.WM.AR.ZS,tariff,2003,10.67
Turkiye,TUR,"Tariff rate, applied, weighted mean, primary products (%)",TM.TAX.TCOM.WM.AR.ZS,tariff,2003,3.37
United States,USA,"Tariff rate, applied, weighted mean, primary products (%)",TM.TAX.TCOM.WM.AR.ZS,tariff,2003,1.44
Australia,AUS,"Tariff rate, applied, weighted mean, primary products (%)",TM.TAX.TCOM.WM.AR.ZS,tariff,2004,0.74
Bahrain,BHR,"Tariff rate, applied, weighted mean, primary products (%)",TM.TAX.TCOM.WM.AR.ZS,tariff,2004,6.4
Canada,CAN,"Tariff rate, applied, weighted mean, primary products (%)",TM.TAX.TCOM.WM.AR.ZS,tariff,2004,3.99
China,CHN,"Tariff rate, applied, weighted mean, primary products (%)",TM.TAX.TCOM.WM.AR.ZS,tariff,2004,6.22
Germany,DEU,"Tariff rate, applied, weighted mean, primary products (%)",TM.TAX.TCOM.WM.AR.ZS,tariff,2004,2.77
"Egypt, Arab Rep.",EGY,"Tariff rate, applied, weighted mean, primary products (%)",TM.TAX.TCOM.WM.AR.ZS,tariff,2004,8.87
European Union,EUU,"Tariff rate, applied, weighted mean, primary products (%)",TM.TAX.TCOM.WM.AR.ZS,tariff,2004,2.77
France,FRA,"Tariff rate, applied, weighted mean, primary products (%)",TM.TAX.TCOM.WM.AR.ZS,tariff,2004,2.77
United Kingdom,GBR,"Tariff rate, applied, weighted mean, primary products (%)",TM.TAX.TCOM.WM.AR.ZS,tariff,2004,2.77
Greece,GRC,"Tariff rate, applied, weighted mean, primary products (%)",TM.TAX.TCOM.WM.AR.ZS,tariff,2004,2.77
India,IND,"Tariff rate, applied, weighted mean, primary products (%)",TM.TAX.TCOM.WM.AR.ZS,tariff,2004,18.76
Italy,ITA,"Tariff rate, applied, weighted mean, primary products (%)",TM.TAX.TCOM.WM.AR.ZS,tariff,2004,2.77
Jordan,JOR,"Tariff rate, applied, weighted mean, primary products (%)",TM.TAX.TCOM.WM.AR.ZS,tariff,2004,11.25
Kuwait,KWT,"Tariff rate, applied, weighted mean, primary products (%)",TM.TAX.TCOM.WM.AR.ZS,tariff,2004,3.33
Lebanon,LBN,"Tariff rate, applied, weighted mean, primary products (%)",TM.TAX.TCOM.WM.AR.ZS,tariff,2004,4.66
Oman,OMN,"Tariff rate, applied, weighted mean, primary products (%)",TM.TAX.TCOM.WM.AR.ZS,tariff,2004,4.05
Qatar,QAT,"Tariff rate, applied, weighted mean, primary products (%)",TM.TAX.TCOM.WM.AR.ZS,tariff,2004,6.95
Saudi Arabia,SAU,"Tariff rate, applied, weighted mean, primary products (%)",TM.TAX.TCOM.WM.AR.ZS,tariff,2004,10.46
Turkiye,TUR,"Tariff rate, applied, weighted mean, primary products (%)",TM.TAX.TCOM.WM.AR.ZS,tariff,2004,3.51
United States,USA,"Tariff rate, applied, weighted mean, primary products (%)",TM.TAX.TCOM.WM.AR.ZS,tariff,2004,1.36
United Arab Emirates,ARE,"Tariff rate, applied, weighted mean, primary products (%)",TM.TAX.TCOM.WM.AR.ZS,tariff,2005,3.61
Australia,AUS,"Tariff rate, applied, weighted mean, primary products (%)",TM.TAX.TCOM.WM.AR.ZS,tariff,2005,0.65
Bahrain,BHR,"Tariff rate, applied, weighted mean, primary products (%)",TM.TAX.TCOM.WM.AR.ZS,tariff,2005,5.75
Canada,CAN,"Tariff rate, applied, weighted mean, primary products (%)",TM.TAX.TCOM.WM.AR.ZS,tariff,2005,3.37
China,CHN,"Tariff rate, applied, weighted mean, primary products (%)",TM.TAX.TCOM.WM.AR.ZS,tariff,2005,3.47
Germany,DEU,"Tariff rate, applied, weighted mean, primary products (%)",TM.TAX.TCOM.WM.AR.ZS,tariff,2005,2.63
"Egypt, Arab Rep.",EGY,"Tariff rate, applied, weighted mean, primary products (%)",TM.TAX.TCOM.WM.AR.ZS,tariff,2005,6.3
European Union,EUU,"Tariff rate, applied, weighted mean, primary products (%)",TM.TAX.TCOM.WM.AR.ZS,tariff,2005,2.63
France,FRA,"Tariff rate, applied, weighted mean, primary products (%)",TM.TAX.TCOM.WM.AR.ZS,tariff,2005,2.63
United Kingdom,GBR,"Tariff rate, applied, weighted mean, primary products (%)",TM.TAX.TCOM.WM.AR.ZS,tariff,2005,2.63
Greece,GRC,"Tariff rate, applied, weighted mean, primary products (%)",TM.TAX.TCOM.WM.AR.ZS,tariff,2005,2.63
India,IND,"Tariff rate, applied, weighted mean, primary products (%)",TM.TAX.TCOM.WM.AR.ZS,tariff,2005,15.06
Italy,ITA,"Tariff rate, applied, weighted mean, primary products (%)",TM.TAX.TCOM.WM.AR.ZS,tariff,2005,2.63
Jordan,JOR,"Tariff rate, applied, weighted mean, primary products (%)",TM.TAX.TCOM.WM.AR.ZS,tariff,2005,3.93
Kuwait,KWT,"Tariff rate, applied, weighted mean, primary products (%)",TM.TAX.TCOM.WM.AR.ZS,tariff,2005,2.75
Lebanon,LBN,"Tariff rate, applied, weighted mean, primary products (%)",TM.TAX.TCOM.WM.AR.ZS,tariff,2005,6.02
Oman,OMN,"Tariff rate, applied, weighted mean, primary products (%)",TM.TAX.TCOM.WM.AR.ZS,tariff,2005,2.9
Qatar,QAT,"Tariff rate, applied, weighted mean, primary products (%)",TM.TAX.TCOM.WM.AR.ZS,tariff,2005,4.22
Saudi Arabia,SAU,"Tariff rate, applied, weighted mean, primary products (%)",TM.TAX.TCOM.WM.AR.ZS,tariff,2005,2.7
Turkiye,TUR,"Tariff rate, applied, weighted mean, primary products (%)",TM.TAX.TCOM.WM.AR.ZS,tariff,2005,2.59
United States,USA,"Tariff rate, applied, weighted mean, primary products (%)",TM.TAX.TCOM.WM.AR.ZS,tariff,2005,1.33
Australia,AUS,"Tariff rate, applied, weighted mean, primary products (%)",TM.TAX.TCOM.WM.AR.ZS,tariff,2006,0.42
Bahrain,BHR,"Tariff rate, applied, weighted mean, primary products (%)",TM.TAX.TCOM.WM.AR.ZS,tariff,2006,5.47
Canada,CAN,"Tariff rate, applied, weighted mean, primary products (%)",TM.TAX.TCOM.WM.AR.ZS,tariff,2006,3.14
China,CHN,"Tariff rate, applied, weighted mean, primary products (%)",TM.TAX.TCOM.WM.AR.ZS,tariff,2006,3.54
Germany,DEU,"Tariff rate, applied, weighted mean, primary products (%)",TM.TAX.TCOM.WM.AR.ZS,tariff,2006,2.06
"Egypt, Arab Rep.",EGY,"Tariff rate, applied, weighted mean, primary products (%)",TM.TAX.TCOM.WM.AR.ZS,tariff,2006,8.24
European Union,EUU,"Tariff rate, applied, weighted mean, primary products (%)",TM.TAX.TCOM.WM.AR.ZS,tariff,2006,2.06
France,FRA,"Tariff rate, applied, weighted mean, primary products (%)",TM.TAX.TCOM.WM.AR.ZS,tariff,2006,2.06
United Kingdom,GBR,"Tariff rate, applied, weighted mean, primary products (%)",TM.TAX.TCOM.WM.AR.ZS,tariff,2006,2.06
Greece,GRC,"Tariff rate, applied, weighted mean, primary products (%)",TM.TAX.TCOM.WM.AR.ZS,tariff,2006,2.06
India,IND,"Tariff rate, applied, weighted mean, primary products (%)",TM.TAX.TCOM.WM.AR.ZS,tariff,2006,8.31
Italy,ITA,"Tariff rate, applied, weighted mean, primary products (%)",TM.TAX.TCOM.WM.AR.ZS,tariff,2006,2.06
Jordan,JOR,"Tariff rate, applied, weighted mean, primary products (%)",TM.TAX.TCOM.WM.AR.ZS,tariff,2006,3.45
Kuwait,KWT,"Tariff rate, applied, weighted mean, primary products (%)",TM.TAX.TCOM.WM.AR.ZS,tariff,2006,2.14
Lebanon,LBN,"Tariff rate, applied, weighted mean, primary products (%)",TM.TAX.TCOM.WM.AR.ZS,tariff,2006,3.67
Oman,OMN,"Tariff rate, applied, weighted mean, primary products (%)",TM.TAX.TCOM.WM.AR.ZS,tariff,2006,3.13
Qatar,QAT,"Tariff rate, applied, weighted mean, primary products (%)",TM.TAX.TCOM.WM.AR.ZS,tariff,2006,4.16
Saudi Arabia,SAU,"Tariff rate, applied, weighted mean, primary products (%)",TM.TAX.TCOM.WM.AR.ZS,tariff,2006,2.82
Turkiye,TUR,"Tariff rate, applied, weighted mean, primary products (%)",TM.TAX.TCOM.WM.AR.ZS,tariff,2006,2.26
United States,USA,"Tariff rate, applied, weighted mean, primary products (%)",TM.TAX.TCOM.WM.AR.ZS,tariff,2006,1.28
United Arab Emirates,ARE,"Tariff rate, applied, weighted mean, primary products (%)",TM.TAX.TCOM.WM.AR.ZS,tariff,2007,3.02
Australia,AUS,"Tariff rate, applied, weighted mean, primary products (%)",TM.TAX.TCOM.WM.AR.ZS,tariff,2007,0.5
Bahrain,BHR,"Tariff rate, applied, weighted mean, primary products (%)",TM.TAX.TCOM.WM.AR.ZS,tariff,2007,7.6
Canada,CAN,"Tariff rate, applied, weighted mean, primary products (%)",TM.TAX.TCOM.WM.AR.ZS,tariff,2007,3.26
China,CHN,"Tariff rate, applied, weighted mean, primary products (%)",TM.TAX.TCOM.WM.AR.ZS,tariff,2007,3.04
Germany,DEU,"Tariff rate, applied, weighted mean, primary products (%)",TM.TAX.TCOM.WM.AR.ZS,tariff,2007,2.04
"Egypt, Arab Rep.",EGY,"Tariff rate, applied, weighted mean, primary products (%)",TM.TAX.TCOM.WM.AR.ZS,tariff,2007,7.96
European Union,EUU,"Tariff rate, applied, weighted mean, primary products (%)",TM.TAX.TCOM.WM.AR.ZS,tariff,2007,2.04
France,FRA,"Tariff rate, applied, weighted mean, primary products (%)",TM.TAX.TCOM.WM.AR.ZS,tariff,2007,2.04
United Kingdom,GBR,"Tariff rate, applied, weighted mean, primary products (%)",TM.TAX.TCOM.WM.AR.ZS,tariff,2007,2.04
Greece,GRC,"Tariff rate, applied, weighted mean, primary products (%)",TM.TAX.TCOM.WM.AR.ZS,tariff,2007,2.04
India,IND,"Tariff rate, applied, weighted mean, primary products (%)",TM.TAX.TCOM.WM.AR.ZS,tariff,2007,13.04
Italy,ITA,"Tariff rate, applied, weighted mean, primary products (%)",TM.TAX.TCOM.WM.AR.ZS,tariff,2007,2.04
Jordan,JOR,"Tariff rate, applied, weighted mean, primary products (%)",TM.TAX.TCOM.WM.AR.ZS,tariff,2007,3.88
Kuwait,KWT,"Tariff rate, applied, weighted mean, primary products (%)",TM.TAX.TCOM.WM.AR.ZS,tariff,2007,2.08
Lebanon,LBN,"Tariff rate, applied, weighted mean, primary products (%)",TM.TAX.TCOM.WM.AR.ZS,tariff,2007,4.03
Oman,OMN,"Tariff rate, applied, weighted mean, primary products (%)",TM.TAX.TCOM.WM.AR.ZS,tariff,2007,3.03
Qatar,QAT,"Tariff rate, applied, weighted mean, primary products (%)",TM.TAX.TCOM.WM.AR.ZS,tariff,2007,3.35
Saudi Arabia,SAU,"Tariff rate, applied, weighted mean, primary products (%)",TM.TAX.TCOM.WM.AR.ZS,tariff,2007,2.85
Turkiye,TUR,"Tariff rate, applied, weighted mean, primary products (%)",TM.TAX.TCOM.WM.AR.ZS,tariff,2007,3.8
United States,USA,"Tariff rate, applied, weighted mean, primary products (%)",TM.TAX.TCOM.WM.AR.ZS,tariff,2007,1.32
United Arab Emirates,ARE,"Tariff rate, applied, weighted mean, primary products (%)",TM.TAX.TCOM.WM.AR.ZS,tariff,2008,2.73
Australia,AUS,"Tariff rate, applied, weighted mean, primary products (%)",TM.TAX.TCOM.WM.AR.ZS,tariff,2008,0.54
Bahrain,BHR,"Tariff rate, applied, weighted mean, primary products (%)",TM.TAX.TCOM.WM.AR.ZS,tariff,2008,6.35
Canada,CAN,"Tariff rate, applied, weighted mean, primary products (%)",TM.TAX.TCOM.WM.AR.ZS,tariff,2008,2.84
China,CHN,"Tariff rate, applied, weighted mean, primary products (%)",TM.TAX.TCOM.WM.AR.ZS,tariff,2008,2.16
Germany,DEU,"Tariff rate, applied, weighted mean, primary products (%)",TM.TAX.TCOM.WM.AR.ZS,tariff,2008,1.56
"Egypt, Arab Rep.",EGY,"Tariff rate, applied, weighted mean, primary products (%)",TM.TAX.TCOM.WM.AR.ZS,tariff,2008,6.4
European Union,EUU,"Tariff rate, applied, weighted mean, primary products (%)",TM.TAX.TCOM.WM.AR.ZS,tariff,2008,1.56
France,FRA,"Tariff rate, applied, weighted mean, primary products (%)",TM.TAX.TCOM.WM.AR.ZS,tariff,2008,1.56
United Kingdom,GBR,"Tariff rate, applied, weighted mean, primary products (%)",TM.TAX.TCOM.WM.AR.ZS,tariff,2008,1.56
Greece,GRC,"Tariff rate, applied, weighted mean, primary products (%)",TM.TAX.TCOM.WM.AR.ZS,tariff,2008,1.56
India,IND,"Tariff rate, applied, weighted mean, primary products (%)",TM.TAX.TCOM.WM.AR.ZS,tariff,2008,5.9
Italy,ITA,"Tariff rate, applied, weighted mean, primary products (%)",TM.TAX.TCOM.WM.AR.ZS,tariff,2008,1.56
Jordan,JOR,"Tariff rate, applied, weighted mean, primary products (%)",TM.TAX.TCOM.WM.AR.ZS,tariff,2008,3.67
Kuwait,KWT,"Tariff rate, applied, weighted mean, primary products (%)",TM.TAX.TCOM.WM.AR.ZS,tariff,2008,2.95
Oman,OMN,"Tariff rate, applied, weighted mean, primary products (%)",TM.TAX.TCOM.WM.AR.ZS,tariff,2008,3.02
Qatar,QAT,"Tariff rate, applied, weighted mean, primary products (%)",TM.TAX.TCOM.WM.AR.ZS,tariff,2008,3.92
Saudi Arabia,SAU,"Tariff rate, applied, weighted mean, primary products (%)",TM.TAX.TCOM.WM.AR.ZS,tariff,2008,2.18
Turkiye,TUR,"Tariff rate, applied, weighted mean, primary products (%)",TM.TAX.TCOM.WM.AR.ZS,tariff,2008,2.84
United States,USA,"Tariff rate, applied, weighted mean, primary products (%)",TM.TAX.TCOM.WM.AR.ZS,tariff,2008,1.07
United Arab Emirates,ARE,"Tariff rate, applied, weighted mean, primary products (%)",TM.TAX.TCOM.WM.AR.ZS,tariff,2009,2.73
Australia,AUS,"Tariff rate, applied, weighted mean, primary products (%)",TM.TAX.TCOM.WM.AR.ZS,tariff,2009,0.57
Bahrain,BHR,"Tariff rate, applied, weighted mean, primary products (%)",TM.TAX.TCOM.WM.AR.ZS,tariff,2009,5.53
Canada,CAN,"Tariff rate, applied, weighted mean, primary products (%)",TM.TAX.TCOM.WM.AR.ZS,tariff,2009,3.58
China,CHN,"Tariff rate, applied, weighted mean, primary products (%)",TM.TAX.TCOM.WM.AR.ZS,tariff,2009,1.82
Germany,DEU,"Tariff rate, applied, weighted mean, primary products (%)",TM.TAX.TCOM.WM.AR.ZS,tariff,2009,1.87
"Egypt, Arab Rep.",EGY,"Tariff rate, applied, weighted mean, primary products (%)",TM.TAX.TCOM.WM.AR.ZS,tariff,2009,7.54
European Union,EUU,"Tariff rate, applied, weighted mean, primary products (%)",TM.TAX.TCOM.WM.AR.ZS,tariff,2009,1.87
France,FRA,"Tariff rate, applied, weighted mean, primary products (%)",TM.TAX.TCOM.WM.AR.ZS,tariff,2009,1.87
United Kingdom,GBR,"Tariff rate, applied, weighted mean, primary products (%)",TM.TAX.TCOM.WM.AR.ZS,tariff,2009,1.87
Greece,GRC,"Tariff rate, applied, weighted mean, primary products (%)",TM.TAX.TCOM.WM.AR.ZS,tariff,2009,1.87
India,IND,"Tariff rate, applied, weighted mean, primary products (%)",TM.TAX.TCOM.WM.AR.ZS,tariff,2009,5.85
Italy,ITA,"Tariff rate, applied, weighted mean, primary products (%)",TM.TAX.TCOM.WM.AR.ZS,tariff,2009,1.87
Jordan,JOR,"Tariff rate, applied, weighted mean, primary products (%)",TM.TAX.TCOM.WM.AR.ZS,tariff,2009,3.87
Kuwait,KWT,"Tariff rate, applied, weighted mean, primary products (%)",TM.TAX.TCOM.WM.AR.ZS,tariff,2009,1.69
Oman,OMN,"Tariff rate, applied, weighted mean, primary products (%)",TM.TAX.TCOM.WM.AR.ZS,tariff,2009,2.77
Qatar,QAT,"Tariff rate, applied, weighted mean, primary products (%)",TM.TAX.TCOM.WM.AR.ZS,tariff,2009,4.59
Saudi Arabia,SAU,"Tariff rate, applied, weighted mean, primary products (%)",TM.TAX.TCOM.WM.AR.ZS,tariff,2009,2.06
Turkiye,TUR,"Tariff rate, applied, weighted mean, primary products (%)",TM.TAX.TCOM.WM.AR.ZS,tariff,2009,4.28
United States,USA,"Tariff rate, applied, weighted mean, primary products (%)",TM.TAX.TCOM.WM.AR.ZS,tariff,2009,1.3
Australia,AUS,"Tariff rate, applied, weighted mean, primary products (%)",TM.TAX.TCOM.WM.AR.ZS,tariff,2010,0.44
Bahrain,BHR,"Tariff rate, applied, weighted mean, primary products (%)",TM.TAX.TCOM.WM.AR.ZS,tariff,2010,5.69
Canada,CAN,"Tariff rate, applied, weighted mean, primary products (%)",TM.TAX.TCOM.WM.AR.ZS,tariff,2010,3.11
China,CHN,"Tariff rate, applied, weighted mean, primary products (%)",TM.TAX.TCOM.WM.AR.ZS,tariff,2010,1.86
Germany,DEU,"Tariff rate, applied, weighted mean, primary products (%)",TM.TAX.TCOM.WM.AR.ZS,tariff,2010,1.55
"Egypt, Arab Rep.",EGY,"Tariff rate, applied, weighted mean, primary products (%)",TM.TAX.TCOM.WM.AR.ZS,tariff,2010,7.98
European Union,EUU,"Tariff rate, applied, weighted mean, primary products (%)",TM.TAX.TCOM.WM.AR.ZS,tariff,2010,1.55
France,FRA,"Tariff rate, applied, weighted mean, primary products (%)",TM.TAX.TCOM.WM.AR.ZS,tariff,2010,1.55
United Kingdom,GBR,"Tariff rate, applied, weighted mean, primary products (%)",TM.TAX.TCOM.WM.AR.ZS,tariff,2010,1.55
Greece,GRC,"Tariff rate, applied, weighted mean, primary products (%)",TM.TAX.TCOM.WM.AR.ZS,tariff,2010,1.55
India,IND,"Tariff rate, applied, weighted mean, primary products (%)",TM.TAX.TCOM.WM.AR.ZS,tariff,2010,6.59
Italy,ITA,"Tariff rate, applied, weighted mean, primary products (%)",TM.TAX.TCOM.WM.AR.ZS,tariff,2010,1.55
Jordan,JOR,"Tariff rate, applied, weighted mean, primary products (%)",TM.TAX.TCOM.WM.AR.ZS,tariff,2010,10.09
Kuwait,KWT,"Tariff rate, applied, weighted mean, primary products (%)",TM.TAX.TCOM.WM.AR.ZS,tariff,2010,3.24
Qatar,QAT,"Tariff rate, applied, weighted mean, primary products (%)",TM.TAX.TCOM.WM.AR.ZS,tariff,2010,5.31
Turkiye,TUR,"Tariff rate, applied, weighted mean, primary products (%)",TM.TAX.TCOM.WM.AR.ZS,tariff,2010,4.75
United States,USA,"Tariff rate, applied, weighted mean, primary products (%)",TM.TAX.TCOM.WM.AR.ZS,tariff,2010,1.21
United Arab Emirates,ARE,"Tariff rate, applied, weighted mean, primary products (%)",TM.TAX.TCOM.WM.AR.ZS,tariff,2011,3.13
Australia,AUS,"Tariff rate, applied, weighted mean, primary products (%)",TM.TAX.TCOM.WM.AR.ZS,tariff,2011,0.32
Bahrain,BHR,"Tariff rate, applied, weighted mean, primary products (%)",TM.TAX.TCOM.WM.AR.ZS,tariff,2011,3.16
Canada,CAN,"Tariff rate, applied, weighted mean, primary products (%)",TM.TAX.TCOM.WM.AR.ZS,tariff,2011,2.7
China,CHN,"Tariff rate, applied, weighted mean, primary products (%)",TM.TAX.TCOM.WM.AR.ZS,tariff,2011,1.64
Germany,DEU,"Tariff rate, applied, weighted mean, primary products (%)",TM.TAX.TCOM.WM.AR.ZS,tariff,2011,1.4
"Egypt, Arab Rep.",EGY,"Tariff rate, applied, weighted mean, primary products (%)",TM.TAX.TCOM.WM.AR.ZS,tariff,2011,5.25
European Union,EUU,"Tariff rate, applied, weighted mean, primary products (%)",TM.TAX.TCOM.WM.AR.ZS,tariff,2011,1.4
France,FRA,"Tariff rate, applied, weighted mean, primary products (%)",TM.TAX.TCOM.WM.AR.ZS,tariff,2011,1.4
United Kingdom,GBR,"Tariff rate, applied, weighted mean, primary products (%)",TM.TAX.TCOM.WM.AR.ZS,tariff,2011,1.4
Greece,GRC,"Tariff rate, applied, weighted mean, primary products (%)",TM.TAX.TCOM.WM.AR.ZS,tariff,2011,1.4
India,IND,"Tariff rate, applied, weighted mean, primary products (%)",TM.TAX.TCOM.WM.AR.ZS,tariff,2011,7.99
Italy,ITA,"Tariff rate, applied, weighted mean, primary products (%)",TM.TAX.TCOM.WM.AR.ZS,tariff,2011,1.4
Jordan,JOR,"Tariff rate, applied, weighted mean, primary products (%)",TM.TAX.TCOM.WM.AR.ZS,tariff,2011,8.96
Kuwait,KWT,"Tariff rate, applied, weighted mean, primary products (%)",TM.TAX.TCOM.WM.AR.ZS,tariff,2011,3.24
Qatar,QAT,"Tariff rate, applied, weighted mean, primary products (%)",TM.TAX.TCOM.WM.AR.ZS,tariff,2011,5.31
Saudi Arabia,SAU,"Tariff rate, applied, weighted mean, primary products (%)",TM.TAX.TCOM.WM.AR.ZS,tariff,2011,3.79
Turkiye,TUR,"Tariff rate, applied, weighted mean, primary products (%)",TM.TAX.TCOM.WM.AR.ZS,tariff,2011,6.56
United States,USA,"Tariff rate, applied, weighted mean, primary products (%)",TM.TAX.TCOM.WM.AR.ZS,tariff,2011,1.36
United Arab Emirates,ARE,"Tariff rate, applied, weighted mean, primary products (%)",TM.TAX.TCOM.WM.AR.ZS,tariff,2012,4.05
Australia,AUS,"Tariff rate, applied, weighted mean, primary products (%)",TM.TAX.TCOM.WM.AR.ZS,tariff,2012,0.3
Bahrain,BHR,"Tariff rate, applied, weighted mean, primary products (%)",TM.TAX.TCOM.WM.AR.ZS,tariff,2012,3.16
Canada,CAN,"Tariff rate, applied, weighted mean, primary products (%)",TM.TAX.TCOM.WM.AR.ZS,tariff,2012,2.98
Germany,DEU,"Tariff rate, applied, weighted mean, primary products (%)",TM.TAX.TCOM.WM.AR.ZS,tariff,2012,1.19
"Egypt, Arab Rep.",EGY,"Tariff rate, applied, weighted mean, primary products (%)",TM.TAX.TCOM.WM.AR.ZS,tariff,2012,4.88
European Union,EUU,"Tariff rate, applied, weighted mean, primary products (%)",TM.TAX.TCOM.WM.AR.ZS,tariff,2012,1.19
France,FRA,"Tariff rate, applied, weighted mean, primary products (%)",TM.TAX.TCOM.WM.AR.ZS,tariff,2012,1.19
United Kingdom,GBR,"Tariff rate, applied, weighted mean, primary products (%)",TM.TAX.TCOM.WM.AR.ZS,tariff,2012,1.19
Greece,GRC,"Tariff rate, applied, weighted mean, primary products (%)",TM.TAX.TCOM.WM.AR.ZS,tariff,2012,1.19
India,IND,"Tariff rate, applied, weighted mean, primary products (%)",TM.TAX.TCOM.WM.AR.ZS,tariff,2012,4.96
Italy,ITA,"Tariff rate, applied, weighted mean, primary products (%)",TM.TAX.TCOM.WM.AR.ZS,tariff,2012,1.19
Jordan,JOR,"Tariff rate, applied, weighted mean, primary products (%)",TM.TAX.TCOM.WM.AR.ZS,tariff,2012,9.22
Kuwait,KWT,"Tariff rate, applied, weighted mean, primary products (%)",TM.TAX.TCOM.WM.AR.ZS,tariff,2012,3.37
Oman,OMN,"Tariff rate, applied, weighted mean, primary products (%)",TM.TAX.TCOM.WM.AR.ZS,tariff,2012,2.54
Qatar,QAT,"Tariff rate, applied, weighted mean, primary products (%)",TM.TAX.TCOM.WM.AR.ZS,tariff,2012,3.61
Saudi Arabia,SAU,"Tariff rate, applied, weighted mean, primary products (%)",TM.TAX.TCOM.WM.AR.ZS,tariff,2012,2.69
United States,USA,"Tariff rate, applied, weighted mean, primary products (%)",TM.TAX.TCOM.WM.AR.ZS,tariff,2012,1.49
United Arab Emirates,ARE,"Tariff rate, applied, weighted mean, primary products (%)",TM.TAX.TCOM.WM.AR.ZS,tariff,2013,4.45
Australia,AUS,"Tariff rate, applied, weighted mean, primary products (%)",TM.TAX.TCOM.WM.AR.ZS,tariff,2013,0.32
Bahrain,BHR,"Tariff rate, applied, weighted mean, primary products (%)",TM.TAX.TCOM.WM.AR.ZS,tariff,2013,3.5
Canada,CAN,"Tariff rate, applied, weighted mean, primary products (%)",TM.TAX.TCOM.WM.AR.ZS,tariff,2013,3.14
Germany,DEU,"Tariff rate, applied, weighted mean, primary products (%)",TM.TAX.TCOM.WM.AR.ZS,tariff,2013,1.33
"Egypt, Arab Rep.",EGY,"Tariff rate, applied, weighted mean, primary products (%)",TM.TAX.TCOM.WM.AR.ZS,tariff,2013,7.44
European Union,EUU,"Tariff rate, applied, weighted mean, primary products (%)",TM.TAX.TCOM.WM.AR.ZS,tariff,2013,1.33
France,FRA,"Tariff rate, applied, weighted mean, primary products (%)",TM.TAX.TCOM.WM.AR.ZS,tariff,2013,1.33
United Kingdom,GBR,"Tariff rate, applied, weighted mean, primary products (%)",TM.TAX.TCOM.WM.AR.ZS,tariff,2013,1.33
Greece,GRC,"Tariff rate, applied, weighted mean, primary products (%)",TM.TAX.TCOM.WM.AR.ZS,tariff,2013,1.33
India,IND,"Tariff rate, applied, weighted mean, primary products (%)",TM.TAX.TCOM.WM.AR.ZS,tariff,2013,5.03
Italy,ITA,"Tariff rate, applied, weighted mean, primary products (%)",TM.TAX.TCOM.WM.AR.ZS,tariff,2013,1.33
Jordan,JOR,"Tariff rate, applied, weighted mean, primary products (%)",TM.TAX.TCOM.WM.AR.ZS,tariff,2013,9.88
Kuwait,KWT,"Tariff rate, applied, weighted mean, primary products (%)",TM.TAX.TCOM.WM.AR.ZS,tariff,2013,3.16
Oman,OMN,"Tariff rate, applied, weighted mean, primary products (%)",TM.TAX.TCOM.WM.AR.ZS,tariff,2013,2.38
Qatar,QAT,"Tariff rate, applied, weighted mean, primary products (%)",TM.TAX.TCOM.WM.AR.ZS,tariff,2013,3.2
Saudi Arabia,SAU,"Tariff rate, applied, weighted mean, primary products (%)",TM.TAX.TCOM.WM.AR.ZS,tariff,2013,2.69
Turkiye,TUR,"Tariff rate, applied, weighted mean, primary products (%)",TM.TAX.TCOM.WM.AR.ZS,tariff,2013,7.78
United States,USA,"Tariff rate, applied, weighted mean, primary products (%)",TM.TAX.TCOM.WM.AR.ZS,tariff,2013,1.42
United Arab Emirates,ARE,"Tariff rate, applied, weighted mean, primary products (%)",TM.TAX.TCOM.WM.AR.ZS,tariff,2014,3.52
Australia,AUS,"Tariff rate, applied, weighted mean, primary products (%)",TM.TAX.TCOM.WM.AR.ZS,tariff,2014,0.38
Bahrain,BHR,"Tariff rate, applied, weighted mean, primary products (%)",TM.TAX.TCOM.WM.AR.ZS,tariff,2014,2.51
Canada,CAN,"Tariff rate, applied, weighted mean, primary products (%)",TM.TAX.TCOM.WM.AR.ZS,tariff,2014,3.17
China,CHN,"Tariff rate, applied, weighted mean, primary products (%)",TM.TAX.TCOM.WM.AR.ZS,tariff,2014,1.6
Germany,DEU,"Tariff rate, applied, weighted mean, primary products (%)",TM.TAX.TCOM.WM.AR.ZS,tariff,2014,1.69
"Egypt, Arab Rep.",EGY,"Tariff rate, applied, weighted mean, primary products (%)",TM.TAX.TCOM.WM.AR.ZS,tariff,2014,5.64
European Union,EUU,"Tariff rate, applied, weighted mean, primary products (%)",TM.TAX.TCOM.WM.AR.ZS,tariff,2014,1.69
France,FRA,"Tariff rate, applied, weighted mean, primary products (%)",TM.TAX.TCOM.WM.AR.ZS,tariff,2014,1.69
United Kingdom,GBR,"Tariff rate, applied, weighted mean, primary products (%)",TM.TAX.TCOM.WM.AR.ZS,tariff,2014,1.69
Greece,GRC,"Tariff rate, applied, weighted mean, primary products (%)",TM.TAX.TCOM.WM.AR.ZS,tariff,2014,1.69
Italy,ITA,"Tariff rate, applied, weighted mean, primary products (%)",TM.TAX.TCOM.WM.AR.ZS,tariff,2014,1.69
Jordan,JOR,"Tariff rate, applied, weighted mean, primary products (%)",TM.TAX.TCOM.WM.AR.ZS,tariff,2014,4.55
Kuwait,KWT,"Tariff rate, applied, weighted mean, primary products (%)",TM.TAX.TCOM.WM.AR.ZS,tariff,2014,2.14
Lebanon,LBN,"Tariff rate, applied, weighted mean, primary products (%)",TM.TAX.TCOM.WM.AR.ZS,tariff,2014,2.79
Oman,OMN,"Tariff rate, applied, weighted mean, primary products (%)",TM.TAX.TCOM.WM.AR.ZS,tariff,2014,2.36
Qatar,QAT,"Tariff rate, applied, weighted mean, primary products (%)",TM.TAX.TCOM.WM.AR.ZS,tariff,2014,2.22
Saudi Arabia,SAU,"Tariff rate, applied, weighted mean, primary products (%)",TM.TAX.TCOM.WM.AR.ZS,tariff,2014,2.46
United States,USA,"Tariff rate, applied, weighted mean, primary products (%)",TM.TAX.TCOM.WM.AR.ZS,tariff,2014,1.48
United Arab Emirates,ARE,"Tariff rate, applied, weighted mean, primary products (%)",TM.TAX.TCOM.WM.AR.ZS,tariff,2015,4.29
Australia,AUS,"Tariff rate, applied, weighted mean, primary products (%)",TM.TAX.TCOM.WM.AR.ZS,tariff,2015,0.52
Bahrain,BHR,"Tariff rate, applied, weighted mean, primary products (%)",TM.TAX.TCOM.WM.AR.ZS,tariff,2015,3.93
Canada,CAN,"Tariff rate, applied, weighted mean, primary products (%)",TM.TAX.TCOM.WM.AR.ZS,tariff,2015,3.95
China,CHN,"Tariff rate, applied, weighted mean, primary products (%)",TM.TAX.TCOM.WM.AR.ZS,tariff,2015,2.07
Germany,DEU,"Tariff rate, applied, weighted mean, primary products (%)",TM.TAX.TCOM.WM.AR.ZS,tariff,2015,1.69
"Egypt, Arab Rep.",EGY,"Tariff rate, applied, weighted mean, primary products (%)",TM.TAX.TCOM.WM.AR.ZS,tariff,2015,5.51
European Union,EUU,"Tariff rate, applied, weighted mean, primary products (%)",TM.TAX.TCOM.WM.AR.ZS,tariff,2015,1.69
France,FRA,"Tariff rate, applied, weighted mean, primary products (%)",TM.TAX.TCOM.WM.AR.ZS,tariff,2015,1.69
United Kingdom,GBR,"Tariff rate, applied, weighted mean, primary products (%)",TM.TAX.TCOM.WM.AR.ZS,tariff,2015,1.69
Greece,GRC,"Tariff rate, applied, weighted mean, primary products (%)",TM.TAX.TCOM.WM.AR.ZS,tariff,2015,1.69
India,IND,"Tariff rate, applied, weighted mean, primary products (%)",TM.TAX.TCOM.WM.AR.ZS,tariff,2015,7.18
Italy,ITA,"Tariff rate, applied, weighted mean, primary products (%)",TM.TAX.TCOM.WM.AR.ZS,tariff,2015,1.69
Jordan,JOR,"Tariff rate, applied, weighted mean, primary products (%)",TM.TAX.TCOM.WM.AR.ZS,tariff,2015,4.52
Kuwait,KWT,"Tariff rate, applied, weighted mean, primary products (%)",TM.TAX.TCOM.WM.AR.ZS,tariff,2015,1.94
Lebanon,LBN,"Tariff rate, applied, weighted mean, primary products (%)",TM.TAX.TCOM.WM.AR.ZS,tariff,2015,3.03
Oman,OMN,"Tariff rate, applied, weighted mean, primary products (%)",TM.TAX.TCOM.WM.AR.ZS,tariff,2015,2.2
Qatar,QAT,"Tariff rate, applied, weighted mean, primary products (%)",TM.TAX.TCOM.WM.AR.ZS,tariff,2015,2.03
Saudi Arabia,SAU,"Tariff rate, applied, weighted mean, primary products (%)",TM.TAX.TCOM.WM.AR.ZS,tariff,2015,3.99
Turkiye,TUR,"Tariff rate, applied, weighted mean, primary products (%)",TM.TAX.TCOM.WM.AR.ZS,tariff,2015,9.56
United States,USA,"Tariff rate, applied, weighted mean, primary products (%)",TM.TAX.TCOM.WM.AR.ZS,tariff,2015,1.51
United Arab Emirates,ARE,"Tariff rate, applied, weighted mean, primary products (%)",TM.TAX.TCOM.WM.AR.ZS,tariff,2016,3.85
Australia,AUS,"Tariff rate, applied, weighted mean, primary products (%)",TM.TAX.TCOM.WM.AR.ZS,tariff,2016,0.44
Bahrain,BHR,"Tariff rate, applied, weighted mean, primary products (%)",TM.TAX.TCOM.WM.AR.ZS,tariff,2016,3.83
Canada,CAN,"Tariff rate, applied, weighted mean, primary products (%)",TM.TAX.TCOM.WM.AR.ZS,tariff,2016,4.16
China,CHN,"Tariff rate, applied, weighted mean, primary products (%)",TM.TAX.TCOM.WM.AR.ZS,tariff,2016,2.34
Germany,DEU,"Tariff rate, applied, weighted mean, primary products (%)",TM.TAX.TCOM.WM.AR.ZS,tariff,2016,2.1
"Egypt, Arab Rep.",EGY,"Tariff rate, applied, weighted mean, primary products (%)",TM.TAX.TCOM.WM.AR.ZS,tariff,2016,5.07
European Union,EUU,"Tariff rate, applied, weighted mean, primary products (%)",TM.TAX.TCOM.WM.AR.ZS,tariff,2016,2.1
France,FRA,"Tariff rate, applied, weighted mean, primary products (%)",TM.TAX.TCOM.WM.AR.ZS,tariff,2016,2.1
United Kingdom,GBR,"Tariff rate, applied, weighted mean, primary products (%)",TM.TAX.TCOM.WM.AR.ZS,tariff,2016,2.1
Greece,GRC,"Tariff rate, applied, weighted mean, primary products (%)",TM.TAX.TCOM.WM.AR.ZS,tariff,2016,2.1
India,IND,"Tariff rate, applied, weighted mean, primary products (%)",TM.TAX.TCOM.WM.AR.ZS,tariff,2016,5.92
Italy,ITA,"Tariff rate, applied, weighted mean, primary products (%)",TM.TAX.TCOM.WM.AR.ZS,tariff,2016,2.1
Jordan,JOR,"Tariff rate, applied, weighted mean, primary products (%)",TM.TAX.TCOM.WM.AR.ZS,tariff,2016,5.06
Kuwait,KWT,"Tariff rate, applied, weighted mean, primary products (%)",TM.TAX.TCOM.WM.AR.ZS,tariff,2016,1.94
Lebanon,LBN,"Tariff rate, applied, weighted mean, primary products (%)",TM.TAX.TCOM.WM.AR.ZS,tariff,2016,2.74
Oman,OMN,"Tariff rate, applied, weighted mean, primary products (%)",TM.TAX.TCOM.WM.AR.ZS,tariff,2016,1.79
Qatar,QAT,"Tariff rate, applied, weighted mean, primary products (%)",TM.TAX.TCOM.WM.AR.ZS,tariff,2016,2.03
Turkiye,TUR,"Tariff rate, applied, weighted mean, primary products (%)",TM.TAX.TCOM.WM.AR.ZS,tariff,2016,9.11
United States,USA,"Tariff rate, applied, weighted mean, primary products (%)",TM.TAX.TCOM.WM.AR.ZS,tariff,2016,1.54
United Arab Emirates,ARE,"Tariff rate, applied, weighted mean, primary products (%)",TM.TAX.TCOM.WM.AR.ZS,tariff,2017,16.58
Australia,AUS,"Tariff rate, applied, weighted mean, primary products (%)",TM.TAX.TCOM.WM.AR.ZS,tariff,2017,0.62
Bahrain,BHR,"Tariff rate, applied, weighted mean, primary products (%)",TM.TAX.TCOM.WM.AR.ZS,tariff,2017,21.65
Canada,CAN,"Tariff rate, applied, weighted mean, primary products (%)",TM.TAX.TCOM.WM.AR.ZS,tariff,2017,4.31
China,CHN,"Tariff rate, applied, weighted mean, primary products (%)",TM.TAX.TCOM.WM.AR.ZS,tariff,2017,2.66
Germany,DEU,"Tariff rate, applied, weighted mean, primary products (%)",TM.TAX.TCOM.WM.AR.ZS,tariff,2017,1.84
"Egypt, Arab Rep.",EGY,"Tariff rate, applied, weighted mean, primary products (%)",TM.TAX.TCOM.WM.AR.ZS,tariff,2017,8.53
European Union,EUU,"Tariff rate, applied, weighted mean, primary products (%)",TM.TAX.TCOM.WM.AR.ZS,tariff,2017,1.84
France,FRA,"Tariff rate, applied, weighted mean, primary products (%)",TM.TAX.TCOM.WM.AR.ZS,tariff,2017,1.84
United Kingdom,GBR,"Tariff rate, applied, weighted mean, primary products (%)",TM.TAX.TCOM.WM.AR.ZS,tariff,2017,1.84
Greece,GRC,"Tariff rate, applied, weighted mean, primary products (%)",TM.TAX.TCOM.WM.AR.ZS,tariff,2017,1.84
India,IND,"Tariff rate, applied, weighted mean, primary products (%)",TM.TAX.TCOM.WM.AR.ZS,tariff,2017,4.64
Italy,ITA,"Tariff rate, applied, weighted mean, primary products (%)",TM.TAX.TCOM.WM.AR.ZS,tariff,2017,1.84
Jordan,JOR,"Tariff rate, applied, weighted mean, primary products (%)",TM.TAX.TCOM.WM.AR.ZS,tariff,2017,6.08
Kuwait,KWT,"Tariff rate, applied, weighted mean, primary products (%)",TM.TAX.TCOM.WM.AR.ZS,tariff,2017,9.46
Lebanon,LBN,"Tariff rate, applied, weighted mean, primary products (%)",TM.TAX.TCOM.WM.AR.ZS,tariff,2017,5.6
Oman,OMN,"Tariff rate, applied, weighted mean, primary products (%)",TM.TAX.TCOM.WM.AR.ZS,tariff,2017,1.92
Qatar,QAT,"Tariff rate, applied, weighted mean, primary products (%)",TM.TAX.TCOM.WM.AR.ZS,tariff,2017,8.01
Saudi Arabia,SAU,"Tariff rate, applied, weighted mean, primary products (%)",TM.TAX.TCOM.WM.AR.ZS,tariff,2017,9.46
Turkiye,TUR,"Tariff rate, applied, weighted mean, primary products (%)",TM.TAX.TCOM.WM.AR.ZS,tariff,2017,11.99
United States,USA,"Tariff rate, applied, weighted mean, primary products (%)",TM.TAX.TCOM.WM.AR.ZS,tariff,2017,2.25
United Arab Emirates,ARE,"Tariff rate, applied, weighted mean, primary products (%)",TM.TAX.TCOM.WM.AR.ZS,tariff,2018,19.42
Australia,AUS,"Tariff rate, applied, weighted mean, primary products (%)",TM.TAX.TCOM.WM.AR.ZS,tariff,2018,0.58
Bahrain,BHR,"Tariff rate, applied, weighted mean, primary products (%)",TM.TAX.TCOM.WM.AR.ZS,tariff,2018,16.63
Canada,CAN,"Tariff rate, applied, weighted mean, primary products (%)",TM.TAX.TCOM.WM.AR.ZS,tariff,2018,4.09
China,CHN,"Tariff rate, applied, weighted mean, primary products (%)",TM.TAX.TCOM.WM.AR.ZS,tariff,2018,1.99
Germany,DEU,"Tariff rate, applied, weighted mean, primary products (%)",TM.TAX.TCOM.WM.AR.ZS,tariff,2018,1.59
"Egypt, Arab Rep.",EGY,"Tariff rate, applied, weighted mean, primary products (%)",TM.TAX.TCOM.WM.AR.ZS,tariff,2018,10.99
European Union,EUU,"Tariff rate, applied, weighted mean, primary products (%)",TM.TAX.TCOM.WM.AR.ZS,tariff,2018,1.59
France,FRA,"Tariff rate, applied, weighted mean, primary products (%)",TM.TAX.TCOM.WM.AR.ZS,tariff,2018,1.59
United Kingdom,GBR,"Tariff rate, applied, weighted mean, primary products (%)",TM.TAX.TCOM.WM.AR.ZS,tariff,2018,1.59
Greece,GRC,"Tariff rate, applied, weighted mean, primary products (%)",TM.TAX.TCOM.WM.AR.ZS,tariff,2018,1.59
India,IND,"Tariff rate, applied, weighted mean, primary products (%)",TM.TAX.TCOM.WM.AR.ZS,tariff,2018,3.0
Italy,ITA,"Tariff rate, applied, weighted mean, primary products (%)",TM.TAX.TCOM.WM.AR.ZS,tariff,2018,1.59
Kuwait,KWT,"Tariff rate, applied, weighted mean, primary products (%)",TM.TAX.TCOM.WM.AR.ZS,tariff,2018,11.39
Lebanon,LBN,"Tariff rate, applied, weighted mean, primary products (%)",TM.TAX.TCOM.WM.AR.ZS,tariff,2018,0.76
Oman,OMN,"Tariff rate, applied, weighted mean, primary products (%)",TM.TAX.TCOM.WM.AR.ZS,tariff,2018,1.92
Qatar,QAT,"Tariff rate, applied, weighted mean, primary products (%)",TM.TAX.TCOM.WM.AR.ZS,tariff,2018,6.78
Turkiye,TUR,"Tariff rate, applied, weighted mean, primary products (%)",TM.TAX.TCOM.WM.AR.ZS,tariff,2018,6.5
United States,USA,"Tariff rate, applied, weighted mean, primary products (%)",TM.TAX.TCOM.WM.AR.ZS,tariff,2018,1.71
United Arab Emirates,ARE,"Tariff rate, applied, weighted mean, primary products (%)",TM.TAX.TCOM.WM.AR.ZS,tariff,2019,11.79
Australia,AUS,"Tariff rate, applied, weighted mean, primary products (%)",TM.TAX.TCOM.WM.AR.ZS,tariff,2019,0.6
Bahrain,BHR,"Tariff rate, applied, weighted mean, primary products (%)",TM.TAX.TCOM.WM.AR.ZS,tariff,2019,4.37
Canada,CAN,"Tariff rate, applied, weighted mean, primary products (%)",TM.TAX.TCOM.WM.AR.ZS,tariff,2019,4.96
China,CHN,"Tariff rate, applied, weighted mean, primary products (%)",TM.TAX.TCOM.WM.AR.ZS,tariff,2019,1.64
Germany,DEU,"Tariff rate, applied, weighted mean, primary products (%)",TM.TAX.TCOM.WM.AR.ZS,tariff,2019,1.64
"Egypt, Arab Rep.",EGY,"Tariff rate, applied, weighted mean, primary products (%)",TM.TAX.TCOM.WM.AR.ZS,tariff,2019,19.5
European Union,EUU,"Tariff rate, applied, weighted mean, primary products (%)",TM.TAX.TCOM.WM.AR.ZS,tariff,2019,1.64
France,FRA,"Tariff rate, applied, weighted mean, primary products (%)",TM.TAX.TCOM.WM.AR.ZS,tariff,2019,1.64
United Kingdom,GBR,"Tariff rate, applied, weighted mean, primary products (%)",TM.TAX.TCOM.WM.AR.ZS,tariff,2019,1.64
Greece,GRC,"Tariff rate, applied, weighted mean, primary products (%)",TM.TAX.TCOM.WM.AR.ZS,tariff,2019,1.64
India,IND,"Tariff rate, applied, weighted mean, primary products (%)",TM.TAX.TCOM.WM.AR.ZS,tariff,2019,5.72
Italy,ITA,"Tariff rate, applied, weighted mean, primary products (%)",TM.TAX.TCOM.WM.AR.ZS,tariff,2019,1.64
Kuwait,KWT,"Tariff rate, applied, weighted mean, primary products (%)",TM.TAX.TCOM.WM.AR.ZS,tariff,2019,9.97
Lebanon,LBN,"Tariff rate, applied, weighted mean, primary products (%)",TM.TAX.TCOM.WM.AR.ZS,tariff,2019,4.48
Oman,OMN,"Tariff rate, applied, weighted mean, primary products (%)",TM.TAX.TCOM.WM.AR.ZS,tariff,2019,1.74
Qatar,QAT,"Tariff rate, applied, weighted mean, primary products (%)",TM.TAX.TCOM.WM.AR.ZS,tariff,2019,5.62
Turkiye,TUR,"Tariff rate, applied, weighted mean, primary products (%)",TM.TAX.TCOM.WM.AR.ZS,tariff,2019,9.19
United States,USA,"Tariff rate, applied, weighted mean, primary products (%)",TM.TAX.TCOM.WM.AR.ZS,tariff,2019,80.1
United Arab Emirates,ARE,"Tariff rate, applied, weighted mean, primary products (%)",TM.TAX.TCOM.WM.AR.ZS,tariff,2020,5.16
Australia,AUS,"Tariff rate, applied, weighted mean, primary products (%)",TM.TAX.TCOM.WM.AR.ZS,tariff,2020,0.69
Bahrain,BHR,"Tariff rate, applied, weighted mean, primary products (%)",TM.TAX.TCOM.WM.AR.ZS,tariff,2020,1.35
Canada,CAN,"Tariff rate, applied, weighted mean, primary products (%)",TM.TAX.TCOM.WM.AR.ZS,tariff,2020,4.52
China,CHN,"Tariff rate, applied, weighted mean, primary products (%)",TM.TAX.TCOM.WM.AR.ZS,tariff,2020,2.04
Germany,DEU,"Tariff rate, applied, weighted mean, primary products (%)",TM.TAX.TCOM.WM.AR.ZS,tariff,2020,0.83
European Union,EUU,"Tariff rate, applied, weighted mean, primary products (%)",TM.TAX.TCOM.WM.AR.ZS,tariff,2020,0.83
France,FRA,"Tariff rate, applied, weighted mean, primary products (%)",TM.TAX.TCOM.WM.AR.ZS,tariff,2020,0.83
United Kingdom,GBR,"Tariff rate, applied, weighted mean, primary products (%)",TM.TAX.TCOM.WM.AR.ZS,tariff,2020,0.81
Greece,GRC,"Tariff rate, applied, weighted mean, primary products (%)",TM.TAX.TCOM.WM.AR.ZS,tariff,2020,0.83
India,IND,"Tariff rate, applied, weighted mean, primary products (%)",TM.TAX.TCOM.WM.AR.ZS,tariff,2020,4.7
Italy,ITA,"Tariff rate, applied, weighted mean, primary products (%)",TM.TAX.TCOM.WM.AR.ZS,tariff,2020,0.83
Jordan,JOR,"Tariff rate, applied, weighted mean, primary products (%)",TM.TAX.TCOM.WM.AR.ZS,tariff,2020,4.89
Kuwait,KWT,"Tariff rate, applied, weighted mean, primary products (%)",TM.TAX.TCOM.WM.AR.ZS,tariff,2020,1.98
Lebanon,LBN,"Tariff rate, applied, weighted mean, primary products (%)",TM.TAX.TCOM.WM.AR.ZS,tariff,2020,3.69
Oman,OMN,"Tariff rate, applied, weighted mean, primary products (%)",TM.TAX.TCOM.WM.AR.ZS,tariff,2020,1.74
Qatar,QAT,"Tariff rate, applied, weighted mean, primary products (%)",TM.TAX.TCOM.WM.AR.ZS,tariff,2020,2.69
Saudi Arabia,SAU,"Tariff rate, applied, weighted mean, primary products (%)",TM.TAX.TCOM.WM.AR.ZS,tariff,2020,4.48
Turkiye,TUR,"Tariff rate, applied, weighted mean, primary products (%)",TM.TAX.TCOM.WM.AR.ZS,tariff,2020,9.36
United States,USA,"Tariff rate, applied, weighted mean, primary products (%)",TM.TAX.TCOM.WM.AR.ZS,tariff,2020,1.38
United Arab Emirates,ARE,"Tariff rate, applied, weighted mean, primary products (%)",TM.TAX.TCOM.WM.AR.ZS,tariff,2021,5.13
Australia,AUS,"Tariff rate, applied, weighted mean, primary products (%)",TM.TAX.TCOM.WM.AR.ZS,tariff,2021,0.72
Bahrain,BHR,"Tariff rate, applied, weighted mean, primary products (%)",TM.TAX.TCOM.WM.AR.ZS,tariff,2021,1.47
Canada,CAN,"Tariff rate, applied, weighted mean, primary products (%)",TM.TAX.TCOM.WM.AR.ZS,tariff,2021,5.15
China,CHN,"Tariff rate, applied, weighted mean, primary products (%)",TM.TAX.TCOM.WM.AR.ZS,tariff,2021,2.04
Germany,DEU,"Tariff rate, applied, weighted mean, primary products (%)",TM.TAX.TCOM.WM.AR.ZS,tariff,2021,1.34
European Union,EUU,"Tariff rate, applied, weighted mean, primary products (%)",TM.TAX.TCOM.WM.AR.ZS,tariff,2021,1.34
France,FRA,"Tariff rate, applied, weighted mean, primary products (%)",TM.TAX.TCOM.WM.AR.ZS,tariff,2021,1.34
United Kingdom,GBR,"Tariff rate, applied, weighted mean, primary products (%)",TM.TAX.TCOM.WM.AR.ZS,tariff,2021,1.02
Greece,GRC,"Tariff rate, applied, weighted mean, primary products (%)",TM.TAX.TCOM.WM.AR.ZS,tariff,2021,1.34
India,IND,"Tariff rate, applied, weighted mean, primary products (%)",TM.TAX.TCOM.WM.AR.ZS,tariff,2021,3.52
Italy,ITA,"Tariff rate, applied, weighted mean, primary products (%)",TM.TAX.TCOM.WM.AR.ZS,tariff,2021,1.34
Kuwait,KWT,"Tariff rate, applied, weighted mean, primary products (%)",TM.TAX.TCOM.WM.AR.ZS,tariff,2021,1.92
Oman,OMN,"Tariff rate, applied, weighted mean, primary products (%)",TM.TAX.TCOM.WM.AR.ZS,tariff,2021,2.07
Qatar,QAT,"Tariff rate, applied, weighted mean, primary products (%)",TM.TAX.TCOM.WM.AR.ZS,tariff,2021,2.91
Turkiye,TUR,"Tariff rate, applied, weighted mean, primary products (%)",TM.TAX.TCOM.WM.AR.ZS,tariff,2021,7.09
United States,USA,"Tariff rate, applied, weighted mean, primary products (%)",TM.TAX.TCOM.WM.AR.ZS,tariff,2021,1.03
Australia,AUS,"Tariff rate, applied, weighted mean, primary products (%)",TM.TAX.TCOM.WM.AR.ZS,tariff,2022,0.8
Bahrain,BHR,"Tariff rate, applied, weighted mean, primary products (%)",TM.TAX.TCOM.WM.AR.ZS,tariff,2022,4.79
Canada,CAN,"Tariff rate, applied, weighted mean, primary products (%)",TM.TAX.TCOM.WM.AR.ZS,tariff,2022,4.06
China,CHN,"Tariff rate, applied, weighted mean, primary products (%)",TM.TAX.TCOM.WM.AR.ZS,tariff,2022,2.0
Germany,DEU,"Tariff rate, applied, weighted mean, primary products (%)",TM.TAX.TCOM.WM.AR.ZS,tariff,2022,0.84
European Union,EUU,"Tariff rate, applied, weighted mean, primary products (%)",TM.TAX.TCOM.WM.AR.ZS,tariff,2022,0.84
France,FRA,"Tariff rate, applied, weighted mean, primary products (%)",TM.TAX.TCOM.WM.AR.ZS,tariff,2022,0.84
United Kingdom,GBR,"Tariff rate, applied, weighted mean, primary products (%)",TM.TAX.TCOM.WM.AR.ZS,tariff,2022,1.81
Greece,GRC,"Tariff rate, applied, weighted mean, primary products (%)",TM.TAX.TCOM.WM.AR.ZS,tariff,2022,0.84
India,IND,"Tariff rate, applied, weighted mean, primary products (%)",TM.TAX.TCOM.WM.AR.ZS,tariff,2022,2.49
Italy,ITA,"Tariff rate, applied, weighted mean, primary products (%)",TM.TAX.TCOM.WM.AR.ZS,tariff,2022,0.84
Jordan,JOR,"Tariff rate, applied, weighted mean, primary products (%)",TM.TAX.TCOM.WM.AR.ZS,tariff,2022,3.71
Kuwait,KWT,"Tariff rate, applied, weighted mean, primary products (%)",TM.TAX.TCOM.WM.AR.ZS,tariff,2022,3.89
Oman,OMN,"Tariff rate, applied, weighted mean, primary products (%)",TM.TAX.TCOM.WM.AR.ZS,tariff,2022,2.3
Qatar,QAT,"Tariff rate, applied, weighted mean, primary products (%)",TM.TAX.TCOM.WM.AR.ZS,tariff,2022,3.36
Saudi Arabia,SAU,"Tariff rate, applied, weighted mean, primary products (%)",TM.TAX.TCOM.WM.AR.ZS,tariff,2022,5.76
Turkiye,TUR,"Tariff rate, applied, weighted mean, primary products (%)",TM.TAX.TCOM.WM.AR.ZS,tariff,2022,7.85
United States,USA,"Tariff rate, applied, weighted mean, primary products (%)",TM.TAX.TCOM.WM.AR.ZS,tariff,2022,1.0
European Union,EUU,"Tariff rate, most favored nation, weighted mean, primary products (%)",TM.TAX.TCOM.WM.FN.ZS,tariff,1988,3.47
Canada,CAN,"Tariff rate, most favored nation, weighted mean, primary products (%)",TM.TAX.TCOM.WM.FN.ZS,tariff,1989,9.78
European Union,EUU,"Tariff rate, most favored nation, weighted mean, primary products (%)",TM.TAX.TCOM.WM.FN.ZS,tariff,1989,3.32
United States,USA,"Tariff rate, most favored nation, weighted mean, primary products (%)",TM.TAX.TCOM.WM.FN.ZS,tariff,1989,3.44
European Union,EUU,"Tariff rate, most favored nation, weighted mean, primary products (%)",TM.TAX.TCOM.WM.FN.ZS,tariff,1990,3.55
India,IND,"Tariff rate, most favored nation, weighted mean, primary products (%)",TM.TAX.TCOM.WM.FN.ZS,tariff,1990,38.66
United States,USA,"Tariff rate, most favored nation, weighted mean, primary products (%)",TM.TAX.TCOM.WM.FN.ZS,tariff,1990,3.63
Australia,AUS,"Tariff rate, most favored nation, weighted mean, primary products (%)",TM.TAX.TCOM.WM.FN.ZS,tariff,1991,69.46
European Union,EUU,"Tariff rate, most favored nation, weighted mean, primary products (%)",TM.TAX.TCOM.WM.FN.ZS,tariff,1991,3.89
United States,USA,"Tariff rate, most favored nation, weighted mean, primary products (%)",TM.TAX.TCOM.WM.FN.ZS,tariff,1991,3.67
China,CHN,"Tariff rate, most favored nation, weighted mean, primary products (%)",TM.TAX.TCOM.WM.FN.ZS,tariff,1992,13.96
European Union,EUU,"Tariff rate, most favored nation, weighted mean, primary products (%)",TM.TAX.TCOM.WM.FN.ZS,tariff,1992,4.19
India,IND,"Tariff rate, most favored nation, weighted mean, primary products (%)",TM.TAX.TCOM.WM.FN.ZS,tariff,1992,8.38
Oman,OMN,"Tariff rate, most favored nation, weighted mean, primary products (%)",TM.TAX.TCOM.WM.FN.ZS,tariff,1992,14.15
United States,USA,"Tariff rate, most favored nation, weighted mean, primary products (%)",TM.TAX.TCOM.WM.FN.ZS,tariff,1992,3.63
Australia,AUS,"Tariff rate, most favored nation, weighted mean, primary products (%)",TM.TAX.TCOM.WM.FN.ZS,tariff,1993,9.28
Canada,CAN,"Tariff rate, most favored nation, weighted mean, primary products (%)",TM.TAX.TCOM.WM.FN.ZS,tariff,1993,3.26
China,CHN,"Tariff rate, most favored nation, weighted mean, primary products (%)",TM.TAX.TCOM.WM.FN.ZS,tariff,1993,13.94
European Union,EUU,"Tariff rate, most favored nation, weighted mean, primary products (%)",TM.TAX.TCOM.WM.FN.ZS,tariff,1993,4.15
Turkiye,TUR,"Tariff rate, most favored nation, weighted mean, primary products (%)",TM.TAX.TCOM.WM.FN.ZS,tariff,1993,8.17
United States,USA,"Tariff rate, most favored nation, weighted mean, primary products (%)",TM.TAX.TCOM.WM.FN.ZS,tariff,1993,3.56
China,CHN,"Tariff rate, most favored nation, weighted mean, primary products (%)",TM.TAX.TCOM.WM.FN.ZS,tariff,1994,12.81
European Union,EUU,"Tariff rate, most favored nation, weighted mean, primary products (%)",TM.TAX.TCOM.WM.FN.ZS,tariff,1994,4.12
Saudi Arabia,SAU,"Tariff rate, most favored nation, weighted mean, primary products (%)",TM.TAX.TCOM.WM.FN.ZS,tariff,1994,9.14
Canada,CAN,"Tariff rate, most favored nation, weighted mean, primary products (%)",TM.TAX.TCOM.WM.FN.ZS,tariff,1995,7.75
"Egypt, Arab Rep.",EGY,"Tariff rate, most favored nation, weighted mean, primary products (%)",TM.TAX.TCOM.WM.FN.ZS,tariff,1995,8.94
European Union,EUU,"Tariff rate, most favored nation, weighted mean, primary products (%)",TM.TAX.TCOM.WM.FN.ZS,tariff,1995,9.96
Turkiye,TUR,"Tariff rate, most favored nation, weighted mean, primary products (%)",TM.TAX.TCOM.WM.FN.ZS,tariff,1995,5.52
United States,USA,"Tariff rate, most favored nation, weighted mean, primary products (%)",TM.TAX.TCOM.WM.FN.ZS,tariff,1995,3.95
Australia,AUS,"Tariff rate, most favored nation, weighted mean, primary products (%)",TM.TAX.TCOM.WM.FN.ZS,tariff,1996,8.51
Canada,CAN,"Tariff rate, most favored nation, weighted mean, primary products (%)",TM.TAX.TCOM.WM.FN.ZS,tariff,1996,6.23
China,CHN,"Tariff rate, most favored nation, weighted mean, primary products (%)",TM.TAX.TCOM.WM.FN.ZS,tariff,1996,24.98
European Union,EUU,"Tariff rate, most favored nation, weighted mean, primary products (%)",TM.TAX.TCOM.WM.FN.ZS,tariff,1996,8.74
India,IND,"Tariff rate, most favored nation, weighted mean, primary products (%)",TM.TAX.TCOM.WM.FN.ZS,tariff,1996,18.76
Turkiye,TUR,"Tariff rate, most favored nation, weighted mean, primary products (%)",TM.TAX.TCOM.WM.FN.ZS,tariff,1996,5.59
United States,USA,"Tariff rate, most favored nation, weighted mean, primary products (%)",TM.TAX.TCOM.WM.FN.ZS,tariff,1996,4.0
Australia,AUS,"Tariff rate, most favored nation, weighted mean, primary products (%)",TM.TAX.TCOM.WM.FN.ZS,tariff,1997,8.04
Canada,CAN,"Tariff rate, most favored nation, weighted mean, primary products (%)",TM.TAX.TCOM.WM.FN.ZS,tariff,1997,6.14
China,CHN,"Tariff rate, most favored nation, weighted mean, primary products (%)",TM.TAX.TCOM.WM.FN.ZS,tariff,1997,19.89
European Union,EUU,"Tariff rate, most favored nation, weighted mean, primary products (%)",TM.TAX.TCOM.WM.FN.ZS,tariff,1997,7.35
India,IND,"Tariff rate, most favored nation, weighted mean, primary products (%)",TM.TAX.TCOM.WM.FN.ZS,tariff,1997,16.2
Oman,OMN,"Tariff rate, most favored nation, weighted mean, primary products (%)",TM.TAX.TCOM.WM.FN.ZS,tariff,1997,3.6
Turkiye,TUR,"Tariff rate, most favored nation, weighted mean, primary products (%)",TM.TAX.TCOM.WM.FN.ZS,tariff,1997,5.23
United States,USA,"Tariff rate, most favored nation, weighted mean, primary products (%)",TM.TAX.TCOM.WM.FN.ZS,tariff,1997,2.34
Australia,AUS,"Tariff rate, most favored nation, weighted mean, primary products (%)",TM.TAX.TCOM.WM.FN.ZS,tariff,1998,8.12
Canada,CAN,"Tariff rate, most favored nation, weighted mean, primary products (%)",TM.TAX.TCOM.WM.FN.ZS,tariff,1998,6.5
China,CHN,"Tariff rate, most favored nation, weighted mean, primary products (%)",TM.TAX.TCOM.WM.FN.ZS,tariff,1998,17.55
"Egypt, Arab Rep.",EGY,"Tariff rate, most favored nation, weighted mean, primary products (%)",TM.TAX.TCOM.WM.FN.ZS,tariff,1998,8.87
European Union,EUU,"Tariff rate, most favored nation, weighted mean, primary products (%)",TM.TAX.TCOM.WM.FN.ZS,tariff,1998,7.42
Turkiye,TUR,"Tariff rate, most favored nation, weighted mean, primary products (%)",TM.TAX.TCOM.WM.FN.ZS,tariff,1998,5.77
United States,USA,"Tariff rate, most favored nation, weighted mean, primary products (%)",TM.TAX.TCOM.WM.FN.ZS,tariff,1998,4.07
Australia,AUS,"Tariff rate, most favored nation, weighted mean, primary products (%)",TM.TAX.TCOM.WM.FN.ZS,tariff,1999,7.61
Bahrain,BHR,"Tariff rate, most favored nation, weighted mean, primary products (%)",TM.TAX.TCOM.WM.FN.ZS,tariff,1999,12.67
Canada,CAN,"Tariff rate, most favored nation, weighted mean, primary products (%)",TM.TAX.TCOM.WM.FN.ZS,tariff,1999,6.71
China,CHN,"Tariff rate, most favored nation, weighted mean, primary products (%)",TM.TAX.TCOM.WM.FN.ZS,tariff,1999,16.67
"Egypt, Arab Rep.",EGY,"Tariff rate, most favored nation, weighted mean, primary products (%)",TM.TAX.TCOM.WM.FN.ZS,tariff,1999,12.53
European Union,EUU,"Tariff rate, most favored nation, weighted mean, primary products (%)",TM.TAX.TCOM.WM.FN.ZS,tariff,1999,7.39
India,IND,"Tariff rate, most favored nation, weighted mean, primary products (%)",TM.TAX.TCOM.WM.FN.ZS,tariff,1999,23.32
Lebanon,LBN,"Tariff rate, most favored nation, weighted mean, primary products (%)",TM.TAX.TCOM.WM.FN.ZS,tariff,1999,11.19
Saudi Arabia,SAU,"Tariff rate, most favored nation, weighted mean, primary products (%)",TM.TAX.TCOM.WM.FN.ZS,tariff,1999,13.24
Turkiye,TUR,"Tariff rate, most favored nation, weighted mean, primary products (%)",TM.TAX.TCOM.WM.FN.ZS,tariff,1999,5.45
United States,USA,"Tariff rate, most favored nation, weighted mean, primary products (%)",TM.TAX.TCOM.WM.FN.ZS,tariff,1999,8.32
Australia,AUS,"Tariff rate, most favored nation, weighted mean, primary products (%)",TM.TAX.TCOM.WM.FN.ZS,tariff,2000,6.66
Bahrain,BHR,"Tariff rate, most favored nation, weighted mean, primary products (%)",TM.TAX.TCOM.WM.FN.ZS,tariff,2000,11.87
Canada,CAN,"Tariff rate, most favored nation, weighted mean, primary products (%)",TM.TAX.TCOM.WM.FN.ZS,tariff,2000,5.06
China,CHN,"Tariff rate, most favored nation, weighted mean, primary products (%)",TM.TAX.TCOM.WM.FN.ZS,tariff,2000,18.82
Germany,DEU,"Tariff rate, most favored nation, weighted mean, primary products (%)",TM.TAX.TCOM.WM.FN.ZS,tariff,2000,4.74
"Egypt, Arab Rep.",EGY,"Tariff rate, most favored nation, weighted mean, primary products (%)",TM.TAX.TCOM.WM.FN.ZS,tariff,2000,12.88
European Union,EUU,"Tariff rate, most favored nation, weighted mean, primary products (%)",TM.TAX.TCOM.WM.FN.ZS,tariff,2000,4.74
France,FRA,"Tariff rate, most favored nation, weighted mean, primary products (%)",TM.TAX.TCOM.WM.FN.ZS,tariff,2000,4.74
United Kingdom,GBR,"Tariff rate, most favored nation, weighted mean, primary products (%)",TM.TAX.TCOM.WM.FN.ZS,tariff,2000,4.74
Greece,GRC,"Tariff rate, most favored nation, weighted mean, primary products (%)",TM.TAX.TCOM.WM.FN.ZS,tariff,2000,4.74
India,IND,"Tariff rate, most favored nation, weighted mean, primary products (%)",TM.TAX.TCOM.WM.FN.ZS,tariff,2000,15.89
Italy,ITA,"Tariff rate, most favored nation, weighted mean, primary products (%)",TM.TAX.TCOM.WM.FN.ZS,tariff,2000,4.74
Jordan,JOR,"Tariff rate, most favored nation, weighted mean, primary products (%)",TM.TAX.TCOM.WM.FN.ZS,tariff,2000,16.97
Lebanon,LBN,"Tariff rate, most favored nation, weighted mean, primary products (%)",TM.TAX.TCOM.WM.FN.ZS,tariff,2000,19.69
Saudi Arabia,SAU,"Tariff rate, most favored nation, weighted mean, primary products (%)",TM.TAX.TCOM.WM.FN.ZS,tariff,2000,17.07
Turkiye,TUR,"Tariff rate, most favored nation, weighted mean, primary products (%)",TM.TAX.TCOM.WM.FN.ZS,tariff,2000,4.47
United States,USA,"Tariff rate, most favored nation, weighted mean, primary products (%)",TM.TAX.TCOM.WM.FN.ZS,tariff,2000,5.13
Australia,AUS,"Tariff rate, most favored nation, weighted mean, primary products (%)",TM.TAX.TCOM.WM.FN.ZS,tariff,2001,1.08
Bahrain,BHR,"Tariff rate, most favored nation, weighted mean, primary products (%)",TM.TAX.TCOM.WM.FN.ZS,tariff,2001,7.41
Canada,CAN,"Tariff rate, most favored nation, weighted mean, primary products (%)",TM.TAX.TCOM.WM.FN.ZS,tariff,2001,5.48
China,CHN,"Tariff rate, most favored nation, weighted mean, primary products (%)",TM.TAX.TCOM.WM.FN.ZS,tariff,2001,19.18
Germany,DEU,"Tariff rate, most favored nation, weighted mean, primary products (%)",TM.TAX.TCOM.WM.FN.ZS,tariff,2001,5.34
"Egypt, Arab Rep.",EGY,"Tariff rate, most favored nation, weighted mean, primary products (%)",TM.TAX.TCOM.WM.FN.ZS,tariff,2001,12.45
European Union,EUU,"Tariff rate, most favored nation, weighted mean, primary products (%)",TM.TAX.TCOM.WM.FN.ZS,tariff,2001,5.34
France,FRA,"Tariff rate, most favored nation, weighted mean, primary products (%)",TM.TAX.TCOM.WM.FN.ZS,tariff,2001,5.34
United Kingdom,GBR,"Tariff rate, most favored nation, weighted mean, primary products (%)",TM.TAX.TCOM.WM.FN.ZS,tariff,2001,5.34
Greece,GRC,"Tariff rate, most favored nation, weighted mean, primary products (%)",TM.TAX.TCOM.WM.FN.ZS,tariff,2001,5.34
India,IND,"Tariff rate, most favored nation, weighted mean, primary products (%)",TM.TAX.TCOM.WM.FN.ZS,tariff,2001,23.3
Italy,ITA,"Tariff rate, most favored nation, weighted mean, primary products (%)",TM.TAX.TCOM.WM.FN.ZS,tariff,2001,5.34
Jordan,JOR,"Tariff rate, most favored nation, weighted mean, primary products (%)",TM.TAX.TCOM.WM.FN.ZS,tariff,2001,11.4
Lebanon,LBN,"Tariff rate, most favored nation, weighted mean, primary products (%)",TM.TAX.TCOM.WM.FN.ZS,tariff,2001,11.18
Oman,OMN,"Tariff rate, most favored nation, weighted mean, primary products (%)",TM.TAX.TCOM.WM.FN.ZS,tariff,2001,31.95
Saudi Arabia,SAU,"Tariff rate, most favored nation, weighted mean, primary products (%)",TM.TAX.TCOM.WM.FN.ZS,tariff,2001,10.71
Turkiye,TUR,"Tariff rate, most favored nation, weighted mean, primary products (%)",TM.TAX.TCOM.WM.FN.ZS,tariff,2001,3.66
United States,USA,"Tariff rate, most favored nation, weighted mean, primary products (%)",TM.TAX.TCOM.WM.FN.ZS,tariff,2001,4.58
Australia,AUS,"Tariff rate, most favored nation, weighted mean, primary products (%)",TM.TAX.TCOM.WM.FN.ZS,tariff,2002,1.13
Bahrain,BHR,"Tariff rate, most favored nation, weighted mean, primary products (%)",TM.TAX.TCOM.WM.FN.ZS,tariff,2002,6.45
Canada,CAN,"Tariff rate, most favored nation, weighted mean, primary products (%)",TM.TAX.TCOM.WM.FN.ZS,tariff,2002,5.78
China,CHN,"Tariff rate, most favored nation, weighted mean, primary products (%)",TM.TAX.TCOM.WM.FN.ZS,tariff,2002,6.08
Germany,DEU,"Tariff rate, most favored nation, weighted mean, primary products (%)",TM.TAX.TCOM.WM.FN.ZS,tariff,2002,4.18
"Egypt, Arab Rep.",EGY,"Tariff rate, most favored nation, weighted mean, primary products (%)",TM.TAX.TCOM.WM.FN.ZS,tariff,2002,8.61
European Union,EUU,"Tariff rate, most favored nation, weighted mean, primary products (%)",TM.TAX.TCOM.WM.FN.ZS,tariff,2002,4.18
France,FRA,"Tariff rate, most favored nation, weighted mean, primary products (%)",TM.TAX.TCOM.WM.FN.ZS,tariff,2002,4.18
United Kingdom,GBR,"Tariff rate, most favored nation, weighted mean, primary products (%)",TM.TAX.TCOM.WM.FN.ZS,tariff,2002,4.18
Greece,GRC,"Tariff rate, most favored nation, weighted mean, primary products (%)",TM.TAX.TCOM.WM.FN.ZS,tariff,2002,4.18
India,IND,"Tariff rate, most favored nation, weighted mean, primary products (%)",TM.TAX.TCOM.WM.FN.ZS,tariff,2002,19.8
Italy,ITA,"Tariff rate, most favored nation, weighted mean, primary products (%)",TM.TAX.TCOM.WM.FN.ZS,tariff,2002,4.18
Jordan,JOR,"Tariff rate, most favored nation, weighted mean, primary products (%)",TM.TAX.TCOM.WM.FN.ZS,tariff,2002,11.64
Kuwait,KWT,"Tariff rate, most favored nation, weighted mean, primary products (%)",TM.TAX.TCOM.WM.FN.ZS,tariff,2002,5.07
Lebanon,LBN,"Tariff rate, most favored nation, weighted mean, primary products (%)",TM.TAX.TCOM.WM.FN.ZS,tariff,2002,62.6
Oman,OMN,"Tariff rate, most favored nation, weighted mean, primary products (%)",TM.TAX.TCOM.WM.FN.ZS,tariff,2002,31.61
Qatar,QAT,"Tariff rate, most favored nation, weighted mean, primary products (%)",TM.TAX.TCOM.WM.FN.ZS,tariff,2002,5.74
Saudi Arabia,SAU,"Tariff rate, most favored nation, weighted mean, primary products (%)",TM.TAX.TCOM.WM.FN.ZS,tariff,2002,7.22
Turkiye,TUR,"Tariff rate, most favored nation, weighted mean, primary products (%)",TM.TAX.TCOM.WM.FN.ZS,tariff,2002,3.26
United States,USA,"Tariff rate, most favored nation, weighted mean, primary products (%)",TM.TAX.TCOM.WM.FN.ZS,tariff,2002,3.9
Australia,AUS,"Tariff rate, most favored nation, weighted mean, primary products (%)",TM.TAX.TCOM.WM.FN.ZS,tariff,2003,1.13
Bahrain,BHR,"Tariff rate, most favored nation, weighted mean, primary products (%)",TM.TAX.TCOM.WM.FN.ZS,tariff,2003,6.44
Canada,CAN,"Tariff rate, most favored nation, weighted mean, primary products (%)",TM.TAX.TCOM.WM.FN.ZS,tariff,2003,19.75
China,CHN,"Tariff rate, most favored nation, weighted mean, primary products (%)",TM.TAX.TCOM.WM.FN.ZS,tariff,2003,5.73
Germany,DEU,"Tariff rate, most favored nation, weighted mean, primary products (%)",TM.TAX.TCOM.WM.FN.ZS,tariff,2003,4.66
"Egypt, Arab Rep.",EGY,"Tariff rate, most favored nation, weighted mean, primary products (%)",TM.TAX.TCOM.WM.FN.ZS,tariff,2003,11.83
European Union,EUU,"Tariff rate, most favored nation, weighted mean, primary products (%)",TM.TAX.TCOM.WM.FN.ZS,tariff,2003,4.66
France,FRA,"Tariff rate, most favored nation, weighted mean, primary products (%)",TM.TAX.TCOM.WM.FN.ZS,tariff,2003,4.66
United Kingdom,GBR,"Tariff rate, most favored nation, weighted mean, primary products (%)",TM.TAX.TCOM.WM.FN.ZS,tariff,2003,4.66
Greece,GRC,"Tariff rate, most favored nation, weighted mean, primary products (%)",TM.TAX.TCOM.WM.FN.ZS,tariff,2003,4.66
India,IND,"Tariff rate, most favored nation, weighted mean, primary products (%)",TM.TAX.TCOM.WM.FN.ZS,tariff,2003,19.87
Italy,ITA,"Tariff rate, most favored nation, weighted mean, primary products (%)",TM.TAX.TCOM.WM.FN.ZS,tariff,2003,4.66
Jordan,JOR,"Tariff rate, most favored nation, weighted mean, primary products (%)",TM.TAX.TCOM.WM.FN.ZS,tariff,2003,11.98
Kuwait,KWT,"Tariff rate, most favored nation, weighted mean, primary products (%)",TM.TAX.TCOM.WM.FN.ZS,tariff,2003,3.33
Oman,OMN,"Tariff rate, most favored nation, weighted mean, primary products (%)",TM.TAX.TCOM.WM.FN.ZS,tariff,2003,5.12
Qatar,QAT,"Tariff rate, most favored nation, weighted mean, primary products (%)",TM.TAX.TCOM.WM.FN.ZS,tariff,2003,5.53
Saudi Arabia,SAU,"Tariff rate, most favored nation, weighted mean, primary products (%)",TM.TAX.TCOM.WM.FN.ZS,tariff,2003,10.67
Turkiye,TUR,"Tariff rate, most favored nation, weighted mean, primary products (%)",TM.TAX.TCOM.WM.FN.ZS,tariff,2003,3.93
United States,USA,"Tariff rate, most favored nation, weighted mean, primary products (%)",TM.TAX.TCOM.WM.FN.ZS,tariff,2003,3.71
Australia,AUS,"Tariff rate, most favored nation, weighted mean, primary products (%)",TM.TAX.TCOM.WM.FN.ZS,tariff,2004,1.07
Bahrain,BHR,"Tariff rate, most favored nation, weighted mean, primary products (%)",TM.TAX.TCOM.WM.FN.ZS,tariff,2004,6.4
Canada,CAN,"Tariff rate, most favored nation, weighted mean, primary products (%)",TM.TAX.TCOM.WM.FN.ZS,tariff,2004,5.21
China,CHN,"Tariff rate, most favored nation, weighted mean, primary products (%)",TM.TAX.TCOM.WM.FN.ZS,tariff,2004,6.22
Germany,DEU,"Tariff rate, most favored nation, weighted mean, primary products (%)",TM.TAX.TCOM.WM.FN.ZS,tariff,2004,3.91
"Egypt, Arab Rep.",EGY,"Tariff rate, most favored nation, weighted mean, primary products (%)",TM.TAX.TCOM.WM.FN.ZS,tariff,2004,8.87
European Union,EUU,"Tariff rate, most favored nation, weighted mean, primary products (%)",TM.TAX.TCOM.WM.FN.ZS,tariff,2004,3.91
France,FRA,"Tariff rate, most favored nation, weighted mean, primary products (%)",TM.TAX.TCOM.WM.FN.ZS,tariff,2004,3.91
United Kingdom,GBR,"Tariff rate, most favored nation, weighted mean, primary products (%)",TM.TAX.TCOM.WM.FN.ZS,tariff,2004,3.91
Greece,GRC,"Tariff rate, most favored nation, weighted mean, primary products (%)",TM.TAX.TCOM.WM.FN.ZS,tariff,2004,3.91
India,IND,"Tariff rate, most favored nation, weighted mean, primary products (%)",TM.TAX.TCOM.WM.FN.ZS,tariff,2004,18.77
Italy,ITA,"Tariff rate, most favored nation, weighted mean, primary products (%)",TM.TAX.TCOM.WM.FN.ZS,tariff,2004,3.91
Jordan,JOR,"Tariff rate, most favored nation, weighted mean, primary products (%)",TM.TAX.TCOM.WM.FN.ZS,tariff,2004,11.25
Kuwait,KWT,"Tariff rate, most favored nation, weighted mean, primary products (%)",TM.TAX.TCOM.WM.FN.ZS,tariff,2004,3.33
Lebanon,LBN,"Tariff rate, most favored nation, weighted mean, primary products (%)",TM.TAX.TCOM.WM.FN.ZS,tariff,2004,4.66
Oman,OMN,"Tariff rate, most favored nation, weighted mean, primary products (%)",TM.TAX.TCOM.WM.FN.ZS,tariff,2004,4.05
Qatar,QAT,"Tariff rate, most favored nation, weighted mean, primary products (%)",TM.TAX.TCOM.WM.FN.ZS,tariff,2004,6.95
Saudi Arabia,SAU,"Tariff rate, most favored nation, weighted mean, primary products (%)",TM.TAX.TCOM.WM.FN.ZS,tariff,2004,10.46
Turkiye,TUR,"Tariff rate, most favored nation, weighted mean, primary products (%)",TM.TAX.TCOM.WM.FN.ZS,tariff,2004,4.15
United States,USA,"Tariff rate, most favored nation, weighted mean, primary products (%)",TM.TAX.TCOM.WM.FN.ZS,tariff,2004,3.63
United Arab Emirates,ARE,"Tariff rate, most favored nation, weighted mean, primary products (%)",TM.TAX.TCOM.WM.FN.ZS,tariff,2005,4.0
Australia,AUS,"Tariff rate, most favored nation, weighted mean, primary products (%)",TM.TAX.TCOM.WM.FN.ZS,tariff,2005,0.95
Bahrain,BHR,"Tariff rate, most favored nation, weighted mean, primary products (%)",TM.TAX.TCOM.WM.FN.ZS,tariff,2005,5.95
Canada,CAN,"Tariff rate, most favored nation, weighted mean, primary products (%)",TM.TAX.TCOM.WM.FN.ZS,tariff,2005,4.49
China,CHN,"Tariff rate, most favored nation, weighted mean, primary products (%)",TM.TAX.TCOM.WM.FN.ZS,tariff,2005,3.55
Germany,DEU,"Tariff rate, most favored nation, weighted mean, primary products (%)",TM.TAX.TCOM.WM.FN.ZS,tariff,2005,3.58
"Egypt, Arab Rep.",EGY,"Tariff rate, most favored nation, weighted mean, primary products (%)",TM.TAX.TCOM.WM.FN.ZS,tariff,2005,8.14
European Union,EUU,"Tariff rate, most favored nation, weighted mean, primary products (%)",TM.TAX.TCOM.WM.FN.ZS,tariff,2005,3.58
France,FRA,"Tariff rate, most favored nation, weighted mean, primary products (%)",TM.TAX.TCOM.WM.FN.ZS,tariff,2005,3.58
United Kingdom,GBR,"Tariff rate, most favored nation, weighted mean, primary products (%)",TM.TAX.TCOM.WM.FN.ZS,tariff,2005,3.58
Greece,GRC,"Tariff rate, most favored nation, weighted mean, primary products (%)",TM.TAX.TCOM.WM.FN.ZS,tariff,2005,3.58
India,IND,"Tariff rate, most favored nation, weighted mean, primary products (%)",TM.TAX.TCOM.WM.FN.ZS,tariff,2005,15.3
Italy,ITA,"Tariff rate, most favored nation, weighted mean, primary products (%)",TM.TAX.TCOM.WM.FN.ZS,tariff,2005,3.58
Jordan,JOR,"Tariff rate, most favored nation, weighted mean, primary products (%)",TM.TAX.TCOM.WM.FN.ZS,tariff,2005,11.91
Kuwait,KWT,"Tariff rate, most favored nation, weighted mean, primary products (%)",TM.TAX.TCOM.WM.FN.ZS,tariff,2005,4.39
Lebanon,LBN,"Tariff rate, most favored nation, weighted mean, primary products (%)",TM.TAX.TCOM.WM.FN.ZS,tariff,2005,6.02
Oman,OMN,"Tariff rate, most favored nation, weighted mean, primary products (%)",TM.TAX.TCOM.WM.FN.ZS,tariff,2005,5.06
Qatar,QAT,"Tariff rate, most favored nation, weighted mean, primary products (%)",TM.TAX.TCOM.WM.FN.ZS,tariff,2005,5.9
Saudi Arabia,SAU,"Tariff rate, most favored nation, weighted mean, primary products (%)",TM.TAX.TCOM.WM.FN.ZS,tariff,2005,3.29
Turkiye,TUR,"Tariff rate, most favored nation, weighted mean, primary products (%)",TM.TAX.TCOM.WM.FN.ZS,tariff,2005,3.48
United States,USA,"Tariff rate, most favored nation, weighted mean, primary products (%)",TM.TAX.TCOM.WM.FN.ZS,tariff,2005,3.74
Australia,AUS,"Tariff rate, most favored nation, weighted mean, primary products (%)",TM.TAX.TCOM.WM.FN.ZS,tariff,2006,0.73
Bahrain,BHR,"Tariff rate, most favored nation, weighted mean, primary products (%)",TM.TAX.TCOM.WM.FN.ZS,tariff,2006,5.65
Canada,CAN,"Tariff rate, most favored nation, weighted mean, primary products (%)",TM.TAX.TCOM.WM.FN.ZS,tariff,2006,4.32
China,CHN,"Tariff rate, most favored nation, weighted mean, primary products (%)",TM.TAX.TCOM.WM.FN.ZS,tariff,2006,3.69
Germany,DEU,"Tariff rate, most favored nation, weighted mean, primary products (%)",TM.TAX.TCOM.WM.FN.ZS,tariff,2006,3.06
"Egypt, Arab Rep.",EGY,"Tariff rate, most favored nation, weighted mean, primary products (%)",TM.TAX.TCOM.WM.FN.ZS,tariff,2006,8.24
European Union,EUU,"Tariff rate, most favored nation, weighted mean, primary products (%)",TM.TAX.TCOM.WM.FN.ZS,tariff,2006,3.06
France,FRA,"Tariff rate, most favored nation, weighted mean, primary products (%)",TM.TAX.TCOM.WM.FN.ZS,tariff,2006,3.06
United Kingdom,GBR,"Tariff rate, most favored nation, weighted mean, primary products (%)",TM.TAX.TCOM.WM.FN.ZS,tariff,2006,3.06
Greece,GRC,"Tariff rate, most favored nation, weighted mean, primary products (%)",TM.TAX.TCOM.WM.FN.ZS,tariff,2006,3.06
India,IND,"Tariff rate, most favored nation, weighted mean, primary products (%)",TM.TAX.TCOM.WM.FN.ZS,tariff,2006,8.31
Italy,ITA,"Tariff rate, most favored nation, weighted mean, primary products (%)",TM.TAX.TCOM.WM.FN.ZS,tariff,2006,3.06
Jordan,JOR,"Tariff rate, most favored nation, weighted mean, primary products (%)",TM.TAX.TCOM.WM.FN.ZS,tariff,2006,10.73
Kuwait,KWT,"Tariff rate, most favored nation, weighted mean, primary products (%)",TM.TAX.TCOM.WM.FN.ZS,tariff,2006,3.45
Lebanon,LBN,"Tariff rate, most favored nation, weighted mean, primary products (%)",TM.TAX.TCOM.WM.FN.ZS,tariff,2006,5.4
Oman,OMN,"Tariff rate, most favored nation, weighted mean, primary products (%)",TM.TAX.TCOM.WM.FN.ZS,tariff,2006,4.98
Qatar,QAT,"Tariff rate, most favored nation, weighted mean, primary products (%)",TM.TAX.TCOM.WM.FN.ZS,tariff,2006,6.12
Saudi Arabia,SAU,"Tariff rate, most favored nation, weighted mean, primary products (%)",TM.TAX.TCOM.WM.FN.ZS,tariff,2006,3.39
Turkiye,TUR,"Tariff rate, most favored nation, weighted mean, primary products (%)",TM.TAX.TCOM.WM.FN.ZS,tariff,2006,3.26
United States,USA,"Tariff rate, most favored nation, weighted mean, primary products (%)",TM.TAX.TCOM.WM.FN.ZS,tariff,2006,3.7
United Arab Emirates,ARE,"Tariff rate, most favored nation, weighted mean, primary products (%)",TM.TAX.TCOM.WM.FN.ZS,tariff,2007,3.44
Australia,AUS,"Tariff rate, most favored nation, weighted mean, primary products (%)",TM.TAX.TCOM.WM.FN.ZS,tariff,2007,0.88
Bahrain,BHR,"Tariff rate, most favored nation, weighted mean, primary products (%)",TM.TAX.TCOM.WM.FN.ZS,tariff,2007,8.54
Canada,CAN,"Tariff rate, most favored nation, weighted mean, primary products (%)",TM.TAX.TCOM.WM.FN.ZS,tariff,2007,4.53
China,CHN,"Tariff rate, most favored nation, weighted mean, primary products (%)",TM.TAX.TCOM.WM.FN.ZS,tariff,2007,3.28
Germany,DEU,"Tariff rate, most favored nation, weighted mean, primary products (%)",TM.TAX.TCOM.WM.FN.ZS,tariff,2007,3.02
"Egypt, Arab Rep.",EGY,"Tariff rate, most favored nation, weighted mean, primary products (%)",TM.TAX.TCOM.WM.FN.ZS,tariff,2007,7.96
European Union,EUU,"Tariff rate, most favored nation, weighted mean, primary products (%)",TM.TAX.TCOM.WM.FN.ZS,tariff,2007,3.02
France,FRA,"Tariff rate, most favored nation, weighted mean, primary products (%)",TM.TAX.TCOM.WM.FN.ZS,tariff,2007,3.02
United Kingdom,GBR,"Tariff rate, most favored nation, weighted mean, primary products (%)",TM.TAX.TCOM.WM.FN.ZS,tariff,2007,3.02
Greece,GRC,"Tariff rate, most favored nation, weighted mean, primary products (%)",TM.TAX.TCOM.WM.FN.ZS,tariff,2007,3.02
India,IND,"Tariff rate, most favored nation, weighted mean, primary products (%)",TM.TAX.TCOM.WM.FN.ZS,tariff,2007,13.04
Italy,ITA,"Tariff rate, most favored nation, weighted mean, primary products (%)",TM.TAX.TCOM.WM.FN.ZS,tariff,2007,3.02
Jordan,JOR,"Tariff rate, most favored nation, weighted mean, primary products (%)",TM.TAX.TCOM.WM.FN.ZS,tariff,2007,10.61
Kuwait,KWT,"Tariff rate, most favored nation, weighted mean, primary products (%)",TM.TAX.TCOM.WM.FN.ZS,tariff,2007,3.16
Lebanon,LBN,"Tariff rate, most favored nation, weighted mean, primary products (%)",TM.TAX.TCOM.WM.FN.ZS,tariff,2007,6.42
Oman,OMN,"Tariff rate, most favored nation, weighted mean, primary products (%)",TM.TAX.TCOM.WM.FN.ZS,tariff,2007,4.81
Qatar,QAT,"Tariff rate, most favored nation, weighted mean, primary products (%)",TM.TAX.TCOM.WM.FN.ZS,tariff,2007,5.12
Saudi Arabia,SAU,"Tariff rate, most favored nation, weighted mean, primary products (%)",TM.TAX.TCOM.WM.FN.ZS,tariff,2007,3.4
Turkiye,TUR,"Tariff rate, most favored nation, weighted mean, primary products (%)",TM.TAX.TCOM.WM.FN.ZS,tariff,2007,4.69
United States,USA,"Tariff rate, most favored nation, weighted mean, primary products (%)",TM.TAX.TCOM.WM.FN.ZS,tariff,2007,3.71
United Arab Emirates,ARE,"Tariff rate, most favored nation, weighted mean, primary products (%)",TM.TAX.TCOM.WM.FN.ZS,tariff,2008,3.15
Australia,AUS,"Tariff rate, most favored nation, weighted mean, primary products (%)",TM.TAX.TCOM.WM.FN.ZS,tariff,2008,0.78
Bahrain,BHR,"Tariff rate, most favored nation, weighted mean, primary products (%)",TM.TAX.TCOM.WM.FN.ZS,tariff,2008,7.37
Canada,CAN,"Tariff rate, most favored nation, weighted mean, primary products (%)",TM.TAX.TCOM.WM.FN.ZS,tariff,2008,4.02
China,CHN,"Tariff rate, most favored nation, weighted mean, primary products (%)",TM.TAX.TCOM.WM.FN.ZS,tariff,2008,2.31
Germany,DEU,"Tariff rate, most favored nation, weighted mean, primary products (%)",TM.TAX.TCOM.WM.FN.ZS,tariff,2008,2.49
"Egypt, Arab Rep.",EGY,"Tariff rate, most favored nation, weighted mean, primary products (%)",TM.TAX.TCOM.WM.FN.ZS,tariff,2008,7.82
European Union,EUU,"Tariff rate, most favored nation, weighted mean, primary products (%)",TM.TAX.TCOM.WM.FN.ZS,tariff,2008,2.49
France,FRA,"Tariff rate, most favored nation, weighted mean, primary products (%)",TM.TAX.TCOM.WM.FN.ZS,tariff,2008,2.49
United Kingdom,GBR,"Tariff rate, most favored nation, weighted mean, primary products (%)",TM.TAX.TCOM.WM.FN.ZS,tariff,2008,2.49
Greece,GRC,"Tariff rate, most favored nation, weighted mean, primary products (%)",TM.TAX.TCOM.WM.FN.ZS,tariff,2008,2.49
India,IND,"Tariff rate, most favored nation, weighted mean, primary products (%)",TM.TAX.TCOM.WM.FN.ZS,tariff,2008,6.02
Italy,ITA,"Tariff rate, most favored nation, weighted mean, primary products (%)",TM.TAX.TCOM.WM.FN.ZS,tariff,2008,2.49
Jordan,JOR,"Tariff rate, most favored nation, weighted mean, primary products (%)",TM.TAX.TCOM.WM.FN.ZS,tariff,2008,9.64
Kuwait,KWT,"Tariff rate, most favored nation, weighted mean, primary products (%)",TM.TAX.TCOM.WM.FN.ZS,tariff,2008,3.78
Oman,OMN,"Tariff rate, most favored nation, weighted mean, primary products (%)",TM.TAX.TCOM.WM.FN.ZS,tariff,2008,4.82
Qatar,QAT,"Tariff rate, most favored nation, weighted mean, primary products (%)",TM.TAX.TCOM.WM.FN.ZS,tariff,2008,5.49
Saudi Arabia,SAU,"Tariff rate, most favored nation, weighted mean, primary products (%)",TM.TAX.TCOM.WM.FN.ZS,tariff,2008,2.65
Turkiye,TUR,"Tariff rate, most favored nation, weighted mean, primary products (%)",TM.TAX.TCOM.WM.FN.ZS,tariff,2008,3.73
United States,USA,"Tariff rate, most favored nation, weighted mean, primary products (%)",TM.TAX.TCOM.WM.FN.ZS,tariff,2008,3.64
United Arab Emirates,ARE,"Tariff rate, most favored nation, weighted mean, primary products (%)",TM.TAX.TCOM.WM.FN.ZS,tariff,2009,3.15
Australia,AUS,"Tariff rate, most favored nation, weighted mean, primary products (%)",TM.TAX.TCOM.WM.FN.ZS,tariff,2009,0.89
Bahrain,BHR,"Tariff rate, most favored nation, weighted mean, primary products (%)",TM.TAX.TCOM.WM.FN.ZS,tariff,2009,5.83
Canada,CAN,"Tariff rate, most favored nation, weighted mean, primary products (%)",TM.TAX.TCOM.WM.FN.ZS,tariff,2009,5.01
China,CHN,"Tariff rate, most favored nation, weighted mean, primary products (%)",TM.TAX.TCOM.WM.FN.ZS,tariff,2009,2.07
Germany,DEU,"Tariff rate, most favored nation, weighted mean, primary products (%)",TM.TAX.TCOM.WM.FN.ZS,tariff,2009,3.0
"Egypt, Arab Rep.",EGY,"Tariff rate, most favored nation, weighted mean, primary products (%)",TM.TAX.TCOM.WM.FN.ZS,tariff,2009,8.72
European Union,EUU,"Tariff rate, most favored nation, weighted mean, primary products (%)",TM.TAX.TCOM.WM.FN.ZS,tariff,2009,3.0
France,FRA,"Tariff rate, most favored nation, weighted mean, primary products (%)",TM.TAX.TCOM.WM.FN.ZS,tariff,2009,3.0
United Kingdom,GBR,"Tariff rate, most favored nation, weighted mean, primary products (%)",TM.TAX.TCOM.WM.FN.ZS,tariff,2009,3.0
Greece,GRC,"Tariff rate, most favored nation, weighted mean, primary products (%)",TM.TAX.TCOM.WM.FN.ZS,tariff,2009,3.0
India,IND,"Tariff rate, most favored nation, weighted mean, primary products (%)",TM.TAX.TCOM.WM.FN.ZS,tariff,2009,6.08
Italy,ITA,"Tariff rate, most favored nation, weighted mean, primary products (%)",TM.TAX.TCOM.WM.FN.ZS,tariff,2009,3.0
Jordan,JOR,"Tariff rate, most favored nation, weighted mean, primary products (%)",TM.TAX.TCOM.WM.FN.ZS,tariff,2009,10.69
Kuwait,KWT,"Tariff rate, most favored nation, weighted mean, primary products (%)",TM.TAX.TCOM.WM.FN.ZS,tariff,2009,2.72
Oman,OMN,"Tariff rate, most favored nation, weighted mean, primary products (%)",TM.TAX.TCOM.WM.FN.ZS,tariff,2009,4.84
Qatar,QAT,"Tariff rate, most favored nation, weighted mean, primary products (%)",TM.TAX.TCOM.WM.FN.ZS,tariff,2009,5.38
Saudi Arabia,SAU,"Tariff rate, most favored nation, weighted mean, primary products (%)",TM.TAX.TCOM.WM.FN.ZS,tariff,2009,2.56
Turkiye,TUR,"Tariff rate, most favored nation, weighted mean, primary products (%)",TM.TAX.TCOM.WM.FN.ZS,tariff,2009,5.24
United States,USA,"Tariff rate, most favored nation, weighted mean, primary products (%)",TM.TAX.TCOM.WM.FN.ZS,tariff,2009,3.96
Australia,AUS,"Tariff rate, most favored nation, weighted mean, primary products (%)",TM.TAX.TCOM.WM.FN.ZS,tariff,2010,0.86
Bahrain,BHR,"Tariff rate, most favored nation, weighted mean, primary products (%)",TM.TAX.TCOM.WM.FN.ZS,tariff,2010,5.69
Canada,CAN,"Tariff rate, most favored nation, weighted mean, primary products (%)",TM.TAX.TCOM.WM.FN.ZS,tariff,2010,4.2
China,CHN,"Tariff rate, most favored nation, weighted mean, primary products (%)",TM.TAX.TCOM.WM.FN.ZS,tariff,2010,2.14
Germany,DEU,"Tariff rate, most favored nation, weighted mean, primary products (%)",TM.TAX.TCOM.WM.FN.ZS,tariff,2010,2.6
"Egypt, Arab Rep.",EGY,"Tariff rate, most favored nation, weighted mean, primary products (%)",TM.TAX.TCOM.WM.FN.ZS,tariff,2010,9.61
European Union,EUU,"Tariff rate, most favored nation, weighted mean, primary products (%)",TM.TAX.TCOM.WM.FN.ZS,tariff,2010,2.6
France,FRA,"Tariff rate, most favored nation, weighted mean, primary products (%)",TM.TAX.TCOM.WM.FN.ZS,tariff,2010,2.6
United Kingdom,GBR,"Tariff rate, most favored nation, weighted mean, primary products (%)",TM.TAX.TCOM.WM.FN.ZS,tariff,2010,2.6
Greece,GRC,"Tariff rate, most favored nation, weighted mean, primary products (%)",TM.TAX.TCOM.WM.FN.ZS,tariff,2010,2.6
India,IND,"Tariff rate, most favored nation, weighted mean, primary products (%)",TM.TAX.TCOM.WM.FN.ZS,tariff,2010,8.78
Italy,ITA,"Tariff rate, most favored nation, weighted mean, primary products (%)",TM.TAX.TCOM.WM.FN.ZS,tariff,2010,2.6
Jordan,JOR,"Tariff rate, most favored nation, weighted mean, primary products (%)",TM.TAX.TCOM.WM.FN.ZS,tariff,2010,10.09
Kuwait,KWT,"Tariff rate, most favored nation, weighted mean, primary products (%)",TM.TAX.TCOM.WM.FN.ZS,tariff,2010,3.24
Qatar,QAT,"Tariff rate, most favored nation, weighted mean, primary products (%)",TM.TAX.TCOM.WM.FN.ZS,tariff,2010,5.31
Turkiye,TUR,"Tariff rate, most favored nation, weighted mean, primary products (%)",TM.TAX.TCOM.WM.FN.ZS,tariff,2010,5.97
United States,USA,"Tariff rate, most favored nation, weighted mean, primary products (%)",TM.TAX.TCOM.WM.FN.ZS,tariff,2010,3.95
United Arab Emirates,ARE,"Tariff rate, most favored nation, weighted mean, primary products (%)",TM.TAX.TCOM.WM.FN.ZS,tariff,2011,3.13
Australia,AUS,"Tariff rate, most favored nation, weighted mean, primary products (%)",TM.TAX.TCOM.WM.FN.ZS,tariff,2011,0.71
Bahrain,BHR,"Tariff rate, most favored nation, weighted mean, primary products (%)",TM.TAX.TCOM.WM.FN.ZS,tariff,2011,6.81
Canada,CAN,"Tariff rate, most favored nation, weighted mean, primary products (%)",TM.TAX.TCOM.WM.FN.ZS,tariff,2011,3.74
China,CHN,"Tariff rate, most favored nation, weighted mean, primary products (%)",TM.TAX.TCOM.WM.FN.ZS,tariff,2011,1.97
Germany,DEU,"Tariff rate, most favored nation, weighted mean, primary products (%)",TM.TAX.TCOM.WM.FN.ZS,tariff,2011,2.44
"Egypt, Arab Rep.",EGY,"Tariff rate, most favored nation, weighted mean, primary products (%)",TM.TAX.TCOM.WM.FN.ZS,tariff,2011,6.8
European Union,EUU,"Tariff rate, most favored nation, weighted mean, primary products (%)",TM.TAX.TCOM.WM.FN.ZS,tariff,2011,2.44
France,FRA,"Tariff rate, most favored nation, weighted mean, primary products (%)",TM.TAX.TCOM.WM.FN.ZS,tariff,2011,2.44
United Kingdom,GBR,"Tariff rate, most favored nation, weighted mean, primary products (%)",TM.TAX.TCOM.WM.FN.ZS,tariff,2011,2.44
Greece,GRC,"Tariff rate, most favored nation, weighted mean, primary products (%)",TM.TAX.TCOM.WM.FN.ZS,tariff,2011,2.44
India,IND,"Tariff rate, most favored nation, weighted mean, primary products (%)",TM.TAX.TCOM.WM.FN.ZS,tariff,2011,7.99
Italy,ITA,"Tariff rate, most favored nation, weighted mean, primary products (%)",TM.TAX.TCOM.WM.FN.ZS,tariff,2011,2.44
Jordan,JOR,"Tariff rate, most favored nation, weighted mean, primary products (%)",TM.TAX.TCOM.WM.FN.ZS,tariff,2011,8.96
Kuwait,KWT,"Tariff rate, most favored nation, weighted mean, primary products (%)",TM.TAX.TCOM.WM.FN.ZS,tariff,2011,3.24
Qatar,QAT,"Tariff rate, most favored nation, weighted mean, primary products (%)",TM.TAX.TCOM.WM.FN.ZS,tariff,2011,5.31
Saudi Arabia,SAU,"Tariff rate, most favored nation, weighted mean, primary products (%)",TM.TAX.TCOM.WM.FN.ZS,tariff,2011,3.79
Turkiye,TUR,"Tariff rate, most favored nation, weighted mean, primary products (%)",TM.TAX.TCOM.WM.FN.ZS,tariff,2011,7.95
United States,USA,"Tariff rate, most favored nation, weighted mean, primary products (%)",TM.TAX.TCOM.WM.FN.ZS,tariff,2011,4.07
United Arab Emirates,ARE,"Tariff rate, most favored nation, weighted mean, primary products (%)",TM.TAX.TCOM.WM.FN.ZS,tariff,2012,4.33
Australia,AUS,"Tariff rate, most favored nation, weighted mean, primary products (%)",TM.TAX.TCOM.WM.FN.ZS,tariff,2012,0.67
Bahrain,BHR,"Tariff rate, most favored nation, weighted mean, primary products (%)",TM.TAX.TCOM.WM.FN.ZS,tariff,2012,6.81
Canada,CAN,"Tariff rate, most favored nation, weighted mean, primary products (%)",TM.TAX.TCOM.WM.FN.ZS,tariff,2012,4.17
Germany,DEU,"Tariff rate, most favored nation, weighted mean, primary products (%)",TM.TAX.TCOM.WM.FN.ZS,tariff,2012,2.15
"Egypt, Arab Rep.",EGY,"Tariff rate, most favored nation, weighted mean, primary products (%)",TM.TAX.TCOM.WM.FN.ZS,tariff,2012,6.76
European Union,EUU,"Tariff rate, most favored nation, weighted mean, primary products (%)",TM.TAX.TCOM.WM.FN.ZS,tariff,2012,2.15
France,FRA,"Tariff rate, most favored nation, weighted mean, primary products (%)",TM.TAX.TCOM.WM.FN.ZS,tariff,2012,2.15
United Kingdom,GBR,"Tariff rate, most favored nation, weighted mean, primary products (%)",TM.TAX.TCOM.WM.FN.ZS,tariff,2012,2.15
Greece,GRC,"Tariff rate, most favored nation, weighted mean, primary products (%)",TM.TAX.TCOM.WM.FN.ZS,tariff,2012,2.15
India,IND,"Tariff rate, most favored nation, weighted mean, primary products (%)",TM.TAX.TCOM.WM.FN.ZS,tariff,2012,4.96
Italy,ITA,"Tariff rate, most favored nation, weighted mean, primary products (%)",TM.TAX.TCOM.WM.FN.ZS,tariff,2012,2.15
Jordan,JOR,"Tariff rate, most favored nation, weighted mean, primary products (%)",TM.TAX.TCOM.WM.FN.ZS,tariff,2012,9.22
Kuwait,KWT,"Tariff rate, most favored nation, weighted mean, primary products (%)",TM.TAX.TCOM.WM.FN.ZS,tariff,2012,3.76
Oman,OMN,"Tariff rate, most favored nation, weighted mean, primary products (%)",TM.TAX.TCOM.WM.FN.ZS,tariff,2012,4.31
Qatar,QAT,"Tariff rate, most favored nation, weighted mean, primary products (%)",TM.TAX.TCOM.WM.FN.ZS,tariff,2012,3.86
Saudi Arabia,SAU,"Tariff rate, most favored nation, weighted mean, primary products (%)",TM.TAX.TCOM.WM.FN.ZS,tariff,2012,3.49
United States,USA,"Tariff rate, most favored nation, weighted mean, primary products (%)",TM.TAX.TCOM.WM.FN.ZS,tariff,2012,4.14
United Arab Emirates,ARE,"Tariff rate, most favored nation, weighted mean, primary products (%)",TM.TAX.TCOM.WM.FN.ZS,tariff,2013,4.8
Australia,AUS,"Tariff rate, most favored nation, weighted mean, primary products (%)",TM.TAX.TCOM.WM.FN.ZS,tariff,2013,0.7
Bahrain,BHR,"Tariff rate, most favored nation, weighted mean, primary products (%)",TM.TAX.TCOM.WM.FN.ZS,tariff,2013,4.54
Canada,CAN,"Tariff rate, most favored nation, weighted mean, primary products (%)",TM.TAX.TCOM.WM.FN.ZS,tariff,2013,4.44
Germany,DEU,"Tariff rate, most favored nation, weighted mean, primary products (%)",TM.TAX.TCOM.WM.FN.ZS,tariff,2013,2.4
"Egypt, Arab Rep.",EGY,"Tariff rate, most favored nation, weighted mean, primary products (%)",TM.TAX.TCOM.WM.FN.ZS,tariff,2013,9.39
European Union,EUU,"Tariff rate, most favored nation, weighted mean, primary products (%)",TM.TAX.TCOM.WM.FN.ZS,tariff,2013,2.4
France,FRA,"Tariff rate, most favored nation, weighted mean, primary products (%)",TM.TAX.TCOM.WM.FN.ZS,tariff,2013,2.4
United Kingdom,GBR,"Tariff rate, most favored nation, weighted mean, primary products (%)",TM.TAX.TCOM.WM.FN.ZS,tariff,2013,2.4
Greece,GRC,"Tariff rate, most favored nation, weighted mean, primary products (%)",TM.TAX.TCOM.WM.FN.ZS,tariff,2013,2.4
India,IND,"Tariff rate, most favored nation, weighted mean, primary products (%)",TM.TAX.TCOM.WM.FN.ZS,tariff,2013,5.03
Italy,ITA,"Tariff rate, most favored nation, weighted mean, primary products (%)",TM.TAX.TCOM.WM.FN.ZS,tariff,2013,2.4
Jordan,JOR,"Tariff rate, most favored nation, weighted mean, primary products (%)",TM.TAX.TCOM.WM.FN.ZS,tariff,2013,9.88
Kuwait,KWT,"Tariff rate, most favored nation, weighted mean, primary products (%)",TM.TAX.TCOM.WM.FN.ZS,tariff,2013,3.45
Oman,OMN,"Tariff rate, most favored nation, weighted mean, primary products (%)",TM.TAX.TCOM.WM.FN.ZS,tariff,2013,4.58
Qatar,QAT,"Tariff rate, most favored nation, weighted mean, primary products (%)",TM.TAX.TCOM.WM.FN.ZS,tariff,2013,3.8
Saudi Arabia,SAU,"Tariff rate, most favored nation, weighted mean, primary products (%)",TM.TAX.TCOM.WM.FN.ZS,tariff,2013,3.49
Turkiye,TUR,"Tariff rate, most favored nation, weighted mean, primary products (%)",TM.TAX.TCOM.WM.FN.ZS,tariff,2013,9.07
United States,USA,"Tariff rate, most favored nation, weighted mean, primary products (%)",TM.TAX.TCOM.WM.FN.ZS,tariff,2013,3.98
United Arab Emirates,ARE,"Tariff rate, most favored nation, weighted mean, primary products (%)",TM.TAX.TCOM.WM.FN.ZS,tariff,2014,4.6
Australia,AUS,"Tariff rate, most favored nation, weighted mean, primary products (%)",TM.TAX.TCOM.WM.FN.ZS,tariff,2014,0.79
Bahrain,BHR,"Tariff rate, most favored nation, weighted mean, primary products (%)",TM.TAX.TCOM.WM.FN.ZS,tariff,2014,3.88
Canada,CAN,"Tariff rate, most favored nation, weighted mean, primary products (%)",TM.TAX.TCOM.WM.FN.ZS,tariff,2014,4.39
China,CHN,"Tariff rate, most favored nation, weighted mean, primary products (%)",TM.TAX.TCOM.WM.FN.ZS,tariff,2014,1.99
Germany,DEU,"Tariff rate, most favored nation, weighted mean, primary products (%)",TM.TAX.TCOM.WM.FN.ZS,tariff,2014,2.58
"Egypt, Arab Rep.",EGY,"Tariff rate, most favored nation, weighted mean, primary products (%)",TM.TAX.TCOM.WM.FN.ZS,tariff,2014,7.56
European Union,EUU,"Tariff rate, most favored nation, weighted mean, primary products (%)",TM.TAX.TCOM.WM.FN.ZS,tariff,2014,2.58
France,FRA,"Tariff rate, most favored nation, weighted mean, primary products (%)",TM.TAX.TCOM.WM.FN.ZS,tariff,2014,2.58
United Kingdom,GBR,"Tariff rate, most favored nation, weighted mean, primary products (%)",TM.TAX.TCOM.WM.FN.ZS,tariff,2014,2.58
Greece,GRC,"Tariff rate, most favored nation, weighted mean, primary products (%)",TM.TAX.TCOM.WM.FN.ZS,tariff,2014,2.58
Italy,ITA,"Tariff rate, most favored nation, weighted mean, primary products (%)",TM.TAX.TCOM.WM.FN.ZS,tariff,2014,2.58
Jordan,JOR,"Tariff rate, most favored nation, weighted mean, primary products (%)",TM.TAX.TCOM.WM.FN.ZS,tariff,2014,10.73
Kuwait,KWT,"Tariff rate, most favored nation, weighted mean, primary products (%)",TM.TAX.TCOM.WM.FN.ZS,tariff,2014,3.1
Lebanon,LBN,"Tariff rate, most favored nation, weighted mean, primary products (%)",TM.TAX.TCOM.WM.FN.ZS,tariff,2014,4.46
Oman,OMN,"Tariff rate, most favored nation, weighted mean, primary products (%)",TM.TAX.TCOM.WM.FN.ZS,tariff,2014,4.58
Qatar,QAT,"Tariff rate, most favored nation, weighted mean, primary products (%)",TM.TAX.TCOM.WM.FN.ZS,tariff,2014,4.0
Saudi Arabia,SAU,"Tariff rate, most favored nation, weighted mean, primary products (%)",TM.TAX.TCOM.WM.FN.ZS,tariff,2014,3.32
United States,USA,"Tariff rate, most favored nation, weighted mean, primary products (%)",TM.TAX.TCOM.WM.FN.ZS,tariff,2014,3.76
United Arab Emirates,ARE,"Tariff rate, most favored nation, weighted mean, primary products (%)",TM.TAX.TCOM.WM.FN.ZS,tariff,2015,5.3
Australia,AUS,"Tariff rate, most favored nation, weighted mean, primary products (%)",TM.TAX.TCOM.WM.FN.ZS,tariff,2015,1.06
Bahrain,BHR,"Tariff rate, most favored nation, weighted mean, primary products (%)",TM.TAX.TCOM.WM.FN.ZS,tariff,2015,4.54
Canada,CAN,"Tariff rate, most favored nation, weighted mean, primary products (%)",TM.TAX.TCOM.WM.FN.ZS,tariff,2015,5.35
China,CHN,"Tariff rate, most favored nation, weighted mean, primary products (%)",TM.TAX.TCOM.WM.FN.ZS,tariff,2015,2.6
Germany,DEU,"Tariff rate, most favored nation, weighted mean, primary products (%)",TM.TAX.TCOM.WM.FN.ZS,tariff,2015,2.61
"Egypt, Arab Rep.",EGY,"Tariff rate, most favored nation, weighted mean, primary products (%)",TM.TAX.TCOM.WM.FN.ZS,tariff,2015,7.42
European Union,EUU,"Tariff rate, most favored nation, weighted mean, primary products (%)",TM.TAX.TCOM.WM.FN.ZS,tariff,2015,2.61
France,FRA,"Tariff rate, most favored nation, weighted mean, primary products (%)",TM.TAX.TCOM.WM.FN.ZS,tariff,2015,2.61
United Kingdom,GBR,"Tariff rate, most favored nation, weighted mean, primary products (%)",TM.TAX.TCOM.WM.FN.ZS,tariff,2015,2.61
Greece,GRC,"Tariff rate, most favored nation, weighted mean, primary products (%)",TM.TAX.TCOM.WM.FN.ZS,tariff,2015,2.61
India,IND,"Tariff rate, most favored nation, weighted mean, primary products (%)",TM.TAX.TCOM.WM.FN.ZS,tariff,2015,7.44
Italy,ITA,"Tariff rate, most favored nation, weighted mean, primary products (%)",TM.TAX.TCOM.WM.FN.ZS,tariff,2015,2.61
Jordan,JOR,"Tariff rate, most favored nation, weighted mean, primary products (%)",TM.TAX.TCOM.WM.FN.ZS,tariff,2015,10.64
Kuwait,KWT,"Tariff rate, most favored nation, weighted mean, primary products (%)",TM.TAX.TCOM.WM.FN.ZS,tariff,2015,3.15
Lebanon,LBN,"Tariff rate, most favored nation, weighted mean, primary products (%)",TM.TAX.TCOM.WM.FN.ZS,tariff,2015,5.1
Oman,OMN,"Tariff rate, most favored nation, weighted mean, primary products (%)",TM.TAX.TCOM.WM.FN.ZS,tariff,2015,4.83
Qatar,QAT,"Tariff rate, most favored nation, weighted mean, primary products (%)",TM.TAX.TCOM.WM.FN.ZS,tariff,2015,3.93
Saudi Arabia,SAU,"Tariff rate, most favored nation, weighted mean, primary products (%)",TM.TAX.TCOM.WM.FN.ZS,tariff,2015,3.99
Turkiye,TUR,"Tariff rate, most favored nation, weighted mean, primary products (%)",TM.TAX.TCOM.WM.FN.ZS,tariff,2015,10.95
United States,USA,"Tariff rate, most favored nation, weighted mean, primary products (%)",TM.TAX.TCOM.WM.FN.ZS,tariff,2015,3.86
United Arab Emirates,ARE,"Tariff rate, most favored nation, weighted mean, primary products (%)",TM.TAX.TCOM.WM.FN.ZS,tariff,2016,4.91
Australia,AUS,"Tariff rate, most favored nation, weighted mean, primary products (%)",TM.TAX.TCOM.WM.FN.ZS,tariff,2016,1.18
Bahrain,BHR,"Tariff rate, most favored nation, weighted mean, primary products (%)",TM.TAX.TCOM.WM.FN.ZS,tariff,2016,4.55
Canada,CAN,"Tariff rate, most favored nation, weighted mean, primary products (%)",TM.TAX.TCOM.WM.FN.ZS,tariff,2016,5.69
China,CHN,"Tariff rate, most favored nation, weighted mean, primary products (%)",TM.TAX.TCOM.WM.FN.ZS,tariff,2016,3.27
Germany,DEU,"Tariff rate, most favored nation, weighted mean, primary products (%)",TM.TAX.TCOM.WM.FN.ZS,tariff,2016,3.21
"Egypt, Arab Rep.",EGY,"Tariff rate, most favored nation, weighted mean, primary products (%)",TM.TAX.TCOM.WM.FN.ZS,tariff,2016,7.75
European Union,EUU,"Tariff rate, most favored nation, weighted mean, primary products (%)",TM.TAX.TCOM.WM.FN.ZS,tariff,2016,3.21
France,FRA,"Tariff rate, most favored nation, weighted mean, primary products (%)",TM.TAX.TCOM.WM.FN.ZS,tariff,2016,3.21
United Kingdom,GBR,"Tariff rate, most favored nation, weighted mean, primary products (%)",TM.TAX.TCOM.WM.FN.ZS,tariff,2016,3.21
Greece,GRC,"Tariff rate, most favored nation, weighted mean, primary products (%)",TM.TAX.TCOM.WM.FN.ZS,tariff,2016,3.21
India,IND,"Tariff rate, most favored nation, weighted mean, primary products (%)",TM.TAX.TCOM.WM.FN.ZS,tariff,2016,7.34
Italy,ITA,"Tariff rate, most favored nation, weighted mean, primary products (%)",TM.TAX.TCOM.WM.FN.ZS,tariff,2016,3.21
Jordan,JOR,"Tariff rate, most favored nation, weighted mean, primary products (%)",TM.TAX.TCOM.WM.FN.ZS,tariff,2016,12.54
Kuwait,KWT,"Tariff rate, most favored nation, weighted mean, primary products (%)",TM.TAX.TCOM.WM.FN.ZS,tariff,2016,3.15
Lebanon,LBN,"Tariff rate, most favored nation, weighted mean, primary products (%)",TM.TAX.TCOM.WM.FN.ZS,tariff,2016,5.09
Oman,OMN,"Tariff rate, most favored nation, weighted mean, primary products (%)",TM.TAX.TCOM.WM.FN.ZS,tariff,2016,4.91
Qatar,QAT,"Tariff rate, most favored nation, weighted mean, primary products (%)",TM.TAX.TCOM.WM.FN.ZS,tariff,2016,3.93
Turkiye,TUR,"Tariff rate, most favored nation, weighted mean, primary products (%)",TM.TAX.TCOM.WM.FN.ZS,tariff,2016,10.69
United States,USA,"Tariff rate, most favored nation, weighted mean, primary products (%)",TM.TAX.TCOM.WM.FN.ZS,tariff,2016,3.88
United Arab Emirates,ARE,"Tariff rate, most favored nation, weighted mean, primary products (%)",TM.TAX.TCOM.WM.FN.ZS,tariff,2017,16.81
Australia,AUS,"Tariff rate, most favored nation, weighted mean, primary products (%)",TM.TAX.TCOM.WM.FN.ZS,tariff,2017,1.69
Bahrain,BHR,"Tariff rate, most favored nation, weighted mean, primary products (%)",TM.TAX.TCOM.WM.FN.ZS,tariff,2017,22.35
Canada,CAN,"Tariff rate, most favored nation, weighted mean, primary products (%)",TM.TAX.TCOM.WM.FN.ZS,tariff,2017,5.69
China,CHN,"Tariff rate, most favored nation, weighted mean, primary products (%)",TM.TAX.TCOM.WM.FN.ZS,tariff,2017,3.77
Germany,DEU,"Tariff rate, most favored nation, weighted mean, primary products (%)",TM.TAX.TCOM.WM.FN.ZS,tariff,2017,3.05
"Egypt, Arab Rep.",EGY,"Tariff rate, most favored nation, weighted mean, primary products (%)",TM.TAX.TCOM.WM.FN.ZS,tariff,2017,10.67
European Union,EUU,"Tariff rate, most favored nation, weighted mean, primary products (%)",TM.TAX.TCOM.WM.FN.ZS,tariff,2017,3.05
France,FRA,"Tariff rate, most favored nation, weighted mean, primary products (%)",TM.TAX.TCOM.WM.FN.ZS,tariff,2017,3.05
United Kingdom,GBR,"Tariff rate, most favored nation, weighted mean, primary products (%)",TM.TAX.TCOM.WM.FN.ZS,tariff,2017,3.05
Greece,GRC,"Tariff rate, most favored nation, weighted mean, primary products (%)",TM.TAX.TCOM.WM.FN.ZS,tariff,2017,3.05
India,IND,"Tariff rate, most favored nation, weighted mean, primary products (%)",TM.TAX.TCOM.WM.FN.ZS,tariff,2017,5.61
Italy,ITA,"Tariff rate, most favored nation, weighted mean, primary products (%)",TM.TAX.TCOM.WM.FN.ZS,tariff,2017,3.05
Jordan,JOR,"Tariff rate, most favored nation, weighted mean, primary products (%)",TM.TAX.TCOM.WM.FN.ZS,tariff,2017,13.12
Kuwait,KWT,"Tariff rate, most favored nation, weighted mean, primary products (%)",TM.TAX.TCOM.WM.FN.ZS,tariff,2017,10.64
Lebanon,LBN,"Tariff rate, most favored nation, weighted mean, primary products (%)",TM.TAX.TCOM.WM.FN.ZS,tariff,2017,7.62
Oman,OMN,"Tariff rate, most favored nation, weighted mean, primary products (%)",TM.TAX.TCOM.WM.FN.ZS,tariff,2017,5.2
Qatar,QAT,"Tariff rate, most favored nation, weighted mean, primary products (%)",TM.TAX.TCOM.WM.FN.ZS,tariff,2017,8.79
Saudi Arabia,SAU,"Tariff rate, most favored nation, weighted mean, primary products (%)",TM.TAX.TCOM.WM.FN.ZS,tariff,2017,9.77
Turkiye,TUR,"Tariff rate, most favored nation, weighted mean, primary products (%)",TM.TAX.TCOM.WM.FN.ZS,tariff,2017,13.23
United States,USA,"Tariff rate, most favored nation, weighted mean, primary products (%)",TM.TAX.TCOM.WM.FN.ZS,tariff,2017,8.59
United Arab Emirates,ARE,"Tariff rate, most favored nation, weighted mean, primary products (%)",TM.TAX.TCOM.WM.FN.ZS,tariff,2018,20.39
Australia,AUS,"Tariff rate, most favored nation, weighted mean, primary products (%)",TM.TAX.TCOM.WM.FN.ZS,tariff,2018,1.49
Bahrain,BHR,"Tariff rate, most favored nation, weighted mean, primary products (%)",TM.TAX.TCOM.WM.FN.ZS,tariff,2018,17.78
Canada,CAN,"Tariff rate, most favored nation, weighted mean, primary products (%)",TM.TAX.TCOM.WM.FN.ZS,tariff,2018,5.39
China,CHN,"Tariff rate, most favored nation, weighted mean, primary products (%)",TM.TAX.TCOM.WM.FN.ZS,tariff,2018,2.94
Germany,DEU,"Tariff rate, most favored nation, weighted mean, primary products (%)",TM.TAX.TCOM.WM.FN.ZS,tariff,2018,2.62
"Egypt, Arab Rep.",EGY,"Tariff rate, most favored nation, weighted mean, primary products (%)",TM.TAX.TCOM.WM.FN.ZS,tariff,2018,13.1
European Union,EUU,"Tariff rate, most favored nation, weighted mean, primary products (%)",TM.TAX.TCOM.WM.FN.ZS,tariff,2018,2.62
France,FRA,"Tariff rate, most favored nation, weighted mean, primary products (%)",TM.TAX.TCOM.WM.FN.ZS,tariff,2018,2.62
United Kingdom,GBR,"Tariff rate, most favored nation, weighted mean, primary products (%)",TM.TAX.TCOM.WM.FN.ZS,tariff,2018,2.62
Greece,GRC,"Tariff rate, most favored nation, weighted mean, primary products (%)",TM.TAX.TCOM.WM.FN.ZS,tariff,2018,2.62
India,IND,"Tariff rate, most favored nation, weighted mean, primary products (%)",TM.TAX.TCOM.WM.FN.ZS,tariff,2018,3.88
Italy,ITA,"Tariff rate, most favored nation, weighted mean, primary products (%)",TM.TAX.TCOM.WM.FN.ZS,tariff,2018,2.62
Kuwait,KWT,"Tariff rate, most favored nation, weighted mean, primary products (%)",TM.TAX.TCOM.WM.FN.ZS,tariff,2018,12.77
Lebanon,LBN,"Tariff rate, most favored nation, weighted mean, primary products (%)",TM.TAX.TCOM.WM.FN.ZS,tariff,2018,63.47
Oman,OMN,"Tariff rate, most favored nation, weighted mean, primary products (%)",TM.TAX.TCOM.WM.FN.ZS,tariff,2018,5.2
Qatar,QAT,"Tariff rate, most favored nation, weighted mean, primary products (%)",TM.TAX.TCOM.WM.FN.ZS,tariff,2018,6.99
Turkiye,TUR,"Tariff rate, most favored nation, weighted mean, primary products (%)",TM.TAX.TCOM.WM.FN.ZS,tariff,2018,7.38
United States,USA,"Tariff rate, most favored nation, weighted mean, primary products (%)",TM.TAX.TCOM.WM.FN.ZS,tariff,2018,8.24
United Arab Emirates,ARE,"Tariff rate, most favored nation, weighted mean, primary products (%)",TM.TAX.TCOM.WM.FN.ZS,tariff,2019,12.61
Australia,AUS,"Tariff rate, most favored nation, weighted mean, primary products (%)",TM.TAX.TCOM.WM.FN.ZS,tariff,2019,1.58
Bahrain,BHR,"Tariff rate, most favored nation, weighted mean, primary products (%)",TM.TAX.TCOM.WM.FN.ZS,tariff,2019,7.7
Canada,CAN,"Tariff rate, most favored nation, weighted mean, primary products (%)",TM.TAX.TCOM.WM.FN.ZS,tariff,2019,19.31
China,CHN,"Tariff rate, most favored nation, weighted mean, primary products (%)",TM.TAX.TCOM.WM.FN.ZS,tariff,2019,2.48
Germany,DEU,"Tariff rate, most favored nation, weighted mean, primary products (%)",TM.TAX.TCOM.WM.FN.ZS,tariff,2019,2.72
"Egypt, Arab Rep.",EGY,"Tariff rate, most favored nation, weighted mean, primary products (%)",TM.TAX.TCOM.WM.FN.ZS,tariff,2019,21.09
European Union,EUU,"Tariff rate, most favored nation, weighted mean, primary products (%)",TM.TAX.TCOM.WM.FN.ZS,tariff,2019,2.72
France,FRA,"Tariff rate, most favored nation, weighted mean, primary products (%)",TM.TAX.TCOM.WM.FN.ZS,tariff,2019,2.72
United Kingdom,GBR,"Tariff rate, most favored nation, weighted mean, primary products (%)",TM.TAX.TCOM.WM.FN.ZS,tariff,2019,2.72
Greece,GRC,"Tariff rate, most favored nation, weighted mean, primary products (%)",TM.TAX.TCOM.WM.FN.ZS,tariff,2019,2.72
India,IND,"Tariff rate, most favored nation, weighted mean, primary products (%)",TM.TAX.TCOM.WM.FN.ZS,tariff,2019,8.48
Italy,ITA,"Tariff rate, most favored nation, weighted mean, primary products (%)",TM.TAX.TCOM.WM.FN.ZS,tariff,2019,2.72
Kuwait,KWT,"Tariff rate, most favored nation, weighted mean, primary products (%)",TM.TAX.TCOM.WM.FN.ZS,tariff,2019,11.35
Lebanon,LBN,"Tariff rate, most favored nation, weighted mean, primary products (%)",TM.TAX.TCOM.WM.FN.ZS,tariff,2019,7.46
Oman,OMN,"Tariff rate, most favored nation, weighted mean, primary products (%)",TM.TAX.TCOM.WM.FN.ZS,tariff,2019,4.84
Qatar,QAT,"Tariff rate, most favored nation, weighted mean, primary products (%)",TM.TAX.TCOM.WM.FN.ZS,tariff,2019,5.78
Turkiye,TUR,"Tariff rate, most favored nation, weighted mean, primary products (%)",TM.TAX.TCOM.WM.FN.ZS,tariff,2019,10.1
United States,USA,"Tariff rate, most favored nation, weighted mean, primary products (%)",TM.TAX.TCOM.WM.FN.ZS,tariff,2019,134.84
United Arab Emirates,ARE,"Tariff rate, most favored nation, weighted mean, primary products (%)",TM.TAX.TCOM.WM.FN.ZS,tariff,2020,5.72
Australia,AUS,"Tariff rate, most favored nation, weighted mean, primary products (%)",TM.TAX.TCOM.WM.FN.ZS,tariff,2020,1.83
Bahrain,BHR,"Tariff rate, most favored nation, weighted mean, primary products (%)",TM.TAX.TCOM.WM.FN.ZS,tariff,2020,4.74
Canada,CAN,"Tariff rate, most favored nation, weighted mean, primary products (%)",TM.TAX.TCOM.WM.FN.ZS,tariff,2020,6.19
China,CHN,"Tariff rate, most favored nation, weighted mean, primary products (%)",TM.TAX.TCOM.WM.FN.ZS,tariff,2020,3.11
Germany,DEU,"Tariff rate, most favored nation, weighted mean, primary products (%)",TM.TAX.TCOM.WM.FN.ZS,tariff,2020,2.18
European Union,EUU,"Tariff rate, most favored nation, weighted mean, primary products (%)",TM.TAX.TCOM.WM.FN.ZS,tariff,2020,2.18
France,FRA,"Tariff rate, most favored nation, weighted mean, primary products (%)",TM.TAX.TCOM.WM.FN.ZS,tariff,2020,2.18
United Kingdom,GBR,"Tariff rate, most favored nation, weighted mean, primary products (%)",TM.TAX.TCOM.WM.FN.ZS,tariff,2020,2.12
Greece,GRC,"Tariff rate, most favored nation, weighted mean, primary products (%)",TM.TAX.TCOM.WM.FN.ZS,tariff,2020,2.18
India,IND,"Tariff rate, most favored nation, weighted mean, primary products (%)",TM.TAX.TCOM.WM.FN.ZS,tariff,2020,5.85
Italy,ITA,"Tariff rate, most favored nation, weighted mean, primary products (%)",TM.TAX.TCOM.WM.FN.ZS,tariff,2020,2.18
Jordan,JOR,"Tariff rate, most favored nation, weighted mean, primary products (%)",TM.TAX.TCOM.WM.FN.ZS,tariff,2020,11.79
Kuwait,KWT,"Tariff rate, most favored nation, weighted mean, primary products (%)",TM.TAX.TCOM.WM.FN.ZS,tariff,2020,3.33
Lebanon,LBN,"Tariff rate, most favored nation, weighted mean, primary products (%)",TM.TAX.TCOM.WM.FN.ZS,tariff,2020,6.25
Oman,OMN,"Tariff rate, most favored nation, weighted mean, primary products (%)",TM.TAX.TCOM.WM.FN.ZS,tariff,2020,4.84
Qatar,QAT,"Tariff rate, most favored nation, weighted mean, primary products (%)",TM.TAX.TCOM.WM.FN.ZS,tariff,2020,3.37
Saudi Arabia,SAU,"Tariff rate, most favored nation, weighted mean, primary products (%)",TM.TAX.TCOM.WM.FN.ZS,tariff,2020,5.77
Turkiye,TUR,"Tariff rate, most favored nation, weighted mean, primary products (%)",TM.TAX.TCOM.WM.FN.ZS,tariff,2020,10.23
United States,USA,"Tariff rate, most favored nation, weighted mean, primary products (%)",TM.TAX.TCOM.WM.FN.ZS,tariff,2020,3.31
United Arab Emirates,ARE,"Tariff rate, most favored nation, weighted mean, primary products (%)",TM.TAX.TCOM.WM.FN.ZS,tariff,2021,6.25
Australia,AUS,"Tariff rate, most favored nation, weighted mean, primary products (%)",TM.TAX.TCOM.WM.FN.ZS,tariff,2021,1.89
Bahrain,BHR,"Tariff rate, most favored nation, weighted mean, primary products (%)",TM.TAX.TCOM.WM.FN.ZS,tariff,2021,4.78
Canada,CAN,"Tariff rate, most favored nation, weighted mean, primary products (%)",TM.TAX.TCOM.WM.FN.ZS,tariff,2021,5.47
China,CHN,"Tariff rate, most favored nation, weighted mean, primary products (%)",TM.TAX.TCOM.WM.FN.ZS,tariff,2021,2.99
Germany,DEU,"Tariff rate, most favored nation, weighted mean, primary products (%)",TM.TAX.TCOM.WM.FN.ZS,tariff,2021,2.84
European Union,EUU,"Tariff rate, most favored nation, weighted mean, primary products (%)",TM.TAX.TCOM.WM.FN.ZS,tariff,2021,2.84
France,FRA,"Tariff rate, most favored nation, weighted mean, primary products (%)",TM.TAX.TCOM.WM.FN.ZS,tariff,2021,2.84
United Kingdom,GBR,"Tariff rate, most favored nation, weighted mean, primary products (%)",TM.TAX.TCOM.WM.FN.ZS,tariff,2021,6.29
Greece,GRC,"Tariff rate, most favored nation, weighted mean, primary products (%)",TM.TAX.TCOM.WM.FN.ZS,tariff,2021,2.84
India,IND,"Tariff rate, most favored nation, weighted mean, primary products (%)",TM.TAX.TCOM.WM.FN.ZS,tariff,2021,4.59
Italy,ITA,"Tariff rate, most favored nation, weighted mean, primary products (%)",TM.TAX.TCOM.WM.FN.ZS,tariff,2021,2.84
Kuwait,KWT,"Tariff rate, most favored nation, weighted mean, primary products (%)",TM.TAX.TCOM.WM.FN.ZS,tariff,2021,3.19
Oman,OMN,"Tariff rate, most favored nation, weighted mean, primary products (%)",TM.TAX.TCOM.WM.FN.ZS,tariff,2021,4.62
Qatar,QAT,"Tariff rate, most favored nation, weighted mean, primary products (%)",TM.TAX.TCOM.WM.FN.ZS,tariff,2021,3.6
Turkiye,TUR,"Tariff rate, most favored nation, weighted mean, primary products (%)",TM.TAX.TCOM.WM.FN.ZS,tariff,2021,7.93
United States,USA,"Tariff rate, most favored nation, weighted mean, primary products (%)",TM.TAX.TCOM.WM.FN.ZS,tariff,2021,2.89
Australia,AUS,"Tariff rate, most favored nation, weighted mean, primary products (%)",TM.TAX.TCOM.WM.FN.ZS,tariff,2022,1.84
Bahrain,BHR,"Tariff rate, most favored nation, weighted mean, primary products (%)",TM.TAX.TCOM.WM.FN.ZS,tariff,2022,5.7
Canada,CAN,"Tariff rate, most favored nation, weighted mean, primary products (%)",TM.TAX.TCOM.WM.FN.ZS,tariff,2022,5.37
China,CHN,"Tariff rate, most favored nation, weighted mean, primary products (%)",TM.TAX.TCOM.WM.FN.ZS,tariff,2022,2.77
Germany,DEU,"Tariff rate, most favored nation, weighted mean, primary products (%)",TM.TAX.TCOM.WM.FN.ZS,tariff,2022,1.87
European Union,EUU,"Tariff rate, most favored nation, weighted mean, primary products (%)",TM.TAX.TCOM.WM.FN.ZS,tariff,2022,1.87
France,FRA,"Tariff rate, most favored nation, weighted mean, primary products (%)",TM.TAX.TCOM.WM.FN.ZS,tariff,2022,1.87
United Kingdom,GBR,"Tariff rate, most favored nation, weighted mean, primary products (%)",TM.TAX.TCOM.WM.FN.ZS,tariff,2022,4.84
Greece,GRC,"Tariff rate, most favored nation, weighted mean, primary products (%)",TM.TAX.TCOM.WM.FN.ZS,tariff,2022,1.87
India,IND,"Tariff rate, most favored nation, weighted mean, primary products (%)",TM.TAX.TCOM.WM.FN.ZS,tariff,2022,3.22
Italy,ITA,"Tariff rate, most favored nation, weighted mean, primary products (%)",TM.TAX.TCOM.WM.FN.ZS,tariff,2022,1.87
Jordan,JOR,"Tariff rate, most favored nation, weighted mean, primary products (%)",TM.TAX.TCOM.WM.FN.ZS,tariff,2022,9.09
Kuwait,KWT,"Tariff rate, most favored nation, weighted mean, primary products (%)",TM.TAX.TCOM.WM.FN.ZS,tariff,2022,3.89
Oman,OMN,"Tariff rate, most favored nation, weighted mean, primary products (%)",TM.TAX.TCOM.WM.FN.ZS,tariff,2022,5.21
Qatar,QAT,"Tariff rate, most favored nation, weighted mean, primary products (%)",TM.TAX.TCOM.WM.FN.ZS,tariff,2022,4.48
Saudi Arabia,SAU,"Tariff rate, most favored nation, weighted mean, primary products (%)",TM.TAX.TCOM.WM.FN.ZS,tariff,2022,5.76
Turkiye,TUR,"Tariff rate, most favored nation, weighted mean, primary products (%)",TM.TAX.TCOM.WM.FN.ZS,tariff,2022,8.89
United States,USA,"Tariff rate, most favored nation, weighted mean, primary products (%)",TM.TAX.TCOM.WM.FN.ZS,tariff,2022,2.49
